ISO-10303-21;
HEADER;
FILE_DESCRIPTION(('KiCad electronic assembly'),'2;1');
FILE_NAME('ASE001189-A1_Grabette_elec_angle_sensor.step',
  '2026-03-17T12:05:43',('Pcbnew'),('Kicad'),
  'Open CASCADE STEP processor 7.6','KiCad to STEP converter','Unknown'
  );
FILE_SCHEMA(('AUTOMOTIVE_DESIGN { 1 0 10303 214 1 1 1 1 }'));
ENDSEC;
DATA;
#1 = APPLICATION_PROTOCOL_DEFINITION('international standard',
  'automotive_design',2000,#2);
#2 = APPLICATION_CONTEXT(
  'core data for automotive mechanical design processes');
#3 = SHAPE_DEFINITION_REPRESENTATION(#4,#10);
#4 = PRODUCT_DEFINITION_SHAPE('','',#5);
#5 = PRODUCT_DEFINITION('design','',#6,#9);
#6 = PRODUCT_DEFINITION_FORMATION('','',#7);
#7 = PRODUCT('ASE001189-A1_Grabette_elec_angle_sensor 1',
  'ASE001189-A1_Grabette_elec_angle_sensor 1','',(#8));
#8 = PRODUCT_CONTEXT('',#2,'mechanical');
#9 = PRODUCT_DEFINITION_CONTEXT('part definition',#2,'design');
#10 = SHAPE_REPRESENTATION('',(#11,#15,#19,#23,#27,#31,#35,#39,#43),#47
  );
#11 = AXIS2_PLACEMENT_3D('',#12,#13,#14);
#12 = CARTESIAN_POINT('',(0.,0.,0.));
#13 = DIRECTION('',(0.,0.,1.));
#14 = DIRECTION('',(1.,0.,-0.));
#15 = AXIS2_PLACEMENT_3D('',#16,#17,#18);
#16 = CARTESIAN_POINT('',(9.5,-7.5,0.96));
#17 = DIRECTION('',(0.,0.,1.));
#18 = DIRECTION('',(1.,0.,0.));
#19 = AXIS2_PLACEMENT_3D('',#20,#21,#22);
#20 = CARTESIAN_POINT('',(3.8,-10.,0.96));
#21 = DIRECTION('',(-0.,0.,1.));
#22 = DIRECTION('',(1.110223024625E-16,-1.,0.));
#23 = AXIS2_PLACEMENT_3D('',#24,#25,#26);
#24 = CARTESIAN_POINT('',(16.2,-10.,0.96));
#25 = DIRECTION('',(0.,-0.,1.));
#26 = DIRECTION('',(1.110223024625E-16,1.,0.));
#27 = AXIS2_PLACEMENT_3D('',#28,#29,#30);
#28 = CARTESIAN_POINT('',(9.2,-13.6,0.96));
#29 = DIRECTION('',(0.,0.,1.));
#30 = DIRECTION('',(1.,0.,0.));
#31 = AXIS2_PLACEMENT_3D('',#32,#33,#34);
#32 = CARTESIAN_POINT('',(11.1,-7.3,0.96));
#33 = DIRECTION('',(-0.,0.,1.));
#34 = DIRECTION('',(1.110223024625E-16,-1.,0.));
#35 = AXIS2_PLACEMENT_3D('',#36,#37,#38);
#36 = CARTESIAN_POINT('',(10.,-10.,0.96));
#37 = DIRECTION('',(0.,0.,1.));
#38 = DIRECTION('',(1.,0.,0.));
#39 = AXIS2_PLACEMENT_3D('',#40,#41,#42);
#40 = CARTESIAN_POINT('',(10.,-10.,-0.12));
#41 = DIRECTION('',(0.,-1.224646799147E-16,-1.));
#42 = DIRECTION('',(1.,0.,0.));
#43 = AXIS2_PLACEMENT_3D('',#44,#45,#46);
#44 = CARTESIAN_POINT('',(0.,0.,0.));
#45 = DIRECTION('',(0.,0.,1.));
#46 = DIRECTION('',(1.,0.,-0.));
#47 = ( GEOMETRIC_REPRESENTATION_CONTEXT(3) 
GLOBAL_UNCERTAINTY_ASSIGNED_CONTEXT((#51)) GLOBAL_UNIT_ASSIGNED_CONTEXT(
(#48,#49,#50)) REPRESENTATION_CONTEXT('Context #1',
  '3D Context with UNIT and UNCERTAINTY') );
#48 = ( LENGTH_UNIT() NAMED_UNIT(*) SI_UNIT(.MILLI.,.METRE.) );
#49 = ( NAMED_UNIT(*) PLANE_ANGLE_UNIT() SI_UNIT($,.RADIAN.) );
#50 = ( NAMED_UNIT(*) SI_UNIT($,.STERADIAN.) SOLID_ANGLE_UNIT() );
#51 = UNCERTAINTY_MEASURE_WITH_UNIT(LENGTH_MEASURE(1.E-07),#48,
  'distance_accuracy_value','confusion accuracy');
#52 = PRODUCT_RELATED_PRODUCT_CATEGORY('part',$,(#7));
#53 = SHAPE_DEFINITION_REPRESENTATION(#54,#60);
#54 = PRODUCT_DEFINITION_SHAPE('','',#55);
#55 = PRODUCT_DEFINITION('design','',#56,#59);
#56 = PRODUCT_DEFINITION_FORMATION('','',#57);
#57 = PRODUCT('C_0402_1005Metric','C_0402_1005Metric','',(#58));
#58 = PRODUCT_CONTEXT('',#2,'mechanical');
#59 = PRODUCT_DEFINITION_CONTEXT('part definition',#2,'design');
#60 = ADVANCED_BREP_SHAPE_REPRESENTATION('',(#11,#61),#915);
#61 = MANIFOLD_SOLID_BREP('',#62);
#62 = CLOSED_SHELL('',(#63,#139,#170,#195,#220,#244,#268,#293,#318,#335,
    #421,#453,#477,#502,#526,#551,#575,#600,#617,#703,#734,#759,#784,
    #808,#832,#857,#882,#899));
#63 = ADVANCED_FACE('',(#64),#134,.F.);
#64 = FACE_BOUND('',#65,.F.);
#65 = EDGE_LOOP('',(#66,#76,#85,#93,#102,#110,#119,#127));
#66 = ORIENTED_EDGE('',*,*,#67,.F.);
#67 = EDGE_CURVE('',#68,#70,#72,.T.);
#68 = VERTEX_POINT('',#69);
#69 = CARTESIAN_POINT('',(-0.5,-0.25,2.E-02));
#70 = VERTEX_POINT('',#71);
#71 = CARTESIAN_POINT('',(-0.5,-0.25,0.48));
#72 = LINE('',#73,#74);
#73 = CARTESIAN_POINT('',(-0.5,-0.25,0.));
#74 = VECTOR('',#75,1.);
#75 = DIRECTION('',(0.,0.,1.));
#76 = ORIENTED_EDGE('',*,*,#77,.T.);
#77 = EDGE_CURVE('',#68,#78,#80,.T.);
#78 = VERTEX_POINT('',#79);
#79 = CARTESIAN_POINT('',(-0.5,-0.23,0.));
#80 = CIRCLE('',#81,2.E-02);
#81 = AXIS2_PLACEMENT_3D('',#82,#83,#84);
#82 = CARTESIAN_POINT('',(-0.5,-0.23,2.E-02));
#83 = DIRECTION('',(1.,0.,-0.));
#84 = DIRECTION('',(0.,0.,1.));
#85 = ORIENTED_EDGE('',*,*,#86,.T.);
#86 = EDGE_CURVE('',#78,#87,#89,.T.);
#87 = VERTEX_POINT('',#88);
#88 = CARTESIAN_POINT('',(-0.5,0.23,0.));
#89 = LINE('',#90,#91);
#90 = CARTESIAN_POINT('',(-0.5,-0.25,0.));
#91 = VECTOR('',#92,1.);
#92 = DIRECTION('',(0.,1.,0.));
#93 = ORIENTED_EDGE('',*,*,#94,.F.);
#94 = EDGE_CURVE('',#95,#87,#97,.T.);
#95 = VERTEX_POINT('',#96);
#96 = CARTESIAN_POINT('',(-0.5,0.25,2.E-02));
#97 = CIRCLE('',#98,2.E-02);
#98 = AXIS2_PLACEMENT_3D('',#99,#100,#101);
#99 = CARTESIAN_POINT('',(-0.5,0.23,2.E-02));
#100 = DIRECTION('',(-1.,0.,0.));
#101 = DIRECTION('',(0.,0.,1.));
#102 = ORIENTED_EDGE('',*,*,#103,.T.);
#103 = EDGE_CURVE('',#95,#104,#106,.T.);
#104 = VERTEX_POINT('',#105);
#105 = CARTESIAN_POINT('',(-0.5,0.25,0.48));
#106 = LINE('',#107,#108);
#107 = CARTESIAN_POINT('',(-0.5,0.25,0.));
#108 = VECTOR('',#109,1.);
#109 = DIRECTION('',(0.,0.,1.));
#110 = ORIENTED_EDGE('',*,*,#111,.T.);
#111 = EDGE_CURVE('',#104,#112,#114,.T.);
#112 = VERTEX_POINT('',#113);
#113 = CARTESIAN_POINT('',(-0.5,0.23,0.5));
#114 = CIRCLE('',#115,2.E-02);
#115 = AXIS2_PLACEMENT_3D('',#116,#117,#118);
#116 = CARTESIAN_POINT('',(-0.5,0.23,0.48));
#117 = DIRECTION('',(1.,0.,-0.));
#118 = DIRECTION('',(0.,0.,1.));
#119 = ORIENTED_EDGE('',*,*,#120,.F.);
#120 = EDGE_CURVE('',#121,#112,#123,.T.);
#121 = VERTEX_POINT('',#122);
#122 = CARTESIAN_POINT('',(-0.5,-0.23,0.5));
#123 = LINE('',#124,#125);
#124 = CARTESIAN_POINT('',(-0.5,-0.25,0.5));
#125 = VECTOR('',#126,1.);
#126 = DIRECTION('',(0.,1.,0.));
#127 = ORIENTED_EDGE('',*,*,#128,.F.);
#128 = EDGE_CURVE('',#70,#121,#129,.T.);
#129 = CIRCLE('',#130,2.E-02);
#130 = AXIS2_PLACEMENT_3D('',#131,#132,#133);
#131 = CARTESIAN_POINT('',(-0.5,-0.23,0.48));
#132 = DIRECTION('',(-1.,0.,0.));
#133 = DIRECTION('',(0.,0.,1.));
#134 = PLANE('',#135);
#135 = AXIS2_PLACEMENT_3D('',#136,#137,#138);
#136 = CARTESIAN_POINT('',(-0.5,-0.25,0.));
#137 = DIRECTION('',(1.,0.,0.));
#138 = DIRECTION('',(0.,0.,1.));
#139 = ADVANCED_FACE('',(#140),#165,.F.);
#140 = FACE_BOUND('',#141,.F.);
#141 = EDGE_LOOP('',(#142,#152,#158,#159));
#142 = ORIENTED_EDGE('',*,*,#143,.F.);
#143 = EDGE_CURVE('',#144,#146,#148,.T.);
#144 = VERTEX_POINT('',#145);
#145 = CARTESIAN_POINT('',(-0.3,-0.25,2.E-02));
#146 = VERTEX_POINT('',#147);
#147 = CARTESIAN_POINT('',(-0.3,-0.25,0.48));
#148 = LINE('',#149,#150);
#149 = CARTESIAN_POINT('',(-0.3,-0.25,0.));
#150 = VECTOR('',#151,1.);
#151 = DIRECTION('',(0.,0.,1.));
#152 = ORIENTED_EDGE('',*,*,#153,.F.);
#153 = EDGE_CURVE('',#68,#144,#154,.T.);
#154 = LINE('',#155,#156);
#155 = CARTESIAN_POINT('',(-0.5,-0.25,2.E-02));
#156 = VECTOR('',#157,1.);
#157 = DIRECTION('',(1.,0.,0.));
#158 = ORIENTED_EDGE('',*,*,#67,.T.);
#159 = ORIENTED_EDGE('',*,*,#160,.T.);
#160 = EDGE_CURVE('',#70,#146,#161,.T.);
#161 = LINE('',#162,#163);
#162 = CARTESIAN_POINT('',(-0.5,-0.25,0.48));
#163 = VECTOR('',#164,1.);
#164 = DIRECTION('',(1.,0.,0.));
#165 = PLANE('',#166);
#166 = AXIS2_PLACEMENT_3D('',#167,#168,#169);
#167 = CARTESIAN_POINT('',(-0.5,-0.25,0.));
#168 = DIRECTION('',(0.,1.,0.));
#169 = DIRECTION('',(0.,-0.,1.));
#170 = ADVANCED_FACE('',(#171),#190,.T.);
#171 = FACE_BOUND('',#172,.T.);
#172 = EDGE_LOOP('',(#173,#174,#182,#189));
#173 = ORIENTED_EDGE('',*,*,#77,.T.);
#174 = ORIENTED_EDGE('',*,*,#175,.T.);
#175 = EDGE_CURVE('',#78,#176,#178,.T.);
#176 = VERTEX_POINT('',#177);
#177 = CARTESIAN_POINT('',(-0.3,-0.23,0.));
#178 = LINE('',#179,#180);
#179 = CARTESIAN_POINT('',(-0.5,-0.23,0.));
#180 = VECTOR('',#181,1.);
#181 = DIRECTION('',(1.,0.,0.));
#182 = ORIENTED_EDGE('',*,*,#183,.F.);
#183 = EDGE_CURVE('',#144,#176,#184,.T.);
#184 = CIRCLE('',#185,2.E-02);
#185 = AXIS2_PLACEMENT_3D('',#186,#187,#188);
#186 = CARTESIAN_POINT('',(-0.3,-0.23,2.E-02));
#187 = DIRECTION('',(1.,0.,-0.));
#188 = DIRECTION('',(0.,0.,1.));
#189 = ORIENTED_EDGE('',*,*,#153,.F.);
#190 = CYLINDRICAL_SURFACE('',#191,2.E-02);
#191 = AXIS2_PLACEMENT_3D('',#192,#193,#194);
#192 = CARTESIAN_POINT('',(-0.5,-0.23,2.E-02));
#193 = DIRECTION('',(1.,0.,0.));
#194 = DIRECTION('',(0.,-1.,0.));
#195 = ADVANCED_FACE('',(#196),#215,.T.);
#196 = FACE_BOUND('',#197,.T.);
#197 = EDGE_LOOP('',(#198,#199,#208,#214));
#198 = ORIENTED_EDGE('',*,*,#160,.T.);
#199 = ORIENTED_EDGE('',*,*,#200,.T.);
#200 = EDGE_CURVE('',#146,#201,#203,.T.);
#201 = VERTEX_POINT('',#202);
#202 = CARTESIAN_POINT('',(-0.3,-0.23,0.5));
#203 = CIRCLE('',#204,2.E-02);
#204 = AXIS2_PLACEMENT_3D('',#205,#206,#207);
#205 = CARTESIAN_POINT('',(-0.3,-0.23,0.48));
#206 = DIRECTION('',(-1.,0.,0.));
#207 = DIRECTION('',(0.,0.,1.));
#208 = ORIENTED_EDGE('',*,*,#209,.F.);
#209 = EDGE_CURVE('',#121,#201,#210,.T.);
#210 = LINE('',#211,#212);
#211 = CARTESIAN_POINT('',(-0.5,-0.23,0.5));
#212 = VECTOR('',#213,1.);
#213 = DIRECTION('',(1.,0.,0.));
#214 = ORIENTED_EDGE('',*,*,#128,.F.);
#215 = CYLINDRICAL_SURFACE('',#216,2.E-02);
#216 = AXIS2_PLACEMENT_3D('',#217,#218,#219);
#217 = CARTESIAN_POINT('',(-0.5,-0.23,0.48));
#218 = DIRECTION('',(1.,0.,0.));
#219 = DIRECTION('',(0.,-1.,0.));
#220 = ADVANCED_FACE('',(#221),#239,.F.);
#221 = FACE_BOUND('',#222,.F.);
#222 = EDGE_LOOP('',(#223,#224,#225,#233));
#223 = ORIENTED_EDGE('',*,*,#86,.F.);
#224 = ORIENTED_EDGE('',*,*,#175,.T.);
#225 = ORIENTED_EDGE('',*,*,#226,.T.);
#226 = EDGE_CURVE('',#176,#227,#229,.T.);
#227 = VERTEX_POINT('',#228);
#228 = CARTESIAN_POINT('',(-0.3,0.23,0.));
#229 = LINE('',#230,#231);
#230 = CARTESIAN_POINT('',(-0.3,-0.25,0.));
#231 = VECTOR('',#232,1.);
#232 = DIRECTION('',(0.,1.,0.));
#233 = ORIENTED_EDGE('',*,*,#234,.F.);
#234 = EDGE_CURVE('',#87,#227,#235,.T.);
#235 = LINE('',#236,#237);
#236 = CARTESIAN_POINT('',(-0.5,0.23,0.));
#237 = VECTOR('',#238,1.);
#238 = DIRECTION('',(1.,0.,0.));
#239 = PLANE('',#240);
#240 = AXIS2_PLACEMENT_3D('',#241,#242,#243);
#241 = CARTESIAN_POINT('',(-0.5,-0.25,0.));
#242 = DIRECTION('',(0.,0.,1.));
#243 = DIRECTION('',(1.,0.,-0.));
#244 = ADVANCED_FACE('',(#245),#263,.T.);
#245 = FACE_BOUND('',#246,.T.);
#246 = EDGE_LOOP('',(#247,#248,#249,#257));
#247 = ORIENTED_EDGE('',*,*,#120,.F.);
#248 = ORIENTED_EDGE('',*,*,#209,.T.);
#249 = ORIENTED_EDGE('',*,*,#250,.T.);
#250 = EDGE_CURVE('',#201,#251,#253,.T.);
#251 = VERTEX_POINT('',#252);
#252 = CARTESIAN_POINT('',(-0.3,0.23,0.5));
#253 = LINE('',#254,#255);
#254 = CARTESIAN_POINT('',(-0.3,-0.25,0.5));
#255 = VECTOR('',#256,1.);
#256 = DIRECTION('',(0.,1.,0.));
#257 = ORIENTED_EDGE('',*,*,#258,.F.);
#258 = EDGE_CURVE('',#112,#251,#259,.T.);
#259 = LINE('',#260,#261);
#260 = CARTESIAN_POINT('',(-0.5,0.23,0.5));
#261 = VECTOR('',#262,1.);
#262 = DIRECTION('',(1.,0.,0.));
#263 = PLANE('',#264);
#264 = AXIS2_PLACEMENT_3D('',#265,#266,#267);
#265 = CARTESIAN_POINT('',(-0.5,-0.25,0.5));
#266 = DIRECTION('',(0.,0.,1.));
#267 = DIRECTION('',(1.,0.,-0.));
#268 = ADVANCED_FACE('',(#269),#288,.T.);
#269 = FACE_BOUND('',#270,.T.);
#270 = EDGE_LOOP('',(#271,#279,#286,#287));
#271 = ORIENTED_EDGE('',*,*,#272,.T.);
#272 = EDGE_CURVE('',#95,#273,#275,.T.);
#273 = VERTEX_POINT('',#274);
#274 = CARTESIAN_POINT('',(-0.3,0.25,2.E-02));
#275 = LINE('',#276,#277);
#276 = CARTESIAN_POINT('',(-0.5,0.25,2.E-02));
#277 = VECTOR('',#278,1.);
#278 = DIRECTION('',(1.,0.,0.));
#279 = ORIENTED_EDGE('',*,*,#280,.T.);
#280 = EDGE_CURVE('',#273,#227,#281,.T.);
#281 = CIRCLE('',#282,2.E-02);
#282 = AXIS2_PLACEMENT_3D('',#283,#284,#285);
#283 = CARTESIAN_POINT('',(-0.3,0.23,2.E-02));
#284 = DIRECTION('',(-1.,0.,0.));
#285 = DIRECTION('',(0.,0.,1.));
#286 = ORIENTED_EDGE('',*,*,#234,.F.);
#287 = ORIENTED_EDGE('',*,*,#94,.F.);
#288 = CYLINDRICAL_SURFACE('',#289,2.E-02);
#289 = AXIS2_PLACEMENT_3D('',#290,#291,#292);
#290 = CARTESIAN_POINT('',(-0.5,0.23,2.E-02));
#291 = DIRECTION('',(1.,0.,0.));
#292 = DIRECTION('',(-0.,1.,0.));
#293 = ADVANCED_FACE('',(#294),#313,.T.);
#294 = FACE_BOUND('',#295,.T.);
#295 = EDGE_LOOP('',(#296,#297,#298,#307));
#296 = ORIENTED_EDGE('',*,*,#111,.T.);
#297 = ORIENTED_EDGE('',*,*,#258,.T.);
#298 = ORIENTED_EDGE('',*,*,#299,.F.);
#299 = EDGE_CURVE('',#300,#251,#302,.T.);
#300 = VERTEX_POINT('',#301);
#301 = CARTESIAN_POINT('',(-0.3,0.25,0.48));
#302 = CIRCLE('',#303,2.E-02);
#303 = AXIS2_PLACEMENT_3D('',#304,#305,#306);
#304 = CARTESIAN_POINT('',(-0.3,0.23,0.48));
#305 = DIRECTION('',(1.,0.,-0.));
#306 = DIRECTION('',(0.,0.,1.));
#307 = ORIENTED_EDGE('',*,*,#308,.F.);
#308 = EDGE_CURVE('',#104,#300,#309,.T.);
#309 = LINE('',#310,#311);
#310 = CARTESIAN_POINT('',(-0.5,0.25,0.48));
#311 = VECTOR('',#312,1.);
#312 = DIRECTION('',(1.,0.,0.));
#313 = CYLINDRICAL_SURFACE('',#314,2.E-02);
#314 = AXIS2_PLACEMENT_3D('',#315,#316,#317);
#315 = CARTESIAN_POINT('',(-0.5,0.23,0.48));
#316 = DIRECTION('',(1.,0.,0.));
#317 = DIRECTION('',(-0.,1.,0.));
#318 = ADVANCED_FACE('',(#319),#330,.T.);
#319 = FACE_BOUND('',#320,.T.);
#320 = EDGE_LOOP('',(#321,#327,#328,#329));
#321 = ORIENTED_EDGE('',*,*,#322,.F.);
#322 = EDGE_CURVE('',#273,#300,#323,.T.);
#323 = LINE('',#324,#325);
#324 = CARTESIAN_POINT('',(-0.3,0.25,0.));
#325 = VECTOR('',#326,1.);
#326 = DIRECTION('',(0.,0.,1.));
#327 = ORIENTED_EDGE('',*,*,#272,.F.);
#328 = ORIENTED_EDGE('',*,*,#103,.T.);
#329 = ORIENTED_EDGE('',*,*,#308,.T.);
#330 = PLANE('',#331);
#331 = AXIS2_PLACEMENT_3D('',#332,#333,#334);
#332 = CARTESIAN_POINT('',(-0.5,0.25,0.));
#333 = DIRECTION('',(0.,1.,0.));
#334 = DIRECTION('',(0.,-0.,1.));
#335 = ADVANCED_FACE('',(#336,#346),#416,.T.);
#336 = FACE_BOUND('',#337,.T.);
#337 = EDGE_LOOP('',(#338,#339,#340,#341,#342,#343,#344,#345));
#338 = ORIENTED_EDGE('',*,*,#143,.F.);
#339 = ORIENTED_EDGE('',*,*,#183,.T.);
#340 = ORIENTED_EDGE('',*,*,#226,.T.);
#341 = ORIENTED_EDGE('',*,*,#280,.F.);
#342 = ORIENTED_EDGE('',*,*,#322,.T.);
#343 = ORIENTED_EDGE('',*,*,#299,.T.);
#344 = ORIENTED_EDGE('',*,*,#250,.F.);
#345 = ORIENTED_EDGE('',*,*,#200,.F.);
#346 = FACE_BOUND('',#347,.T.);
#347 = EDGE_LOOP('',(#348,#359,#367,#376,#384,#393,#401,#410));
#348 = ORIENTED_EDGE('',*,*,#349,.F.);
#349 = EDGE_CURVE('',#350,#352,#354,.T.);
#350 = VERTEX_POINT('',#351);
#351 = CARTESIAN_POINT('',(-0.3,-0.23,4.E-02));
#352 = VERTEX_POINT('',#353);
#353 = CARTESIAN_POINT('',(-0.3,-0.21,2.E-02));
#354 = CIRCLE('',#355,2.E-02);
#355 = AXIS2_PLACEMENT_3D('',#356,#357,#358);
#356 = CARTESIAN_POINT('',(-0.3,-0.21,4.E-02));
#357 = DIRECTION('',(1.,0.,-0.));
#358 = DIRECTION('',(0.,0.,1.));
#359 = ORIENTED_EDGE('',*,*,#360,.T.);
#360 = EDGE_CURVE('',#350,#361,#363,.T.);
#361 = VERTEX_POINT('',#362);
#362 = CARTESIAN_POINT('',(-0.3,-0.23,0.46));
#363 = LINE('',#364,#365);
#364 = CARTESIAN_POINT('',(-0.3,-0.23,2.E-02));
#365 = VECTOR('',#366,1.);
#366 = DIRECTION('',(0.,0.,1.));
#367 = ORIENTED_EDGE('',*,*,#368,.T.);
#368 = EDGE_CURVE('',#361,#369,#371,.T.);
#369 = VERTEX_POINT('',#370);
#370 = CARTESIAN_POINT('',(-0.3,-0.21,0.48));
#371 = CIRCLE('',#372,2.E-02);
#372 = AXIS2_PLACEMENT_3D('',#373,#374,#375);
#373 = CARTESIAN_POINT('',(-0.3,-0.21,0.46));
#374 = DIRECTION('',(-1.,0.,0.));
#375 = DIRECTION('',(0.,0.,1.));
#376 = ORIENTED_EDGE('',*,*,#377,.T.);
#377 = EDGE_CURVE('',#369,#378,#380,.T.);
#378 = VERTEX_POINT('',#379);
#379 = CARTESIAN_POINT('',(-0.3,0.21,0.48));
#380 = LINE('',#381,#382);
#381 = CARTESIAN_POINT('',(-0.3,-0.23,0.48));
#382 = VECTOR('',#383,1.);
#383 = DIRECTION('',(0.,1.,0.));
#384 = ORIENTED_EDGE('',*,*,#385,.F.);
#385 = EDGE_CURVE('',#386,#378,#388,.T.);
#386 = VERTEX_POINT('',#387);
#387 = CARTESIAN_POINT('',(-0.3,0.23,0.46));
#388 = CIRCLE('',#389,2.E-02);
#389 = AXIS2_PLACEMENT_3D('',#390,#391,#392);
#390 = CARTESIAN_POINT('',(-0.3,0.21,0.46));
#391 = DIRECTION('',(1.,0.,-0.));
#392 = DIRECTION('',(0.,0.,1.));
#393 = ORIENTED_EDGE('',*,*,#394,.F.);
#394 = EDGE_CURVE('',#395,#386,#397,.T.);
#395 = VERTEX_POINT('',#396);
#396 = CARTESIAN_POINT('',(-0.3,0.23,4.E-02));
#397 = LINE('',#398,#399);
#398 = CARTESIAN_POINT('',(-0.3,0.23,2.E-02));
#399 = VECTOR('',#400,1.);
#400 = DIRECTION('',(0.,0.,1.));
#401 = ORIENTED_EDGE('',*,*,#402,.T.);
#402 = EDGE_CURVE('',#395,#403,#405,.T.);
#403 = VERTEX_POINT('',#404);
#404 = CARTESIAN_POINT('',(-0.3,0.21,2.E-02));
#405 = CIRCLE('',#406,2.E-02);
#406 = AXIS2_PLACEMENT_3D('',#407,#408,#409);
#407 = CARTESIAN_POINT('',(-0.3,0.21,4.E-02));
#408 = DIRECTION('',(-1.,0.,0.));
#409 = DIRECTION('',(0.,0.,1.));
#410 = ORIENTED_EDGE('',*,*,#411,.F.);
#411 = EDGE_CURVE('',#352,#403,#412,.T.);
#412 = LINE('',#413,#414);
#413 = CARTESIAN_POINT('',(-0.3,-0.23,2.E-02));
#414 = VECTOR('',#415,1.);
#415 = DIRECTION('',(0.,1.,0.));
#416 = PLANE('',#417);
#417 = AXIS2_PLACEMENT_3D('',#418,#419,#420);
#418 = CARTESIAN_POINT('',(-0.3,-0.25,0.));
#419 = DIRECTION('',(1.,0.,0.));
#420 = DIRECTION('',(0.,0.,1.));
#421 = ADVANCED_FACE('',(#422),#448,.T.);
#422 = FACE_BOUND('',#423,.T.);
#423 = EDGE_LOOP('',(#424,#425,#433,#442));
#424 = ORIENTED_EDGE('',*,*,#349,.T.);
#425 = ORIENTED_EDGE('',*,*,#426,.T.);
#426 = EDGE_CURVE('',#352,#427,#429,.T.);
#427 = VERTEX_POINT('',#428);
#428 = CARTESIAN_POINT('',(0.3,-0.21,2.E-02));
#429 = LINE('',#430,#431);
#430 = CARTESIAN_POINT('',(-0.3,-0.21,2.E-02));
#431 = VECTOR('',#432,1.);
#432 = DIRECTION('',(1.,0.,0.));
#433 = ORIENTED_EDGE('',*,*,#434,.F.);
#434 = EDGE_CURVE('',#435,#427,#437,.T.);
#435 = VERTEX_POINT('',#436);
#436 = CARTESIAN_POINT('',(0.3,-0.23,4.E-02));
#437 = CIRCLE('',#438,2.E-02);
#438 = AXIS2_PLACEMENT_3D('',#439,#440,#441);
#439 = CARTESIAN_POINT('',(0.3,-0.21,4.E-02));
#440 = DIRECTION('',(1.,0.,-0.));
#441 = DIRECTION('',(0.,0.,1.));
#442 = ORIENTED_EDGE('',*,*,#443,.F.);
#443 = EDGE_CURVE('',#350,#435,#444,.T.);
#444 = LINE('',#445,#446);
#445 = CARTESIAN_POINT('',(-0.3,-0.23,4.E-02));
#446 = VECTOR('',#447,1.);
#447 = DIRECTION('',(1.,0.,0.));
#448 = CYLINDRICAL_SURFACE('',#449,2.E-02);
#449 = AXIS2_PLACEMENT_3D('',#450,#451,#452);
#450 = CARTESIAN_POINT('',(-0.3,-0.21,4.E-02));
#451 = DIRECTION('',(1.,0.,0.));
#452 = DIRECTION('',(0.,-1.,0.));
#453 = ADVANCED_FACE('',(#454),#472,.F.);
#454 = FACE_BOUND('',#455,.F.);
#455 = EDGE_LOOP('',(#456,#457,#458,#466));
#456 = ORIENTED_EDGE('',*,*,#411,.F.);
#457 = ORIENTED_EDGE('',*,*,#426,.T.);
#458 = ORIENTED_EDGE('',*,*,#459,.T.);
#459 = EDGE_CURVE('',#427,#460,#462,.T.);
#460 = VERTEX_POINT('',#461);
#461 = CARTESIAN_POINT('',(0.3,0.21,2.E-02));
#462 = LINE('',#463,#464);
#463 = CARTESIAN_POINT('',(0.3,-0.23,2.E-02));
#464 = VECTOR('',#465,1.);
#465 = DIRECTION('',(0.,1.,0.));
#466 = ORIENTED_EDGE('',*,*,#467,.F.);
#467 = EDGE_CURVE('',#403,#460,#468,.T.);
#468 = LINE('',#469,#470);
#469 = CARTESIAN_POINT('',(-0.3,0.21,2.E-02));
#470 = VECTOR('',#471,1.);
#471 = DIRECTION('',(1.,0.,0.));
#472 = PLANE('',#473);
#473 = AXIS2_PLACEMENT_3D('',#474,#475,#476);
#474 = CARTESIAN_POINT('',(-0.3,-0.23,2.E-02));
#475 = DIRECTION('',(0.,0.,1.));
#476 = DIRECTION('',(1.,0.,-0.));
#477 = ADVANCED_FACE('',(#478),#497,.T.);
#478 = FACE_BOUND('',#479,.T.);
#479 = EDGE_LOOP('',(#480,#488,#495,#496));
#480 = ORIENTED_EDGE('',*,*,#481,.T.);
#481 = EDGE_CURVE('',#395,#482,#484,.T.);
#482 = VERTEX_POINT('',#483);
#483 = CARTESIAN_POINT('',(0.3,0.23,4.E-02));
#484 = LINE('',#485,#486);
#485 = CARTESIAN_POINT('',(-0.3,0.23,4.E-02));
#486 = VECTOR('',#487,1.);
#487 = DIRECTION('',(1.,0.,0.));
#488 = ORIENTED_EDGE('',*,*,#489,.T.);
#489 = EDGE_CURVE('',#482,#460,#490,.T.);
#490 = CIRCLE('',#491,2.E-02);
#491 = AXIS2_PLACEMENT_3D('',#492,#493,#494);
#492 = CARTESIAN_POINT('',(0.3,0.21,4.E-02));
#493 = DIRECTION('',(-1.,0.,0.));
#494 = DIRECTION('',(0.,0.,1.));
#495 = ORIENTED_EDGE('',*,*,#467,.F.);
#496 = ORIENTED_EDGE('',*,*,#402,.F.);
#497 = CYLINDRICAL_SURFACE('',#498,2.E-02);
#498 = AXIS2_PLACEMENT_3D('',#499,#500,#501);
#499 = CARTESIAN_POINT('',(-0.3,0.21,4.E-02));
#500 = DIRECTION('',(1.,0.,0.));
#501 = DIRECTION('',(-0.,1.,0.));
#502 = ADVANCED_FACE('',(#503),#521,.T.);
#503 = FACE_BOUND('',#504,.T.);
#504 = EDGE_LOOP('',(#505,#513,#514,#515));
#505 = ORIENTED_EDGE('',*,*,#506,.F.);
#506 = EDGE_CURVE('',#482,#507,#509,.T.);
#507 = VERTEX_POINT('',#508);
#508 = CARTESIAN_POINT('',(0.3,0.23,0.46));
#509 = LINE('',#510,#511);
#510 = CARTESIAN_POINT('',(0.3,0.23,2.E-02));
#511 = VECTOR('',#512,1.);
#512 = DIRECTION('',(0.,0.,1.));
#513 = ORIENTED_EDGE('',*,*,#481,.F.);
#514 = ORIENTED_EDGE('',*,*,#394,.T.);
#515 = ORIENTED_EDGE('',*,*,#516,.T.);
#516 = EDGE_CURVE('',#386,#507,#517,.T.);
#517 = LINE('',#518,#519);
#518 = CARTESIAN_POINT('',(-0.3,0.23,0.46));
#519 = VECTOR('',#520,1.);
#520 = DIRECTION('',(1.,0.,0.));
#521 = PLANE('',#522);
#522 = AXIS2_PLACEMENT_3D('',#523,#524,#525);
#523 = CARTESIAN_POINT('',(-0.3,0.23,2.E-02));
#524 = DIRECTION('',(0.,1.,0.));
#525 = DIRECTION('',(0.,-0.,1.));
#526 = ADVANCED_FACE('',(#527),#546,.T.);
#527 = FACE_BOUND('',#528,.T.);
#528 = EDGE_LOOP('',(#529,#530,#538,#545));
#529 = ORIENTED_EDGE('',*,*,#385,.T.);
#530 = ORIENTED_EDGE('',*,*,#531,.T.);
#531 = EDGE_CURVE('',#378,#532,#534,.T.);
#532 = VERTEX_POINT('',#533);
#533 = CARTESIAN_POINT('',(0.3,0.21,0.48));
#534 = LINE('',#535,#536);
#535 = CARTESIAN_POINT('',(-0.3,0.21,0.48));
#536 = VECTOR('',#537,1.);
#537 = DIRECTION('',(1.,0.,0.));
#538 = ORIENTED_EDGE('',*,*,#539,.F.);
#539 = EDGE_CURVE('',#507,#532,#540,.T.);
#540 = CIRCLE('',#541,2.E-02);
#541 = AXIS2_PLACEMENT_3D('',#542,#543,#544);
#542 = CARTESIAN_POINT('',(0.3,0.21,0.46));
#543 = DIRECTION('',(1.,0.,-0.));
#544 = DIRECTION('',(0.,0.,1.));
#545 = ORIENTED_EDGE('',*,*,#516,.F.);
#546 = CYLINDRICAL_SURFACE('',#547,2.E-02);
#547 = AXIS2_PLACEMENT_3D('',#548,#549,#550);
#548 = CARTESIAN_POINT('',(-0.3,0.21,0.46));
#549 = DIRECTION('',(1.,0.,0.));
#550 = DIRECTION('',(-0.,1.,0.));
#551 = ADVANCED_FACE('',(#552),#570,.T.);
#552 = FACE_BOUND('',#553,.T.);
#553 = EDGE_LOOP('',(#554,#555,#563,#569));
#554 = ORIENTED_EDGE('',*,*,#377,.F.);
#555 = ORIENTED_EDGE('',*,*,#556,.T.);
#556 = EDGE_CURVE('',#369,#557,#559,.T.);
#557 = VERTEX_POINT('',#558);
#558 = CARTESIAN_POINT('',(0.3,-0.21,0.48));
#559 = LINE('',#560,#561);
#560 = CARTESIAN_POINT('',(-0.3,-0.21,0.48));
#561 = VECTOR('',#562,1.);
#562 = DIRECTION('',(1.,0.,0.));
#563 = ORIENTED_EDGE('',*,*,#564,.T.);
#564 = EDGE_CURVE('',#557,#532,#565,.T.);
#565 = LINE('',#566,#567);
#566 = CARTESIAN_POINT('',(0.3,-0.23,0.48));
#567 = VECTOR('',#568,1.);
#568 = DIRECTION('',(0.,1.,0.));
#569 = ORIENTED_EDGE('',*,*,#531,.F.);
#570 = PLANE('',#571);
#571 = AXIS2_PLACEMENT_3D('',#572,#573,#574);
#572 = CARTESIAN_POINT('',(-0.3,-0.23,0.48));
#573 = DIRECTION('',(0.,0.,1.));
#574 = DIRECTION('',(1.,0.,-0.));
#575 = ADVANCED_FACE('',(#576),#595,.T.);
#576 = FACE_BOUND('',#577,.T.);
#577 = EDGE_LOOP('',(#578,#586,#593,#594));
#578 = ORIENTED_EDGE('',*,*,#579,.T.);
#579 = EDGE_CURVE('',#361,#580,#582,.T.);
#580 = VERTEX_POINT('',#581);
#581 = CARTESIAN_POINT('',(0.3,-0.23,0.46));
#582 = LINE('',#583,#584);
#583 = CARTESIAN_POINT('',(-0.3,-0.23,0.46));
#584 = VECTOR('',#585,1.);
#585 = DIRECTION('',(1.,0.,0.));
#586 = ORIENTED_EDGE('',*,*,#587,.T.);
#587 = EDGE_CURVE('',#580,#557,#588,.T.);
#588 = CIRCLE('',#589,2.E-02);
#589 = AXIS2_PLACEMENT_3D('',#590,#591,#592);
#590 = CARTESIAN_POINT('',(0.3,-0.21,0.46));
#591 = DIRECTION('',(-1.,0.,0.));
#592 = DIRECTION('',(0.,0.,1.));
#593 = ORIENTED_EDGE('',*,*,#556,.F.);
#594 = ORIENTED_EDGE('',*,*,#368,.F.);
#595 = CYLINDRICAL_SURFACE('',#596,2.E-02);
#596 = AXIS2_PLACEMENT_3D('',#597,#598,#599);
#597 = CARTESIAN_POINT('',(-0.3,-0.21,0.46));
#598 = DIRECTION('',(1.,0.,0.));
#599 = DIRECTION('',(0.,-1.,0.));
#600 = ADVANCED_FACE('',(#601),#612,.F.);
#601 = FACE_BOUND('',#602,.F.);
#602 = EDGE_LOOP('',(#603,#609,#610,#611));
#603 = ORIENTED_EDGE('',*,*,#604,.F.);
#604 = EDGE_CURVE('',#435,#580,#605,.T.);
#605 = LINE('',#606,#607);
#606 = CARTESIAN_POINT('',(0.3,-0.23,2.E-02));
#607 = VECTOR('',#608,1.);
#608 = DIRECTION('',(0.,0.,1.));
#609 = ORIENTED_EDGE('',*,*,#443,.F.);
#610 = ORIENTED_EDGE('',*,*,#360,.T.);
#611 = ORIENTED_EDGE('',*,*,#579,.T.);
#612 = PLANE('',#613);
#613 = AXIS2_PLACEMENT_3D('',#614,#615,#616);
#614 = CARTESIAN_POINT('',(-0.3,-0.23,2.E-02));
#615 = DIRECTION('',(0.,1.,0.));
#616 = DIRECTION('',(0.,-0.,1.));
#617 = ADVANCED_FACE('',(#618,#688),#698,.F.);
#618 = FACE_BOUND('',#619,.F.);
#619 = EDGE_LOOP('',(#620,#630,#639,#647,#656,#664,#673,#681));
#620 = ORIENTED_EDGE('',*,*,#621,.F.);
#621 = EDGE_CURVE('',#622,#624,#626,.T.);
#622 = VERTEX_POINT('',#623);
#623 = CARTESIAN_POINT('',(0.3,-0.25,2.E-02));
#624 = VERTEX_POINT('',#625);
#625 = CARTESIAN_POINT('',(0.3,-0.25,0.48));
#626 = LINE('',#627,#628);
#627 = CARTESIAN_POINT('',(0.3,-0.25,0.));
#628 = VECTOR('',#629,1.);
#629 = DIRECTION('',(0.,0.,1.));
#630 = ORIENTED_EDGE('',*,*,#631,.T.);
#631 = EDGE_CURVE('',#622,#632,#634,.T.);
#632 = VERTEX_POINT('',#633);
#633 = CARTESIAN_POINT('',(0.3,-0.23,0.));
#634 = CIRCLE('',#635,2.E-02);
#635 = AXIS2_PLACEMENT_3D('',#636,#637,#638);
#636 = CARTESIAN_POINT('',(0.3,-0.23,2.E-02));
#637 = DIRECTION('',(1.,0.,-0.));
#638 = DIRECTION('',(0.,0.,1.));
#639 = ORIENTED_EDGE('',*,*,#640,.T.);
#640 = EDGE_CURVE('',#632,#641,#643,.T.);
#641 = VERTEX_POINT('',#642);
#642 = CARTESIAN_POINT('',(0.3,0.23,0.));
#643 = LINE('',#644,#645);
#644 = CARTESIAN_POINT('',(0.3,-0.25,0.));
#645 = VECTOR('',#646,1.);
#646 = DIRECTION('',(0.,1.,0.));
#647 = ORIENTED_EDGE('',*,*,#648,.F.);
#648 = EDGE_CURVE('',#649,#641,#651,.T.);
#649 = VERTEX_POINT('',#650);
#650 = CARTESIAN_POINT('',(0.3,0.25,2.E-02));
#651 = CIRCLE('',#652,2.E-02);
#652 = AXIS2_PLACEMENT_3D('',#653,#654,#655);
#653 = CARTESIAN_POINT('',(0.3,0.23,2.E-02));
#654 = DIRECTION('',(-1.,0.,0.));
#655 = DIRECTION('',(0.,0.,1.));
#656 = ORIENTED_EDGE('',*,*,#657,.T.);
#657 = EDGE_CURVE('',#649,#658,#660,.T.);
#658 = VERTEX_POINT('',#659);
#659 = CARTESIAN_POINT('',(0.3,0.25,0.48));
#660 = LINE('',#661,#662);
#661 = CARTESIAN_POINT('',(0.3,0.25,0.));
#662 = VECTOR('',#663,1.);
#663 = DIRECTION('',(0.,0.,1.));
#664 = ORIENTED_EDGE('',*,*,#665,.T.);
#665 = EDGE_CURVE('',#658,#666,#668,.T.);
#666 = VERTEX_POINT('',#667);
#667 = CARTESIAN_POINT('',(0.3,0.23,0.5));
#668 = CIRCLE('',#669,2.E-02);
#669 = AXIS2_PLACEMENT_3D('',#670,#671,#672);
#670 = CARTESIAN_POINT('',(0.3,0.23,0.48));
#671 = DIRECTION('',(1.,0.,-0.));
#672 = DIRECTION('',(0.,0.,1.));
#673 = ORIENTED_EDGE('',*,*,#674,.F.);
#674 = EDGE_CURVE('',#675,#666,#677,.T.);
#675 = VERTEX_POINT('',#676);
#676 = CARTESIAN_POINT('',(0.3,-0.23,0.5));
#677 = LINE('',#678,#679);
#678 = CARTESIAN_POINT('',(0.3,-0.25,0.5));
#679 = VECTOR('',#680,1.);
#680 = DIRECTION('',(0.,1.,0.));
#681 = ORIENTED_EDGE('',*,*,#682,.F.);
#682 = EDGE_CURVE('',#624,#675,#683,.T.);
#683 = CIRCLE('',#684,2.E-02);
#684 = AXIS2_PLACEMENT_3D('',#685,#686,#687);
#685 = CARTESIAN_POINT('',(0.3,-0.23,0.48));
#686 = DIRECTION('',(-1.,0.,0.));
#687 = DIRECTION('',(0.,0.,1.));
#688 = FACE_BOUND('',#689,.F.);
#689 = EDGE_LOOP('',(#690,#691,#692,#693,#694,#695,#696,#697));
#690 = ORIENTED_EDGE('',*,*,#434,.F.);
#691 = ORIENTED_EDGE('',*,*,#604,.T.);
#692 = ORIENTED_EDGE('',*,*,#587,.T.);
#693 = ORIENTED_EDGE('',*,*,#564,.T.);
#694 = ORIENTED_EDGE('',*,*,#539,.F.);
#695 = ORIENTED_EDGE('',*,*,#506,.F.);
#696 = ORIENTED_EDGE('',*,*,#489,.T.);
#697 = ORIENTED_EDGE('',*,*,#459,.F.);
#698 = PLANE('',#699);
#699 = AXIS2_PLACEMENT_3D('',#700,#701,#702);
#700 = CARTESIAN_POINT('',(0.3,-0.25,0.));
#701 = DIRECTION('',(1.,0.,0.));
#702 = DIRECTION('',(0.,0.,1.));
#703 = ADVANCED_FACE('',(#704),#729,.F.);
#704 = FACE_BOUND('',#705,.F.);
#705 = EDGE_LOOP('',(#706,#716,#722,#723));
#706 = ORIENTED_EDGE('',*,*,#707,.F.);
#707 = EDGE_CURVE('',#708,#710,#712,.T.);
#708 = VERTEX_POINT('',#709);
#709 = CARTESIAN_POINT('',(0.5,-0.25,2.E-02));
#710 = VERTEX_POINT('',#711);
#711 = CARTESIAN_POINT('',(0.5,-0.25,0.48));
#712 = LINE('',#713,#714);
#713 = CARTESIAN_POINT('',(0.5,-0.25,0.));
#714 = VECTOR('',#715,1.);
#715 = DIRECTION('',(0.,0.,1.));
#716 = ORIENTED_EDGE('',*,*,#717,.F.);
#717 = EDGE_CURVE('',#622,#708,#718,.T.);
#718 = LINE('',#719,#720);
#719 = CARTESIAN_POINT('',(0.3,-0.25,2.E-02));
#720 = VECTOR('',#721,1.);
#721 = DIRECTION('',(1.,0.,0.));
#722 = ORIENTED_EDGE('',*,*,#621,.T.);
#723 = ORIENTED_EDGE('',*,*,#724,.T.);
#724 = EDGE_CURVE('',#624,#710,#725,.T.);
#725 = LINE('',#726,#727);
#726 = CARTESIAN_POINT('',(0.3,-0.25,0.48));
#727 = VECTOR('',#728,1.);
#728 = DIRECTION('',(1.,0.,0.));
#729 = PLANE('',#730);
#730 = AXIS2_PLACEMENT_3D('',#731,#732,#733);
#731 = CARTESIAN_POINT('',(0.3,-0.25,0.));
#732 = DIRECTION('',(0.,1.,0.));
#733 = DIRECTION('',(0.,-0.,1.));
#734 = ADVANCED_FACE('',(#735),#754,.T.);
#735 = FACE_BOUND('',#736,.T.);
#736 = EDGE_LOOP('',(#737,#738,#746,#753));
#737 = ORIENTED_EDGE('',*,*,#631,.T.);
#738 = ORIENTED_EDGE('',*,*,#739,.T.);
#739 = EDGE_CURVE('',#632,#740,#742,.T.);
#740 = VERTEX_POINT('',#741);
#741 = CARTESIAN_POINT('',(0.5,-0.23,0.));
#742 = LINE('',#743,#744);
#743 = CARTESIAN_POINT('',(0.3,-0.23,0.));
#744 = VECTOR('',#745,1.);
#745 = DIRECTION('',(1.,0.,0.));
#746 = ORIENTED_EDGE('',*,*,#747,.F.);
#747 = EDGE_CURVE('',#708,#740,#748,.T.);
#748 = CIRCLE('',#749,2.E-02);
#749 = AXIS2_PLACEMENT_3D('',#750,#751,#752);
#750 = CARTESIAN_POINT('',(0.5,-0.23,2.E-02));
#751 = DIRECTION('',(1.,0.,-0.));
#752 = DIRECTION('',(0.,0.,1.));
#753 = ORIENTED_EDGE('',*,*,#717,.F.);
#754 = CYLINDRICAL_SURFACE('',#755,2.E-02);
#755 = AXIS2_PLACEMENT_3D('',#756,#757,#758);
#756 = CARTESIAN_POINT('',(0.3,-0.23,2.E-02));
#757 = DIRECTION('',(1.,0.,0.));
#758 = DIRECTION('',(0.,-1.,0.));
#759 = ADVANCED_FACE('',(#760),#779,.T.);
#760 = FACE_BOUND('',#761,.T.);
#761 = EDGE_LOOP('',(#762,#763,#772,#778));
#762 = ORIENTED_EDGE('',*,*,#724,.T.);
#763 = ORIENTED_EDGE('',*,*,#764,.T.);
#764 = EDGE_CURVE('',#710,#765,#767,.T.);
#765 = VERTEX_POINT('',#766);
#766 = CARTESIAN_POINT('',(0.5,-0.23,0.5));
#767 = CIRCLE('',#768,2.E-02);
#768 = AXIS2_PLACEMENT_3D('',#769,#770,#771);
#769 = CARTESIAN_POINT('',(0.5,-0.23,0.48));
#770 = DIRECTION('',(-1.,0.,0.));
#771 = DIRECTION('',(0.,0.,1.));
#772 = ORIENTED_EDGE('',*,*,#773,.F.);
#773 = EDGE_CURVE('',#675,#765,#774,.T.);
#774 = LINE('',#775,#776);
#775 = CARTESIAN_POINT('',(0.3,-0.23,0.5));
#776 = VECTOR('',#777,1.);
#777 = DIRECTION('',(1.,0.,0.));
#778 = ORIENTED_EDGE('',*,*,#682,.F.);
#779 = CYLINDRICAL_SURFACE('',#780,2.E-02);
#780 = AXIS2_PLACEMENT_3D('',#781,#782,#783);
#781 = CARTESIAN_POINT('',(0.3,-0.23,0.48));
#782 = DIRECTION('',(1.,0.,0.));
#783 = DIRECTION('',(0.,-1.,0.));
#784 = ADVANCED_FACE('',(#785),#803,.F.);
#785 = FACE_BOUND('',#786,.F.);
#786 = EDGE_LOOP('',(#787,#788,#789,#797));
#787 = ORIENTED_EDGE('',*,*,#640,.F.);
#788 = ORIENTED_EDGE('',*,*,#739,.T.);
#789 = ORIENTED_EDGE('',*,*,#790,.T.);
#790 = EDGE_CURVE('',#740,#791,#793,.T.);
#791 = VERTEX_POINT('',#792);
#792 = CARTESIAN_POINT('',(0.5,0.23,0.));
#793 = LINE('',#794,#795);
#794 = CARTESIAN_POINT('',(0.5,-0.25,0.));
#795 = VECTOR('',#796,1.);
#796 = DIRECTION('',(0.,1.,0.));
#797 = ORIENTED_EDGE('',*,*,#798,.F.);
#798 = EDGE_CURVE('',#641,#791,#799,.T.);
#799 = LINE('',#800,#801);
#800 = CARTESIAN_POINT('',(0.3,0.23,0.));
#801 = VECTOR('',#802,1.);
#802 = DIRECTION('',(1.,0.,0.));
#803 = PLANE('',#804);
#804 = AXIS2_PLACEMENT_3D('',#805,#806,#807);
#805 = CARTESIAN_POINT('',(0.3,-0.25,0.));
#806 = DIRECTION('',(0.,0.,1.));
#807 = DIRECTION('',(1.,0.,-0.));
#808 = ADVANCED_FACE('',(#809),#827,.T.);
#809 = FACE_BOUND('',#810,.T.);
#810 = EDGE_LOOP('',(#811,#812,#813,#821));
#811 = ORIENTED_EDGE('',*,*,#674,.F.);
#812 = ORIENTED_EDGE('',*,*,#773,.T.);
#813 = ORIENTED_EDGE('',*,*,#814,.T.);
#814 = EDGE_CURVE('',#765,#815,#817,.T.);
#815 = VERTEX_POINT('',#816);
#816 = CARTESIAN_POINT('',(0.5,0.23,0.5));
#817 = LINE('',#818,#819);
#818 = CARTESIAN_POINT('',(0.5,-0.25,0.5));
#819 = VECTOR('',#820,1.);
#820 = DIRECTION('',(0.,1.,0.));
#821 = ORIENTED_EDGE('',*,*,#822,.F.);
#822 = EDGE_CURVE('',#666,#815,#823,.T.);
#823 = LINE('',#824,#825);
#824 = CARTESIAN_POINT('',(0.3,0.23,0.5));
#825 = VECTOR('',#826,1.);
#826 = DIRECTION('',(1.,0.,0.));
#827 = PLANE('',#828);
#828 = AXIS2_PLACEMENT_3D('',#829,#830,#831);
#829 = CARTESIAN_POINT('',(0.3,-0.25,0.5));
#830 = DIRECTION('',(0.,0.,1.));
#831 = DIRECTION('',(1.,0.,-0.));
#832 = ADVANCED_FACE('',(#833),#852,.T.);
#833 = FACE_BOUND('',#834,.T.);
#834 = EDGE_LOOP('',(#835,#843,#850,#851));
#835 = ORIENTED_EDGE('',*,*,#836,.T.);
#836 = EDGE_CURVE('',#649,#837,#839,.T.);
#837 = VERTEX_POINT('',#838);
#838 = CARTESIAN_POINT('',(0.5,0.25,2.E-02));
#839 = LINE('',#840,#841);
#840 = CARTESIAN_POINT('',(0.3,0.25,2.E-02));
#841 = VECTOR('',#842,1.);
#842 = DIRECTION('',(1.,0.,0.));
#843 = ORIENTED_EDGE('',*,*,#844,.T.);
#844 = EDGE_CURVE('',#837,#791,#845,.T.);
#845 = CIRCLE('',#846,2.E-02);
#846 = AXIS2_PLACEMENT_3D('',#847,#848,#849);
#847 = CARTESIAN_POINT('',(0.5,0.23,2.E-02));
#848 = DIRECTION('',(-1.,0.,0.));
#849 = DIRECTION('',(0.,0.,1.));
#850 = ORIENTED_EDGE('',*,*,#798,.F.);
#851 = ORIENTED_EDGE('',*,*,#648,.F.);
#852 = CYLINDRICAL_SURFACE('',#853,2.E-02);
#853 = AXIS2_PLACEMENT_3D('',#854,#855,#856);
#854 = CARTESIAN_POINT('',(0.3,0.23,2.E-02));
#855 = DIRECTION('',(1.,0.,0.));
#856 = DIRECTION('',(-0.,1.,0.));
#857 = ADVANCED_FACE('',(#858),#877,.T.);
#858 = FACE_BOUND('',#859,.T.);
#859 = EDGE_LOOP('',(#860,#861,#862,#871));
#860 = ORIENTED_EDGE('',*,*,#665,.T.);
#861 = ORIENTED_EDGE('',*,*,#822,.T.);
#862 = ORIENTED_EDGE('',*,*,#863,.F.);
#863 = EDGE_CURVE('',#864,#815,#866,.T.);
#864 = VERTEX_POINT('',#865);
#865 = CARTESIAN_POINT('',(0.5,0.25,0.48));
#866 = CIRCLE('',#867,2.E-02);
#867 = AXIS2_PLACEMENT_3D('',#868,#869,#870);
#868 = CARTESIAN_POINT('',(0.5,0.23,0.48));
#869 = DIRECTION('',(1.,0.,-0.));
#870 = DIRECTION('',(0.,0.,1.));
#871 = ORIENTED_EDGE('',*,*,#872,.F.);
#872 = EDGE_CURVE('',#658,#864,#873,.T.);
#873 = LINE('',#874,#875);
#874 = CARTESIAN_POINT('',(0.3,0.25,0.48));
#875 = VECTOR('',#876,1.);
#876 = DIRECTION('',(1.,0.,0.));
#877 = CYLINDRICAL_SURFACE('',#878,2.E-02);
#878 = AXIS2_PLACEMENT_3D('',#879,#880,#881);
#879 = CARTESIAN_POINT('',(0.3,0.23,0.48));
#880 = DIRECTION('',(1.,0.,0.));
#881 = DIRECTION('',(-0.,1.,0.));
#882 = ADVANCED_FACE('',(#883),#894,.T.);
#883 = FACE_BOUND('',#884,.T.);
#884 = EDGE_LOOP('',(#885,#891,#892,#893));
#885 = ORIENTED_EDGE('',*,*,#886,.F.);
#886 = EDGE_CURVE('',#837,#864,#887,.T.);
#887 = LINE('',#888,#889);
#888 = CARTESIAN_POINT('',(0.5,0.25,0.));
#889 = VECTOR('',#890,1.);
#890 = DIRECTION('',(0.,0.,1.));
#891 = ORIENTED_EDGE('',*,*,#836,.F.);
#892 = ORIENTED_EDGE('',*,*,#657,.T.);
#893 = ORIENTED_EDGE('',*,*,#872,.T.);
#894 = PLANE('',#895);
#895 = AXIS2_PLACEMENT_3D('',#896,#897,#898);
#896 = CARTESIAN_POINT('',(0.3,0.25,0.));
#897 = DIRECTION('',(0.,1.,0.));
#898 = DIRECTION('',(0.,-0.,1.));
#899 = ADVANCED_FACE('',(#900),#910,.T.);
#900 = FACE_BOUND('',#901,.T.);
#901 = EDGE_LOOP('',(#902,#903,#904,#905,#906,#907,#908,#909));
#902 = ORIENTED_EDGE('',*,*,#707,.F.);
#903 = ORIENTED_EDGE('',*,*,#747,.T.);
#904 = ORIENTED_EDGE('',*,*,#790,.T.);
#905 = ORIENTED_EDGE('',*,*,#844,.F.);
#906 = ORIENTED_EDGE('',*,*,#886,.T.);
#907 = ORIENTED_EDGE('',*,*,#863,.T.);
#908 = ORIENTED_EDGE('',*,*,#814,.F.);
#909 = ORIENTED_EDGE('',*,*,#764,.F.);
#910 = PLANE('',#911);
#911 = AXIS2_PLACEMENT_3D('',#912,#913,#914);
#912 = CARTESIAN_POINT('',(0.5,-0.25,0.));
#913 = DIRECTION('',(1.,0.,0.));
#914 = DIRECTION('',(0.,0.,1.));
#915 = ( GEOMETRIC_REPRESENTATION_CONTEXT(3) 
GLOBAL_UNCERTAINTY_ASSIGNED_CONTEXT((#919)) GLOBAL_UNIT_ASSIGNED_CONTEXT
((#916,#917,#918)) REPRESENTATION_CONTEXT('Context #1',
  '3D Context with UNIT and UNCERTAINTY') );
#916 = ( LENGTH_UNIT() NAMED_UNIT(*) SI_UNIT(.MILLI.,.METRE.) );
#917 = ( NAMED_UNIT(*) PLANE_ANGLE_UNIT() SI_UNIT($,.RADIAN.) );
#918 = ( NAMED_UNIT(*) SI_UNIT($,.STERADIAN.) SOLID_ANGLE_UNIT() );
#919 = UNCERTAINTY_MEASURE_WITH_UNIT(LENGTH_MEASURE(1.E-07),#916,
  'distance_accuracy_value','confusion accuracy');
#920 = CONTEXT_DEPENDENT_SHAPE_REPRESENTATION(#921,#923);
#921 = ( REPRESENTATION_RELATIONSHIP('','',#60,#10) 
REPRESENTATION_RELATIONSHIP_WITH_TRANSFORMATION(#922) 
SHAPE_REPRESENTATION_RELATIONSHIP() );
#922 = ITEM_DEFINED_TRANSFORMATION('','',#11,#15);
#923 = PRODUCT_DEFINITION_SHAPE('Placement','Placement of an item',#924
  );
#924 = NEXT_ASSEMBLY_USAGE_OCCURRENCE('1','C25','',#5,#55,$);
#925 = PRODUCT_RELATED_PRODUCT_CATEGORY('part',$,(#57));
#926 = SHAPE_DEFINITION_REPRESENTATION(#927,#933);
#927 = PRODUCT_DEFINITION_SHAPE('','',#928);
#928 = PRODUCT_DEFINITION('design','',#929,#932);
#929 = PRODUCT_DEFINITION_FORMATION('','',#930);
#930 = PRODUCT('JST_SH_SM04B-SRSS-TB_1x04-1MP_P1.00mm_Horizontal',
  'JST_SH_SM04B-SRSS-TB_1x04-1MP_P1.00mm_Horizontal','',(#931));
#931 = PRODUCT_CONTEXT('',#2,'mechanical');
#932 = PRODUCT_DEFINITION_CONTEXT('part definition',#2,'design');
#933 = ADVANCED_BREP_SHAPE_REPRESENTATION('',(#11,#934),#3738);
#934 = MANIFOLD_SOLID_BREP('',#935);
#935 = CLOSED_SHELL('',(#936,#1040,#1247,#1271,#1295,#1319,#1343,#1504,
    #1560,#1584,#1608,#1632,#1656,#1788,#1860,#1884,#1915,#1939,#1970,
    #1994,#2034,#2058,#2091,#2131,#2155,#2188,#2228,#2252,#2285,#2325,
    #2349,#2382,#2409,#2427,#2452,#2476,#2530,#2554,#2578,#2595,#2619,
    #2666,#2690,#2714,#2731,#2748,#2788,#2805,#2819,#2836,#2853,#2870,
    #2887,#2904,#2928,#2945,#2962,#2974,#2994,#3006,#3018,#3035,#3047,
    #3064,#3076,#3093,#3105,#3122,#3134,#3146,#3294,#3306,#3337,#3361,
    #3385,#3402,#3433,#3457,#3481,#3498,#3529,#3553,#3577,#3594,#3625,
    #3649,#3673,#3690,#3702,#3714,#3726));
#936 = ADVANCED_FACE('',(#937),#1035,.F.);
#937 = FACE_BOUND('',#938,.F.);
#938 = EDGE_LOOP('',(#939,#949,#957,#965,#973,#981,#989,#997,#1005,#1013
    ,#1021,#1029));
#939 = ORIENTED_EDGE('',*,*,#940,.F.);
#940 = EDGE_CURVE('',#941,#943,#945,.T.);
#941 = VERTEX_POINT('',#942);
#942 = CARTESIAN_POINT('',(-3.,1.775,6.E-02));
#943 = VERTEX_POINT('',#944);
#944 = CARTESIAN_POINT('',(-3.,-0.975,6.E-02));
#945 = LINE('',#946,#947);
#946 = CARTESIAN_POINT('',(-3.,1.775,6.E-02));
#947 = VECTOR('',#948,1.);
#948 = DIRECTION('',(0.,-1.,1.110223024625E-16));
#949 = ORIENTED_EDGE('',*,*,#950,.T.);
#950 = EDGE_CURVE('',#941,#951,#953,.T.);
#951 = VERTEX_POINT('',#952);
#952 = CARTESIAN_POINT('',(-3.,1.775,1.46));
#953 = LINE('',#954,#955);
#954 = CARTESIAN_POINT('',(-3.,1.775,6.E-02));
#955 = VECTOR('',#956,1.);
#956 = DIRECTION('',(0.,1.110223024625E-16,1.));
#957 = ORIENTED_EDGE('',*,*,#958,.T.);
#958 = EDGE_CURVE('',#951,#959,#961,.T.);
#959 = VERTEX_POINT('',#960);
#960 = CARTESIAN_POINT('',(-3.,1.225,1.46));
#961 = LINE('',#962,#963);
#962 = CARTESIAN_POINT('',(-3.,1.775,1.46));
#963 = VECTOR('',#964,1.);
#964 = DIRECTION('',(0.,-1.,1.110223024625E-16));
#965 = ORIENTED_EDGE('',*,*,#966,.T.);
#966 = EDGE_CURVE('',#959,#967,#969,.T.);
#967 = VERTEX_POINT('',#968);
#968 = CARTESIAN_POINT('',(-3.,1.225,2.46));
#969 = LINE('',#970,#971);
#970 = CARTESIAN_POINT('',(-3.,1.225,1.46));
#971 = VECTOR('',#972,1.);
#972 = DIRECTION('',(0.,1.110223024625E-16,1.));
#973 = ORIENTED_EDGE('',*,*,#974,.T.);
#974 = EDGE_CURVE('',#967,#975,#977,.T.);
#975 = VERTEX_POINT('',#976);
#976 = CARTESIAN_POINT('',(-3.,0.575,2.46));
#977 = LINE('',#978,#979);
#978 = CARTESIAN_POINT('',(-3.,1.225,2.46));
#979 = VECTOR('',#980,1.);
#980 = DIRECTION('',(0.,-1.,1.110223024625E-16));
#981 = ORIENTED_EDGE('',*,*,#982,.T.);
#982 = EDGE_CURVE('',#975,#983,#985,.T.);
#983 = VERTEX_POINT('',#984);
#984 = CARTESIAN_POINT('',(-3.,0.286,2.96));
#985 = LINE('',#986,#987);
#986 = CARTESIAN_POINT('',(-3.,0.575,2.46));
#987 = VECTOR('',#988,1.);
#988 = DIRECTION('',(0.,-0.500421834463,0.865781720524));
#989 = ORIENTED_EDGE('',*,*,#990,.T.);
#990 = EDGE_CURVE('',#983,#991,#993,.T.);
#991 = VERTEX_POINT('',#992);
#992 = CARTESIAN_POINT('',(-3.,-2.475,2.96));
#993 = LINE('',#994,#995);
#994 = CARTESIAN_POINT('',(-3.,1.775,2.96));
#995 = VECTOR('',#996,1.);
#996 = DIRECTION('',(0.,-1.,1.110223024625E-16));
#997 = ORIENTED_EDGE('',*,*,#998,.F.);
#998 = EDGE_CURVE('',#999,#991,#1001,.T.);
#999 = VERTEX_POINT('',#1000);
#1000 = CARTESIAN_POINT('',(-3.,-2.475,1.26));
#1001 = LINE('',#1002,#1003);
#1002 = CARTESIAN_POINT('',(-3.,-2.475,6.E-02));
#1003 = VECTOR('',#1004,1.);
#1004 = DIRECTION('',(0.,1.110223024625E-16,1.));
#1005 = ORIENTED_EDGE('',*,*,#1006,.T.);
#1006 = EDGE_CURVE('',#999,#1007,#1009,.T.);
#1007 = VERTEX_POINT('',#1008);
#1008 = CARTESIAN_POINT('',(-3.,-1.975,1.26));
#1009 = LINE('',#1010,#1011);
#1010 = CARTESIAN_POINT('',(-3.,-2.475,1.26));
#1011 = VECTOR('',#1012,1.);
#1012 = DIRECTION('',(0.,1.,-1.110223024625E-16));
#1013 = ORIENTED_EDGE('',*,*,#1014,.T.);
#1014 = EDGE_CURVE('',#1007,#1015,#1017,.T.);
#1015 = VERTEX_POINT('',#1016);
#1016 = CARTESIAN_POINT('',(-3.,-1.975,0.61));
#1017 = LINE('',#1018,#1019);
#1018 = CARTESIAN_POINT('',(-3.,-1.975,1.26));
#1019 = VECTOR('',#1020,1.);
#1020 = DIRECTION('',(0.,-1.110223024625E-16,-1.));
#1021 = ORIENTED_EDGE('',*,*,#1022,.T.);
#1022 = EDGE_CURVE('',#1015,#1023,#1025,.T.);
#1023 = VERTEX_POINT('',#1024);
#1024 = CARTESIAN_POINT('',(-3.,-0.975,0.61));
#1025 = LINE('',#1026,#1027);
#1026 = CARTESIAN_POINT('',(-3.,-1.975,0.61));
#1027 = VECTOR('',#1028,1.);
#1028 = DIRECTION('',(0.,1.,-1.110223024625E-16));
#1029 = ORIENTED_EDGE('',*,*,#1030,.T.);
#1030 = EDGE_CURVE('',#1023,#943,#1031,.T.);
#1031 = LINE('',#1032,#1033);
#1032 = CARTESIAN_POINT('',(-3.,-0.975,0.61));
#1033 = VECTOR('',#1034,1.);
#1034 = DIRECTION('',(0.,-1.110223024625E-16,-1.));
#1035 = PLANE('',#1036);
#1036 = AXIS2_PLACEMENT_3D('',#1037,#1038,#1039);
#1037 = CARTESIAN_POINT('',(-3.,1.775,6.E-02));
#1038 = DIRECTION('',(1.,0.,0.));
#1039 = DIRECTION('',(0.,-1.,1.110223024625E-16));
#1040 = ADVANCED_FACE('',(#1041),#1242,.F.);
#1041 = FACE_BOUND('',#1042,.F.);
#1042 = EDGE_LOOP('',(#1043,#1053,#1061,#1069,#1077,#1085,#1093,#1101,
    #1109,#1117,#1125,#1133,#1141,#1149,#1157,#1165,#1173,#1181,#1187,
    #1188,#1196,#1204,#1212,#1220,#1228,#1236));
#1043 = ORIENTED_EDGE('',*,*,#1044,.F.);
#1044 = EDGE_CURVE('',#1045,#1047,#1049,.T.);
#1045 = VERTEX_POINT('',#1046);
#1046 = CARTESIAN_POINT('',(3.,1.775,6.E-02));
#1047 = VERTEX_POINT('',#1048);
#1048 = CARTESIAN_POINT('',(3.,-0.975,6.E-02));
#1049 = LINE('',#1050,#1051);
#1050 = CARTESIAN_POINT('',(3.,1.775,6.E-02));
#1051 = VECTOR('',#1052,1.);
#1052 = DIRECTION('',(0.,-1.,1.110223024625E-16));
#1053 = ORIENTED_EDGE('',*,*,#1054,.F.);
#1054 = EDGE_CURVE('',#1055,#1045,#1057,.T.);
#1055 = VERTEX_POINT('',#1056);
#1056 = CARTESIAN_POINT('',(1.6,1.775,6.E-02));
#1057 = LINE('',#1058,#1059);
#1058 = CARTESIAN_POINT('',(-3.,1.775,6.E-02));
#1059 = VECTOR('',#1060,1.);
#1060 = DIRECTION('',(1.,0.,0.));
#1061 = ORIENTED_EDGE('',*,*,#1062,.F.);
#1062 = EDGE_CURVE('',#1063,#1055,#1065,.T.);
#1063 = VERTEX_POINT('',#1064);
#1064 = CARTESIAN_POINT('',(1.6,1.675,6.E-02));
#1065 = LINE('',#1066,#1067);
#1066 = CARTESIAN_POINT('',(1.6,1.675,6.E-02));
#1067 = VECTOR('',#1068,1.);
#1068 = DIRECTION('',(0.,1.,0.));
#1069 = ORIENTED_EDGE('',*,*,#1070,.F.);
#1070 = EDGE_CURVE('',#1071,#1063,#1073,.T.);
#1071 = VERTEX_POINT('',#1072);
#1072 = CARTESIAN_POINT('',(1.4,1.675,6.E-02));
#1073 = LINE('',#1074,#1075);
#1074 = CARTESIAN_POINT('',(1.4,1.675,6.E-02));
#1075 = VECTOR('',#1076,1.);
#1076 = DIRECTION('',(1.,0.,0.));
#1077 = ORIENTED_EDGE('',*,*,#1078,.T.);
#1078 = EDGE_CURVE('',#1071,#1079,#1081,.T.);
#1079 = VERTEX_POINT('',#1080);
#1080 = CARTESIAN_POINT('',(1.4,1.775,6.E-02));
#1081 = LINE('',#1082,#1083);
#1082 = CARTESIAN_POINT('',(1.4,1.675,6.E-02));
#1083 = VECTOR('',#1084,1.);
#1084 = DIRECTION('',(0.,1.,0.));
#1085 = ORIENTED_EDGE('',*,*,#1086,.F.);
#1086 = EDGE_CURVE('',#1087,#1079,#1089,.T.);
#1087 = VERTEX_POINT('',#1088);
#1088 = CARTESIAN_POINT('',(0.6,1.775,6.E-02));
#1089 = LINE('',#1090,#1091);
#1090 = CARTESIAN_POINT('',(-3.,1.775,6.E-02));
#1091 = VECTOR('',#1092,1.);
#1092 = DIRECTION('',(1.,0.,0.));
#1093 = ORIENTED_EDGE('',*,*,#1094,.F.);
#1094 = EDGE_CURVE('',#1095,#1087,#1097,.T.);
#1095 = VERTEX_POINT('',#1096);
#1096 = CARTESIAN_POINT('',(0.6,1.675,6.E-02));
#1097 = LINE('',#1098,#1099);
#1098 = CARTESIAN_POINT('',(0.6,1.675,6.E-02));
#1099 = VECTOR('',#1100,1.);
#1100 = DIRECTION('',(0.,1.,0.));
#1101 = ORIENTED_EDGE('',*,*,#1102,.F.);
#1102 = EDGE_CURVE('',#1103,#1095,#1105,.T.);
#1103 = VERTEX_POINT('',#1104);
#1104 = CARTESIAN_POINT('',(0.4,1.675,6.E-02));
#1105 = LINE('',#1106,#1107);
#1106 = CARTESIAN_POINT('',(0.4,1.675,6.E-02));
#1107 = VECTOR('',#1108,1.);
#1108 = DIRECTION('',(1.,0.,0.));
#1109 = ORIENTED_EDGE('',*,*,#1110,.T.);
#1110 = EDGE_CURVE('',#1103,#1111,#1113,.T.);
#1111 = VERTEX_POINT('',#1112);
#1112 = CARTESIAN_POINT('',(0.4,1.775,6.E-02));
#1113 = LINE('',#1114,#1115);
#1114 = CARTESIAN_POINT('',(0.4,1.675,6.E-02));
#1115 = VECTOR('',#1116,1.);
#1116 = DIRECTION('',(0.,1.,0.));
#1117 = ORIENTED_EDGE('',*,*,#1118,.F.);
#1118 = EDGE_CURVE('',#1119,#1111,#1121,.T.);
#1119 = VERTEX_POINT('',#1120);
#1120 = CARTESIAN_POINT('',(-0.4,1.775,6.E-02));
#1121 = LINE('',#1122,#1123);
#1122 = CARTESIAN_POINT('',(-3.,1.775,6.E-02));
#1123 = VECTOR('',#1124,1.);
#1124 = DIRECTION('',(1.,0.,0.));
#1125 = ORIENTED_EDGE('',*,*,#1126,.F.);
#1126 = EDGE_CURVE('',#1127,#1119,#1129,.T.);
#1127 = VERTEX_POINT('',#1128);
#1128 = CARTESIAN_POINT('',(-0.4,1.675,6.E-02));
#1129 = LINE('',#1130,#1131);
#1130 = CARTESIAN_POINT('',(-0.4,1.675,6.E-02));
#1131 = VECTOR('',#1132,1.);
#1132 = DIRECTION('',(0.,1.,0.));
#1133 = ORIENTED_EDGE('',*,*,#1134,.F.);
#1134 = EDGE_CURVE('',#1135,#1127,#1137,.T.);
#1135 = VERTEX_POINT('',#1136);
#1136 = CARTESIAN_POINT('',(-0.6,1.675,6.E-02));
#1137 = LINE('',#1138,#1139);
#1138 = CARTESIAN_POINT('',(-0.6,1.675,6.E-02));
#1139 = VECTOR('',#1140,1.);
#1140 = DIRECTION('',(1.,0.,0.));
#1141 = ORIENTED_EDGE('',*,*,#1142,.T.);
#1142 = EDGE_CURVE('',#1135,#1143,#1145,.T.);
#1143 = VERTEX_POINT('',#1144);
#1144 = CARTESIAN_POINT('',(-0.6,1.775,6.E-02));
#1145 = LINE('',#1146,#1147);
#1146 = CARTESIAN_POINT('',(-0.6,1.675,6.E-02));
#1147 = VECTOR('',#1148,1.);
#1148 = DIRECTION('',(0.,1.,0.));
#1149 = ORIENTED_EDGE('',*,*,#1150,.F.);
#1150 = EDGE_CURVE('',#1151,#1143,#1153,.T.);
#1151 = VERTEX_POINT('',#1152);
#1152 = CARTESIAN_POINT('',(-1.4,1.775,6.E-02));
#1153 = LINE('',#1154,#1155);
#1154 = CARTESIAN_POINT('',(-3.,1.775,6.E-02));
#1155 = VECTOR('',#1156,1.);
#1156 = DIRECTION('',(1.,0.,0.));
#1157 = ORIENTED_EDGE('',*,*,#1158,.F.);
#1158 = EDGE_CURVE('',#1159,#1151,#1161,.T.);
#1159 = VERTEX_POINT('',#1160);
#1160 = CARTESIAN_POINT('',(-1.4,1.675,6.E-02));
#1161 = LINE('',#1162,#1163);
#1162 = CARTESIAN_POINT('',(-1.4,1.675,6.E-02));
#1163 = VECTOR('',#1164,1.);
#1164 = DIRECTION('',(0.,1.,0.));
#1165 = ORIENTED_EDGE('',*,*,#1166,.F.);
#1166 = EDGE_CURVE('',#1167,#1159,#1169,.T.);
#1167 = VERTEX_POINT('',#1168);
#1168 = CARTESIAN_POINT('',(-1.6,1.675,6.E-02));
#1169 = LINE('',#1170,#1171);
#1170 = CARTESIAN_POINT('',(-1.6,1.675,6.E-02));
#1171 = VECTOR('',#1172,1.);
#1172 = DIRECTION('',(1.,0.,0.));
#1173 = ORIENTED_EDGE('',*,*,#1174,.T.);
#1174 = EDGE_CURVE('',#1167,#1175,#1177,.T.);
#1175 = VERTEX_POINT('',#1176);
#1176 = CARTESIAN_POINT('',(-1.6,1.775,6.E-02));
#1177 = LINE('',#1178,#1179);
#1178 = CARTESIAN_POINT('',(-1.6,1.675,6.E-02));
#1179 = VECTOR('',#1180,1.);
#1180 = DIRECTION('',(0.,1.,0.));
#1181 = ORIENTED_EDGE('',*,*,#1182,.F.);
#1182 = EDGE_CURVE('',#941,#1175,#1183,.T.);
#1183 = LINE('',#1184,#1185);
#1184 = CARTESIAN_POINT('',(-3.,1.775,6.E-02));
#1185 = VECTOR('',#1186,1.);
#1186 = DIRECTION('',(1.,0.,0.));
#1187 = ORIENTED_EDGE('',*,*,#940,.T.);
#1188 = ORIENTED_EDGE('',*,*,#1189,.T.);
#1189 = EDGE_CURVE('',#943,#1190,#1192,.T.);
#1190 = VERTEX_POINT('',#1191);
#1191 = CARTESIAN_POINT('',(-2.7,-0.975,6.E-02));
#1192 = LINE('',#1193,#1194);
#1193 = CARTESIAN_POINT('',(-3.,-0.975,6.E-02));
#1194 = VECTOR('',#1195,1.);
#1195 = DIRECTION('',(1.,0.,0.));
#1196 = ORIENTED_EDGE('',*,*,#1197,.T.);
#1197 = EDGE_CURVE('',#1190,#1198,#1200,.T.);
#1198 = VERTEX_POINT('',#1199);
#1199 = CARTESIAN_POINT('',(-2.5,-0.975,6.E-02));
#1200 = LINE('',#1201,#1202);
#1201 = CARTESIAN_POINT('',(-3.,-0.975,6.E-02));
#1202 = VECTOR('',#1203,1.);
#1203 = DIRECTION('',(1.,0.,0.));
#1204 = ORIENTED_EDGE('',*,*,#1205,.T.);
#1205 = EDGE_CURVE('',#1198,#1206,#1208,.T.);
#1206 = VERTEX_POINT('',#1207);
#1207 = CARTESIAN_POINT('',(-2.5,-2.475,6.E-02));
#1208 = LINE('',#1209,#1210);
#1209 = CARTESIAN_POINT('',(-2.5,-0.975,6.E-02));
#1210 = VECTOR('',#1211,1.);
#1211 = DIRECTION('',(0.,-1.,2.590520390792E-16));
#1212 = ORIENTED_EDGE('',*,*,#1213,.T.);
#1213 = EDGE_CURVE('',#1206,#1214,#1216,.T.);
#1214 = VERTEX_POINT('',#1215);
#1215 = CARTESIAN_POINT('',(2.5,-2.475,6.E-02));
#1216 = LINE('',#1217,#1218);
#1217 = CARTESIAN_POINT('',(-3.,-2.475,6.E-02));
#1218 = VECTOR('',#1219,1.);
#1219 = DIRECTION('',(1.,0.,0.));
#1220 = ORIENTED_EDGE('',*,*,#1221,.F.);
#1221 = EDGE_CURVE('',#1222,#1214,#1224,.T.);
#1222 = VERTEX_POINT('',#1223);
#1223 = CARTESIAN_POINT('',(2.5,-0.975,6.E-02));
#1224 = LINE('',#1225,#1226);
#1225 = CARTESIAN_POINT('',(2.5,-0.975,6.E-02));
#1226 = VECTOR('',#1227,1.);
#1227 = DIRECTION('',(0.,-1.,2.590520390792E-16));
#1228 = ORIENTED_EDGE('',*,*,#1229,.T.);
#1229 = EDGE_CURVE('',#1222,#1230,#1232,.T.);
#1230 = VERTEX_POINT('',#1231);
#1231 = CARTESIAN_POINT('',(2.7,-0.975,6.E-02));
#1232 = LINE('',#1233,#1234);
#1233 = CARTESIAN_POINT('',(2.5,-0.975,6.E-02));
#1234 = VECTOR('',#1235,1.);
#1235 = DIRECTION('',(1.,0.,0.));
#1236 = ORIENTED_EDGE('',*,*,#1237,.T.);
#1237 = EDGE_CURVE('',#1230,#1047,#1238,.T.);
#1238 = LINE('',#1239,#1240);
#1239 = CARTESIAN_POINT('',(2.5,-0.975,6.E-02));
#1240 = VECTOR('',#1241,1.);
#1241 = DIRECTION('',(1.,0.,0.));
#1242 = PLANE('',#1243);
#1243 = AXIS2_PLACEMENT_3D('',#1244,#1245,#1246);
#1244 = CARTESIAN_POINT('',(-3.,1.775,6.E-02));
#1245 = DIRECTION('',(0.,1.110223024625E-16,1.));
#1246 = DIRECTION('',(0.,-1.,1.110223024625E-16));
#1247 = ADVANCED_FACE('',(#1248),#1266,.F.);
#1248 = FACE_BOUND('',#1249,.F.);
#1249 = EDGE_LOOP('',(#1250,#1251,#1259,#1265));
#1250 = ORIENTED_EDGE('',*,*,#1030,.F.);
#1251 = ORIENTED_EDGE('',*,*,#1252,.T.);
#1252 = EDGE_CURVE('',#1023,#1253,#1255,.T.);
#1253 = VERTEX_POINT('',#1254);
#1254 = CARTESIAN_POINT('',(-2.7,-0.975,0.61));
#1255 = LINE('',#1256,#1257);
#1256 = CARTESIAN_POINT('',(-3.,-0.975,0.61));
#1257 = VECTOR('',#1258,1.);
#1258 = DIRECTION('',(1.,0.,0.));
#1259 = ORIENTED_EDGE('',*,*,#1260,.T.);
#1260 = EDGE_CURVE('',#1253,#1190,#1261,.T.);
#1261 = LINE('',#1262,#1263);
#1262 = CARTESIAN_POINT('',(-2.7,-0.975,0.61));
#1263 = VECTOR('',#1264,1.);
#1264 = DIRECTION('',(0.,0.,-1.));
#1265 = ORIENTED_EDGE('',*,*,#1189,.F.);
#1266 = PLANE('',#1267);
#1267 = AXIS2_PLACEMENT_3D('',#1268,#1269,#1270);
#1268 = CARTESIAN_POINT('',(-3.,-0.975,0.61));
#1269 = DIRECTION('',(0.,1.,-1.110223024625E-16));
#1270 = DIRECTION('',(0.,-1.110223024625E-16,-1.));
#1271 = ADVANCED_FACE('',(#1272),#1290,.F.);
#1272 = FACE_BOUND('',#1273,.F.);
#1273 = EDGE_LOOP('',(#1274,#1275,#1283,#1289));
#1274 = ORIENTED_EDGE('',*,*,#1022,.F.);
#1275 = ORIENTED_EDGE('',*,*,#1276,.T.);
#1276 = EDGE_CURVE('',#1015,#1277,#1279,.T.);
#1277 = VERTEX_POINT('',#1278);
#1278 = CARTESIAN_POINT('',(-2.7,-1.975,0.61));
#1279 = LINE('',#1280,#1281);
#1280 = CARTESIAN_POINT('',(-3.,-1.975,0.61));
#1281 = VECTOR('',#1282,1.);
#1282 = DIRECTION('',(1.,0.,0.));
#1283 = ORIENTED_EDGE('',*,*,#1284,.T.);
#1284 = EDGE_CURVE('',#1277,#1253,#1285,.T.);
#1285 = LINE('',#1286,#1287);
#1286 = CARTESIAN_POINT('',(-2.7,-1.975,0.61));
#1287 = VECTOR('',#1288,1.);
#1288 = DIRECTION('',(0.,1.,0.));
#1289 = ORIENTED_EDGE('',*,*,#1252,.F.);
#1290 = PLANE('',#1291);
#1291 = AXIS2_PLACEMENT_3D('',#1292,#1293,#1294);
#1292 = CARTESIAN_POINT('',(-3.,-1.975,0.61));
#1293 = DIRECTION('',(0.,1.110223024625E-16,1.));
#1294 = DIRECTION('',(0.,1.,-1.110223024625E-16));
#1295 = ADVANCED_FACE('',(#1296),#1314,.F.);
#1296 = FACE_BOUND('',#1297,.F.);
#1297 = EDGE_LOOP('',(#1298,#1299,#1307,#1313));
#1298 = ORIENTED_EDGE('',*,*,#1014,.F.);
#1299 = ORIENTED_EDGE('',*,*,#1300,.T.);
#1300 = EDGE_CURVE('',#1007,#1301,#1303,.T.);
#1301 = VERTEX_POINT('',#1302);
#1302 = CARTESIAN_POINT('',(-2.7,-1.975,1.26));
#1303 = LINE('',#1304,#1305);
#1304 = CARTESIAN_POINT('',(-3.,-1.975,1.26));
#1305 = VECTOR('',#1306,1.);
#1306 = DIRECTION('',(1.,0.,0.));
#1307 = ORIENTED_EDGE('',*,*,#1308,.T.);
#1308 = EDGE_CURVE('',#1301,#1277,#1309,.T.);
#1309 = LINE('',#1310,#1311);
#1310 = CARTESIAN_POINT('',(-2.7,-1.975,1.26));
#1311 = VECTOR('',#1312,1.);
#1312 = DIRECTION('',(0.,0.,-1.));
#1313 = ORIENTED_EDGE('',*,*,#1276,.F.);
#1314 = PLANE('',#1315);
#1315 = AXIS2_PLACEMENT_3D('',#1316,#1317,#1318);
#1316 = CARTESIAN_POINT('',(-3.,-1.975,1.26));
#1317 = DIRECTION('',(0.,1.,-1.110223024625E-16));
#1318 = DIRECTION('',(0.,-1.110223024625E-16,-1.));
#1319 = ADVANCED_FACE('',(#1320),#1338,.F.);
#1320 = FACE_BOUND('',#1321,.F.);
#1321 = EDGE_LOOP('',(#1322,#1323,#1331,#1337));
#1322 = ORIENTED_EDGE('',*,*,#1006,.F.);
#1323 = ORIENTED_EDGE('',*,*,#1324,.T.);
#1324 = EDGE_CURVE('',#999,#1325,#1327,.T.);
#1325 = VERTEX_POINT('',#1326);
#1326 = CARTESIAN_POINT('',(-2.7,-2.475,1.26));
#1327 = LINE('',#1328,#1329);
#1328 = CARTESIAN_POINT('',(-3.,-2.475,1.26));
#1329 = VECTOR('',#1330,1.);
#1330 = DIRECTION('',(1.,0.,0.));
#1331 = ORIENTED_EDGE('',*,*,#1332,.T.);
#1332 = EDGE_CURVE('',#1325,#1301,#1333,.T.);
#1333 = LINE('',#1334,#1335);
#1334 = CARTESIAN_POINT('',(-2.7,-2.475,1.26));
#1335 = VECTOR('',#1336,1.);
#1336 = DIRECTION('',(0.,1.,0.));
#1337 = ORIENTED_EDGE('',*,*,#1300,.F.);
#1338 = PLANE('',#1339);
#1339 = AXIS2_PLACEMENT_3D('',#1340,#1341,#1342);
#1340 = CARTESIAN_POINT('',(-3.,-2.475,1.26));
#1341 = DIRECTION('',(0.,1.110223024625E-16,1.));
#1342 = DIRECTION('',(0.,1.,-1.110223024625E-16));
#1343 = ADVANCED_FACE('',(#1344,#1401),#1499,.T.);
#1344 = FACE_BOUND('',#1345,.T.);
#1345 = EDGE_LOOP('',(#1346,#1347,#1348,#1356,#1362,#1363,#1371,#1379,
    #1387,#1395));
#1346 = ORIENTED_EDGE('',*,*,#998,.F.);
#1347 = ORIENTED_EDGE('',*,*,#1324,.T.);
#1348 = ORIENTED_EDGE('',*,*,#1349,.T.);
#1349 = EDGE_CURVE('',#1325,#1350,#1352,.T.);
#1350 = VERTEX_POINT('',#1351);
#1351 = CARTESIAN_POINT('',(-2.5,-2.475,1.26));
#1352 = LINE('',#1353,#1354);
#1353 = CARTESIAN_POINT('',(-3.,-2.475,1.26));
#1354 = VECTOR('',#1355,1.);
#1355 = DIRECTION('',(1.,0.,0.));
#1356 = ORIENTED_EDGE('',*,*,#1357,.F.);
#1357 = EDGE_CURVE('',#1206,#1350,#1358,.T.);
#1358 = LINE('',#1359,#1360);
#1359 = CARTESIAN_POINT('',(-2.5,-2.475,6.E-02));
#1360 = VECTOR('',#1361,1.);
#1361 = DIRECTION('',(0.,1.110223024625E-16,1.));
#1362 = ORIENTED_EDGE('',*,*,#1213,.T.);
#1363 = ORIENTED_EDGE('',*,*,#1364,.T.);
#1364 = EDGE_CURVE('',#1214,#1365,#1367,.T.);
#1365 = VERTEX_POINT('',#1366);
#1366 = CARTESIAN_POINT('',(2.5,-2.475,1.26));
#1367 = LINE('',#1368,#1369);
#1368 = CARTESIAN_POINT('',(2.5,-2.475,6.E-02));
#1369 = VECTOR('',#1370,1.);
#1370 = DIRECTION('',(0.,1.110223024625E-16,1.));
#1371 = ORIENTED_EDGE('',*,*,#1372,.T.);
#1372 = EDGE_CURVE('',#1365,#1373,#1375,.T.);
#1373 = VERTEX_POINT('',#1374);
#1374 = CARTESIAN_POINT('',(2.7,-2.475,1.26));
#1375 = LINE('',#1376,#1377);
#1376 = CARTESIAN_POINT('',(2.5,-2.475,1.26));
#1377 = VECTOR('',#1378,1.);
#1378 = DIRECTION('',(1.,0.,0.));
#1379 = ORIENTED_EDGE('',*,*,#1380,.T.);
#1380 = EDGE_CURVE('',#1373,#1381,#1383,.T.);
#1381 = VERTEX_POINT('',#1382);
#1382 = CARTESIAN_POINT('',(3.,-2.475,1.26));
#1383 = LINE('',#1384,#1385);
#1384 = CARTESIAN_POINT('',(2.5,-2.475,1.26));
#1385 = VECTOR('',#1386,1.);
#1386 = DIRECTION('',(1.,0.,0.));
#1387 = ORIENTED_EDGE('',*,*,#1388,.T.);
#1388 = EDGE_CURVE('',#1381,#1389,#1391,.T.);
#1389 = VERTEX_POINT('',#1390);
#1390 = CARTESIAN_POINT('',(3.,-2.475,2.96));
#1391 = LINE('',#1392,#1393);
#1392 = CARTESIAN_POINT('',(3.,-2.475,6.E-02));
#1393 = VECTOR('',#1394,1.);
#1394 = DIRECTION('',(0.,1.110223024625E-16,1.));
#1395 = ORIENTED_EDGE('',*,*,#1396,.F.);
#1396 = EDGE_CURVE('',#991,#1389,#1397,.T.);
#1397 = LINE('',#1398,#1399);
#1398 = CARTESIAN_POINT('',(-3.,-2.475,2.96));
#1399 = VECTOR('',#1400,1.);
#1400 = DIRECTION('',(1.,0.,0.));
#1401 = FACE_BOUND('',#1402,.T.);
#1402 = EDGE_LOOP('',(#1403,#1413,#1421,#1429,#1437,#1445,#1453,#1461,
    #1469,#1477,#1485,#1493));
#1403 = ORIENTED_EDGE('',*,*,#1404,.F.);
#1404 = EDGE_CURVE('',#1405,#1407,#1409,.T.);
#1405 = VERTEX_POINT('',#1406);
#1406 = CARTESIAN_POINT('',(2.2,-2.475,0.46));
#1407 = VERTEX_POINT('',#1408);
#1408 = CARTESIAN_POINT('',(2.2,-2.475,1.46));
#1409 = LINE('',#1410,#1411);
#1410 = CARTESIAN_POINT('',(2.2,-2.475,0.46));
#1411 = VECTOR('',#1412,1.);
#1412 = DIRECTION('',(0.,1.110223024625E-16,1.));
#1413 = ORIENTED_EDGE('',*,*,#1414,.F.);
#1414 = EDGE_CURVE('',#1415,#1405,#1417,.T.);
#1415 = VERTEX_POINT('',#1416);
#1416 = CARTESIAN_POINT('',(-2.2,-2.475,0.46));
#1417 = LINE('',#1418,#1419);
#1418 = CARTESIAN_POINT('',(-2.2,-2.475,0.46));
#1419 = VECTOR('',#1420,1.);
#1420 = DIRECTION('',(1.,0.,0.));
#1421 = ORIENTED_EDGE('',*,*,#1422,.F.);
#1422 = EDGE_CURVE('',#1423,#1415,#1425,.T.);
#1423 = VERTEX_POINT('',#1424);
#1424 = CARTESIAN_POINT('',(-2.2,-2.475,1.46));
#1425 = LINE('',#1426,#1427);
#1426 = CARTESIAN_POINT('',(-2.2,-2.475,2.56));
#1427 = VECTOR('',#1428,1.);
#1428 = DIRECTION('',(0.,-1.110223024625E-16,-1.));
#1429 = ORIENTED_EDGE('',*,*,#1430,.F.);
#1430 = EDGE_CURVE('',#1431,#1423,#1433,.T.);
#1431 = VERTEX_POINT('',#1432);
#1432 = CARTESIAN_POINT('',(-2.55,-2.475,1.46));
#1433 = LINE('',#1434,#1435);
#1434 = CARTESIAN_POINT('',(-2.55,-2.475,1.46));
#1435 = VECTOR('',#1436,1.);
#1436 = DIRECTION('',(1.,0.,0.));
#1437 = ORIENTED_EDGE('',*,*,#1438,.F.);
#1438 = EDGE_CURVE('',#1439,#1431,#1441,.T.);
#1439 = VERTEX_POINT('',#1440);
#1440 = CARTESIAN_POINT('',(-2.55,-2.475,2.06));
#1441 = LINE('',#1442,#1443);
#1442 = CARTESIAN_POINT('',(-2.55,-2.475,2.06));
#1443 = VECTOR('',#1444,1.);
#1444 = DIRECTION('',(0.,-1.110223024625E-16,-1.));
#1445 = ORIENTED_EDGE('',*,*,#1446,.F.);
#1446 = EDGE_CURVE('',#1447,#1439,#1449,.T.);
#1447 = VERTEX_POINT('',#1448);
#1448 = CARTESIAN_POINT('',(-2.2,-2.475,2.06));
#1449 = LINE('',#1450,#1451);
#1450 = CARTESIAN_POINT('',(2.55,-2.475,2.06));
#1451 = VECTOR('',#1452,1.);
#1452 = DIRECTION('',(-1.,0.,0.));
#1453 = ORIENTED_EDGE('',*,*,#1454,.F.);
#1454 = EDGE_CURVE('',#1455,#1447,#1457,.T.);
#1455 = VERTEX_POINT('',#1456);
#1456 = CARTESIAN_POINT('',(-2.2,-2.475,2.56));
#1457 = LINE('',#1458,#1459);
#1458 = CARTESIAN_POINT('',(-2.2,-2.475,2.56));
#1459 = VECTOR('',#1460,1.);
#1460 = DIRECTION('',(0.,-1.110223024625E-16,-1.));
#1461 = ORIENTED_EDGE('',*,*,#1462,.F.);
#1462 = EDGE_CURVE('',#1463,#1455,#1465,.T.);
#1463 = VERTEX_POINT('',#1464);
#1464 = CARTESIAN_POINT('',(2.2,-2.475,2.56));
#1465 = LINE('',#1466,#1467);
#1466 = CARTESIAN_POINT('',(2.2,-2.475,2.56));
#1467 = VECTOR('',#1468,1.);
#1468 = DIRECTION('',(-1.,0.,0.));
#1469 = ORIENTED_EDGE('',*,*,#1470,.F.);
#1470 = EDGE_CURVE('',#1471,#1463,#1473,.T.);
#1471 = VERTEX_POINT('',#1472);
#1472 = CARTESIAN_POINT('',(2.2,-2.475,2.06));
#1473 = LINE('',#1474,#1475);
#1474 = CARTESIAN_POINT('',(2.2,-2.475,0.46));
#1475 = VECTOR('',#1476,1.);
#1476 = DIRECTION('',(0.,1.110223024625E-16,1.));
#1477 = ORIENTED_EDGE('',*,*,#1478,.F.);
#1478 = EDGE_CURVE('',#1479,#1471,#1481,.T.);
#1479 = VERTEX_POINT('',#1480);
#1480 = CARTESIAN_POINT('',(2.55,-2.475,2.06));
#1481 = LINE('',#1482,#1483);
#1482 = CARTESIAN_POINT('',(2.55,-2.475,2.06));
#1483 = VECTOR('',#1484,1.);
#1484 = DIRECTION('',(-1.,0.,0.));
#1485 = ORIENTED_EDGE('',*,*,#1486,.F.);
#1486 = EDGE_CURVE('',#1487,#1479,#1489,.T.);
#1487 = VERTEX_POINT('',#1488);
#1488 = CARTESIAN_POINT('',(2.55,-2.475,1.46));
#1489 = LINE('',#1490,#1491);
#1490 = CARTESIAN_POINT('',(2.55,-2.475,1.46));
#1491 = VECTOR('',#1492,1.);
#1492 = DIRECTION('',(0.,1.110223024625E-16,1.));
#1493 = ORIENTED_EDGE('',*,*,#1494,.F.);
#1494 = EDGE_CURVE('',#1407,#1487,#1495,.T.);
#1495 = LINE('',#1496,#1497);
#1496 = CARTESIAN_POINT('',(-2.55,-2.475,1.46));
#1497 = VECTOR('',#1498,1.);
#1498 = DIRECTION('',(1.,0.,0.));
#1499 = PLANE('',#1500);
#1500 = AXIS2_PLACEMENT_3D('',#1501,#1502,#1503);
#1501 = CARTESIAN_POINT('',(-3.,-2.475,6.E-02));
#1502 = DIRECTION('',(0.,-1.,1.110223024625E-16));
#1503 = DIRECTION('',(1.,0.,0.));
#1504 = ADVANCED_FACE('',(#1505),#1555,.T.);
#1505 = FACE_BOUND('',#1506,.T.);
#1506 = EDGE_LOOP('',(#1507,#1517,#1525,#1531,#1532,#1533,#1541,#1549));
#1507 = ORIENTED_EDGE('',*,*,#1508,.F.);
#1508 = EDGE_CURVE('',#1509,#1511,#1513,.T.);
#1509 = VERTEX_POINT('',#1510);
#1510 = CARTESIAN_POINT('',(-2.5,1.775,2.96));
#1511 = VERTEX_POINT('',#1512);
#1512 = CARTESIAN_POINT('',(2.5,1.775,2.96));
#1513 = LINE('',#1514,#1515);
#1514 = CARTESIAN_POINT('',(-3.,1.775,2.96));
#1515 = VECTOR('',#1516,1.);
#1516 = DIRECTION('',(1.,0.,0.));
#1517 = ORIENTED_EDGE('',*,*,#1518,.F.);
#1518 = EDGE_CURVE('',#1519,#1509,#1521,.T.);
#1519 = VERTEX_POINT('',#1520);
#1520 = CARTESIAN_POINT('',(-2.5,0.286,2.96));
#1521 = LINE('',#1522,#1523);
#1522 = CARTESIAN_POINT('',(-2.5,0.286,2.96));
#1523 = VECTOR('',#1524,1.);
#1524 = DIRECTION('',(0.,1.,-1.110223024625E-16));
#1525 = ORIENTED_EDGE('',*,*,#1526,.F.);
#1526 = EDGE_CURVE('',#983,#1519,#1527,.T.);
#1527 = LINE('',#1528,#1529);
#1528 = CARTESIAN_POINT('',(-3.,0.286,2.96));
#1529 = VECTOR('',#1530,1.);
#1530 = DIRECTION('',(1.,0.,0.));
#1531 = ORIENTED_EDGE('',*,*,#990,.T.);
#1532 = ORIENTED_EDGE('',*,*,#1396,.T.);
#1533 = ORIENTED_EDGE('',*,*,#1534,.F.);
#1534 = EDGE_CURVE('',#1535,#1389,#1537,.T.);
#1535 = VERTEX_POINT('',#1536);
#1536 = CARTESIAN_POINT('',(3.,0.286,2.96));
#1537 = LINE('',#1538,#1539);
#1538 = CARTESIAN_POINT('',(3.,1.775,2.96));
#1539 = VECTOR('',#1540,1.);
#1540 = DIRECTION('',(0.,-1.,1.110223024625E-16));
#1541 = ORIENTED_EDGE('',*,*,#1542,.F.);
#1542 = EDGE_CURVE('',#1543,#1535,#1545,.T.);
#1543 = VERTEX_POINT('',#1544);
#1544 = CARTESIAN_POINT('',(2.5,0.286,2.96));
#1545 = LINE('',#1546,#1547);
#1546 = CARTESIAN_POINT('',(2.5,0.286,2.96));
#1547 = VECTOR('',#1548,1.);
#1548 = DIRECTION('',(1.,0.,0.));
#1549 = ORIENTED_EDGE('',*,*,#1550,.T.);
#1550 = EDGE_CURVE('',#1543,#1511,#1551,.T.);
#1551 = LINE('',#1552,#1553);
#1552 = CARTESIAN_POINT('',(2.5,0.286,2.96));
#1553 = VECTOR('',#1554,1.);
#1554 = DIRECTION('',(0.,1.,-1.110223024625E-16));
#1555 = PLANE('',#1556);
#1556 = AXIS2_PLACEMENT_3D('',#1557,#1558,#1559);
#1557 = CARTESIAN_POINT('',(-3.,1.775,2.96));
#1558 = DIRECTION('',(0.,1.110223024625E-16,1.));
#1559 = DIRECTION('',(0.,-1.,1.110223024625E-16));
#1560 = ADVANCED_FACE('',(#1561),#1579,.F.);
#1561 = FACE_BOUND('',#1562,.F.);
#1562 = EDGE_LOOP('',(#1563,#1571,#1577,#1578));
#1563 = ORIENTED_EDGE('',*,*,#1564,.T.);
#1564 = EDGE_CURVE('',#975,#1565,#1567,.T.);
#1565 = VERTEX_POINT('',#1566);
#1566 = CARTESIAN_POINT('',(-2.5,0.575,2.46));
#1567 = LINE('',#1568,#1569);
#1568 = CARTESIAN_POINT('',(-3.,0.575,2.46));
#1569 = VECTOR('',#1570,1.);
#1570 = DIRECTION('',(1.,0.,0.));
#1571 = ORIENTED_EDGE('',*,*,#1572,.T.);
#1572 = EDGE_CURVE('',#1565,#1519,#1573,.T.);
#1573 = LINE('',#1574,#1575);
#1574 = CARTESIAN_POINT('',(-2.5,0.575,2.46));
#1575 = VECTOR('',#1576,1.);
#1576 = DIRECTION('',(0.,-0.500421834463,0.865781720524));
#1577 = ORIENTED_EDGE('',*,*,#1526,.F.);
#1578 = ORIENTED_EDGE('',*,*,#982,.F.);
#1579 = PLANE('',#1580);
#1580 = AXIS2_PLACEMENT_3D('',#1581,#1582,#1583);
#1581 = CARTESIAN_POINT('',(-3.,0.575,2.46));
#1582 = DIRECTION('',(0.,-0.865781720524,-0.500421834463));
#1583 = DIRECTION('',(0.,-0.500421834463,0.865781720524));
#1584 = ADVANCED_FACE('',(#1585),#1603,.F.);
#1585 = FACE_BOUND('',#1586,.F.);
#1586 = EDGE_LOOP('',(#1587,#1595,#1601,#1602));
#1587 = ORIENTED_EDGE('',*,*,#1588,.T.);
#1588 = EDGE_CURVE('',#967,#1589,#1591,.T.);
#1589 = VERTEX_POINT('',#1590);
#1590 = CARTESIAN_POINT('',(-2.5,1.225,2.46));
#1591 = LINE('',#1592,#1593);
#1592 = CARTESIAN_POINT('',(-3.,1.225,2.46));
#1593 = VECTOR('',#1594,1.);
#1594 = DIRECTION('',(1.,0.,0.));
#1595 = ORIENTED_EDGE('',*,*,#1596,.T.);
#1596 = EDGE_CURVE('',#1589,#1565,#1597,.T.);
#1597 = LINE('',#1598,#1599);
#1598 = CARTESIAN_POINT('',(-2.5,1.225,2.46));
#1599 = VECTOR('',#1600,1.);
#1600 = DIRECTION('',(0.,-1.,1.110223024625E-16));
#1601 = ORIENTED_EDGE('',*,*,#1564,.F.);
#1602 = ORIENTED_EDGE('',*,*,#974,.F.);
#1603 = PLANE('',#1604);
#1604 = AXIS2_PLACEMENT_3D('',#1605,#1606,#1607);
#1605 = CARTESIAN_POINT('',(-3.,1.225,2.46));
#1606 = DIRECTION('',(0.,-1.110223024625E-16,-1.));
#1607 = DIRECTION('',(0.,-1.,1.110223024625E-16));
#1608 = ADVANCED_FACE('',(#1609),#1627,.F.);
#1609 = FACE_BOUND('',#1610,.F.);
#1610 = EDGE_LOOP('',(#1611,#1619,#1625,#1626));
#1611 = ORIENTED_EDGE('',*,*,#1612,.T.);
#1612 = EDGE_CURVE('',#959,#1613,#1615,.T.);
#1613 = VERTEX_POINT('',#1614);
#1614 = CARTESIAN_POINT('',(-2.5,1.225,1.46));
#1615 = LINE('',#1616,#1617);
#1616 = CARTESIAN_POINT('',(-3.,1.225,1.46));
#1617 = VECTOR('',#1618,1.);
#1618 = DIRECTION('',(1.,0.,0.));
#1619 = ORIENTED_EDGE('',*,*,#1620,.T.);
#1620 = EDGE_CURVE('',#1613,#1589,#1621,.T.);
#1621 = LINE('',#1622,#1623);
#1622 = CARTESIAN_POINT('',(-2.5,1.225,1.46));
#1623 = VECTOR('',#1624,1.);
#1624 = DIRECTION('',(0.,1.110223024625E-16,1.));
#1625 = ORIENTED_EDGE('',*,*,#1588,.F.);
#1626 = ORIENTED_EDGE('',*,*,#966,.F.);
#1627 = PLANE('',#1628);
#1628 = AXIS2_PLACEMENT_3D('',#1629,#1630,#1631);
#1629 = CARTESIAN_POINT('',(-3.,1.225,1.46));
#1630 = DIRECTION('',(0.,-1.,1.110223024625E-16));
#1631 = DIRECTION('',(0.,1.110223024625E-16,1.));
#1632 = ADVANCED_FACE('',(#1633),#1651,.F.);
#1633 = FACE_BOUND('',#1634,.F.);
#1634 = EDGE_LOOP('',(#1635,#1643,#1649,#1650));
#1635 = ORIENTED_EDGE('',*,*,#1636,.T.);
#1636 = EDGE_CURVE('',#951,#1637,#1639,.T.);
#1637 = VERTEX_POINT('',#1638);
#1638 = CARTESIAN_POINT('',(-2.5,1.775,1.46));
#1639 = LINE('',#1640,#1641);
#1640 = CARTESIAN_POINT('',(-3.,1.775,1.46));
#1641 = VECTOR('',#1642,1.);
#1642 = DIRECTION('',(1.,0.,0.));
#1643 = ORIENTED_EDGE('',*,*,#1644,.T.);
#1644 = EDGE_CURVE('',#1637,#1613,#1645,.T.);
#1645 = LINE('',#1646,#1647);
#1646 = CARTESIAN_POINT('',(-2.5,1.775,1.46));
#1647 = VECTOR('',#1648,1.);
#1648 = DIRECTION('',(0.,-1.,1.110223024625E-16));
#1649 = ORIENTED_EDGE('',*,*,#1612,.F.);
#1650 = ORIENTED_EDGE('',*,*,#958,.F.);
#1651 = PLANE('',#1652);
#1652 = AXIS2_PLACEMENT_3D('',#1653,#1654,#1655);
#1653 = CARTESIAN_POINT('',(-3.,1.775,1.46));
#1654 = DIRECTION('',(0.,-1.110223024625E-16,-1.));
#1655 = DIRECTION('',(0.,-1.,1.110223024625E-16));
#1656 = ADVANCED_FACE('',(#1657),#1783,.F.);
#1657 = FACE_BOUND('',#1658,.F.);
#1658 = EDGE_LOOP('',(#1659,#1660,#1661,#1669,#1677,#1683,#1684,#1692,
    #1700,#1706,#1707,#1715,#1723,#1729,#1730,#1738,#1746,#1752,#1753,
    #1761,#1769,#1775,#1776,#1782));
#1659 = ORIENTED_EDGE('',*,*,#950,.F.);
#1660 = ORIENTED_EDGE('',*,*,#1182,.T.);
#1661 = ORIENTED_EDGE('',*,*,#1662,.T.);
#1662 = EDGE_CURVE('',#1175,#1663,#1665,.T.);
#1663 = VERTEX_POINT('',#1664);
#1664 = CARTESIAN_POINT('',(-1.6,1.775,0.2));
#1665 = LINE('',#1666,#1667);
#1666 = CARTESIAN_POINT('',(-1.6,1.775,6.E-02));
#1667 = VECTOR('',#1668,1.);
#1668 = DIRECTION('',(0.,0.,1.));
#1669 = ORIENTED_EDGE('',*,*,#1670,.T.);
#1670 = EDGE_CURVE('',#1663,#1671,#1673,.T.);
#1671 = VERTEX_POINT('',#1672);
#1672 = CARTESIAN_POINT('',(-1.4,1.775,0.2));
#1673 = LINE('',#1674,#1675);
#1674 = CARTESIAN_POINT('',(-1.6,1.775,0.2));
#1675 = VECTOR('',#1676,1.);
#1676 = DIRECTION('',(1.,0.,0.));
#1677 = ORIENTED_EDGE('',*,*,#1678,.F.);
#1678 = EDGE_CURVE('',#1151,#1671,#1679,.T.);
#1679 = LINE('',#1680,#1681);
#1680 = CARTESIAN_POINT('',(-1.4,1.775,6.E-02));
#1681 = VECTOR('',#1682,1.);
#1682 = DIRECTION('',(0.,0.,1.));
#1683 = ORIENTED_EDGE('',*,*,#1150,.T.);
#1684 = ORIENTED_EDGE('',*,*,#1685,.T.);
#1685 = EDGE_CURVE('',#1143,#1686,#1688,.T.);
#1686 = VERTEX_POINT('',#1687);
#1687 = CARTESIAN_POINT('',(-0.6,1.775,0.2));
#1688 = LINE('',#1689,#1690);
#1689 = CARTESIAN_POINT('',(-0.6,1.775,6.E-02));
#1690 = VECTOR('',#1691,1.);
#1691 = DIRECTION('',(0.,0.,1.));
#1692 = ORIENTED_EDGE('',*,*,#1693,.T.);
#1693 = EDGE_CURVE('',#1686,#1694,#1696,.T.);
#1694 = VERTEX_POINT('',#1695);
#1695 = CARTESIAN_POINT('',(-0.4,1.775,0.2));
#1696 = LINE('',#1697,#1698);
#1697 = CARTESIAN_POINT('',(-0.6,1.775,0.2));
#1698 = VECTOR('',#1699,1.);
#1699 = DIRECTION('',(1.,0.,0.));
#1700 = ORIENTED_EDGE('',*,*,#1701,.F.);
#1701 = EDGE_CURVE('',#1119,#1694,#1702,.T.);
#1702 = LINE('',#1703,#1704);
#1703 = CARTESIAN_POINT('',(-0.4,1.775,6.E-02));
#1704 = VECTOR('',#1705,1.);
#1705 = DIRECTION('',(0.,0.,1.));
#1706 = ORIENTED_EDGE('',*,*,#1118,.T.);
#1707 = ORIENTED_EDGE('',*,*,#1708,.T.);
#1708 = EDGE_CURVE('',#1111,#1709,#1711,.T.);
#1709 = VERTEX_POINT('',#1710);
#1710 = CARTESIAN_POINT('',(0.4,1.775,0.2));
#1711 = LINE('',#1712,#1713);
#1712 = CARTESIAN_POINT('',(0.4,1.775,6.E-02));
#1713 = VECTOR('',#1714,1.);
#1714 = DIRECTION('',(0.,0.,1.));
#1715 = ORIENTED_EDGE('',*,*,#1716,.T.);
#1716 = EDGE_CURVE('',#1709,#1717,#1719,.T.);
#1717 = VERTEX_POINT('',#1718);
#1718 = CARTESIAN_POINT('',(0.6,1.775,0.2));
#1719 = LINE('',#1720,#1721);
#1720 = CARTESIAN_POINT('',(0.4,1.775,0.2));
#1721 = VECTOR('',#1722,1.);
#1722 = DIRECTION('',(1.,0.,0.));
#1723 = ORIENTED_EDGE('',*,*,#1724,.F.);
#1724 = EDGE_CURVE('',#1087,#1717,#1725,.T.);
#1725 = LINE('',#1726,#1727);
#1726 = CARTESIAN_POINT('',(0.6,1.775,6.E-02));
#1727 = VECTOR('',#1728,1.);
#1728 = DIRECTION('',(0.,0.,1.));
#1729 = ORIENTED_EDGE('',*,*,#1086,.T.);
#1730 = ORIENTED_EDGE('',*,*,#1731,.T.);
#1731 = EDGE_CURVE('',#1079,#1732,#1734,.T.);
#1732 = VERTEX_POINT('',#1733);
#1733 = CARTESIAN_POINT('',(1.4,1.775,0.2));
#1734 = LINE('',#1735,#1736);
#1735 = CARTESIAN_POINT('',(1.4,1.775,6.E-02));
#1736 = VECTOR('',#1737,1.);
#1737 = DIRECTION('',(0.,0.,1.));
#1738 = ORIENTED_EDGE('',*,*,#1739,.T.);
#1739 = EDGE_CURVE('',#1732,#1740,#1742,.T.);
#1740 = VERTEX_POINT('',#1741);
#1741 = CARTESIAN_POINT('',(1.6,1.775,0.2));
#1742 = LINE('',#1743,#1744);
#1743 = CARTESIAN_POINT('',(1.4,1.775,0.2));
#1744 = VECTOR('',#1745,1.);
#1745 = DIRECTION('',(1.,0.,0.));
#1746 = ORIENTED_EDGE('',*,*,#1747,.F.);
#1747 = EDGE_CURVE('',#1055,#1740,#1748,.T.);
#1748 = LINE('',#1749,#1750);
#1749 = CARTESIAN_POINT('',(1.6,1.775,6.E-02));
#1750 = VECTOR('',#1751,1.);
#1751 = DIRECTION('',(0.,0.,1.));
#1752 = ORIENTED_EDGE('',*,*,#1054,.T.);
#1753 = ORIENTED_EDGE('',*,*,#1754,.T.);
#1754 = EDGE_CURVE('',#1045,#1755,#1757,.T.);
#1755 = VERTEX_POINT('',#1756);
#1756 = CARTESIAN_POINT('',(3.,1.775,1.46));
#1757 = LINE('',#1758,#1759);
#1758 = CARTESIAN_POINT('',(3.,1.775,6.E-02));
#1759 = VECTOR('',#1760,1.);
#1760 = DIRECTION('',(0.,1.110223024625E-16,1.));
#1761 = ORIENTED_EDGE('',*,*,#1762,.F.);
#1762 = EDGE_CURVE('',#1763,#1755,#1765,.T.);
#1763 = VERTEX_POINT('',#1764);
#1764 = CARTESIAN_POINT('',(2.5,1.775,1.46));
#1765 = LINE('',#1766,#1767);
#1766 = CARTESIAN_POINT('',(2.5,1.775,1.46));
#1767 = VECTOR('',#1768,1.);
#1768 = DIRECTION('',(1.,0.,0.));
#1769 = ORIENTED_EDGE('',*,*,#1770,.F.);
#1770 = EDGE_CURVE('',#1511,#1763,#1771,.T.);
#1771 = LINE('',#1772,#1773);
#1772 = CARTESIAN_POINT('',(2.5,1.775,2.96));
#1773 = VECTOR('',#1774,1.);
#1774 = DIRECTION('',(0.,-1.110223024625E-16,-1.));
#1775 = ORIENTED_EDGE('',*,*,#1508,.F.);
#1776 = ORIENTED_EDGE('',*,*,#1777,.T.);
#1777 = EDGE_CURVE('',#1509,#1637,#1778,.T.);
#1778 = LINE('',#1779,#1780);
#1779 = CARTESIAN_POINT('',(-2.5,1.775,2.96));
#1780 = VECTOR('',#1781,1.);
#1781 = DIRECTION('',(0.,-1.110223024625E-16,-1.));
#1782 = ORIENTED_EDGE('',*,*,#1636,.F.);
#1783 = PLANE('',#1784);
#1784 = AXIS2_PLACEMENT_3D('',#1785,#1786,#1787);
#1785 = CARTESIAN_POINT('',(-3.,1.775,6.E-02));
#1786 = DIRECTION('',(0.,-1.,1.110223024625E-16));
#1787 = DIRECTION('',(1.,0.,0.));
#1788 = ADVANCED_FACE('',(#1789),#1855,.T.);
#1789 = FACE_BOUND('',#1790,.T.);
#1790 = EDGE_LOOP('',(#1791,#1792,#1793,#1801,#1809,#1817,#1823,#1824,
    #1825,#1833,#1841,#1849));
#1791 = ORIENTED_EDGE('',*,*,#1044,.F.);
#1792 = ORIENTED_EDGE('',*,*,#1754,.T.);
#1793 = ORIENTED_EDGE('',*,*,#1794,.T.);
#1794 = EDGE_CURVE('',#1755,#1795,#1797,.T.);
#1795 = VERTEX_POINT('',#1796);
#1796 = CARTESIAN_POINT('',(3.,1.225,1.46));
#1797 = LINE('',#1798,#1799);
#1798 = CARTESIAN_POINT('',(3.,1.775,1.46));
#1799 = VECTOR('',#1800,1.);
#1800 = DIRECTION('',(0.,-1.,1.110223024625E-16));
#1801 = ORIENTED_EDGE('',*,*,#1802,.T.);
#1802 = EDGE_CURVE('',#1795,#1803,#1805,.T.);
#1803 = VERTEX_POINT('',#1804);
#1804 = CARTESIAN_POINT('',(3.,1.225,2.46));
#1805 = LINE('',#1806,#1807);
#1806 = CARTESIAN_POINT('',(3.,1.225,1.46));
#1807 = VECTOR('',#1808,1.);
#1808 = DIRECTION('',(0.,1.110223024625E-16,1.));
#1809 = ORIENTED_EDGE('',*,*,#1810,.T.);
#1810 = EDGE_CURVE('',#1803,#1811,#1813,.T.);
#1811 = VERTEX_POINT('',#1812);
#1812 = CARTESIAN_POINT('',(3.,0.575,2.46));
#1813 = LINE('',#1814,#1815);
#1814 = CARTESIAN_POINT('',(3.,1.225,2.46));
#1815 = VECTOR('',#1816,1.);
#1816 = DIRECTION('',(0.,-1.,1.110223024625E-16));
#1817 = ORIENTED_EDGE('',*,*,#1818,.T.);
#1818 = EDGE_CURVE('',#1811,#1535,#1819,.T.);
#1819 = LINE('',#1820,#1821);
#1820 = CARTESIAN_POINT('',(3.,0.575,2.46));
#1821 = VECTOR('',#1822,1.);
#1822 = DIRECTION('',(0.,-0.500421834463,0.865781720524));
#1823 = ORIENTED_EDGE('',*,*,#1534,.T.);
#1824 = ORIENTED_EDGE('',*,*,#1388,.F.);
#1825 = ORIENTED_EDGE('',*,*,#1826,.T.);
#1826 = EDGE_CURVE('',#1381,#1827,#1829,.T.);
#1827 = VERTEX_POINT('',#1828);
#1828 = CARTESIAN_POINT('',(3.,-1.975,1.26));
#1829 = LINE('',#1830,#1831);
#1830 = CARTESIAN_POINT('',(3.,-2.475,1.26));
#1831 = VECTOR('',#1832,1.);
#1832 = DIRECTION('',(0.,1.,-1.110223024625E-16));
#1833 = ORIENTED_EDGE('',*,*,#1834,.T.);
#1834 = EDGE_CURVE('',#1827,#1835,#1837,.T.);
#1835 = VERTEX_POINT('',#1836);
#1836 = CARTESIAN_POINT('',(3.,-1.975,0.61));
#1837 = LINE('',#1838,#1839);
#1838 = CARTESIAN_POINT('',(3.,-1.975,1.26));
#1839 = VECTOR('',#1840,1.);
#1840 = DIRECTION('',(0.,-1.110223024625E-16,-1.));
#1841 = ORIENTED_EDGE('',*,*,#1842,.T.);
#1842 = EDGE_CURVE('',#1835,#1843,#1845,.T.);
#1843 = VERTEX_POINT('',#1844);
#1844 = CARTESIAN_POINT('',(3.,-0.975,0.61));
#1845 = LINE('',#1846,#1847);
#1846 = CARTESIAN_POINT('',(3.,-1.975,0.61));
#1847 = VECTOR('',#1848,1.);
#1848 = DIRECTION('',(0.,1.,-1.110223024625E-16));
#1849 = ORIENTED_EDGE('',*,*,#1850,.T.);
#1850 = EDGE_CURVE('',#1843,#1047,#1851,.T.);
#1851 = LINE('',#1852,#1853);
#1852 = CARTESIAN_POINT('',(3.,-0.975,0.61));
#1853 = VECTOR('',#1854,1.);
#1854 = DIRECTION('',(0.,-1.110223024625E-16,-1.));
#1855 = PLANE('',#1856);
#1856 = AXIS2_PLACEMENT_3D('',#1857,#1858,#1859);
#1857 = CARTESIAN_POINT('',(3.,1.775,6.E-02));
#1858 = DIRECTION('',(1.,0.,0.));
#1859 = DIRECTION('',(0.,-1.,1.110223024625E-16));
#1860 = ADVANCED_FACE('',(#1861),#1879,.F.);
#1861 = FACE_BOUND('',#1862,.F.);
#1862 = EDGE_LOOP('',(#1863,#1871,#1877,#1878));
#1863 = ORIENTED_EDGE('',*,*,#1864,.F.);
#1864 = EDGE_CURVE('',#1865,#1230,#1867,.T.);
#1865 = VERTEX_POINT('',#1866);
#1866 = CARTESIAN_POINT('',(2.7,-0.975,0.61));
#1867 = LINE('',#1868,#1869);
#1868 = CARTESIAN_POINT('',(2.7,-0.975,0.61));
#1869 = VECTOR('',#1870,1.);
#1870 = DIRECTION('',(0.,0.,-1.));
#1871 = ORIENTED_EDGE('',*,*,#1872,.T.);
#1872 = EDGE_CURVE('',#1865,#1843,#1873,.T.);
#1873 = LINE('',#1874,#1875);
#1874 = CARTESIAN_POINT('',(2.5,-0.975,0.61));
#1875 = VECTOR('',#1876,1.);
#1876 = DIRECTION('',(1.,0.,0.));
#1877 = ORIENTED_EDGE('',*,*,#1850,.T.);
#1878 = ORIENTED_EDGE('',*,*,#1237,.F.);
#1879 = PLANE('',#1880);
#1880 = AXIS2_PLACEMENT_3D('',#1881,#1882,#1883);
#1881 = CARTESIAN_POINT('',(2.5,-0.975,0.61));
#1882 = DIRECTION('',(0.,1.,-1.110223024625E-16));
#1883 = DIRECTION('',(0.,-1.110223024625E-16,-1.));
#1884 = ADVANCED_FACE('',(#1885),#1910,.T.);
#1885 = FACE_BOUND('',#1886,.T.);
#1886 = EDGE_LOOP('',(#1887,#1895,#1896,#1904));
#1887 = ORIENTED_EDGE('',*,*,#1888,.F.);
#1888 = EDGE_CURVE('',#1222,#1889,#1891,.T.);
#1889 = VERTEX_POINT('',#1890);
#1890 = CARTESIAN_POINT('',(2.5,-0.975,1.E-02));
#1891 = LINE('',#1892,#1893);
#1892 = CARTESIAN_POINT('',(2.5,-0.975,0.61));
#1893 = VECTOR('',#1894,1.);
#1894 = DIRECTION('',(0.,0.,-1.));
#1895 = ORIENTED_EDGE('',*,*,#1229,.T.);
#1896 = ORIENTED_EDGE('',*,*,#1897,.T.);
#1897 = EDGE_CURVE('',#1230,#1898,#1900,.T.);
#1898 = VERTEX_POINT('',#1899);
#1899 = CARTESIAN_POINT('',(2.7,-0.975,1.E-02));
#1900 = LINE('',#1901,#1902);
#1901 = CARTESIAN_POINT('',(2.7,-0.975,0.61));
#1902 = VECTOR('',#1903,1.);
#1903 = DIRECTION('',(0.,0.,-1.));
#1904 = ORIENTED_EDGE('',*,*,#1905,.F.);
#1905 = EDGE_CURVE('',#1889,#1898,#1906,.T.);
#1906 = LINE('',#1907,#1908);
#1907 = CARTESIAN_POINT('',(2.5,-0.975,1.E-02));
#1908 = VECTOR('',#1909,1.);
#1909 = DIRECTION('',(1.,0.,0.));
#1910 = PLANE('',#1911);
#1911 = AXIS2_PLACEMENT_3D('',#1912,#1913,#1914);
#1912 = CARTESIAN_POINT('',(2.5,-0.975,0.61));
#1913 = DIRECTION('',(0.,1.,0.));
#1914 = DIRECTION('',(0.,0.,-1.));
#1915 = ADVANCED_FACE('',(#1916),#1934,.T.);
#1916 = FACE_BOUND('',#1917,.T.);
#1917 = EDGE_LOOP('',(#1918,#1926,#1932,#1933));
#1918 = ORIENTED_EDGE('',*,*,#1919,.T.);
#1919 = EDGE_CURVE('',#1889,#1920,#1922,.T.);
#1920 = VERTEX_POINT('',#1921);
#1921 = CARTESIAN_POINT('',(2.5,-2.475,1.E-02));
#1922 = LINE('',#1923,#1924);
#1923 = CARTESIAN_POINT('',(2.5,-0.975,1.E-02));
#1924 = VECTOR('',#1925,1.);
#1925 = DIRECTION('',(0.,-1.,-5.782411586589E-18));
#1926 = ORIENTED_EDGE('',*,*,#1927,.T.);
#1927 = EDGE_CURVE('',#1920,#1214,#1928,.T.);
#1928 = LINE('',#1929,#1930);
#1929 = CARTESIAN_POINT('',(2.5,-2.475,1.E-02));
#1930 = VECTOR('',#1931,1.);
#1931 = DIRECTION('',(0.,0.,1.));
#1932 = ORIENTED_EDGE('',*,*,#1221,.F.);
#1933 = ORIENTED_EDGE('',*,*,#1888,.T.);
#1934 = PLANE('',#1935);
#1935 = AXIS2_PLACEMENT_3D('',#1936,#1937,#1938);
#1936 = CARTESIAN_POINT('',(2.5,-1.843181818182,0.516818181818));
#1937 = DIRECTION('',(-1.,-0.,-0.));
#1938 = DIRECTION('',(0.,0.,-1.));
#1939 = ADVANCED_FACE('',(#1940),#1965,.F.);
#1940 = FACE_BOUND('',#1941,.F.);
#1941 = EDGE_LOOP('',(#1942,#1952,#1958,#1959));
#1942 = ORIENTED_EDGE('',*,*,#1943,.T.);
#1943 = EDGE_CURVE('',#1944,#1946,#1948,.T.);
#1944 = VERTEX_POINT('',#1945);
#1945 = CARTESIAN_POINT('',(-2.5,-0.975,1.E-02));
#1946 = VERTEX_POINT('',#1947);
#1947 = CARTESIAN_POINT('',(-2.5,-2.475,1.E-02));
#1948 = LINE('',#1949,#1950);
#1949 = CARTESIAN_POINT('',(-2.5,-0.975,1.E-02));
#1950 = VECTOR('',#1951,1.);
#1951 = DIRECTION('',(0.,-1.,-5.782411586589E-18));
#1952 = ORIENTED_EDGE('',*,*,#1953,.T.);
#1953 = EDGE_CURVE('',#1946,#1206,#1954,.T.);
#1954 = LINE('',#1955,#1956);
#1955 = CARTESIAN_POINT('',(-2.5,-2.475,1.E-02));
#1956 = VECTOR('',#1957,1.);
#1957 = DIRECTION('',(0.,0.,1.));
#1958 = ORIENTED_EDGE('',*,*,#1205,.F.);
#1959 = ORIENTED_EDGE('',*,*,#1960,.T.);
#1960 = EDGE_CURVE('',#1198,#1944,#1961,.T.);
#1961 = LINE('',#1962,#1963);
#1962 = CARTESIAN_POINT('',(-2.5,-0.975,0.61));
#1963 = VECTOR('',#1964,1.);
#1964 = DIRECTION('',(0.,0.,-1.));
#1965 = PLANE('',#1966);
#1966 = AXIS2_PLACEMENT_3D('',#1967,#1968,#1969);
#1967 = CARTESIAN_POINT('',(-2.5,-1.843181818182,0.516818181818));
#1968 = DIRECTION('',(-1.,-0.,-0.));
#1969 = DIRECTION('',(0.,0.,-1.));
#1970 = ADVANCED_FACE('',(#1971),#1989,.T.);
#1971 = FACE_BOUND('',#1972,.T.);
#1972 = EDGE_LOOP('',(#1973,#1981,#1982,#1983));
#1973 = ORIENTED_EDGE('',*,*,#1974,.F.);
#1974 = EDGE_CURVE('',#1190,#1975,#1977,.T.);
#1975 = VERTEX_POINT('',#1976);
#1976 = CARTESIAN_POINT('',(-2.7,-0.975,1.E-02));
#1977 = LINE('',#1978,#1979);
#1978 = CARTESIAN_POINT('',(-2.7,-0.975,0.61));
#1979 = VECTOR('',#1980,1.);
#1980 = DIRECTION('',(0.,0.,-1.));
#1981 = ORIENTED_EDGE('',*,*,#1197,.T.);
#1982 = ORIENTED_EDGE('',*,*,#1960,.T.);
#1983 = ORIENTED_EDGE('',*,*,#1984,.F.);
#1984 = EDGE_CURVE('',#1975,#1944,#1985,.T.);
#1985 = LINE('',#1986,#1987);
#1986 = CARTESIAN_POINT('',(-2.7,-0.975,1.E-02));
#1987 = VECTOR('',#1988,1.);
#1988 = DIRECTION('',(1.,0.,0.));
#1989 = PLANE('',#1990);
#1990 = AXIS2_PLACEMENT_3D('',#1991,#1992,#1993);
#1991 = CARTESIAN_POINT('',(-2.7,-0.975,0.61));
#1992 = DIRECTION('',(0.,1.,0.));
#1993 = DIRECTION('',(0.,0.,-1.));
#1994 = ADVANCED_FACE('',(#1995),#2029,.T.);
#1995 = FACE_BOUND('',#1996,.T.);
#1996 = EDGE_LOOP('',(#1997,#2005,#2006,#2007,#2015,#2023));
#1997 = ORIENTED_EDGE('',*,*,#1998,.T.);
#1998 = EDGE_CURVE('',#1999,#1167,#2001,.T.);
#1999 = VERTEX_POINT('',#2000);
#2000 = CARTESIAN_POINT('',(-1.6,1.675,0.));
#2001 = LINE('',#2002,#2003);
#2002 = CARTESIAN_POINT('',(-1.6,1.675,0.));
#2003 = VECTOR('',#2004,1.);
#2004 = DIRECTION('',(0.,0.,1.));
#2005 = ORIENTED_EDGE('',*,*,#1174,.T.);
#2006 = ORIENTED_EDGE('',*,*,#1662,.T.);
#2007 = ORIENTED_EDGE('',*,*,#2008,.T.);
#2008 = EDGE_CURVE('',#1663,#2009,#2011,.T.);
#2009 = VERTEX_POINT('',#2010);
#2010 = CARTESIAN_POINT('',(-1.6,2.475,0.2));
#2011 = LINE('',#2012,#2013);
#2012 = CARTESIAN_POINT('',(-1.6,1.775,0.2));
#2013 = VECTOR('',#2014,1.);
#2014 = DIRECTION('',(0.,1.,0.));
#2015 = ORIENTED_EDGE('',*,*,#2016,.T.);
#2016 = EDGE_CURVE('',#2009,#2017,#2019,.T.);
#2017 = VERTEX_POINT('',#2018);
#2018 = CARTESIAN_POINT('',(-1.6,2.475,0.));
#2019 = LINE('',#2020,#2021);
#2020 = CARTESIAN_POINT('',(-1.6,2.475,0.2));
#2021 = VECTOR('',#2022,1.);
#2022 = DIRECTION('',(0.,0.,-1.));
#2023 = ORIENTED_EDGE('',*,*,#2024,.T.);
#2024 = EDGE_CURVE('',#2017,#1999,#2025,.T.);
#2025 = LINE('',#2026,#2027);
#2026 = CARTESIAN_POINT('',(-1.6,2.475,0.));
#2027 = VECTOR('',#2028,1.);
#2028 = DIRECTION('',(0.,-1.,0.));
#2029 = PLANE('',#2030);
#2030 = AXIS2_PLACEMENT_3D('',#2031,#2032,#2033);
#2031 = CARTESIAN_POINT('',(-1.6,2.082,9.3E-02));
#2032 = DIRECTION('',(-1.,-0.,-0.));
#2033 = DIRECTION('',(0.,0.,-1.));
#2034 = ADVANCED_FACE('',(#2035),#2053,.T.);
#2035 = FACE_BOUND('',#2036,.T.);
#2036 = EDGE_LOOP('',(#2037,#2045,#2051,#2052));
#2037 = ORIENTED_EDGE('',*,*,#2038,.T.);
#2038 = EDGE_CURVE('',#1999,#2039,#2041,.T.);
#2039 = VERTEX_POINT('',#2040);
#2040 = CARTESIAN_POINT('',(-1.4,1.675,0.));
#2041 = LINE('',#2042,#2043);
#2042 = CARTESIAN_POINT('',(-1.6,1.675,0.));
#2043 = VECTOR('',#2044,1.);
#2044 = DIRECTION('',(1.,0.,0.));
#2045 = ORIENTED_EDGE('',*,*,#2046,.T.);
#2046 = EDGE_CURVE('',#2039,#1159,#2047,.T.);
#2047 = LINE('',#2048,#2049);
#2048 = CARTESIAN_POINT('',(-1.4,1.675,0.));
#2049 = VECTOR('',#2050,1.);
#2050 = DIRECTION('',(0.,0.,1.));
#2051 = ORIENTED_EDGE('',*,*,#1166,.F.);
#2052 = ORIENTED_EDGE('',*,*,#1998,.F.);
#2053 = PLANE('',#2054);
#2054 = AXIS2_PLACEMENT_3D('',#2055,#2056,#2057);
#2055 = CARTESIAN_POINT('',(-1.6,1.675,0.));
#2056 = DIRECTION('',(0.,-1.,0.));
#2057 = DIRECTION('',(0.,0.,1.));
#2058 = ADVANCED_FACE('',(#2059),#2086,.F.);
#2059 = FACE_BOUND('',#2060,.F.);
#2060 = EDGE_LOOP('',(#2061,#2062,#2063,#2064,#2072,#2080));
#2061 = ORIENTED_EDGE('',*,*,#2046,.T.);
#2062 = ORIENTED_EDGE('',*,*,#1158,.T.);
#2063 = ORIENTED_EDGE('',*,*,#1678,.T.);
#2064 = ORIENTED_EDGE('',*,*,#2065,.T.);
#2065 = EDGE_CURVE('',#1671,#2066,#2068,.T.);
#2066 = VERTEX_POINT('',#2067);
#2067 = CARTESIAN_POINT('',(-1.4,2.475,0.2));
#2068 = LINE('',#2069,#2070);
#2069 = CARTESIAN_POINT('',(-1.4,1.775,0.2));
#2070 = VECTOR('',#2071,1.);
#2071 = DIRECTION('',(0.,1.,0.));
#2072 = ORIENTED_EDGE('',*,*,#2073,.T.);
#2073 = EDGE_CURVE('',#2066,#2074,#2076,.T.);
#2074 = VERTEX_POINT('',#2075);
#2075 = CARTESIAN_POINT('',(-1.4,2.475,0.));
#2076 = LINE('',#2077,#2078);
#2077 = CARTESIAN_POINT('',(-1.4,2.475,0.2));
#2078 = VECTOR('',#2079,1.);
#2079 = DIRECTION('',(0.,0.,-1.));
#2080 = ORIENTED_EDGE('',*,*,#2081,.T.);
#2081 = EDGE_CURVE('',#2074,#2039,#2082,.T.);
#2082 = LINE('',#2083,#2084);
#2083 = CARTESIAN_POINT('',(-1.4,2.475,0.));
#2084 = VECTOR('',#2085,1.);
#2085 = DIRECTION('',(0.,-1.,0.));
#2086 = PLANE('',#2087);
#2087 = AXIS2_PLACEMENT_3D('',#2088,#2089,#2090);
#2088 = CARTESIAN_POINT('',(-1.4,2.082,9.3E-02));
#2089 = DIRECTION('',(-1.,-0.,-0.));
#2090 = DIRECTION('',(0.,0.,-1.));
#2091 = ADVANCED_FACE('',(#2092),#2126,.T.);
#2092 = FACE_BOUND('',#2093,.T.);
#2093 = EDGE_LOOP('',(#2094,#2102,#2103,#2104,#2112,#2120));
#2094 = ORIENTED_EDGE('',*,*,#2095,.T.);
#2095 = EDGE_CURVE('',#2096,#1135,#2098,.T.);
#2096 = VERTEX_POINT('',#2097);
#2097 = CARTESIAN_POINT('',(-0.6,1.675,0.));
#2098 = LINE('',#2099,#2100);
#2099 = CARTESIAN_POINT('',(-0.6,1.675,0.));
#2100 = VECTOR('',#2101,1.);
#2101 = DIRECTION('',(0.,0.,1.));
#2102 = ORIENTED_EDGE('',*,*,#1142,.T.);
#2103 = ORIENTED_EDGE('',*,*,#1685,.T.);
#2104 = ORIENTED_EDGE('',*,*,#2105,.T.);
#2105 = EDGE_CURVE('',#1686,#2106,#2108,.T.);
#2106 = VERTEX_POINT('',#2107);
#2107 = CARTESIAN_POINT('',(-0.6,2.475,0.2));
#2108 = LINE('',#2109,#2110);
#2109 = CARTESIAN_POINT('',(-0.6,1.775,0.2));
#2110 = VECTOR('',#2111,1.);
#2111 = DIRECTION('',(0.,1.,0.));
#2112 = ORIENTED_EDGE('',*,*,#2113,.T.);
#2113 = EDGE_CURVE('',#2106,#2114,#2116,.T.);
#2114 = VERTEX_POINT('',#2115);
#2115 = CARTESIAN_POINT('',(-0.6,2.475,0.));
#2116 = LINE('',#2117,#2118);
#2117 = CARTESIAN_POINT('',(-0.6,2.475,0.2));
#2118 = VECTOR('',#2119,1.);
#2119 = DIRECTION('',(0.,0.,-1.));
#2120 = ORIENTED_EDGE('',*,*,#2121,.T.);
#2121 = EDGE_CURVE('',#2114,#2096,#2122,.T.);
#2122 = LINE('',#2123,#2124);
#2123 = CARTESIAN_POINT('',(-0.6,2.475,0.));
#2124 = VECTOR('',#2125,1.);
#2125 = DIRECTION('',(0.,-1.,0.));
#2126 = PLANE('',#2127);
#2127 = AXIS2_PLACEMENT_3D('',#2128,#2129,#2130);
#2128 = CARTESIAN_POINT('',(-0.6,2.082,9.3E-02));
#2129 = DIRECTION('',(-1.,-0.,-0.));
#2130 = DIRECTION('',(0.,0.,-1.));
#2131 = ADVANCED_FACE('',(#2132),#2150,.T.);
#2132 = FACE_BOUND('',#2133,.T.);
#2133 = EDGE_LOOP('',(#2134,#2142,#2148,#2149));
#2134 = ORIENTED_EDGE('',*,*,#2135,.T.);
#2135 = EDGE_CURVE('',#2096,#2136,#2138,.T.);
#2136 = VERTEX_POINT('',#2137);
#2137 = CARTESIAN_POINT('',(-0.4,1.675,0.));
#2138 = LINE('',#2139,#2140);
#2139 = CARTESIAN_POINT('',(-0.6,1.675,0.));
#2140 = VECTOR('',#2141,1.);
#2141 = DIRECTION('',(1.,0.,0.));
#2142 = ORIENTED_EDGE('',*,*,#2143,.T.);
#2143 = EDGE_CURVE('',#2136,#1127,#2144,.T.);
#2144 = LINE('',#2145,#2146);
#2145 = CARTESIAN_POINT('',(-0.4,1.675,0.));
#2146 = VECTOR('',#2147,1.);
#2147 = DIRECTION('',(0.,0.,1.));
#2148 = ORIENTED_EDGE('',*,*,#1134,.F.);
#2149 = ORIENTED_EDGE('',*,*,#2095,.F.);
#2150 = PLANE('',#2151);
#2151 = AXIS2_PLACEMENT_3D('',#2152,#2153,#2154);
#2152 = CARTESIAN_POINT('',(-0.6,1.675,0.));
#2153 = DIRECTION('',(0.,-1.,0.));
#2154 = DIRECTION('',(0.,0.,1.));
#2155 = ADVANCED_FACE('',(#2156),#2183,.F.);
#2156 = FACE_BOUND('',#2157,.F.);
#2157 = EDGE_LOOP('',(#2158,#2159,#2160,#2161,#2169,#2177));
#2158 = ORIENTED_EDGE('',*,*,#2143,.T.);
#2159 = ORIENTED_EDGE('',*,*,#1126,.T.);
#2160 = ORIENTED_EDGE('',*,*,#1701,.T.);
#2161 = ORIENTED_EDGE('',*,*,#2162,.T.);
#2162 = EDGE_CURVE('',#1694,#2163,#2165,.T.);
#2163 = VERTEX_POINT('',#2164);
#2164 = CARTESIAN_POINT('',(-0.4,2.475,0.2));
#2165 = LINE('',#2166,#2167);
#2166 = CARTESIAN_POINT('',(-0.4,1.775,0.2));
#2167 = VECTOR('',#2168,1.);
#2168 = DIRECTION('',(0.,1.,0.));
#2169 = ORIENTED_EDGE('',*,*,#2170,.T.);
#2170 = EDGE_CURVE('',#2163,#2171,#2173,.T.);
#2171 = VERTEX_POINT('',#2172);
#2172 = CARTESIAN_POINT('',(-0.4,2.475,0.));
#2173 = LINE('',#2174,#2175);
#2174 = CARTESIAN_POINT('',(-0.4,2.475,0.2));
#2175 = VECTOR('',#2176,1.);
#2176 = DIRECTION('',(0.,0.,-1.));
#2177 = ORIENTED_EDGE('',*,*,#2178,.T.);
#2178 = EDGE_CURVE('',#2171,#2136,#2179,.T.);
#2179 = LINE('',#2180,#2181);
#2180 = CARTESIAN_POINT('',(-0.4,2.475,0.));
#2181 = VECTOR('',#2182,1.);
#2182 = DIRECTION('',(0.,-1.,0.));
#2183 = PLANE('',#2184);
#2184 = AXIS2_PLACEMENT_3D('',#2185,#2186,#2187);
#2185 = CARTESIAN_POINT('',(-0.4,2.082,9.3E-02));
#2186 = DIRECTION('',(-1.,-0.,-0.));
#2187 = DIRECTION('',(0.,0.,-1.));
#2188 = ADVANCED_FACE('',(#2189),#2223,.T.);
#2189 = FACE_BOUND('',#2190,.T.);
#2190 = EDGE_LOOP('',(#2191,#2199,#2200,#2201,#2209,#2217));
#2191 = ORIENTED_EDGE('',*,*,#2192,.T.);
#2192 = EDGE_CURVE('',#2193,#1103,#2195,.T.);
#2193 = VERTEX_POINT('',#2194);
#2194 = CARTESIAN_POINT('',(0.4,1.675,0.));
#2195 = LINE('',#2196,#2197);
#2196 = CARTESIAN_POINT('',(0.4,1.675,0.));
#2197 = VECTOR('',#2198,1.);
#2198 = DIRECTION('',(0.,0.,1.));
#2199 = ORIENTED_EDGE('',*,*,#1110,.T.);
#2200 = ORIENTED_EDGE('',*,*,#1708,.T.);
#2201 = ORIENTED_EDGE('',*,*,#2202,.T.);
#2202 = EDGE_CURVE('',#1709,#2203,#2205,.T.);
#2203 = VERTEX_POINT('',#2204);
#2204 = CARTESIAN_POINT('',(0.4,2.475,0.2));
#2205 = LINE('',#2206,#2207);
#2206 = CARTESIAN_POINT('',(0.4,1.775,0.2));
#2207 = VECTOR('',#2208,1.);
#2208 = DIRECTION('',(0.,1.,0.));
#2209 = ORIENTED_EDGE('',*,*,#2210,.T.);
#2210 = EDGE_CURVE('',#2203,#2211,#2213,.T.);
#2211 = VERTEX_POINT('',#2212);
#2212 = CARTESIAN_POINT('',(0.4,2.475,0.));
#2213 = LINE('',#2214,#2215);
#2214 = CARTESIAN_POINT('',(0.4,2.475,0.2));
#2215 = VECTOR('',#2216,1.);
#2216 = DIRECTION('',(0.,0.,-1.));
#2217 = ORIENTED_EDGE('',*,*,#2218,.T.);
#2218 = EDGE_CURVE('',#2211,#2193,#2219,.T.);
#2219 = LINE('',#2220,#2221);
#2220 = CARTESIAN_POINT('',(0.4,2.475,0.));
#2221 = VECTOR('',#2222,1.);
#2222 = DIRECTION('',(0.,-1.,0.));
#2223 = PLANE('',#2224);
#2224 = AXIS2_PLACEMENT_3D('',#2225,#2226,#2227);
#2225 = CARTESIAN_POINT('',(0.4,2.082,9.3E-02));
#2226 = DIRECTION('',(-1.,-0.,-0.));
#2227 = DIRECTION('',(0.,0.,-1.));
#2228 = ADVANCED_FACE('',(#2229),#2247,.T.);
#2229 = FACE_BOUND('',#2230,.T.);
#2230 = EDGE_LOOP('',(#2231,#2239,#2245,#2246));
#2231 = ORIENTED_EDGE('',*,*,#2232,.T.);
#2232 = EDGE_CURVE('',#2193,#2233,#2235,.T.);
#2233 = VERTEX_POINT('',#2234);
#2234 = CARTESIAN_POINT('',(0.6,1.675,0.));
#2235 = LINE('',#2236,#2237);
#2236 = CARTESIAN_POINT('',(0.4,1.675,0.));
#2237 = VECTOR('',#2238,1.);
#2238 = DIRECTION('',(1.,0.,0.));
#2239 = ORIENTED_EDGE('',*,*,#2240,.T.);
#2240 = EDGE_CURVE('',#2233,#1095,#2241,.T.);
#2241 = LINE('',#2242,#2243);
#2242 = CARTESIAN_POINT('',(0.6,1.675,0.));
#2243 = VECTOR('',#2244,1.);
#2244 = DIRECTION('',(0.,0.,1.));
#2245 = ORIENTED_EDGE('',*,*,#1102,.F.);
#2246 = ORIENTED_EDGE('',*,*,#2192,.F.);
#2247 = PLANE('',#2248);
#2248 = AXIS2_PLACEMENT_3D('',#2249,#2250,#2251);
#2249 = CARTESIAN_POINT('',(0.4,1.675,0.));
#2250 = DIRECTION('',(0.,-1.,0.));
#2251 = DIRECTION('',(0.,0.,1.));
#2252 = ADVANCED_FACE('',(#2253),#2280,.F.);
#2253 = FACE_BOUND('',#2254,.F.);
#2254 = EDGE_LOOP('',(#2255,#2256,#2257,#2258,#2266,#2274));
#2255 = ORIENTED_EDGE('',*,*,#2240,.T.);
#2256 = ORIENTED_EDGE('',*,*,#1094,.T.);
#2257 = ORIENTED_EDGE('',*,*,#1724,.T.);
#2258 = ORIENTED_EDGE('',*,*,#2259,.T.);
#2259 = EDGE_CURVE('',#1717,#2260,#2262,.T.);
#2260 = VERTEX_POINT('',#2261);
#2261 = CARTESIAN_POINT('',(0.6,2.475,0.2));
#2262 = LINE('',#2263,#2264);
#2263 = CARTESIAN_POINT('',(0.6,1.775,0.2));
#2264 = VECTOR('',#2265,1.);
#2265 = DIRECTION('',(0.,1.,0.));
#2266 = ORIENTED_EDGE('',*,*,#2267,.T.);
#2267 = EDGE_CURVE('',#2260,#2268,#2270,.T.);
#2268 = VERTEX_POINT('',#2269);
#2269 = CARTESIAN_POINT('',(0.6,2.475,0.));
#2270 = LINE('',#2271,#2272);
#2271 = CARTESIAN_POINT('',(0.6,2.475,0.2));
#2272 = VECTOR('',#2273,1.);
#2273 = DIRECTION('',(0.,0.,-1.));
#2274 = ORIENTED_EDGE('',*,*,#2275,.T.);
#2275 = EDGE_CURVE('',#2268,#2233,#2276,.T.);
#2276 = LINE('',#2277,#2278);
#2277 = CARTESIAN_POINT('',(0.6,2.475,0.));
#2278 = VECTOR('',#2279,1.);
#2279 = DIRECTION('',(0.,-1.,0.));
#2280 = PLANE('',#2281);
#2281 = AXIS2_PLACEMENT_3D('',#2282,#2283,#2284);
#2282 = CARTESIAN_POINT('',(0.6,2.082,9.3E-02));
#2283 = DIRECTION('',(-1.,-0.,-0.));
#2284 = DIRECTION('',(0.,0.,-1.));
#2285 = ADVANCED_FACE('',(#2286),#2320,.T.);
#2286 = FACE_BOUND('',#2287,.T.);
#2287 = EDGE_LOOP('',(#2288,#2296,#2297,#2298,#2306,#2314));
#2288 = ORIENTED_EDGE('',*,*,#2289,.T.);
#2289 = EDGE_CURVE('',#2290,#1071,#2292,.T.);
#2290 = VERTEX_POINT('',#2291);
#2291 = CARTESIAN_POINT('',(1.4,1.675,0.));
#2292 = LINE('',#2293,#2294);
#2293 = CARTESIAN_POINT('',(1.4,1.675,0.));
#2294 = VECTOR('',#2295,1.);
#2295 = DIRECTION('',(0.,0.,1.));
#2296 = ORIENTED_EDGE('',*,*,#1078,.T.);
#2297 = ORIENTED_EDGE('',*,*,#1731,.T.);
#2298 = ORIENTED_EDGE('',*,*,#2299,.T.);
#2299 = EDGE_CURVE('',#1732,#2300,#2302,.T.);
#2300 = VERTEX_POINT('',#2301);
#2301 = CARTESIAN_POINT('',(1.4,2.475,0.2));
#2302 = LINE('',#2303,#2304);
#2303 = CARTESIAN_POINT('',(1.4,1.775,0.2));
#2304 = VECTOR('',#2305,1.);
#2305 = DIRECTION('',(0.,1.,0.));
#2306 = ORIENTED_EDGE('',*,*,#2307,.T.);
#2307 = EDGE_CURVE('',#2300,#2308,#2310,.T.);
#2308 = VERTEX_POINT('',#2309);
#2309 = CARTESIAN_POINT('',(1.4,2.475,0.));
#2310 = LINE('',#2311,#2312);
#2311 = CARTESIAN_POINT('',(1.4,2.475,0.2));
#2312 = VECTOR('',#2313,1.);
#2313 = DIRECTION('',(0.,0.,-1.));
#2314 = ORIENTED_EDGE('',*,*,#2315,.T.);
#2315 = EDGE_CURVE('',#2308,#2290,#2316,.T.);
#2316 = LINE('',#2317,#2318);
#2317 = CARTESIAN_POINT('',(1.4,2.475,0.));
#2318 = VECTOR('',#2319,1.);
#2319 = DIRECTION('',(0.,-1.,0.));
#2320 = PLANE('',#2321);
#2321 = AXIS2_PLACEMENT_3D('',#2322,#2323,#2324);
#2322 = CARTESIAN_POINT('',(1.4,2.082,9.3E-02));
#2323 = DIRECTION('',(-1.,-0.,-0.));
#2324 = DIRECTION('',(0.,0.,-1.));
#2325 = ADVANCED_FACE('',(#2326),#2344,.T.);
#2326 = FACE_BOUND('',#2327,.T.);
#2327 = EDGE_LOOP('',(#2328,#2336,#2342,#2343));
#2328 = ORIENTED_EDGE('',*,*,#2329,.T.);
#2329 = EDGE_CURVE('',#2290,#2330,#2332,.T.);
#2330 = VERTEX_POINT('',#2331);
#2331 = CARTESIAN_POINT('',(1.6,1.675,0.));
#2332 = LINE('',#2333,#2334);
#2333 = CARTESIAN_POINT('',(1.4,1.675,0.));
#2334 = VECTOR('',#2335,1.);
#2335 = DIRECTION('',(1.,0.,0.));
#2336 = ORIENTED_EDGE('',*,*,#2337,.T.);
#2337 = EDGE_CURVE('',#2330,#1063,#2338,.T.);
#2338 = LINE('',#2339,#2340);
#2339 = CARTESIAN_POINT('',(1.6,1.675,0.));
#2340 = VECTOR('',#2341,1.);
#2341 = DIRECTION('',(0.,0.,1.));
#2342 = ORIENTED_EDGE('',*,*,#1070,.F.);
#2343 = ORIENTED_EDGE('',*,*,#2289,.F.);
#2344 = PLANE('',#2345);
#2345 = AXIS2_PLACEMENT_3D('',#2346,#2347,#2348);
#2346 = CARTESIAN_POINT('',(1.4,1.675,0.));
#2347 = DIRECTION('',(0.,-1.,0.));
#2348 = DIRECTION('',(0.,0.,1.));
#2349 = ADVANCED_FACE('',(#2350),#2377,.F.);
#2350 = FACE_BOUND('',#2351,.F.);
#2351 = EDGE_LOOP('',(#2352,#2353,#2354,#2355,#2363,#2371));
#2352 = ORIENTED_EDGE('',*,*,#2337,.T.);
#2353 = ORIENTED_EDGE('',*,*,#1062,.T.);
#2354 = ORIENTED_EDGE('',*,*,#1747,.T.);
#2355 = ORIENTED_EDGE('',*,*,#2356,.T.);
#2356 = EDGE_CURVE('',#1740,#2357,#2359,.T.);
#2357 = VERTEX_POINT('',#2358);
#2358 = CARTESIAN_POINT('',(1.6,2.475,0.2));
#2359 = LINE('',#2360,#2361);
#2360 = CARTESIAN_POINT('',(1.6,1.775,0.2));
#2361 = VECTOR('',#2362,1.);
#2362 = DIRECTION('',(0.,1.,0.));
#2363 = ORIENTED_EDGE('',*,*,#2364,.T.);
#2364 = EDGE_CURVE('',#2357,#2365,#2367,.T.);
#2365 = VERTEX_POINT('',#2366);
#2366 = CARTESIAN_POINT('',(1.6,2.475,0.));
#2367 = LINE('',#2368,#2369);
#2368 = CARTESIAN_POINT('',(1.6,2.475,0.2));
#2369 = VECTOR('',#2370,1.);
#2370 = DIRECTION('',(0.,0.,-1.));
#2371 = ORIENTED_EDGE('',*,*,#2372,.T.);
#2372 = EDGE_CURVE('',#2365,#2330,#2373,.T.);
#2373 = LINE('',#2374,#2375);
#2374 = CARTESIAN_POINT('',(1.6,2.475,0.));
#2375 = VECTOR('',#2376,1.);
#2376 = DIRECTION('',(0.,-1.,0.));
#2377 = PLANE('',#2378);
#2378 = AXIS2_PLACEMENT_3D('',#2379,#2380,#2381);
#2379 = CARTESIAN_POINT('',(1.6,2.082,9.3E-02));
#2380 = DIRECTION('',(-1.,-0.,-0.));
#2381 = DIRECTION('',(0.,0.,-1.));
#2382 = ADVANCED_FACE('',(#2383),#2404,.T.);
#2383 = FACE_BOUND('',#2384,.T.);
#2384 = EDGE_LOOP('',(#2385,#2393,#2394,#2395,#2396,#2397,#2398));
#2385 = ORIENTED_EDGE('',*,*,#2386,.T.);
#2386 = EDGE_CURVE('',#2387,#1325,#2389,.T.);
#2387 = VERTEX_POINT('',#2388);
#2388 = CARTESIAN_POINT('',(-2.7,-2.475,1.E-02));
#2389 = LINE('',#2390,#2391);
#2390 = CARTESIAN_POINT('',(-2.7,-2.475,1.E-02));
#2391 = VECTOR('',#2392,1.);
#2392 = DIRECTION('',(0.,0.,1.));
#2393 = ORIENTED_EDGE('',*,*,#1332,.T.);
#2394 = ORIENTED_EDGE('',*,*,#1308,.T.);
#2395 = ORIENTED_EDGE('',*,*,#1284,.T.);
#2396 = ORIENTED_EDGE('',*,*,#1260,.T.);
#2397 = ORIENTED_EDGE('',*,*,#1974,.T.);
#2398 = ORIENTED_EDGE('',*,*,#2399,.T.);
#2399 = EDGE_CURVE('',#1975,#2387,#2400,.T.);
#2400 = LINE('',#2401,#2402);
#2401 = CARTESIAN_POINT('',(-2.7,-0.975,1.E-02));
#2402 = VECTOR('',#2403,1.);
#2403 = DIRECTION('',(0.,-1.,-5.782411586589E-18));
#2404 = PLANE('',#2405);
#2405 = AXIS2_PLACEMENT_3D('',#2406,#2407,#2408);
#2406 = CARTESIAN_POINT('',(-2.7,-1.843181818182,0.516818181818));
#2407 = DIRECTION('',(-1.,-0.,-0.));
#2408 = DIRECTION('',(0.,0.,-1.));
#2409 = ADVANCED_FACE('',(#2410),#2422,.T.);
#2410 = FACE_BOUND('',#2411,.T.);
#2411 = EDGE_LOOP('',(#2412,#2418,#2419,#2420,#2421));
#2412 = ORIENTED_EDGE('',*,*,#2413,.T.);
#2413 = EDGE_CURVE('',#2387,#1946,#2414,.T.);
#2414 = LINE('',#2415,#2416);
#2415 = CARTESIAN_POINT('',(-2.7,-2.475,1.E-02));
#2416 = VECTOR('',#2417,1.);
#2417 = DIRECTION('',(1.,0.,0.));
#2418 = ORIENTED_EDGE('',*,*,#1953,.T.);
#2419 = ORIENTED_EDGE('',*,*,#1357,.T.);
#2420 = ORIENTED_EDGE('',*,*,#1349,.F.);
#2421 = ORIENTED_EDGE('',*,*,#2386,.F.);
#2422 = PLANE('',#2423);
#2423 = AXIS2_PLACEMENT_3D('',#2424,#2425,#2426);
#2424 = CARTESIAN_POINT('',(-2.7,-2.475,1.E-02));
#2425 = DIRECTION('',(0.,-1.,0.));
#2426 = DIRECTION('',(0.,0.,1.));
#2427 = ADVANCED_FACE('',(#2428),#2447,.T.);
#2428 = FACE_BOUND('',#2429,.T.);
#2429 = EDGE_LOOP('',(#2430,#2438,#2444,#2445,#2446));
#2430 = ORIENTED_EDGE('',*,*,#2431,.T.);
#2431 = EDGE_CURVE('',#1920,#2432,#2434,.T.);
#2432 = VERTEX_POINT('',#2433);
#2433 = CARTESIAN_POINT('',(2.7,-2.475,1.E-02));
#2434 = LINE('',#2435,#2436);
#2435 = CARTESIAN_POINT('',(2.5,-2.475,1.E-02));
#2436 = VECTOR('',#2437,1.);
#2437 = DIRECTION('',(1.,0.,0.));
#2438 = ORIENTED_EDGE('',*,*,#2439,.T.);
#2439 = EDGE_CURVE('',#2432,#1373,#2440,.T.);
#2440 = LINE('',#2441,#2442);
#2441 = CARTESIAN_POINT('',(2.7,-2.475,1.E-02));
#2442 = VECTOR('',#2443,1.);
#2443 = DIRECTION('',(0.,0.,1.));
#2444 = ORIENTED_EDGE('',*,*,#1372,.F.);
#2445 = ORIENTED_EDGE('',*,*,#1364,.F.);
#2446 = ORIENTED_EDGE('',*,*,#1927,.F.);
#2447 = PLANE('',#2448);
#2448 = AXIS2_PLACEMENT_3D('',#2449,#2450,#2451);
#2449 = CARTESIAN_POINT('',(2.5,-2.475,1.E-02));
#2450 = DIRECTION('',(0.,-1.,0.));
#2451 = DIRECTION('',(0.,0.,1.));
#2452 = ADVANCED_FACE('',(#2453),#2471,.F.);
#2453 = FACE_BOUND('',#2454,.F.);
#2454 = EDGE_LOOP('',(#2455,#2463,#2464,#2465));
#2455 = ORIENTED_EDGE('',*,*,#2456,.F.);
#2456 = EDGE_CURVE('',#1373,#2457,#2459,.T.);
#2457 = VERTEX_POINT('',#2458);
#2458 = CARTESIAN_POINT('',(2.7,-1.975,1.26));
#2459 = LINE('',#2460,#2461);
#2460 = CARTESIAN_POINT('',(2.7,-2.475,1.26));
#2461 = VECTOR('',#2462,1.);
#2462 = DIRECTION('',(0.,1.,0.));
#2463 = ORIENTED_EDGE('',*,*,#1380,.T.);
#2464 = ORIENTED_EDGE('',*,*,#1826,.T.);
#2465 = ORIENTED_EDGE('',*,*,#2466,.F.);
#2466 = EDGE_CURVE('',#2457,#1827,#2467,.T.);
#2467 = LINE('',#2468,#2469);
#2468 = CARTESIAN_POINT('',(2.5,-1.975,1.26));
#2469 = VECTOR('',#2470,1.);
#2470 = DIRECTION('',(1.,0.,0.));
#2471 = PLANE('',#2472);
#2472 = AXIS2_PLACEMENT_3D('',#2473,#2474,#2475);
#2473 = CARTESIAN_POINT('',(2.5,-2.475,1.26));
#2474 = DIRECTION('',(0.,1.110223024625E-16,1.));
#2475 = DIRECTION('',(0.,1.,-1.110223024625E-16));
#2476 = ADVANCED_FACE('',(#2477),#2525,.F.);
#2477 = FACE_BOUND('',#2478,.F.);
#2478 = EDGE_LOOP('',(#2479,#2480,#2488,#2496,#2502,#2503,#2511,#2519));
#2479 = ORIENTED_EDGE('',*,*,#1404,.F.);
#2480 = ORIENTED_EDGE('',*,*,#2481,.T.);
#2481 = EDGE_CURVE('',#1405,#2482,#2484,.T.);
#2482 = VERTEX_POINT('',#2483);
#2483 = CARTESIAN_POINT('',(2.2,0.525,0.46));
#2484 = LINE('',#2485,#2486);
#2485 = CARTESIAN_POINT('',(2.2,-2.475,0.46));
#2486 = VECTOR('',#2487,1.);
#2487 = DIRECTION('',(0.,1.,-1.110223024625E-16));
#2488 = ORIENTED_EDGE('',*,*,#2489,.T.);
#2489 = EDGE_CURVE('',#2482,#2490,#2492,.T.);
#2490 = VERTEX_POINT('',#2491);
#2491 = CARTESIAN_POINT('',(2.2,0.525,2.56));
#2492 = LINE('',#2493,#2494);
#2493 = CARTESIAN_POINT('',(2.2,0.525,0.46));
#2494 = VECTOR('',#2495,1.);
#2495 = DIRECTION('',(0.,1.110223024625E-16,1.));
#2496 = ORIENTED_EDGE('',*,*,#2497,.F.);
#2497 = EDGE_CURVE('',#1463,#2490,#2498,.T.);
#2498 = LINE('',#2499,#2500);
#2499 = CARTESIAN_POINT('',(2.2,-2.475,2.56));
#2500 = VECTOR('',#2501,1.);
#2501 = DIRECTION('',(0.,1.,-1.110223024625E-16));
#2502 = ORIENTED_EDGE('',*,*,#1470,.F.);
#2503 = ORIENTED_EDGE('',*,*,#2504,.F.);
#2504 = EDGE_CURVE('',#2505,#1471,#2507,.T.);
#2505 = VERTEX_POINT('',#2506);
#2506 = CARTESIAN_POINT('',(2.2,-7.5E-02,2.06));
#2507 = LINE('',#2508,#2509);
#2508 = CARTESIAN_POINT('',(2.2,-2.475,2.06));
#2509 = VECTOR('',#2510,1.);
#2510 = DIRECTION('',(0.,-1.,1.110223024625E-16));
#2511 = ORIENTED_EDGE('',*,*,#2512,.T.);
#2512 = EDGE_CURVE('',#2505,#2513,#2515,.T.);
#2513 = VERTEX_POINT('',#2514);
#2514 = CARTESIAN_POINT('',(2.2,-7.5E-02,1.46));
#2515 = LINE('',#2516,#2517);
#2516 = CARTESIAN_POINT('',(2.2,-7.5E-02,1.11));
#2517 = VECTOR('',#2518,1.);
#2518 = DIRECTION('',(0.,-1.110223024625E-16,-1.));
#2519 = ORIENTED_EDGE('',*,*,#2520,.F.);
#2520 = EDGE_CURVE('',#1407,#2513,#2521,.T.);
#2521 = LINE('',#2522,#2523);
#2522 = CARTESIAN_POINT('',(2.2,-2.475,1.46));
#2523 = VECTOR('',#2524,1.);
#2524 = DIRECTION('',(0.,1.,-1.110223024625E-16));
#2525 = PLANE('',#2526);
#2526 = AXIS2_PLACEMENT_3D('',#2527,#2528,#2529);
#2527 = CARTESIAN_POINT('',(2.2,-2.475,0.46));
#2528 = DIRECTION('',(1.,0.,0.));
#2529 = DIRECTION('',(-0.,1.110223024625E-16,1.));
#2530 = ADVANCED_FACE('',(#2531),#2549,.F.);
#2531 = FACE_BOUND('',#2532,.F.);
#2532 = EDGE_LOOP('',(#2533,#2534,#2535,#2543));
#2533 = ORIENTED_EDGE('',*,*,#1494,.F.);
#2534 = ORIENTED_EDGE('',*,*,#2520,.T.);
#2535 = ORIENTED_EDGE('',*,*,#2536,.T.);
#2536 = EDGE_CURVE('',#2513,#2537,#2539,.T.);
#2537 = VERTEX_POINT('',#2538);
#2538 = CARTESIAN_POINT('',(2.55,-7.5E-02,1.46));
#2539 = LINE('',#2540,#2541);
#2540 = CARTESIAN_POINT('',(-2.55,-7.5E-02,1.46));
#2541 = VECTOR('',#2542,1.);
#2542 = DIRECTION('',(1.,0.,0.));
#2543 = ORIENTED_EDGE('',*,*,#2544,.F.);
#2544 = EDGE_CURVE('',#1487,#2537,#2545,.T.);
#2545 = LINE('',#2546,#2547);
#2546 = CARTESIAN_POINT('',(2.55,-2.475,1.46));
#2547 = VECTOR('',#2548,1.);
#2548 = DIRECTION('',(0.,1.,-1.110223024625E-16));
#2549 = PLANE('',#2550);
#2550 = AXIS2_PLACEMENT_3D('',#2551,#2552,#2553);
#2551 = CARTESIAN_POINT('',(-2.55,-2.475,1.46));
#2552 = DIRECTION('',(0.,-1.110223024625E-16,-1.));
#2553 = DIRECTION('',(1.,0.,0.));
#2554 = ADVANCED_FACE('',(#2555),#2573,.F.);
#2555 = FACE_BOUND('',#2556,.F.);
#2556 = EDGE_LOOP('',(#2557,#2558,#2566,#2572));
#2557 = ORIENTED_EDGE('',*,*,#2544,.T.);
#2558 = ORIENTED_EDGE('',*,*,#2559,.T.);
#2559 = EDGE_CURVE('',#2537,#2560,#2562,.T.);
#2560 = VERTEX_POINT('',#2561);
#2561 = CARTESIAN_POINT('',(2.55,-7.5E-02,2.06));
#2562 = LINE('',#2563,#2564);
#2563 = CARTESIAN_POINT('',(2.55,-7.5E-02,1.46));
#2564 = VECTOR('',#2565,1.);
#2565 = DIRECTION('',(0.,1.110223024625E-16,1.));
#2566 = ORIENTED_EDGE('',*,*,#2567,.F.);
#2567 = EDGE_CURVE('',#1479,#2560,#2568,.T.);
#2568 = LINE('',#2569,#2570);
#2569 = CARTESIAN_POINT('',(2.55,-2.475,2.06));
#2570 = VECTOR('',#2571,1.);
#2571 = DIRECTION('',(0.,1.,-1.110223024625E-16));
#2572 = ORIENTED_EDGE('',*,*,#1486,.F.);
#2573 = PLANE('',#2574);
#2574 = AXIS2_PLACEMENT_3D('',#2575,#2576,#2577);
#2575 = CARTESIAN_POINT('',(2.55,-2.475,1.46));
#2576 = DIRECTION('',(1.,0.,0.));
#2577 = DIRECTION('',(-0.,1.110223024625E-16,1.));
#2578 = ADVANCED_FACE('',(#2579),#2590,.F.);
#2579 = FACE_BOUND('',#2580,.F.);
#2580 = EDGE_LOOP('',(#2581,#2582,#2583,#2589));
#2581 = ORIENTED_EDGE('',*,*,#1478,.F.);
#2582 = ORIENTED_EDGE('',*,*,#2567,.T.);
#2583 = ORIENTED_EDGE('',*,*,#2584,.T.);
#2584 = EDGE_CURVE('',#2560,#2505,#2585,.T.);
#2585 = LINE('',#2586,#2587);
#2586 = CARTESIAN_POINT('',(2.55,-7.5E-02,2.06));
#2587 = VECTOR('',#2588,1.);
#2588 = DIRECTION('',(-1.,0.,0.));
#2589 = ORIENTED_EDGE('',*,*,#2504,.T.);
#2590 = PLANE('',#2591);
#2591 = AXIS2_PLACEMENT_3D('',#2592,#2593,#2594);
#2592 = CARTESIAN_POINT('',(2.55,-2.475,2.06));
#2593 = DIRECTION('',(0.,1.110223024625E-16,1.));
#2594 = DIRECTION('',(-1.,0.,0.));
#2595 = ADVANCED_FACE('',(#2596),#2614,.F.);
#2596 = FACE_BOUND('',#2597,.F.);
#2597 = EDGE_LOOP('',(#2598,#2599,#2607,#2613));
#2598 = ORIENTED_EDGE('',*,*,#2497,.T.);
#2599 = ORIENTED_EDGE('',*,*,#2600,.T.);
#2600 = EDGE_CURVE('',#2490,#2601,#2603,.T.);
#2601 = VERTEX_POINT('',#2602);
#2602 = CARTESIAN_POINT('',(-2.2,0.525,2.56));
#2603 = LINE('',#2604,#2605);
#2604 = CARTESIAN_POINT('',(2.2,0.525,2.56));
#2605 = VECTOR('',#2606,1.);
#2606 = DIRECTION('',(-1.,0.,0.));
#2607 = ORIENTED_EDGE('',*,*,#2608,.F.);
#2608 = EDGE_CURVE('',#1455,#2601,#2609,.T.);
#2609 = LINE('',#2610,#2611);
#2610 = CARTESIAN_POINT('',(-2.2,-2.475,2.56));
#2611 = VECTOR('',#2612,1.);
#2612 = DIRECTION('',(0.,1.,-1.110223024625E-16));
#2613 = ORIENTED_EDGE('',*,*,#1462,.F.);
#2614 = PLANE('',#2615);
#2615 = AXIS2_PLACEMENT_3D('',#2616,#2617,#2618);
#2616 = CARTESIAN_POINT('',(2.2,-2.475,2.56));
#2617 = DIRECTION('',(0.,1.110223024625E-16,1.));
#2618 = DIRECTION('',(-1.,0.,0.));
#2619 = ADVANCED_FACE('',(#2620),#2661,.F.);
#2620 = FACE_BOUND('',#2621,.F.);
#2621 = EDGE_LOOP('',(#2622,#2623,#2624,#2632,#2638,#2639,#2647,#2655));
#2622 = ORIENTED_EDGE('',*,*,#1454,.F.);
#2623 = ORIENTED_EDGE('',*,*,#2608,.T.);
#2624 = ORIENTED_EDGE('',*,*,#2625,.T.);
#2625 = EDGE_CURVE('',#2601,#2626,#2628,.T.);
#2626 = VERTEX_POINT('',#2627);
#2627 = CARTESIAN_POINT('',(-2.2,0.525,0.46));
#2628 = LINE('',#2629,#2630);
#2629 = CARTESIAN_POINT('',(-2.2,0.525,2.56));
#2630 = VECTOR('',#2631,1.);
#2631 = DIRECTION('',(0.,-1.110223024625E-16,-1.));
#2632 = ORIENTED_EDGE('',*,*,#2633,.F.);
#2633 = EDGE_CURVE('',#1415,#2626,#2634,.T.);
#2634 = LINE('',#2635,#2636);
#2635 = CARTESIAN_POINT('',(-2.2,-2.475,0.46));
#2636 = VECTOR('',#2637,1.);
#2637 = DIRECTION('',(0.,1.,-1.110223024625E-16));
#2638 = ORIENTED_EDGE('',*,*,#1422,.F.);
#2639 = ORIENTED_EDGE('',*,*,#2640,.F.);
#2640 = EDGE_CURVE('',#2641,#1423,#2643,.T.);
#2641 = VERTEX_POINT('',#2642);
#2642 = CARTESIAN_POINT('',(-2.2,-7.5E-02,1.46));
#2643 = LINE('',#2644,#2645);
#2644 = CARTESIAN_POINT('',(-2.2,-2.475,1.46));
#2645 = VECTOR('',#2646,1.);
#2646 = DIRECTION('',(0.,-1.,1.110223024625E-16));
#2647 = ORIENTED_EDGE('',*,*,#2648,.T.);
#2648 = EDGE_CURVE('',#2641,#2649,#2651,.T.);
#2649 = VERTEX_POINT('',#2650);
#2650 = CARTESIAN_POINT('',(-2.2,-7.5E-02,2.06));
#2651 = LINE('',#2652,#2653);
#2652 = CARTESIAN_POINT('',(-2.2,-7.5E-02,2.16));
#2653 = VECTOR('',#2654,1.);
#2654 = DIRECTION('',(0.,1.110223024625E-16,1.));
#2655 = ORIENTED_EDGE('',*,*,#2656,.F.);
#2656 = EDGE_CURVE('',#1447,#2649,#2657,.T.);
#2657 = LINE('',#2658,#2659);
#2658 = CARTESIAN_POINT('',(-2.2,-2.475,2.06));
#2659 = VECTOR('',#2660,1.);
#2660 = DIRECTION('',(0.,1.,-1.110223024625E-16));
#2661 = PLANE('',#2662);
#2662 = AXIS2_PLACEMENT_3D('',#2663,#2664,#2665);
#2663 = CARTESIAN_POINT('',(-2.2,-2.475,2.56));
#2664 = DIRECTION('',(-1.,0.,0.));
#2665 = DIRECTION('',(-0.,-1.110223024625E-16,-1.));
#2666 = ADVANCED_FACE('',(#2667),#2685,.F.);
#2667 = FACE_BOUND('',#2668,.F.);
#2668 = EDGE_LOOP('',(#2669,#2670,#2671,#2679));
#2669 = ORIENTED_EDGE('',*,*,#1446,.F.);
#2670 = ORIENTED_EDGE('',*,*,#2656,.T.);
#2671 = ORIENTED_EDGE('',*,*,#2672,.T.);
#2672 = EDGE_CURVE('',#2649,#2673,#2675,.T.);
#2673 = VERTEX_POINT('',#2674);
#2674 = CARTESIAN_POINT('',(-2.55,-7.5E-02,2.06));
#2675 = LINE('',#2676,#2677);
#2676 = CARTESIAN_POINT('',(2.55,-7.5E-02,2.06));
#2677 = VECTOR('',#2678,1.);
#2678 = DIRECTION('',(-1.,0.,0.));
#2679 = ORIENTED_EDGE('',*,*,#2680,.F.);
#2680 = EDGE_CURVE('',#1439,#2673,#2681,.T.);
#2681 = LINE('',#2682,#2683);
#2682 = CARTESIAN_POINT('',(-2.55,-2.475,2.06));
#2683 = VECTOR('',#2684,1.);
#2684 = DIRECTION('',(0.,1.,-1.110223024625E-16));
#2685 = PLANE('',#2686);
#2686 = AXIS2_PLACEMENT_3D('',#2687,#2688,#2689);
#2687 = CARTESIAN_POINT('',(2.55,-2.475,2.06));
#2688 = DIRECTION('',(0.,1.110223024625E-16,1.));
#2689 = DIRECTION('',(-1.,0.,0.));
#2690 = ADVANCED_FACE('',(#2691),#2709,.F.);
#2691 = FACE_BOUND('',#2692,.F.);
#2692 = EDGE_LOOP('',(#2693,#2694,#2702,#2708));
#2693 = ORIENTED_EDGE('',*,*,#2680,.T.);
#2694 = ORIENTED_EDGE('',*,*,#2695,.T.);
#2695 = EDGE_CURVE('',#2673,#2696,#2698,.T.);
#2696 = VERTEX_POINT('',#2697);
#2697 = CARTESIAN_POINT('',(-2.55,-7.5E-02,1.46));
#2698 = LINE('',#2699,#2700);
#2699 = CARTESIAN_POINT('',(-2.55,-7.5E-02,2.06));
#2700 = VECTOR('',#2701,1.);
#2701 = DIRECTION('',(0.,-1.110223024625E-16,-1.));
#2702 = ORIENTED_EDGE('',*,*,#2703,.F.);
#2703 = EDGE_CURVE('',#1431,#2696,#2704,.T.);
#2704 = LINE('',#2705,#2706);
#2705 = CARTESIAN_POINT('',(-2.55,-2.475,1.46));
#2706 = VECTOR('',#2707,1.);
#2707 = DIRECTION('',(0.,1.,-1.110223024625E-16));
#2708 = ORIENTED_EDGE('',*,*,#1438,.F.);
#2709 = PLANE('',#2710);
#2710 = AXIS2_PLACEMENT_3D('',#2711,#2712,#2713);
#2711 = CARTESIAN_POINT('',(-2.55,-2.475,2.06));
#2712 = DIRECTION('',(-1.,0.,0.));
#2713 = DIRECTION('',(-0.,-1.110223024625E-16,-1.));
#2714 = ADVANCED_FACE('',(#2715),#2726,.F.);
#2715 = FACE_BOUND('',#2716,.F.);
#2716 = EDGE_LOOP('',(#2717,#2718,#2719,#2725));
#2717 = ORIENTED_EDGE('',*,*,#1430,.F.);
#2718 = ORIENTED_EDGE('',*,*,#2703,.T.);
#2719 = ORIENTED_EDGE('',*,*,#2720,.T.);
#2720 = EDGE_CURVE('',#2696,#2641,#2721,.T.);
#2721 = LINE('',#2722,#2723);
#2722 = CARTESIAN_POINT('',(-2.55,-7.5E-02,1.46));
#2723 = VECTOR('',#2724,1.);
#2724 = DIRECTION('',(1.,0.,0.));
#2725 = ORIENTED_EDGE('',*,*,#2640,.T.);
#2726 = PLANE('',#2727);
#2727 = AXIS2_PLACEMENT_3D('',#2728,#2729,#2730);
#2728 = CARTESIAN_POINT('',(-2.55,-2.475,1.46));
#2729 = DIRECTION('',(0.,-1.110223024625E-16,-1.));
#2730 = DIRECTION('',(1.,0.,0.));
#2731 = ADVANCED_FACE('',(#2732),#2743,.F.);
#2732 = FACE_BOUND('',#2733,.F.);
#2733 = EDGE_LOOP('',(#2734,#2735,#2741,#2742));
#2734 = ORIENTED_EDGE('',*,*,#2633,.T.);
#2735 = ORIENTED_EDGE('',*,*,#2736,.T.);
#2736 = EDGE_CURVE('',#2626,#2482,#2737,.T.);
#2737 = LINE('',#2738,#2739);
#2738 = CARTESIAN_POINT('',(-2.2,0.525,0.46));
#2739 = VECTOR('',#2740,1.);
#2740 = DIRECTION('',(1.,0.,0.));
#2741 = ORIENTED_EDGE('',*,*,#2481,.F.);
#2742 = ORIENTED_EDGE('',*,*,#1414,.F.);
#2743 = PLANE('',#2744);
#2744 = AXIS2_PLACEMENT_3D('',#2745,#2746,#2747);
#2745 = CARTESIAN_POINT('',(-2.2,-2.475,0.46));
#2746 = DIRECTION('',(0.,-1.110223024625E-16,-1.));
#2747 = DIRECTION('',(1.,0.,0.));
#2748 = ADVANCED_FACE('',(#2749),#2783,.F.);
#2749 = FACE_BOUND('',#2750,.F.);
#2750 = EDGE_LOOP('',(#2751,#2752,#2760,#2768,#2776,#2782));
#2751 = ORIENTED_EDGE('',*,*,#1770,.T.);
#2752 = ORIENTED_EDGE('',*,*,#2753,.T.);
#2753 = EDGE_CURVE('',#1763,#2754,#2756,.T.);
#2754 = VERTEX_POINT('',#2755);
#2755 = CARTESIAN_POINT('',(2.5,1.225,1.46));
#2756 = LINE('',#2757,#2758);
#2757 = CARTESIAN_POINT('',(2.5,1.775,1.46));
#2758 = VECTOR('',#2759,1.);
#2759 = DIRECTION('',(0.,-1.,1.110223024625E-16));
#2760 = ORIENTED_EDGE('',*,*,#2761,.T.);
#2761 = EDGE_CURVE('',#2754,#2762,#2764,.T.);
#2762 = VERTEX_POINT('',#2763);
#2763 = CARTESIAN_POINT('',(2.5,1.225,2.46));
#2764 = LINE('',#2765,#2766);
#2765 = CARTESIAN_POINT('',(2.5,1.225,1.46));
#2766 = VECTOR('',#2767,1.);
#2767 = DIRECTION('',(0.,1.110223024625E-16,1.));
#2768 = ORIENTED_EDGE('',*,*,#2769,.T.);
#2769 = EDGE_CURVE('',#2762,#2770,#2772,.T.);
#2770 = VERTEX_POINT('',#2771);
#2771 = CARTESIAN_POINT('',(2.5,0.575,2.46));
#2772 = LINE('',#2773,#2774);
#2773 = CARTESIAN_POINT('',(2.5,1.225,2.46));
#2774 = VECTOR('',#2775,1.);
#2775 = DIRECTION('',(0.,-1.,1.110223024625E-16));
#2776 = ORIENTED_EDGE('',*,*,#2777,.T.);
#2777 = EDGE_CURVE('',#2770,#1543,#2778,.T.);
#2778 = LINE('',#2779,#2780);
#2779 = CARTESIAN_POINT('',(2.5,0.575,2.46));
#2780 = VECTOR('',#2781,1.);
#2781 = DIRECTION('',(0.,-0.500421834463,0.865781720524));
#2782 = ORIENTED_EDGE('',*,*,#1550,.T.);
#2783 = PLANE('',#2784);
#2784 = AXIS2_PLACEMENT_3D('',#2785,#2786,#2787);
#2785 = CARTESIAN_POINT('',(2.5,1.22787099059,2.3670284193));
#2786 = DIRECTION('',(-1.,0.,0.));
#2787 = DIRECTION('',(0.,1.,-1.110223024625E-16));
#2788 = ADVANCED_FACE('',(#2789),#2800,.F.);
#2789 = FACE_BOUND('',#2790,.F.);
#2790 = EDGE_LOOP('',(#2791,#2797,#2798,#2799));
#2791 = ORIENTED_EDGE('',*,*,#2792,.T.);
#2792 = EDGE_CURVE('',#2770,#1811,#2793,.T.);
#2793 = LINE('',#2794,#2795);
#2794 = CARTESIAN_POINT('',(2.5,0.575,2.46));
#2795 = VECTOR('',#2796,1.);
#2796 = DIRECTION('',(1.,0.,0.));
#2797 = ORIENTED_EDGE('',*,*,#1818,.T.);
#2798 = ORIENTED_EDGE('',*,*,#1542,.F.);
#2799 = ORIENTED_EDGE('',*,*,#2777,.F.);
#2800 = PLANE('',#2801);
#2801 = AXIS2_PLACEMENT_3D('',#2802,#2803,#2804);
#2802 = CARTESIAN_POINT('',(2.5,0.575,2.46));
#2803 = DIRECTION('',(0.,-0.865781720524,-0.500421834463));
#2804 = DIRECTION('',(0.,-0.500421834463,0.865781720524));
#2805 = ADVANCED_FACE('',(#2806),#2814,.T.);
#2806 = FACE_BOUND('',#2807,.T.);
#2807 = EDGE_LOOP('',(#2808,#2809,#2810,#2811,#2812,#2813));
#2808 = ORIENTED_EDGE('',*,*,#1777,.T.);
#2809 = ORIENTED_EDGE('',*,*,#1644,.T.);
#2810 = ORIENTED_EDGE('',*,*,#1620,.T.);
#2811 = ORIENTED_EDGE('',*,*,#1596,.T.);
#2812 = ORIENTED_EDGE('',*,*,#1572,.T.);
#2813 = ORIENTED_EDGE('',*,*,#1518,.T.);
#2814 = PLANE('',#2815);
#2815 = AXIS2_PLACEMENT_3D('',#2816,#2817,#2818);
#2816 = CARTESIAN_POINT('',(-2.5,1.22787099059,2.3670284193));
#2817 = DIRECTION('',(-1.,0.,0.));
#2818 = DIRECTION('',(0.,1.,-1.110223024625E-16));
#2819 = ADVANCED_FACE('',(#2820),#2831,.F.);
#2820 = FACE_BOUND('',#2821,.F.);
#2821 = EDGE_LOOP('',(#2822,#2823,#2824,#2830));
#2822 = ORIENTED_EDGE('',*,*,#1762,.T.);
#2823 = ORIENTED_EDGE('',*,*,#1794,.T.);
#2824 = ORIENTED_EDGE('',*,*,#2825,.F.);
#2825 = EDGE_CURVE('',#2754,#1795,#2826,.T.);
#2826 = LINE('',#2827,#2828);
#2827 = CARTESIAN_POINT('',(2.5,1.225,1.46));
#2828 = VECTOR('',#2829,1.);
#2829 = DIRECTION('',(1.,0.,0.));
#2830 = ORIENTED_EDGE('',*,*,#2753,.F.);
#2831 = PLANE('',#2832);
#2832 = AXIS2_PLACEMENT_3D('',#2833,#2834,#2835);
#2833 = CARTESIAN_POINT('',(2.5,1.775,1.46));
#2834 = DIRECTION('',(0.,-1.110223024625E-16,-1.));
#2835 = DIRECTION('',(0.,-1.,1.110223024625E-16));
#2836 = ADVANCED_FACE('',(#2837),#2848,.T.);
#2837 = FACE_BOUND('',#2838,.T.);
#2838 = EDGE_LOOP('',(#2839,#2840,#2841,#2847));
#2839 = ORIENTED_EDGE('',*,*,#1739,.T.);
#2840 = ORIENTED_EDGE('',*,*,#2356,.T.);
#2841 = ORIENTED_EDGE('',*,*,#2842,.F.);
#2842 = EDGE_CURVE('',#2300,#2357,#2843,.T.);
#2843 = LINE('',#2844,#2845);
#2844 = CARTESIAN_POINT('',(1.4,2.475,0.2));
#2845 = VECTOR('',#2846,1.);
#2846 = DIRECTION('',(1.,0.,0.));
#2847 = ORIENTED_EDGE('',*,*,#2299,.F.);
#2848 = PLANE('',#2849);
#2849 = AXIS2_PLACEMENT_3D('',#2850,#2851,#2852);
#2850 = CARTESIAN_POINT('',(1.4,1.775,0.2));
#2851 = DIRECTION('',(0.,0.,1.));
#2852 = DIRECTION('',(0.,1.,0.));
#2853 = ADVANCED_FACE('',(#2854),#2865,.T.);
#2854 = FACE_BOUND('',#2855,.T.);
#2855 = EDGE_LOOP('',(#2856,#2857,#2858,#2864));
#2856 = ORIENTED_EDGE('',*,*,#1716,.T.);
#2857 = ORIENTED_EDGE('',*,*,#2259,.T.);
#2858 = ORIENTED_EDGE('',*,*,#2859,.F.);
#2859 = EDGE_CURVE('',#2203,#2260,#2860,.T.);
#2860 = LINE('',#2861,#2862);
#2861 = CARTESIAN_POINT('',(0.4,2.475,0.2));
#2862 = VECTOR('',#2863,1.);
#2863 = DIRECTION('',(1.,0.,0.));
#2864 = ORIENTED_EDGE('',*,*,#2202,.F.);
#2865 = PLANE('',#2866);
#2866 = AXIS2_PLACEMENT_3D('',#2867,#2868,#2869);
#2867 = CARTESIAN_POINT('',(0.4,1.775,0.2));
#2868 = DIRECTION('',(0.,0.,1.));
#2869 = DIRECTION('',(0.,1.,0.));
#2870 = ADVANCED_FACE('',(#2871),#2882,.T.);
#2871 = FACE_BOUND('',#2872,.T.);
#2872 = EDGE_LOOP('',(#2873,#2874,#2875,#2881));
#2873 = ORIENTED_EDGE('',*,*,#1693,.T.);
#2874 = ORIENTED_EDGE('',*,*,#2162,.T.);
#2875 = ORIENTED_EDGE('',*,*,#2876,.F.);
#2876 = EDGE_CURVE('',#2106,#2163,#2877,.T.);
#2877 = LINE('',#2878,#2879);
#2878 = CARTESIAN_POINT('',(-0.6,2.475,0.2));
#2879 = VECTOR('',#2880,1.);
#2880 = DIRECTION('',(1.,0.,0.));
#2881 = ORIENTED_EDGE('',*,*,#2105,.F.);
#2882 = PLANE('',#2883);
#2883 = AXIS2_PLACEMENT_3D('',#2884,#2885,#2886);
#2884 = CARTESIAN_POINT('',(-0.6,1.775,0.2));
#2885 = DIRECTION('',(0.,0.,1.));
#2886 = DIRECTION('',(0.,1.,0.));
#2887 = ADVANCED_FACE('',(#2888),#2899,.T.);
#2888 = FACE_BOUND('',#2889,.T.);
#2889 = EDGE_LOOP('',(#2890,#2891,#2892,#2898));
#2890 = ORIENTED_EDGE('',*,*,#1670,.T.);
#2891 = ORIENTED_EDGE('',*,*,#2065,.T.);
#2892 = ORIENTED_EDGE('',*,*,#2893,.F.);
#2893 = EDGE_CURVE('',#2009,#2066,#2894,.T.);
#2894 = LINE('',#2895,#2896);
#2895 = CARTESIAN_POINT('',(-1.6,2.475,0.2));
#2896 = VECTOR('',#2897,1.);
#2897 = DIRECTION('',(1.,0.,0.));
#2898 = ORIENTED_EDGE('',*,*,#2008,.F.);
#2899 = PLANE('',#2900);
#2900 = AXIS2_PLACEMENT_3D('',#2901,#2902,#2903);
#2901 = CARTESIAN_POINT('',(-1.6,1.775,0.2));
#2902 = DIRECTION('',(0.,0.,1.));
#2903 = DIRECTION('',(0.,1.,0.));
#2904 = ADVANCED_FACE('',(#2905),#2923,.F.);
#2905 = FACE_BOUND('',#2906,.F.);
#2906 = EDGE_LOOP('',(#2907,#2915,#2921,#2922));
#2907 = ORIENTED_EDGE('',*,*,#2908,.F.);
#2908 = EDGE_CURVE('',#2909,#1865,#2911,.T.);
#2909 = VERTEX_POINT('',#2910);
#2910 = CARTESIAN_POINT('',(2.7,-1.975,0.61));
#2911 = LINE('',#2912,#2913);
#2912 = CARTESIAN_POINT('',(2.7,-1.975,0.61));
#2913 = VECTOR('',#2914,1.);
#2914 = DIRECTION('',(0.,1.,0.));
#2915 = ORIENTED_EDGE('',*,*,#2916,.T.);
#2916 = EDGE_CURVE('',#2909,#1835,#2917,.T.);
#2917 = LINE('',#2918,#2919);
#2918 = CARTESIAN_POINT('',(2.5,-1.975,0.61));
#2919 = VECTOR('',#2920,1.);
#2920 = DIRECTION('',(1.,0.,0.));
#2921 = ORIENTED_EDGE('',*,*,#1842,.T.);
#2922 = ORIENTED_EDGE('',*,*,#1872,.F.);
#2923 = PLANE('',#2924);
#2924 = AXIS2_PLACEMENT_3D('',#2925,#2926,#2927);
#2925 = CARTESIAN_POINT('',(2.5,-1.975,0.61));
#2926 = DIRECTION('',(0.,1.110223024625E-16,1.));
#2927 = DIRECTION('',(0.,1.,-1.110223024625E-16));
#2928 = ADVANCED_FACE('',(#2929),#2940,.F.);
#2929 = FACE_BOUND('',#2930,.F.);
#2930 = EDGE_LOOP('',(#2931,#2937,#2938,#2939));
#2931 = ORIENTED_EDGE('',*,*,#2932,.F.);
#2932 = EDGE_CURVE('',#2457,#2909,#2933,.T.);
#2933 = LINE('',#2934,#2935);
#2934 = CARTESIAN_POINT('',(2.7,-1.975,1.26));
#2935 = VECTOR('',#2936,1.);
#2936 = DIRECTION('',(0.,0.,-1.));
#2937 = ORIENTED_EDGE('',*,*,#2466,.T.);
#2938 = ORIENTED_EDGE('',*,*,#1834,.T.);
#2939 = ORIENTED_EDGE('',*,*,#2916,.F.);
#2940 = PLANE('',#2941);
#2941 = AXIS2_PLACEMENT_3D('',#2942,#2943,#2944);
#2942 = CARTESIAN_POINT('',(2.5,-1.975,1.26));
#2943 = DIRECTION('',(0.,1.,-1.110223024625E-16));
#2944 = DIRECTION('',(0.,-1.110223024625E-16,-1.));
#2945 = ADVANCED_FACE('',(#2946),#2957,.F.);
#2946 = FACE_BOUND('',#2947,.F.);
#2947 = EDGE_LOOP('',(#2948,#2954,#2955,#2956));
#2948 = ORIENTED_EDGE('',*,*,#2949,.T.);
#2949 = EDGE_CURVE('',#2762,#1803,#2950,.T.);
#2950 = LINE('',#2951,#2952);
#2951 = CARTESIAN_POINT('',(2.5,1.225,2.46));
#2952 = VECTOR('',#2953,1.);
#2953 = DIRECTION('',(1.,0.,0.));
#2954 = ORIENTED_EDGE('',*,*,#1810,.T.);
#2955 = ORIENTED_EDGE('',*,*,#2792,.F.);
#2956 = ORIENTED_EDGE('',*,*,#2769,.F.);
#2957 = PLANE('',#2958);
#2958 = AXIS2_PLACEMENT_3D('',#2959,#2960,#2961);
#2959 = CARTESIAN_POINT('',(2.5,1.225,2.46));
#2960 = DIRECTION('',(0.,-1.110223024625E-16,-1.));
#2961 = DIRECTION('',(0.,-1.,1.110223024625E-16));
#2962 = ADVANCED_FACE('',(#2963),#2969,.F.);
#2963 = FACE_BOUND('',#2964,.F.);
#2964 = EDGE_LOOP('',(#2965,#2966,#2967,#2968));
#2965 = ORIENTED_EDGE('',*,*,#2825,.T.);
#2966 = ORIENTED_EDGE('',*,*,#1802,.T.);
#2967 = ORIENTED_EDGE('',*,*,#2949,.F.);
#2968 = ORIENTED_EDGE('',*,*,#2761,.F.);
#2969 = PLANE('',#2970);
#2970 = AXIS2_PLACEMENT_3D('',#2971,#2972,#2973);
#2971 = CARTESIAN_POINT('',(2.5,1.225,1.46));
#2972 = DIRECTION('',(0.,-1.,1.110223024625E-16));
#2973 = DIRECTION('',(0.,1.110223024625E-16,1.));
#2974 = ADVANCED_FACE('',(#2975),#2989,.F.);
#2975 = FACE_BOUND('',#2976,.F.);
#2976 = EDGE_LOOP('',(#2977,#2978,#2979,#2980,#2981,#2982,#2983));
#2977 = ORIENTED_EDGE('',*,*,#2439,.T.);
#2978 = ORIENTED_EDGE('',*,*,#2456,.T.);
#2979 = ORIENTED_EDGE('',*,*,#2932,.T.);
#2980 = ORIENTED_EDGE('',*,*,#2908,.T.);
#2981 = ORIENTED_EDGE('',*,*,#1864,.T.);
#2982 = ORIENTED_EDGE('',*,*,#1897,.T.);
#2983 = ORIENTED_EDGE('',*,*,#2984,.T.);
#2984 = EDGE_CURVE('',#1898,#2432,#2985,.T.);
#2985 = LINE('',#2986,#2987);
#2986 = CARTESIAN_POINT('',(2.7,-0.975,1.E-02));
#2987 = VECTOR('',#2988,1.);
#2988 = DIRECTION('',(0.,-1.,-5.782411586589E-18));
#2989 = PLANE('',#2990);
#2990 = AXIS2_PLACEMENT_3D('',#2991,#2992,#2993);
#2991 = CARTESIAN_POINT('',(2.7,-1.843181818182,0.516818181818));
#2992 = DIRECTION('',(-1.,-0.,-0.));
#2993 = DIRECTION('',(0.,0.,-1.));
#2994 = ADVANCED_FACE('',(#2995),#3001,.T.);
#2995 = FACE_BOUND('',#2996,.T.);
#2996 = EDGE_LOOP('',(#2997,#2998,#2999,#3000));
#2997 = ORIENTED_EDGE('',*,*,#1905,.T.);
#2998 = ORIENTED_EDGE('',*,*,#2984,.T.);
#2999 = ORIENTED_EDGE('',*,*,#2431,.F.);
#3000 = ORIENTED_EDGE('',*,*,#1919,.F.);
#3001 = PLANE('',#3002);
#3002 = AXIS2_PLACEMENT_3D('',#3003,#3004,#3005);
#3003 = CARTESIAN_POINT('',(2.5,-0.975,1.E-02));
#3004 = DIRECTION('',(0.,5.782411586589E-18,-1.));
#3005 = DIRECTION('',(0.,-1.,-5.782411586589E-18));
#3006 = ADVANCED_FACE('',(#3007),#3013,.T.);
#3007 = FACE_BOUND('',#3008,.T.);
#3008 = EDGE_LOOP('',(#3009,#3010,#3011,#3012));
#3009 = ORIENTED_EDGE('',*,*,#1984,.T.);
#3010 = ORIENTED_EDGE('',*,*,#1943,.T.);
#3011 = ORIENTED_EDGE('',*,*,#2413,.F.);
#3012 = ORIENTED_EDGE('',*,*,#2399,.F.);
#3013 = PLANE('',#3014);
#3014 = AXIS2_PLACEMENT_3D('',#3015,#3016,#3017);
#3015 = CARTESIAN_POINT('',(-2.7,-0.975,1.E-02));
#3016 = DIRECTION('',(0.,5.782411586589E-18,-1.));
#3017 = DIRECTION('',(0.,-1.,-5.782411586589E-18));
#3018 = ADVANCED_FACE('',(#3019),#3030,.T.);
#3019 = FACE_BOUND('',#3020,.T.);
#3020 = EDGE_LOOP('',(#3021,#3022,#3023,#3029));
#3021 = ORIENTED_EDGE('',*,*,#2893,.T.);
#3022 = ORIENTED_EDGE('',*,*,#2073,.T.);
#3023 = ORIENTED_EDGE('',*,*,#3024,.F.);
#3024 = EDGE_CURVE('',#2017,#2074,#3025,.T.);
#3025 = LINE('',#3026,#3027);
#3026 = CARTESIAN_POINT('',(-1.6,2.475,0.));
#3027 = VECTOR('',#3028,1.);
#3028 = DIRECTION('',(1.,0.,0.));
#3029 = ORIENTED_EDGE('',*,*,#2016,.F.);
#3030 = PLANE('',#3031);
#3031 = AXIS2_PLACEMENT_3D('',#3032,#3033,#3034);
#3032 = CARTESIAN_POINT('',(-1.6,2.475,0.2));
#3033 = DIRECTION('',(0.,1.,0.));
#3034 = DIRECTION('',(0.,0.,-1.));
#3035 = ADVANCED_FACE('',(#3036),#3042,.T.);
#3036 = FACE_BOUND('',#3037,.T.);
#3037 = EDGE_LOOP('',(#3038,#3039,#3040,#3041));
#3038 = ORIENTED_EDGE('',*,*,#3024,.T.);
#3039 = ORIENTED_EDGE('',*,*,#2081,.T.);
#3040 = ORIENTED_EDGE('',*,*,#2038,.F.);
#3041 = ORIENTED_EDGE('',*,*,#2024,.F.);
#3042 = PLANE('',#3043);
#3043 = AXIS2_PLACEMENT_3D('',#3044,#3045,#3046);
#3044 = CARTESIAN_POINT('',(-1.6,2.475,0.));
#3045 = DIRECTION('',(0.,0.,-1.));
#3046 = DIRECTION('',(0.,-1.,0.));
#3047 = ADVANCED_FACE('',(#3048),#3059,.T.);
#3048 = FACE_BOUND('',#3049,.T.);
#3049 = EDGE_LOOP('',(#3050,#3051,#3052,#3058));
#3050 = ORIENTED_EDGE('',*,*,#2876,.T.);
#3051 = ORIENTED_EDGE('',*,*,#2170,.T.);
#3052 = ORIENTED_EDGE('',*,*,#3053,.F.);
#3053 = EDGE_CURVE('',#2114,#2171,#3054,.T.);
#3054 = LINE('',#3055,#3056);
#3055 = CARTESIAN_POINT('',(-0.6,2.475,0.));
#3056 = VECTOR('',#3057,1.);
#3057 = DIRECTION('',(1.,0.,0.));
#3058 = ORIENTED_EDGE('',*,*,#2113,.F.);
#3059 = PLANE('',#3060);
#3060 = AXIS2_PLACEMENT_3D('',#3061,#3062,#3063);
#3061 = CARTESIAN_POINT('',(-0.6,2.475,0.2));
#3062 = DIRECTION('',(0.,1.,0.));
#3063 = DIRECTION('',(0.,0.,-1.));
#3064 = ADVANCED_FACE('',(#3065),#3071,.T.);
#3065 = FACE_BOUND('',#3066,.T.);
#3066 = EDGE_LOOP('',(#3067,#3068,#3069,#3070));
#3067 = ORIENTED_EDGE('',*,*,#3053,.T.);
#3068 = ORIENTED_EDGE('',*,*,#2178,.T.);
#3069 = ORIENTED_EDGE('',*,*,#2135,.F.);
#3070 = ORIENTED_EDGE('',*,*,#2121,.F.);
#3071 = PLANE('',#3072);
#3072 = AXIS2_PLACEMENT_3D('',#3073,#3074,#3075);
#3073 = CARTESIAN_POINT('',(-0.6,2.475,0.));
#3074 = DIRECTION('',(0.,0.,-1.));
#3075 = DIRECTION('',(0.,-1.,0.));
#3076 = ADVANCED_FACE('',(#3077),#3088,.T.);
#3077 = FACE_BOUND('',#3078,.T.);
#3078 = EDGE_LOOP('',(#3079,#3080,#3081,#3087));
#3079 = ORIENTED_EDGE('',*,*,#2859,.T.);
#3080 = ORIENTED_EDGE('',*,*,#2267,.T.);
#3081 = ORIENTED_EDGE('',*,*,#3082,.F.);
#3082 = EDGE_CURVE('',#2211,#2268,#3083,.T.);
#3083 = LINE('',#3084,#3085);
#3084 = CARTESIAN_POINT('',(0.4,2.475,0.));
#3085 = VECTOR('',#3086,1.);
#3086 = DIRECTION('',(1.,0.,0.));
#3087 = ORIENTED_EDGE('',*,*,#2210,.F.);
#3088 = PLANE('',#3089);
#3089 = AXIS2_PLACEMENT_3D('',#3090,#3091,#3092);
#3090 = CARTESIAN_POINT('',(0.4,2.475,0.2));
#3091 = DIRECTION('',(0.,1.,0.));
#3092 = DIRECTION('',(0.,0.,-1.));
#3093 = ADVANCED_FACE('',(#3094),#3100,.T.);
#3094 = FACE_BOUND('',#3095,.T.);
#3095 = EDGE_LOOP('',(#3096,#3097,#3098,#3099));
#3096 = ORIENTED_EDGE('',*,*,#3082,.T.);
#3097 = ORIENTED_EDGE('',*,*,#2275,.T.);
#3098 = ORIENTED_EDGE('',*,*,#2232,.F.);
#3099 = ORIENTED_EDGE('',*,*,#2218,.F.);
#3100 = PLANE('',#3101);
#3101 = AXIS2_PLACEMENT_3D('',#3102,#3103,#3104);
#3102 = CARTESIAN_POINT('',(0.4,2.475,0.));
#3103 = DIRECTION('',(0.,0.,-1.));
#3104 = DIRECTION('',(0.,-1.,0.));
#3105 = ADVANCED_FACE('',(#3106),#3117,.T.);
#3106 = FACE_BOUND('',#3107,.T.);
#3107 = EDGE_LOOP('',(#3108,#3109,#3110,#3116));
#3108 = ORIENTED_EDGE('',*,*,#2842,.T.);
#3109 = ORIENTED_EDGE('',*,*,#2364,.T.);
#3110 = ORIENTED_EDGE('',*,*,#3111,.F.);
#3111 = EDGE_CURVE('',#2308,#2365,#3112,.T.);
#3112 = LINE('',#3113,#3114);
#3113 = CARTESIAN_POINT('',(1.4,2.475,0.));
#3114 = VECTOR('',#3115,1.);
#3115 = DIRECTION('',(1.,0.,0.));
#3116 = ORIENTED_EDGE('',*,*,#2307,.F.);
#3117 = PLANE('',#3118);
#3118 = AXIS2_PLACEMENT_3D('',#3119,#3120,#3121);
#3119 = CARTESIAN_POINT('',(1.4,2.475,0.2));
#3120 = DIRECTION('',(0.,1.,0.));
#3121 = DIRECTION('',(0.,0.,-1.));
#3122 = ADVANCED_FACE('',(#3123),#3129,.T.);
#3123 = FACE_BOUND('',#3124,.T.);
#3124 = EDGE_LOOP('',(#3125,#3126,#3127,#3128));
#3125 = ORIENTED_EDGE('',*,*,#3111,.T.);
#3126 = ORIENTED_EDGE('',*,*,#2372,.T.);
#3127 = ORIENTED_EDGE('',*,*,#2329,.F.);
#3128 = ORIENTED_EDGE('',*,*,#2315,.F.);
#3129 = PLANE('',#3130);
#3130 = AXIS2_PLACEMENT_3D('',#3131,#3132,#3133);
#3131 = CARTESIAN_POINT('',(1.4,2.475,0.));
#3132 = DIRECTION('',(0.,0.,-1.));
#3133 = DIRECTION('',(0.,-1.,0.));
#3134 = ADVANCED_FACE('',(#3135),#3141,.T.);
#3135 = FACE_BOUND('',#3136,.T.);
#3136 = EDGE_LOOP('',(#3137,#3138,#3139,#3140));
#3137 = ORIENTED_EDGE('',*,*,#2536,.T.);
#3138 = ORIENTED_EDGE('',*,*,#2559,.T.);
#3139 = ORIENTED_EDGE('',*,*,#2584,.T.);
#3140 = ORIENTED_EDGE('',*,*,#2512,.T.);
#3141 = PLANE('',#3142);
#3142 = AXIS2_PLACEMENT_3D('',#3143,#3144,#3145);
#3143 = CARTESIAN_POINT('',(5.45372713851E-16,-7.5E-02,1.76));
#3144 = DIRECTION('',(0.,-1.,1.110223024625E-16));
#3145 = DIRECTION('',(1.,0.,0.));
#3146 = ADVANCED_FACE('',(#3147,#3153,#3187,#3221,#3255),#3289,.T.);
#3147 = FACE_BOUND('',#3148,.T.);
#3148 = EDGE_LOOP('',(#3149,#3150,#3151,#3152));
#3149 = ORIENTED_EDGE('',*,*,#2489,.T.);
#3150 = ORIENTED_EDGE('',*,*,#2600,.T.);
#3151 = ORIENTED_EDGE('',*,*,#2625,.T.);
#3152 = ORIENTED_EDGE('',*,*,#2736,.T.);
#3153 = FACE_BOUND('',#3154,.T.);
#3154 = EDGE_LOOP('',(#3155,#3165,#3173,#3181));
#3155 = ORIENTED_EDGE('',*,*,#3156,.F.);
#3156 = EDGE_CURVE('',#3157,#3159,#3161,.T.);
#3157 = VERTEX_POINT('',#3158);
#3158 = CARTESIAN_POINT('',(-1.6,0.525,1.66));
#3159 = VERTEX_POINT('',#3160);
#3160 = CARTESIAN_POINT('',(-1.4,0.525,1.66));
#3161 = LINE('',#3162,#3163);
#3162 = CARTESIAN_POINT('',(-1.6,0.525,1.66));
#3163 = VECTOR('',#3164,1.);
#3164 = DIRECTION('',(1.,0.,0.));
#3165 = ORIENTED_EDGE('',*,*,#3166,.F.);
#3166 = EDGE_CURVE('',#3167,#3157,#3169,.T.);
#3167 = VERTEX_POINT('',#3168);
#3168 = CARTESIAN_POINT('',(-1.6,0.525,2.14));
#3169 = LINE('',#3170,#3171);
#3170 = CARTESIAN_POINT('',(-1.6,0.525,2.14));
#3171 = VECTOR('',#3172,1.);
#3172 = DIRECTION('',(0.,0.,-1.));
#3173 = ORIENTED_EDGE('',*,*,#3174,.T.);
#3174 = EDGE_CURVE('',#3167,#3175,#3177,.T.);
#3175 = VERTEX_POINT('',#3176);
#3176 = CARTESIAN_POINT('',(-1.4,0.525,2.14));
#3177 = LINE('',#3178,#3179);
#3178 = CARTESIAN_POINT('',(-1.6,0.525,2.14));
#3179 = VECTOR('',#3180,1.);
#3180 = DIRECTION('',(1.,0.,0.));
#3181 = ORIENTED_EDGE('',*,*,#3182,.T.);
#3182 = EDGE_CURVE('',#3175,#3159,#3183,.T.);
#3183 = LINE('',#3184,#3185);
#3184 = CARTESIAN_POINT('',(-1.4,0.525,2.14));
#3185 = VECTOR('',#3186,1.);
#3186 = DIRECTION('',(0.,0.,-1.));
#3187 = FACE_BOUND('',#3188,.T.);
#3188 = EDGE_LOOP('',(#3189,#3199,#3207,#3215));
#3189 = ORIENTED_EDGE('',*,*,#3190,.F.);
#3190 = EDGE_CURVE('',#3191,#3193,#3195,.T.);
#3191 = VERTEX_POINT('',#3192);
#3192 = CARTESIAN_POINT('',(-0.6,0.525,2.14));
#3193 = VERTEX_POINT('',#3194);
#3194 = CARTESIAN_POINT('',(-0.6,0.525,1.66));
#3195 = LINE('',#3196,#3197);
#3196 = CARTESIAN_POINT('',(-0.6,0.525,2.14));
#3197 = VECTOR('',#3198,1.);
#3198 = DIRECTION('',(0.,0.,-1.));
#3199 = ORIENTED_EDGE('',*,*,#3200,.T.);
#3200 = EDGE_CURVE('',#3191,#3201,#3203,.T.);
#3201 = VERTEX_POINT('',#3202);
#3202 = CARTESIAN_POINT('',(-0.4,0.525,2.14));
#3203 = LINE('',#3204,#3205);
#3204 = CARTESIAN_POINT('',(-0.6,0.525,2.14));
#3205 = VECTOR('',#3206,1.);
#3206 = DIRECTION('',(1.,0.,0.));
#3207 = ORIENTED_EDGE('',*,*,#3208,.T.);
#3208 = EDGE_CURVE('',#3201,#3209,#3211,.T.);
#3209 = VERTEX_POINT('',#3210);
#3210 = CARTESIAN_POINT('',(-0.4,0.525,1.66));
#3211 = LINE('',#3212,#3213);
#3212 = CARTESIAN_POINT('',(-0.4,0.525,2.14));
#3213 = VECTOR('',#3214,1.);
#3214 = DIRECTION('',(0.,0.,-1.));
#3215 = ORIENTED_EDGE('',*,*,#3216,.F.);
#3216 = EDGE_CURVE('',#3193,#3209,#3217,.T.);
#3217 = LINE('',#3218,#3219);
#3218 = CARTESIAN_POINT('',(-0.6,0.525,1.66));
#3219 = VECTOR('',#3220,1.);
#3220 = DIRECTION('',(1.,0.,0.));
#3221 = FACE_BOUND('',#3222,.T.);
#3222 = EDGE_LOOP('',(#3223,#3233,#3241,#3249));
#3223 = ORIENTED_EDGE('',*,*,#3224,.F.);
#3224 = EDGE_CURVE('',#3225,#3227,#3229,.T.);
#3225 = VERTEX_POINT('',#3226);
#3226 = CARTESIAN_POINT('',(0.4,0.525,2.14));
#3227 = VERTEX_POINT('',#3228);
#3228 = CARTESIAN_POINT('',(0.4,0.525,1.66));
#3229 = LINE('',#3230,#3231);
#3230 = CARTESIAN_POINT('',(0.4,0.525,2.14));
#3231 = VECTOR('',#3232,1.);
#3232 = DIRECTION('',(0.,0.,-1.));
#3233 = ORIENTED_EDGE('',*,*,#3234,.T.);
#3234 = EDGE_CURVE('',#3225,#3235,#3237,.T.);
#3235 = VERTEX_POINT('',#3236);
#3236 = CARTESIAN_POINT('',(0.6,0.525,2.14));
#3237 = LINE('',#3238,#3239);
#3238 = CARTESIAN_POINT('',(0.4,0.525,2.14));
#3239 = VECTOR('',#3240,1.);
#3240 = DIRECTION('',(1.,0.,0.));
#3241 = ORIENTED_EDGE('',*,*,#3242,.T.);
#3242 = EDGE_CURVE('',#3235,#3243,#3245,.T.);
#3243 = VERTEX_POINT('',#3244);
#3244 = CARTESIAN_POINT('',(0.6,0.525,1.66));
#3245 = LINE('',#3246,#3247);
#3246 = CARTESIAN_POINT('',(0.6,0.525,2.14));
#3247 = VECTOR('',#3248,1.);
#3248 = DIRECTION('',(0.,0.,-1.));
#3249 = ORIENTED_EDGE('',*,*,#3250,.F.);
#3250 = EDGE_CURVE('',#3227,#3243,#3251,.T.);
#3251 = LINE('',#3252,#3253);
#3252 = CARTESIAN_POINT('',(0.4,0.525,1.66));
#3253 = VECTOR('',#3254,1.);
#3254 = DIRECTION('',(1.,0.,0.));
#3255 = FACE_BOUND('',#3256,.T.);
#3256 = EDGE_LOOP('',(#3257,#3267,#3275,#3283));
#3257 = ORIENTED_EDGE('',*,*,#3258,.F.);
#3258 = EDGE_CURVE('',#3259,#3261,#3263,.T.);
#3259 = VERTEX_POINT('',#3260);
#3260 = CARTESIAN_POINT('',(1.4,0.525,2.14));
#3261 = VERTEX_POINT('',#3262);
#3262 = CARTESIAN_POINT('',(1.4,0.525,1.66));
#3263 = LINE('',#3264,#3265);
#3264 = CARTESIAN_POINT('',(1.4,0.525,2.14));
#3265 = VECTOR('',#3266,1.);
#3266 = DIRECTION('',(0.,0.,-1.));
#3267 = ORIENTED_EDGE('',*,*,#3268,.T.);
#3268 = EDGE_CURVE('',#3259,#3269,#3271,.T.);
#3269 = VERTEX_POINT('',#3270);
#3270 = CARTESIAN_POINT('',(1.6,0.525,2.14));
#3271 = LINE('',#3272,#3273);
#3272 = CARTESIAN_POINT('',(1.4,0.525,2.14));
#3273 = VECTOR('',#3274,1.);
#3274 = DIRECTION('',(1.,0.,0.));
#3275 = ORIENTED_EDGE('',*,*,#3276,.T.);
#3276 = EDGE_CURVE('',#3269,#3277,#3279,.T.);
#3277 = VERTEX_POINT('',#3278);
#3278 = CARTESIAN_POINT('',(1.6,0.525,1.66));
#3279 = LINE('',#3280,#3281);
#3280 = CARTESIAN_POINT('',(1.6,0.525,2.14));
#3281 = VECTOR('',#3282,1.);
#3282 = DIRECTION('',(0.,0.,-1.));
#3283 = ORIENTED_EDGE('',*,*,#3284,.F.);
#3284 = EDGE_CURVE('',#3261,#3277,#3285,.T.);
#3285 = LINE('',#3286,#3287);
#3286 = CARTESIAN_POINT('',(1.4,0.525,1.66));
#3287 = VECTOR('',#3288,1.);
#3288 = DIRECTION('',(1.,0.,0.));
#3289 = PLANE('',#3290);
#3290 = AXIS2_PLACEMENT_3D('',#3291,#3292,#3293);
#3291 = CARTESIAN_POINT('',(-6.832141690001E-17,0.525,1.51));
#3292 = DIRECTION('',(0.,-1.,1.110223024625E-16));
#3293 = DIRECTION('',(1.,0.,0.));
#3294 = ADVANCED_FACE('',(#3295),#3301,.T.);
#3295 = FACE_BOUND('',#3296,.T.);
#3296 = EDGE_LOOP('',(#3297,#3298,#3299,#3300));
#3297 = ORIENTED_EDGE('',*,*,#2720,.T.);
#3298 = ORIENTED_EDGE('',*,*,#2648,.T.);
#3299 = ORIENTED_EDGE('',*,*,#2672,.T.);
#3300 = ORIENTED_EDGE('',*,*,#2695,.T.);
#3301 = PLANE('',#3302);
#3302 = AXIS2_PLACEMENT_3D('',#3303,#3304,#3305);
#3303 = CARTESIAN_POINT('',(5.45372713851E-16,-7.5E-02,1.76));
#3304 = DIRECTION('',(0.,-1.,1.110223024625E-16));
#3305 = DIRECTION('',(1.,0.,0.));
#3306 = ADVANCED_FACE('',(#3307),#3332,.T.);
#3307 = FACE_BOUND('',#3308,.T.);
#3308 = EDGE_LOOP('',(#3309,#3310,#3318,#3326));
#3309 = ORIENTED_EDGE('',*,*,#3156,.T.);
#3310 = ORIENTED_EDGE('',*,*,#3311,.T.);
#3311 = EDGE_CURVE('',#3159,#3312,#3314,.T.);
#3312 = VERTEX_POINT('',#3313);
#3313 = CARTESIAN_POINT('',(-1.4,-1.225,1.79));
#3314 = LINE('',#3315,#3316);
#3315 = CARTESIAN_POINT('',(-1.4,0.525,1.66));
#3316 = VECTOR('',#3317,1.);
#3317 = DIRECTION('',(0.,-0.997252183706,7.408159078957E-02));
#3318 = ORIENTED_EDGE('',*,*,#3319,.F.);
#3319 = EDGE_CURVE('',#3320,#3312,#3322,.T.);
#3320 = VERTEX_POINT('',#3321);
#3321 = CARTESIAN_POINT('',(-1.6,-1.225,1.79));
#3322 = LINE('',#3323,#3324);
#3323 = CARTESIAN_POINT('',(-1.6,-1.225,1.79));
#3324 = VECTOR('',#3325,1.);
#3325 = DIRECTION('',(1.,0.,0.));
#3326 = ORIENTED_EDGE('',*,*,#3327,.F.);
#3327 = EDGE_CURVE('',#3157,#3320,#3328,.T.);
#3328 = LINE('',#3329,#3330);
#3329 = CARTESIAN_POINT('',(-1.6,0.525,1.66));
#3330 = VECTOR('',#3331,1.);
#3331 = DIRECTION('',(0.,-0.997252183706,7.408159078957E-02));
#3332 = PLANE('',#3333);
#3333 = AXIS2_PLACEMENT_3D('',#3334,#3335,#3336);
#3334 = CARTESIAN_POINT('',(-1.6,0.525,1.66));
#3335 = DIRECTION('',(0.,-7.408159078957E-02,-0.997252183706));
#3336 = DIRECTION('',(0.,-0.997252183706,7.408159078957E-02));
#3337 = ADVANCED_FACE('',(#3338),#3356,.F.);
#3338 = FACE_BOUND('',#3339,.F.);
#3339 = EDGE_LOOP('',(#3340,#3348,#3354,#3355));
#3340 = ORIENTED_EDGE('',*,*,#3341,.T.);
#3341 = EDGE_CURVE('',#3312,#3342,#3344,.T.);
#3342 = VERTEX_POINT('',#3343);
#3343 = CARTESIAN_POINT('',(-1.4,-1.225,2.14));
#3344 = LINE('',#3345,#3346);
#3345 = CARTESIAN_POINT('',(-1.4,-1.225,1.79));
#3346 = VECTOR('',#3347,1.);
#3347 = DIRECTION('',(0.,0.,1.));
#3348 = ORIENTED_EDGE('',*,*,#3349,.T.);
#3349 = EDGE_CURVE('',#3342,#3175,#3350,.T.);
#3350 = LINE('',#3351,#3352);
#3351 = CARTESIAN_POINT('',(-1.4,-1.225,2.14));
#3352 = VECTOR('',#3353,1.);
#3353 = DIRECTION('',(0.,1.,0.));
#3354 = ORIENTED_EDGE('',*,*,#3182,.T.);
#3355 = ORIENTED_EDGE('',*,*,#3311,.T.);
#3356 = PLANE('',#3357);
#3357 = AXIS2_PLACEMENT_3D('',#3358,#3359,#3360);
#3358 = CARTESIAN_POINT('',(-1.4,-0.323759014354,1.931294517928));
#3359 = DIRECTION('',(-1.,-0.,-0.));
#3360 = DIRECTION('',(0.,0.,-1.));
#3361 = ADVANCED_FACE('',(#3362),#3380,.T.);
#3362 = FACE_BOUND('',#3363,.T.);
#3363 = EDGE_LOOP('',(#3364,#3372,#3373,#3374));
#3364 = ORIENTED_EDGE('',*,*,#3365,.T.);
#3365 = EDGE_CURVE('',#3366,#3342,#3368,.T.);
#3366 = VERTEX_POINT('',#3367);
#3367 = CARTESIAN_POINT('',(-1.6,-1.225,2.14));
#3368 = LINE('',#3369,#3370);
#3369 = CARTESIAN_POINT('',(-1.6,-1.225,2.14));
#3370 = VECTOR('',#3371,1.);
#3371 = DIRECTION('',(1.,0.,0.));
#3372 = ORIENTED_EDGE('',*,*,#3349,.T.);
#3373 = ORIENTED_EDGE('',*,*,#3174,.F.);
#3374 = ORIENTED_EDGE('',*,*,#3375,.F.);
#3375 = EDGE_CURVE('',#3366,#3167,#3376,.T.);
#3376 = LINE('',#3377,#3378);
#3377 = CARTESIAN_POINT('',(-1.6,-1.225,2.14));
#3378 = VECTOR('',#3379,1.);
#3379 = DIRECTION('',(0.,1.,0.));
#3380 = PLANE('',#3381);
#3381 = AXIS2_PLACEMENT_3D('',#3382,#3383,#3384);
#3382 = CARTESIAN_POINT('',(-1.6,-1.225,2.14));
#3383 = DIRECTION('',(0.,0.,1.));
#3384 = DIRECTION('',(0.,1.,0.));
#3385 = ADVANCED_FACE('',(#3386),#3397,.T.);
#3386 = FACE_BOUND('',#3387,.T.);
#3387 = EDGE_LOOP('',(#3388,#3394,#3395,#3396));
#3388 = ORIENTED_EDGE('',*,*,#3389,.T.);
#3389 = EDGE_CURVE('',#3320,#3366,#3390,.T.);
#3390 = LINE('',#3391,#3392);
#3391 = CARTESIAN_POINT('',(-1.6,-1.225,1.79));
#3392 = VECTOR('',#3393,1.);
#3393 = DIRECTION('',(0.,0.,1.));
#3394 = ORIENTED_EDGE('',*,*,#3375,.T.);
#3395 = ORIENTED_EDGE('',*,*,#3166,.T.);
#3396 = ORIENTED_EDGE('',*,*,#3327,.T.);
#3397 = PLANE('',#3398);
#3398 = AXIS2_PLACEMENT_3D('',#3399,#3400,#3401);
#3399 = CARTESIAN_POINT('',(-1.6,-0.323759014354,1.931294517928));
#3400 = DIRECTION('',(-1.,-0.,-0.));
#3401 = DIRECTION('',(0.,0.,-1.));
#3402 = ADVANCED_FACE('',(#3403),#3428,.T.);
#3403 = FACE_BOUND('',#3404,.T.);
#3404 = EDGE_LOOP('',(#3405,#3415,#3421,#3422));
#3405 = ORIENTED_EDGE('',*,*,#3406,.T.);
#3406 = EDGE_CURVE('',#3407,#3409,#3411,.T.);
#3407 = VERTEX_POINT('',#3408);
#3408 = CARTESIAN_POINT('',(-0.6,-1.225,1.79));
#3409 = VERTEX_POINT('',#3410);
#3410 = CARTESIAN_POINT('',(-0.6,-1.225,2.14));
#3411 = LINE('',#3412,#3413);
#3412 = CARTESIAN_POINT('',(-0.6,-1.225,1.79));
#3413 = VECTOR('',#3414,1.);
#3414 = DIRECTION('',(0.,0.,1.));
#3415 = ORIENTED_EDGE('',*,*,#3416,.T.);
#3416 = EDGE_CURVE('',#3409,#3191,#3417,.T.);
#3417 = LINE('',#3418,#3419);
#3418 = CARTESIAN_POINT('',(-0.6,-1.225,2.14));
#3419 = VECTOR('',#3420,1.);
#3420 = DIRECTION('',(0.,1.,0.));
#3421 = ORIENTED_EDGE('',*,*,#3190,.T.);
#3422 = ORIENTED_EDGE('',*,*,#3423,.T.);
#3423 = EDGE_CURVE('',#3193,#3407,#3424,.T.);
#3424 = LINE('',#3425,#3426);
#3425 = CARTESIAN_POINT('',(-0.6,0.525,1.66));
#3426 = VECTOR('',#3427,1.);
#3427 = DIRECTION('',(0.,-0.997252183706,7.408159078957E-02));
#3428 = PLANE('',#3429);
#3429 = AXIS2_PLACEMENT_3D('',#3430,#3431,#3432);
#3430 = CARTESIAN_POINT('',(-0.6,-0.323759014354,1.931294517928));
#3431 = DIRECTION('',(-1.,-0.,-0.));
#3432 = DIRECTION('',(0.,0.,-1.));
#3433 = ADVANCED_FACE('',(#3434),#3452,.T.);
#3434 = FACE_BOUND('',#3435,.T.);
#3435 = EDGE_LOOP('',(#3436,#3437,#3445,#3451));
#3436 = ORIENTED_EDGE('',*,*,#3216,.T.);
#3437 = ORIENTED_EDGE('',*,*,#3438,.T.);
#3438 = EDGE_CURVE('',#3209,#3439,#3441,.T.);
#3439 = VERTEX_POINT('',#3440);
#3440 = CARTESIAN_POINT('',(-0.4,-1.225,1.79));
#3441 = LINE('',#3442,#3443);
#3442 = CARTESIAN_POINT('',(-0.4,0.525,1.66));
#3443 = VECTOR('',#3444,1.);
#3444 = DIRECTION('',(0.,-0.997252183706,7.408159078957E-02));
#3445 = ORIENTED_EDGE('',*,*,#3446,.F.);
#3446 = EDGE_CURVE('',#3407,#3439,#3447,.T.);
#3447 = LINE('',#3448,#3449);
#3448 = CARTESIAN_POINT('',(-0.6,-1.225,1.79));
#3449 = VECTOR('',#3450,1.);
#3450 = DIRECTION('',(1.,0.,0.));
#3451 = ORIENTED_EDGE('',*,*,#3423,.F.);
#3452 = PLANE('',#3453);
#3453 = AXIS2_PLACEMENT_3D('',#3454,#3455,#3456);
#3454 = CARTESIAN_POINT('',(-0.6,0.525,1.66));
#3455 = DIRECTION('',(0.,-7.408159078957E-02,-0.997252183706));
#3456 = DIRECTION('',(0.,-0.997252183706,7.408159078957E-02));
#3457 = ADVANCED_FACE('',(#3458),#3476,.F.);
#3458 = FACE_BOUND('',#3459,.F.);
#3459 = EDGE_LOOP('',(#3460,#3468,#3474,#3475));
#3460 = ORIENTED_EDGE('',*,*,#3461,.T.);
#3461 = EDGE_CURVE('',#3439,#3462,#3464,.T.);
#3462 = VERTEX_POINT('',#3463);
#3463 = CARTESIAN_POINT('',(-0.4,-1.225,2.14));
#3464 = LINE('',#3465,#3466);
#3465 = CARTESIAN_POINT('',(-0.4,-1.225,1.79));
#3466 = VECTOR('',#3467,1.);
#3467 = DIRECTION('',(0.,0.,1.));
#3468 = ORIENTED_EDGE('',*,*,#3469,.T.);
#3469 = EDGE_CURVE('',#3462,#3201,#3470,.T.);
#3470 = LINE('',#3471,#3472);
#3471 = CARTESIAN_POINT('',(-0.4,-1.225,2.14));
#3472 = VECTOR('',#3473,1.);
#3473 = DIRECTION('',(0.,1.,0.));
#3474 = ORIENTED_EDGE('',*,*,#3208,.T.);
#3475 = ORIENTED_EDGE('',*,*,#3438,.T.);
#3476 = PLANE('',#3477);
#3477 = AXIS2_PLACEMENT_3D('',#3478,#3479,#3480);
#3478 = CARTESIAN_POINT('',(-0.4,-0.323759014354,1.931294517928));
#3479 = DIRECTION('',(-1.,-0.,-0.));
#3480 = DIRECTION('',(0.,0.,-1.));
#3481 = ADVANCED_FACE('',(#3482),#3493,.T.);
#3482 = FACE_BOUND('',#3483,.T.);
#3483 = EDGE_LOOP('',(#3484,#3490,#3491,#3492));
#3484 = ORIENTED_EDGE('',*,*,#3485,.T.);
#3485 = EDGE_CURVE('',#3409,#3462,#3486,.T.);
#3486 = LINE('',#3487,#3488);
#3487 = CARTESIAN_POINT('',(-0.6,-1.225,2.14));
#3488 = VECTOR('',#3489,1.);
#3489 = DIRECTION('',(1.,0.,0.));
#3490 = ORIENTED_EDGE('',*,*,#3469,.T.);
#3491 = ORIENTED_EDGE('',*,*,#3200,.F.);
#3492 = ORIENTED_EDGE('',*,*,#3416,.F.);
#3493 = PLANE('',#3494);
#3494 = AXIS2_PLACEMENT_3D('',#3495,#3496,#3497);
#3495 = CARTESIAN_POINT('',(-0.6,-1.225,2.14));
#3496 = DIRECTION('',(0.,0.,1.));
#3497 = DIRECTION('',(0.,1.,0.));
#3498 = ADVANCED_FACE('',(#3499),#3524,.T.);
#3499 = FACE_BOUND('',#3500,.T.);
#3500 = EDGE_LOOP('',(#3501,#3511,#3517,#3518));
#3501 = ORIENTED_EDGE('',*,*,#3502,.T.);
#3502 = EDGE_CURVE('',#3503,#3505,#3507,.T.);
#3503 = VERTEX_POINT('',#3504);
#3504 = CARTESIAN_POINT('',(0.4,-1.225,1.79));
#3505 = VERTEX_POINT('',#3506);
#3506 = CARTESIAN_POINT('',(0.4,-1.225,2.14));
#3507 = LINE('',#3508,#3509);
#3508 = CARTESIAN_POINT('',(0.4,-1.225,1.79));
#3509 = VECTOR('',#3510,1.);
#3510 = DIRECTION('',(0.,0.,1.));
#3511 = ORIENTED_EDGE('',*,*,#3512,.T.);
#3512 = EDGE_CURVE('',#3505,#3225,#3513,.T.);
#3513 = LINE('',#3514,#3515);
#3514 = CARTESIAN_POINT('',(0.4,-1.225,2.14));
#3515 = VECTOR('',#3516,1.);
#3516 = DIRECTION('',(0.,1.,0.));
#3517 = ORIENTED_EDGE('',*,*,#3224,.T.);
#3518 = ORIENTED_EDGE('',*,*,#3519,.T.);
#3519 = EDGE_CURVE('',#3227,#3503,#3520,.T.);
#3520 = LINE('',#3521,#3522);
#3521 = CARTESIAN_POINT('',(0.4,0.525,1.66));
#3522 = VECTOR('',#3523,1.);
#3523 = DIRECTION('',(0.,-0.997252183706,7.408159078957E-02));
#3524 = PLANE('',#3525);
#3525 = AXIS2_PLACEMENT_3D('',#3526,#3527,#3528);
#3526 = CARTESIAN_POINT('',(0.4,-0.323759014354,1.931294517928));
#3527 = DIRECTION('',(-1.,-0.,-0.));
#3528 = DIRECTION('',(0.,0.,-1.));
#3529 = ADVANCED_FACE('',(#3530),#3548,.T.);
#3530 = FACE_BOUND('',#3531,.T.);
#3531 = EDGE_LOOP('',(#3532,#3533,#3541,#3547));
#3532 = ORIENTED_EDGE('',*,*,#3250,.T.);
#3533 = ORIENTED_EDGE('',*,*,#3534,.T.);
#3534 = EDGE_CURVE('',#3243,#3535,#3537,.T.);
#3535 = VERTEX_POINT('',#3536);
#3536 = CARTESIAN_POINT('',(0.6,-1.225,1.79));
#3537 = LINE('',#3538,#3539);
#3538 = CARTESIAN_POINT('',(0.6,0.525,1.66));
#3539 = VECTOR('',#3540,1.);
#3540 = DIRECTION('',(0.,-0.997252183706,7.408159078957E-02));
#3541 = ORIENTED_EDGE('',*,*,#3542,.F.);
#3542 = EDGE_CURVE('',#3503,#3535,#3543,.T.);
#3543 = LINE('',#3544,#3545);
#3544 = CARTESIAN_POINT('',(0.4,-1.225,1.79));
#3545 = VECTOR('',#3546,1.);
#3546 = DIRECTION('',(1.,0.,0.));
#3547 = ORIENTED_EDGE('',*,*,#3519,.F.);
#3548 = PLANE('',#3549);
#3549 = AXIS2_PLACEMENT_3D('',#3550,#3551,#3552);
#3550 = CARTESIAN_POINT('',(0.4,0.525,1.66));
#3551 = DIRECTION('',(0.,-7.408159078957E-02,-0.997252183706));
#3552 = DIRECTION('',(0.,-0.997252183706,7.408159078957E-02));
#3553 = ADVANCED_FACE('',(#3554),#3572,.F.);
#3554 = FACE_BOUND('',#3555,.F.);
#3555 = EDGE_LOOP('',(#3556,#3564,#3570,#3571));
#3556 = ORIENTED_EDGE('',*,*,#3557,.T.);
#3557 = EDGE_CURVE('',#3535,#3558,#3560,.T.);
#3558 = VERTEX_POINT('',#3559);
#3559 = CARTESIAN_POINT('',(0.6,-1.225,2.14));
#3560 = LINE('',#3561,#3562);
#3561 = CARTESIAN_POINT('',(0.6,-1.225,1.79));
#3562 = VECTOR('',#3563,1.);
#3563 = DIRECTION('',(0.,0.,1.));
#3564 = ORIENTED_EDGE('',*,*,#3565,.T.);
#3565 = EDGE_CURVE('',#3558,#3235,#3566,.T.);
#3566 = LINE('',#3567,#3568);
#3567 = CARTESIAN_POINT('',(0.6,-1.225,2.14));
#3568 = VECTOR('',#3569,1.);
#3569 = DIRECTION('',(0.,1.,0.));
#3570 = ORIENTED_EDGE('',*,*,#3242,.T.);
#3571 = ORIENTED_EDGE('',*,*,#3534,.T.);
#3572 = PLANE('',#3573);
#3573 = AXIS2_PLACEMENT_3D('',#3574,#3575,#3576);
#3574 = CARTESIAN_POINT('',(0.6,-0.323759014354,1.931294517928));
#3575 = DIRECTION('',(-1.,-0.,-0.));
#3576 = DIRECTION('',(0.,0.,-1.));
#3577 = ADVANCED_FACE('',(#3578),#3589,.T.);
#3578 = FACE_BOUND('',#3579,.T.);
#3579 = EDGE_LOOP('',(#3580,#3586,#3587,#3588));
#3580 = ORIENTED_EDGE('',*,*,#3581,.T.);
#3581 = EDGE_CURVE('',#3505,#3558,#3582,.T.);
#3582 = LINE('',#3583,#3584);
#3583 = CARTESIAN_POINT('',(0.4,-1.225,2.14));
#3584 = VECTOR('',#3585,1.);
#3585 = DIRECTION('',(1.,0.,0.));
#3586 = ORIENTED_EDGE('',*,*,#3565,.T.);
#3587 = ORIENTED_EDGE('',*,*,#3234,.F.);
#3588 = ORIENTED_EDGE('',*,*,#3512,.F.);
#3589 = PLANE('',#3590);
#3590 = AXIS2_PLACEMENT_3D('',#3591,#3592,#3593);
#3591 = CARTESIAN_POINT('',(0.4,-1.225,2.14));
#3592 = DIRECTION('',(0.,0.,1.));
#3593 = DIRECTION('',(0.,1.,0.));
#3594 = ADVANCED_FACE('',(#3595),#3620,.T.);
#3595 = FACE_BOUND('',#3596,.T.);
#3596 = EDGE_LOOP('',(#3597,#3607,#3613,#3614));
#3597 = ORIENTED_EDGE('',*,*,#3598,.T.);
#3598 = EDGE_CURVE('',#3599,#3601,#3603,.T.);
#3599 = VERTEX_POINT('',#3600);
#3600 = CARTESIAN_POINT('',(1.4,-1.225,1.79));
#3601 = VERTEX_POINT('',#3602);
#3602 = CARTESIAN_POINT('',(1.4,-1.225,2.14));
#3603 = LINE('',#3604,#3605);
#3604 = CARTESIAN_POINT('',(1.4,-1.225,1.79));
#3605 = VECTOR('',#3606,1.);
#3606 = DIRECTION('',(0.,0.,1.));
#3607 = ORIENTED_EDGE('',*,*,#3608,.T.);
#3608 = EDGE_CURVE('',#3601,#3259,#3609,.T.);
#3609 = LINE('',#3610,#3611);
#3610 = CARTESIAN_POINT('',(1.4,-1.225,2.14));
#3611 = VECTOR('',#3612,1.);
#3612 = DIRECTION('',(0.,1.,0.));
#3613 = ORIENTED_EDGE('',*,*,#3258,.T.);
#3614 = ORIENTED_EDGE('',*,*,#3615,.T.);
#3615 = EDGE_CURVE('',#3261,#3599,#3616,.T.);
#3616 = LINE('',#3617,#3618);
#3617 = CARTESIAN_POINT('',(1.4,0.525,1.66));
#3618 = VECTOR('',#3619,1.);
#3619 = DIRECTION('',(0.,-0.997252183706,7.408159078957E-02));
#3620 = PLANE('',#3621);
#3621 = AXIS2_PLACEMENT_3D('',#3622,#3623,#3624);
#3622 = CARTESIAN_POINT('',(1.4,-0.323759014354,1.931294517928));
#3623 = DIRECTION('',(-1.,-0.,-0.));
#3624 = DIRECTION('',(0.,0.,-1.));
#3625 = ADVANCED_FACE('',(#3626),#3644,.T.);
#3626 = FACE_BOUND('',#3627,.T.);
#3627 = EDGE_LOOP('',(#3628,#3629,#3637,#3643));
#3628 = ORIENTED_EDGE('',*,*,#3284,.T.);
#3629 = ORIENTED_EDGE('',*,*,#3630,.T.);
#3630 = EDGE_CURVE('',#3277,#3631,#3633,.T.);
#3631 = VERTEX_POINT('',#3632);
#3632 = CARTESIAN_POINT('',(1.6,-1.225,1.79));
#3633 = LINE('',#3634,#3635);
#3634 = CARTESIAN_POINT('',(1.6,0.525,1.66));
#3635 = VECTOR('',#3636,1.);
#3636 = DIRECTION('',(0.,-0.997252183706,7.408159078957E-02));
#3637 = ORIENTED_EDGE('',*,*,#3638,.F.);
#3638 = EDGE_CURVE('',#3599,#3631,#3639,.T.);
#3639 = LINE('',#3640,#3641);
#3640 = CARTESIAN_POINT('',(1.4,-1.225,1.79));
#3641 = VECTOR('',#3642,1.);
#3642 = DIRECTION('',(1.,0.,0.));
#3643 = ORIENTED_EDGE('',*,*,#3615,.F.);
#3644 = PLANE('',#3645);
#3645 = AXIS2_PLACEMENT_3D('',#3646,#3647,#3648);
#3646 = CARTESIAN_POINT('',(1.4,0.525,1.66));
#3647 = DIRECTION('',(0.,-7.408159078957E-02,-0.997252183706));
#3648 = DIRECTION('',(0.,-0.997252183706,7.408159078957E-02));
#3649 = ADVANCED_FACE('',(#3650),#3668,.F.);
#3650 = FACE_BOUND('',#3651,.F.);
#3651 = EDGE_LOOP('',(#3652,#3660,#3666,#3667));
#3652 = ORIENTED_EDGE('',*,*,#3653,.T.);
#3653 = EDGE_CURVE('',#3631,#3654,#3656,.T.);
#3654 = VERTEX_POINT('',#3655);
#3655 = CARTESIAN_POINT('',(1.6,-1.225,2.14));
#3656 = LINE('',#3657,#3658);
#3657 = CARTESIAN_POINT('',(1.6,-1.225,1.79));
#3658 = VECTOR('',#3659,1.);
#3659 = DIRECTION('',(0.,0.,1.));
#3660 = ORIENTED_EDGE('',*,*,#3661,.T.);
#3661 = EDGE_CURVE('',#3654,#3269,#3662,.T.);
#3662 = LINE('',#3663,#3664);
#3663 = CARTESIAN_POINT('',(1.6,-1.225,2.14));
#3664 = VECTOR('',#3665,1.);
#3665 = DIRECTION('',(0.,1.,0.));
#3666 = ORIENTED_EDGE('',*,*,#3276,.T.);
#3667 = ORIENTED_EDGE('',*,*,#3630,.T.);
#3668 = PLANE('',#3669);
#3669 = AXIS2_PLACEMENT_3D('',#3670,#3671,#3672);
#3670 = CARTESIAN_POINT('',(1.6,-0.323759014354,1.931294517928));
#3671 = DIRECTION('',(-1.,-0.,-0.));
#3672 = DIRECTION('',(0.,0.,-1.));
#3673 = ADVANCED_FACE('',(#3674),#3685,.T.);
#3674 = FACE_BOUND('',#3675,.T.);
#3675 = EDGE_LOOP('',(#3676,#3682,#3683,#3684));
#3676 = ORIENTED_EDGE('',*,*,#3677,.T.);
#3677 = EDGE_CURVE('',#3601,#3654,#3678,.T.);
#3678 = LINE('',#3679,#3680);
#3679 = CARTESIAN_POINT('',(1.4,-1.225,2.14));
#3680 = VECTOR('',#3681,1.);
#3681 = DIRECTION('',(1.,0.,0.));
#3682 = ORIENTED_EDGE('',*,*,#3661,.T.);
#3683 = ORIENTED_EDGE('',*,*,#3268,.F.);
#3684 = ORIENTED_EDGE('',*,*,#3608,.F.);
#3685 = PLANE('',#3686);
#3686 = AXIS2_PLACEMENT_3D('',#3687,#3688,#3689);
#3687 = CARTESIAN_POINT('',(1.4,-1.225,2.14));
#3688 = DIRECTION('',(0.,0.,1.));
#3689 = DIRECTION('',(0.,1.,0.));
#3690 = ADVANCED_FACE('',(#3691),#3697,.T.);
#3691 = FACE_BOUND('',#3692,.T.);
#3692 = EDGE_LOOP('',(#3693,#3694,#3695,#3696));
#3693 = ORIENTED_EDGE('',*,*,#3319,.T.);
#3694 = ORIENTED_EDGE('',*,*,#3341,.T.);
#3695 = ORIENTED_EDGE('',*,*,#3365,.F.);
#3696 = ORIENTED_EDGE('',*,*,#3389,.F.);
#3697 = PLANE('',#3698);
#3698 = AXIS2_PLACEMENT_3D('',#3699,#3700,#3701);
#3699 = CARTESIAN_POINT('',(-1.6,-1.225,1.79));
#3700 = DIRECTION('',(0.,-1.,0.));
#3701 = DIRECTION('',(0.,0.,1.));
#3702 = ADVANCED_FACE('',(#3703),#3709,.T.);
#3703 = FACE_BOUND('',#3704,.T.);
#3704 = EDGE_LOOP('',(#3705,#3706,#3707,#3708));
#3705 = ORIENTED_EDGE('',*,*,#3446,.T.);
#3706 = ORIENTED_EDGE('',*,*,#3461,.T.);
#3707 = ORIENTED_EDGE('',*,*,#3485,.F.);
#3708 = ORIENTED_EDGE('',*,*,#3406,.F.);
#3709 = PLANE('',#3710);
#3710 = AXIS2_PLACEMENT_3D('',#3711,#3712,#3713);
#3711 = CARTESIAN_POINT('',(-0.6,-1.225,1.79));
#3712 = DIRECTION('',(0.,-1.,0.));
#3713 = DIRECTION('',(0.,0.,1.));
#3714 = ADVANCED_FACE('',(#3715),#3721,.T.);
#3715 = FACE_BOUND('',#3716,.T.);
#3716 = EDGE_LOOP('',(#3717,#3718,#3719,#3720));
#3717 = ORIENTED_EDGE('',*,*,#3542,.T.);
#3718 = ORIENTED_EDGE('',*,*,#3557,.T.);
#3719 = ORIENTED_EDGE('',*,*,#3581,.F.);
#3720 = ORIENTED_EDGE('',*,*,#3502,.F.);
#3721 = PLANE('',#3722);
#3722 = AXIS2_PLACEMENT_3D('',#3723,#3724,#3725);
#3723 = CARTESIAN_POINT('',(0.4,-1.225,1.79));
#3724 = DIRECTION('',(0.,-1.,0.));
#3725 = DIRECTION('',(0.,0.,1.));
#3726 = ADVANCED_FACE('',(#3727),#3733,.T.);
#3727 = FACE_BOUND('',#3728,.T.);
#3728 = EDGE_LOOP('',(#3729,#3730,#3731,#3732));
#3729 = ORIENTED_EDGE('',*,*,#3638,.T.);
#3730 = ORIENTED_EDGE('',*,*,#3653,.T.);
#3731 = ORIENTED_EDGE('',*,*,#3677,.F.);
#3732 = ORIENTED_EDGE('',*,*,#3598,.F.);
#3733 = PLANE('',#3734);
#3734 = AXIS2_PLACEMENT_3D('',#3735,#3736,#3737);
#3735 = CARTESIAN_POINT('',(1.4,-1.225,1.79));
#3736 = DIRECTION('',(0.,-1.,0.));
#3737 = DIRECTION('',(0.,0.,1.));
#3738 = ( GEOMETRIC_REPRESENTATION_CONTEXT(3) 
GLOBAL_UNCERTAINTY_ASSIGNED_CONTEXT((#3742)) 
GLOBAL_UNIT_ASSIGNED_CONTEXT((#3739,#3740,#3741)) REPRESENTATION_CONTEXT
('Context #1','3D Context with UNIT and UNCERTAINTY') );
#3739 = ( LENGTH_UNIT() NAMED_UNIT(*) SI_UNIT(.MILLI.,.METRE.) );
#3740 = ( NAMED_UNIT(*) PLANE_ANGLE_UNIT() SI_UNIT($,.RADIAN.) );
#3741 = ( NAMED_UNIT(*) SI_UNIT($,.STERADIAN.) SOLID_ANGLE_UNIT() );
#3742 = UNCERTAINTY_MEASURE_WITH_UNIT(LENGTH_MEASURE(1.E-07),#3739,
  'distance_accuracy_value','confusion accuracy');
#3743 = CONTEXT_DEPENDENT_SHAPE_REPRESENTATION(#3744,#3746);
#3744 = ( REPRESENTATION_RELATIONSHIP('','',#933,#10) 
REPRESENTATION_RELATIONSHIP_WITH_TRANSFORMATION(#3745) 
SHAPE_REPRESENTATION_RELATIONSHIP() );
#3745 = ITEM_DEFINED_TRANSFORMATION('','',#11,#19);
#3746 = PRODUCT_DEFINITION_SHAPE('Placement','Placement of an item',
  #3747);
#3747 = NEXT_ASSEMBLY_USAGE_OCCURRENCE('2','J7','',#5,#928,$);
#3748 = PRODUCT_RELATED_PRODUCT_CATEGORY('part',$,(#930));
#3749 = CONTEXT_DEPENDENT_SHAPE_REPRESENTATION(#3750,#3752);
#3750 = ( REPRESENTATION_RELATIONSHIP('','',#933,#10) 
REPRESENTATION_RELATIONSHIP_WITH_TRANSFORMATION(#3751) 
SHAPE_REPRESENTATION_RELATIONSHIP() );
#3751 = ITEM_DEFINED_TRANSFORMATION('','',#11,#23);
#3752 = PRODUCT_DEFINITION_SHAPE('Placement','Placement of an item',
  #3753);
#3753 = NEXT_ASSEMBLY_USAGE_OCCURRENCE('3','J1','',#5,#928,$);
#3754 = SHAPE_DEFINITION_REPRESENTATION(#3755,#3761);
#3755 = PRODUCT_DEFINITION_SHAPE('','',#3756);
#3756 = PRODUCT_DEFINITION('design','',#3757,#3760);
#3757 = PRODUCT_DEFINITION_FORMATION('','',#3758);
#3758 = PRODUCT('R_0402_1005Metric','R_0402_1005Metric','',(#3759));
#3759 = PRODUCT_CONTEXT('',#2,'mechanical');
#3760 = PRODUCT_DEFINITION_CONTEXT('part definition',#2,'design');
#3761 = ADVANCED_BREP_SHAPE_REPRESENTATION('',(#11,#3762),#4552);
#3762 = MANIFOLD_SOLID_BREP('',#3763);
#3763 = CLOSED_SHELL('',(#3764,#3804,#3887,#3912,#3937,#4004,#4021,#4038
    ,#4087,#4104,#4121,#4170,#4187,#4256,#4287,#4311,#4380,#4404,#4421,
    #4438,#4455,#4472,#4489,#4506,#4523,#4540));
#3764 = ADVANCED_FACE('',(#3765),#3799,.F.);
#3765 = FACE_BOUND('',#3766,.F.);
#3766 = EDGE_LOOP('',(#3767,#3777,#3785,#3793));
#3767 = ORIENTED_EDGE('',*,*,#3768,.F.);
#3768 = EDGE_CURVE('',#3769,#3771,#3773,.T.);
#3769 = VERTEX_POINT('',#3770);
#3770 = CARTESIAN_POINT('',(-0.5,-0.25,3.5E-02));
#3771 = VERTEX_POINT('',#3772);
#3772 = CARTESIAN_POINT('',(-0.5,-0.25,0.315));
#3773 = LINE('',#3774,#3775);
#3774 = CARTESIAN_POINT('',(-0.5,-0.25,0.));
#3775 = VECTOR('',#3776,1.);
#3776 = DIRECTION('',(0.,0.,1.));
#3777 = ORIENTED_EDGE('',*,*,#3778,.T.);
#3778 = EDGE_CURVE('',#3769,#3779,#3781,.T.);
#3779 = VERTEX_POINT('',#3780);
#3780 = CARTESIAN_POINT('',(-0.5,0.25,3.5E-02));
#3781 = LINE('',#3782,#3783);
#3782 = CARTESIAN_POINT('',(-0.5,-0.25,3.5E-02));
#3783 = VECTOR('',#3784,1.);
#3784 = DIRECTION('',(0.,1.,0.));
#3785 = ORIENTED_EDGE('',*,*,#3786,.T.);
#3786 = EDGE_CURVE('',#3779,#3787,#3789,.T.);
#3787 = VERTEX_POINT('',#3788);
#3788 = CARTESIAN_POINT('',(-0.5,0.25,0.315));
#3789 = LINE('',#3790,#3791);
#3790 = CARTESIAN_POINT('',(-0.5,0.25,0.));
#3791 = VECTOR('',#3792,1.);
#3792 = DIRECTION('',(0.,0.,1.));
#3793 = ORIENTED_EDGE('',*,*,#3794,.F.);
#3794 = EDGE_CURVE('',#3771,#3787,#3795,.T.);
#3795 = LINE('',#3796,#3797);
#3796 = CARTESIAN_POINT('',(-0.5,-0.25,0.315));
#3797 = VECTOR('',#3798,1.);
#3798 = DIRECTION('',(0.,1.,0.));
#3799 = PLANE('',#3800);
#3800 = AXIS2_PLACEMENT_3D('',#3801,#3802,#3803);
#3801 = CARTESIAN_POINT('',(-0.5,-0.25,0.));
#3802 = DIRECTION('',(1.,0.,0.));
#3803 = DIRECTION('',(0.,0.,1.));
#3804 = ADVANCED_FACE('',(#3805),#3882,.F.);
#3805 = FACE_BOUND('',#3806,.F.);
#3806 = EDGE_LOOP('',(#3807,#3817,#3824,#3825,#3834,#3842,#3851,#3859,
    #3867,#3875));
#3807 = ORIENTED_EDGE('',*,*,#3808,.F.);
#3808 = EDGE_CURVE('',#3809,#3811,#3813,.T.);
#3809 = VERTEX_POINT('',#3810);
#3810 = CARTESIAN_POINT('',(-0.465,-0.25,-2.775557561563E-17));
#3811 = VERTEX_POINT('',#3812);
#3812 = CARTESIAN_POINT('',(-0.335,-0.25,-2.775557561563E-17));
#3813 = LINE('',#3814,#3815);
#3814 = CARTESIAN_POINT('',(-0.5,-0.25,0.));
#3815 = VECTOR('',#3816,1.);
#3816 = DIRECTION('',(1.,0.,0.));
#3817 = ORIENTED_EDGE('',*,*,#3818,.F.);
#3818 = EDGE_CURVE('',#3769,#3809,#3819,.T.);
#3819 = CIRCLE('',#3820,3.5E-02);
#3820 = AXIS2_PLACEMENT_3D('',#3821,#3822,#3823);
#3821 = CARTESIAN_POINT('',(-0.465,-0.25,3.5E-02));
#3822 = DIRECTION('',(0.,-1.,0.));
#3823 = DIRECTION('',(0.,0.,1.));
#3824 = ORIENTED_EDGE('',*,*,#3768,.T.);
#3825 = ORIENTED_EDGE('',*,*,#3826,.T.);
#3826 = EDGE_CURVE('',#3771,#3827,#3829,.T.);
#3827 = VERTEX_POINT('',#3828);
#3828 = CARTESIAN_POINT('',(-0.465,-0.25,0.35));
#3829 = CIRCLE('',#3830,3.5E-02);
#3830 = AXIS2_PLACEMENT_3D('',#3831,#3832,#3833);
#3831 = CARTESIAN_POINT('',(-0.465,-0.25,0.315));
#3832 = DIRECTION('',(0.,1.,0.));
#3833 = DIRECTION('',(0.,-0.,1.));
#3834 = ORIENTED_EDGE('',*,*,#3835,.T.);
#3835 = EDGE_CURVE('',#3827,#3836,#3838,.T.);
#3836 = VERTEX_POINT('',#3837);
#3837 = CARTESIAN_POINT('',(-0.335,-0.25,0.35));
#3838 = LINE('',#3839,#3840);
#3839 = CARTESIAN_POINT('',(-0.5,-0.25,0.35));
#3840 = VECTOR('',#3841,1.);
#3841 = DIRECTION('',(1.,0.,0.));
#3842 = ORIENTED_EDGE('',*,*,#3843,.F.);
#3843 = EDGE_CURVE('',#3844,#3836,#3846,.T.);
#3844 = VERTEX_POINT('',#3845);
#3845 = CARTESIAN_POINT('',(-0.3,-0.25,0.315));
#3846 = CIRCLE('',#3847,3.5E-02);
#3847 = AXIS2_PLACEMENT_3D('',#3848,#3849,#3850);
#3848 = CARTESIAN_POINT('',(-0.335,-0.25,0.315));
#3849 = DIRECTION('',(0.,-1.,0.));
#3850 = DIRECTION('',(0.,0.,1.));
#3851 = ORIENTED_EDGE('',*,*,#3852,.F.);
#3852 = EDGE_CURVE('',#3853,#3844,#3855,.T.);
#3853 = VERTEX_POINT('',#3854);
#3854 = CARTESIAN_POINT('',(-0.465,-0.25,0.315));
#3855 = LINE('',#3856,#3857);
#3856 = CARTESIAN_POINT('',(-0.465,-0.25,0.315));
#3857 = VECTOR('',#3858,1.);
#3858 = DIRECTION('',(1.,0.,0.));
#3859 = ORIENTED_EDGE('',*,*,#3860,.F.);
#3860 = EDGE_CURVE('',#3861,#3853,#3863,.T.);
#3861 = VERTEX_POINT('',#3862);
#3862 = CARTESIAN_POINT('',(-0.465,-0.25,3.5E-02));
#3863 = LINE('',#3864,#3865);
#3864 = CARTESIAN_POINT('',(-0.465,-0.25,3.5E-02));
#3865 = VECTOR('',#3866,1.);
#3866 = DIRECTION('',(0.,0.,1.));
#3867 = ORIENTED_EDGE('',*,*,#3868,.T.);
#3868 = EDGE_CURVE('',#3861,#3869,#3871,.T.);
#3869 = VERTEX_POINT('',#3870);
#3870 = CARTESIAN_POINT('',(-0.3,-0.25,3.5E-02));
#3871 = LINE('',#3872,#3873);
#3872 = CARTESIAN_POINT('',(-0.465,-0.25,3.5E-02));
#3873 = VECTOR('',#3874,1.);
#3874 = DIRECTION('',(1.,0.,0.));
#3875 = ORIENTED_EDGE('',*,*,#3876,.T.);
#3876 = EDGE_CURVE('',#3869,#3811,#3877,.T.);
#3877 = CIRCLE('',#3878,3.5E-02);
#3878 = AXIS2_PLACEMENT_3D('',#3879,#3880,#3881);
#3879 = CARTESIAN_POINT('',(-0.335,-0.25,3.5E-02));
#3880 = DIRECTION('',(0.,1.,0.));
#3881 = DIRECTION('',(0.,-0.,1.));
#3882 = PLANE('',#3883);
#3883 = AXIS2_PLACEMENT_3D('',#3884,#3885,#3886);
#3884 = CARTESIAN_POINT('',(-0.5,-0.25,0.));
#3885 = DIRECTION('',(0.,1.,0.));
#3886 = DIRECTION('',(0.,-0.,1.));
#3887 = ADVANCED_FACE('',(#3888),#3907,.T.);
#3888 = FACE_BOUND('',#3889,.T.);
#3889 = EDGE_LOOP('',(#3890,#3891,#3900,#3906));
#3890 = ORIENTED_EDGE('',*,*,#3778,.T.);
#3891 = ORIENTED_EDGE('',*,*,#3892,.T.);
#3892 = EDGE_CURVE('',#3779,#3893,#3895,.T.);
#3893 = VERTEX_POINT('',#3894);
#3894 = CARTESIAN_POINT('',(-0.465,0.25,-2.775557561563E-17));
#3895 = CIRCLE('',#3896,3.5E-02);
#3896 = AXIS2_PLACEMENT_3D('',#3897,#3898,#3899);
#3897 = CARTESIAN_POINT('',(-0.465,0.25,3.5E-02));
#3898 = DIRECTION('',(0.,-1.,0.));
#3899 = DIRECTION('',(0.,0.,1.));
#3900 = ORIENTED_EDGE('',*,*,#3901,.F.);
#3901 = EDGE_CURVE('',#3809,#3893,#3902,.T.);
#3902 = LINE('',#3903,#3904);
#3903 = CARTESIAN_POINT('',(-0.465,-0.25,-2.775557561563E-17));
#3904 = VECTOR('',#3905,1.);
#3905 = DIRECTION('',(0.,1.,0.));
#3906 = ORIENTED_EDGE('',*,*,#3818,.F.);
#3907 = CYLINDRICAL_SURFACE('',#3908,3.5E-02);
#3908 = AXIS2_PLACEMENT_3D('',#3909,#3910,#3911);
#3909 = CARTESIAN_POINT('',(-0.465,-0.25,3.5E-02));
#3910 = DIRECTION('',(0.,1.,0.));
#3911 = DIRECTION('',(-1.,0.,0.));
#3912 = ADVANCED_FACE('',(#3913),#3932,.T.);
#3913 = FACE_BOUND('',#3914,.T.);
#3914 = EDGE_LOOP('',(#3915,#3916,#3924,#3931));
#3915 = ORIENTED_EDGE('',*,*,#3826,.T.);
#3916 = ORIENTED_EDGE('',*,*,#3917,.T.);
#3917 = EDGE_CURVE('',#3827,#3918,#3920,.T.);
#3918 = VERTEX_POINT('',#3919);
#3919 = CARTESIAN_POINT('',(-0.465,0.25,0.35));
#3920 = LINE('',#3921,#3922);
#3921 = CARTESIAN_POINT('',(-0.465,-0.25,0.35));
#3922 = VECTOR('',#3923,1.);
#3923 = DIRECTION('',(0.,1.,0.));
#3924 = ORIENTED_EDGE('',*,*,#3925,.F.);
#3925 = EDGE_CURVE('',#3787,#3918,#3926,.T.);
#3926 = CIRCLE('',#3927,3.5E-02);
#3927 = AXIS2_PLACEMENT_3D('',#3928,#3929,#3930);
#3928 = CARTESIAN_POINT('',(-0.465,0.25,0.315));
#3929 = DIRECTION('',(0.,1.,0.));
#3930 = DIRECTION('',(0.,-0.,1.));
#3931 = ORIENTED_EDGE('',*,*,#3794,.F.);
#3932 = CYLINDRICAL_SURFACE('',#3933,3.5E-02);
#3933 = AXIS2_PLACEMENT_3D('',#3934,#3935,#3936);
#3934 = CARTESIAN_POINT('',(-0.465,-0.25,0.315));
#3935 = DIRECTION('',(0.,1.,0.));
#3936 = DIRECTION('',(-1.,0.,0.));
#3937 = ADVANCED_FACE('',(#3938),#3999,.T.);
#3938 = FACE_BOUND('',#3939,.T.);
#3939 = EDGE_LOOP('',(#3940,#3948,#3949,#3950,#3951,#3959,#3968,#3976,
    #3984,#3992));
#3940 = ORIENTED_EDGE('',*,*,#3941,.F.);
#3941 = EDGE_CURVE('',#3893,#3942,#3944,.T.);
#3942 = VERTEX_POINT('',#3943);
#3943 = CARTESIAN_POINT('',(-0.335,0.25,-2.775557561563E-17));
#3944 = LINE('',#3945,#3946);
#3945 = CARTESIAN_POINT('',(-0.5,0.25,0.));
#3946 = VECTOR('',#3947,1.);
#3947 = DIRECTION('',(1.,0.,0.));
#3948 = ORIENTED_EDGE('',*,*,#3892,.F.);
#3949 = ORIENTED_EDGE('',*,*,#3786,.T.);
#3950 = ORIENTED_EDGE('',*,*,#3925,.T.);
#3951 = ORIENTED_EDGE('',*,*,#3952,.T.);
#3952 = EDGE_CURVE('',#3918,#3953,#3955,.T.);
#3953 = VERTEX_POINT('',#3954);
#3954 = CARTESIAN_POINT('',(-0.335,0.25,0.35));
#3955 = LINE('',#3956,#3957);
#3956 = CARTESIAN_POINT('',(-0.5,0.25,0.35));
#3957 = VECTOR('',#3958,1.);
#3958 = DIRECTION('',(1.,0.,0.));
#3959 = ORIENTED_EDGE('',*,*,#3960,.F.);
#3960 = EDGE_CURVE('',#3961,#3953,#3963,.T.);
#3961 = VERTEX_POINT('',#3962);
#3962 = CARTESIAN_POINT('',(-0.3,0.25,0.315));
#3963 = CIRCLE('',#3964,3.5E-02);
#3964 = AXIS2_PLACEMENT_3D('',#3965,#3966,#3967);
#3965 = CARTESIAN_POINT('',(-0.335,0.25,0.315));
#3966 = DIRECTION('',(0.,-1.,0.));
#3967 = DIRECTION('',(0.,0.,1.));
#3968 = ORIENTED_EDGE('',*,*,#3969,.F.);
#3969 = EDGE_CURVE('',#3970,#3961,#3972,.T.);
#3970 = VERTEX_POINT('',#3971);
#3971 = CARTESIAN_POINT('',(-0.465,0.25,0.315));
#3972 = LINE('',#3973,#3974);
#3973 = CARTESIAN_POINT('',(-0.465,0.25,0.315));
#3974 = VECTOR('',#3975,1.);
#3975 = DIRECTION('',(1.,0.,0.));
#3976 = ORIENTED_EDGE('',*,*,#3977,.F.);
#3977 = EDGE_CURVE('',#3978,#3970,#3980,.T.);
#3978 = VERTEX_POINT('',#3979);
#3979 = CARTESIAN_POINT('',(-0.465,0.25,3.5E-02));
#3980 = LINE('',#3981,#3982);
#3981 = CARTESIAN_POINT('',(-0.465,0.25,3.5E-02));
#3982 = VECTOR('',#3983,1.);
#3983 = DIRECTION('',(0.,0.,1.));
#3984 = ORIENTED_EDGE('',*,*,#3985,.T.);
#3985 = EDGE_CURVE('',#3978,#3986,#3988,.T.);
#3986 = VERTEX_POINT('',#3987);
#3987 = CARTESIAN_POINT('',(-0.3,0.25,3.5E-02));
#3988 = LINE('',#3989,#3990);
#3989 = CARTESIAN_POINT('',(-0.465,0.25,3.5E-02));
#3990 = VECTOR('',#3991,1.);
#3991 = DIRECTION('',(1.,0.,0.));
#3992 = ORIENTED_EDGE('',*,*,#3993,.T.);
#3993 = EDGE_CURVE('',#3986,#3942,#3994,.T.);
#3994 = CIRCLE('',#3995,3.5E-02);
#3995 = AXIS2_PLACEMENT_3D('',#3996,#3997,#3998);
#3996 = CARTESIAN_POINT('',(-0.335,0.25,3.5E-02));
#3997 = DIRECTION('',(0.,1.,0.));
#3998 = DIRECTION('',(0.,-0.,1.));
#3999 = PLANE('',#4000);
#4000 = AXIS2_PLACEMENT_3D('',#4001,#4002,#4003);
#4001 = CARTESIAN_POINT('',(-0.5,0.25,0.));
#4002 = DIRECTION('',(0.,1.,0.));
#4003 = DIRECTION('',(0.,-0.,1.));
#4004 = ADVANCED_FACE('',(#4005),#4016,.F.);
#4005 = FACE_BOUND('',#4006,.F.);
#4006 = EDGE_LOOP('',(#4007,#4008,#4009,#4010));
#4007 = ORIENTED_EDGE('',*,*,#3941,.F.);
#4008 = ORIENTED_EDGE('',*,*,#3901,.F.);
#4009 = ORIENTED_EDGE('',*,*,#3808,.T.);
#4010 = ORIENTED_EDGE('',*,*,#4011,.T.);
#4011 = EDGE_CURVE('',#3811,#3942,#4012,.T.);
#4012 = LINE('',#4013,#4014);
#4013 = CARTESIAN_POINT('',(-0.335,-0.25,-2.775557561563E-17));
#4014 = VECTOR('',#4015,1.);
#4015 = DIRECTION('',(0.,1.,0.));
#4016 = PLANE('',#4017);
#4017 = AXIS2_PLACEMENT_3D('',#4018,#4019,#4020);
#4018 = CARTESIAN_POINT('',(-0.5,-0.25,0.));
#4019 = DIRECTION('',(0.,0.,1.));
#4020 = DIRECTION('',(1.,0.,-0.));
#4021 = ADVANCED_FACE('',(#4022),#4033,.T.);
#4022 = FACE_BOUND('',#4023,.T.);
#4023 = EDGE_LOOP('',(#4024,#4025,#4026,#4027));
#4024 = ORIENTED_EDGE('',*,*,#3876,.T.);
#4025 = ORIENTED_EDGE('',*,*,#4011,.T.);
#4026 = ORIENTED_EDGE('',*,*,#3993,.F.);
#4027 = ORIENTED_EDGE('',*,*,#4028,.F.);
#4028 = EDGE_CURVE('',#3869,#3986,#4029,.T.);
#4029 = LINE('',#4030,#4031);
#4030 = CARTESIAN_POINT('',(-0.3,-0.25,3.5E-02));
#4031 = VECTOR('',#4032,1.);
#4032 = DIRECTION('',(0.,1.,0.));
#4033 = CYLINDRICAL_SURFACE('',#4034,3.5E-02);
#4034 = AXIS2_PLACEMENT_3D('',#4035,#4036,#4037);
#4035 = CARTESIAN_POINT('',(-0.335,-0.25,3.5E-02));
#4036 = DIRECTION('',(0.,1.,0.));
#4037 = DIRECTION('',(1.,0.,0.));
#4038 = ADVANCED_FACE('',(#4039),#4082,.F.);
#4039 = FACE_BOUND('',#4040,.F.);
#4040 = EDGE_LOOP('',(#4041,#4042,#4043,#4044,#4052,#4060,#4068,#4076));
#4041 = ORIENTED_EDGE('',*,*,#3868,.F.);
#4042 = ORIENTED_EDGE('',*,*,#3860,.T.);
#4043 = ORIENTED_EDGE('',*,*,#3852,.T.);
#4044 = ORIENTED_EDGE('',*,*,#4045,.T.);
#4045 = EDGE_CURVE('',#3844,#4046,#4048,.T.);
#4046 = VERTEX_POINT('',#4047);
#4047 = CARTESIAN_POINT('',(0.3,-0.25,0.315));
#4048 = LINE('',#4049,#4050);
#4049 = CARTESIAN_POINT('',(-0.3,-0.25,0.315));
#4050 = VECTOR('',#4051,1.);
#4051 = DIRECTION('',(1.,0.,0.));
#4052 = ORIENTED_EDGE('',*,*,#4053,.T.);
#4053 = EDGE_CURVE('',#4046,#4054,#4056,.T.);
#4054 = VERTEX_POINT('',#4055);
#4055 = CARTESIAN_POINT('',(0.465,-0.25,0.315));
#4056 = LINE('',#4057,#4058);
#4057 = CARTESIAN_POINT('',(-0.465,-0.25,0.315));
#4058 = VECTOR('',#4059,1.);
#4059 = DIRECTION('',(1.,0.,0.));
#4060 = ORIENTED_EDGE('',*,*,#4061,.F.);
#4061 = EDGE_CURVE('',#4062,#4054,#4064,.T.);
#4062 = VERTEX_POINT('',#4063);
#4063 = CARTESIAN_POINT('',(0.465,-0.25,3.5E-02));
#4064 = LINE('',#4065,#4066);
#4065 = CARTESIAN_POINT('',(0.465,-0.25,3.5E-02));
#4066 = VECTOR('',#4067,1.);
#4067 = DIRECTION('',(0.,0.,1.));
#4068 = ORIENTED_EDGE('',*,*,#4069,.F.);
#4069 = EDGE_CURVE('',#4070,#4062,#4072,.T.);
#4070 = VERTEX_POINT('',#4071);
#4071 = CARTESIAN_POINT('',(0.3,-0.25,3.5E-02));
#4072 = LINE('',#4073,#4074);
#4073 = CARTESIAN_POINT('',(-0.465,-0.25,3.5E-02));
#4074 = VECTOR('',#4075,1.);
#4075 = DIRECTION('',(1.,0.,0.));
#4076 = ORIENTED_EDGE('',*,*,#4077,.F.);
#4077 = EDGE_CURVE('',#3869,#4070,#4078,.T.);
#4078 = LINE('',#4079,#4080);
#4079 = CARTESIAN_POINT('',(-0.465,-0.25,3.5E-02));
#4080 = VECTOR('',#4081,1.);
#4081 = DIRECTION('',(1.,0.,0.));
#4082 = PLANE('',#4083);
#4083 = AXIS2_PLACEMENT_3D('',#4084,#4085,#4086);
#4084 = CARTESIAN_POINT('',(-0.465,-0.25,3.5E-02));
#4085 = DIRECTION('',(0.,1.,0.));
#4086 = DIRECTION('',(0.,-0.,1.));
#4087 = ADVANCED_FACE('',(#4088),#4099,.T.);
#4088 = FACE_BOUND('',#4089,.T.);
#4089 = EDGE_LOOP('',(#4090,#4091,#4092,#4093));
#4090 = ORIENTED_EDGE('',*,*,#3952,.F.);
#4091 = ORIENTED_EDGE('',*,*,#3917,.F.);
#4092 = ORIENTED_EDGE('',*,*,#3835,.T.);
#4093 = ORIENTED_EDGE('',*,*,#4094,.T.);
#4094 = EDGE_CURVE('',#3836,#3953,#4095,.T.);
#4095 = LINE('',#4096,#4097);
#4096 = CARTESIAN_POINT('',(-0.335,-0.25,0.35));
#4097 = VECTOR('',#4098,1.);
#4098 = DIRECTION('',(0.,1.,0.));
#4099 = PLANE('',#4100);
#4100 = AXIS2_PLACEMENT_3D('',#4101,#4102,#4103);
#4101 = CARTESIAN_POINT('',(-0.5,-0.25,0.35));
#4102 = DIRECTION('',(0.,0.,1.));
#4103 = DIRECTION('',(1.,0.,-0.));
#4104 = ADVANCED_FACE('',(#4105),#4116,.T.);
#4105 = FACE_BOUND('',#4106,.T.);
#4106 = EDGE_LOOP('',(#4107,#4113,#4114,#4115));
#4107 = ORIENTED_EDGE('',*,*,#4108,.T.);
#4108 = EDGE_CURVE('',#3844,#3961,#4109,.T.);
#4109 = LINE('',#4110,#4111);
#4110 = CARTESIAN_POINT('',(-0.3,-0.25,0.315));
#4111 = VECTOR('',#4112,1.);
#4112 = DIRECTION('',(0.,1.,0.));
#4113 = ORIENTED_EDGE('',*,*,#3960,.T.);
#4114 = ORIENTED_EDGE('',*,*,#4094,.F.);
#4115 = ORIENTED_EDGE('',*,*,#3843,.F.);
#4116 = CYLINDRICAL_SURFACE('',#4117,3.5E-02);
#4117 = AXIS2_PLACEMENT_3D('',#4118,#4119,#4120);
#4118 = CARTESIAN_POINT('',(-0.335,-0.25,0.315));
#4119 = DIRECTION('',(0.,1.,0.));
#4120 = DIRECTION('',(1.,0.,0.));
#4121 = ADVANCED_FACE('',(#4122),#4165,.T.);
#4122 = FACE_BOUND('',#4123,.T.);
#4123 = EDGE_LOOP('',(#4124,#4125,#4126,#4127,#4135,#4143,#4151,#4159));
#4124 = ORIENTED_EDGE('',*,*,#3985,.F.);
#4125 = ORIENTED_EDGE('',*,*,#3977,.T.);
#4126 = ORIENTED_EDGE('',*,*,#3969,.T.);
#4127 = ORIENTED_EDGE('',*,*,#4128,.T.);
#4128 = EDGE_CURVE('',#3961,#4129,#4131,.T.);
#4129 = VERTEX_POINT('',#4130);
#4130 = CARTESIAN_POINT('',(0.3,0.25,0.315));
#4131 = LINE('',#4132,#4133);
#4132 = CARTESIAN_POINT('',(-0.3,0.25,0.315));
#4133 = VECTOR('',#4134,1.);
#4134 = DIRECTION('',(1.,0.,0.));
#4135 = ORIENTED_EDGE('',*,*,#4136,.T.);
#4136 = EDGE_CURVE('',#4129,#4137,#4139,.T.);
#4137 = VERTEX_POINT('',#4138);
#4138 = CARTESIAN_POINT('',(0.465,0.25,0.315));
#4139 = LINE('',#4140,#4141);
#4140 = CARTESIAN_POINT('',(-0.465,0.25,0.315));
#4141 = VECTOR('',#4142,1.);
#4142 = DIRECTION('',(1.,0.,0.));
#4143 = ORIENTED_EDGE('',*,*,#4144,.F.);
#4144 = EDGE_CURVE('',#4145,#4137,#4147,.T.);
#4145 = VERTEX_POINT('',#4146);
#4146 = CARTESIAN_POINT('',(0.465,0.25,3.5E-02));
#4147 = LINE('',#4148,#4149);
#4148 = CARTESIAN_POINT('',(0.465,0.25,3.5E-02));
#4149 = VECTOR('',#4150,1.);
#4150 = DIRECTION('',(0.,0.,1.));
#4151 = ORIENTED_EDGE('',*,*,#4152,.F.);
#4152 = EDGE_CURVE('',#4153,#4145,#4155,.T.);
#4153 = VERTEX_POINT('',#4154);
#4154 = CARTESIAN_POINT('',(0.3,0.25,3.5E-02));
#4155 = LINE('',#4156,#4157);
#4156 = CARTESIAN_POINT('',(-0.465,0.25,3.5E-02));
#4157 = VECTOR('',#4158,1.);
#4158 = DIRECTION('',(1.,0.,0.));
#4159 = ORIENTED_EDGE('',*,*,#4160,.F.);
#4160 = EDGE_CURVE('',#3986,#4153,#4161,.T.);
#4161 = LINE('',#4162,#4163);
#4162 = CARTESIAN_POINT('',(-0.465,0.25,3.5E-02));
#4163 = VECTOR('',#4164,1.);
#4164 = DIRECTION('',(1.,0.,0.));
#4165 = PLANE('',#4166);
#4166 = AXIS2_PLACEMENT_3D('',#4167,#4168,#4169);
#4167 = CARTESIAN_POINT('',(-0.465,0.25,3.5E-02));
#4168 = DIRECTION('',(0.,1.,0.));
#4169 = DIRECTION('',(0.,-0.,1.));
#4170 = ADVANCED_FACE('',(#4171),#4182,.F.);
#4171 = FACE_BOUND('',#4172,.F.);
#4172 = EDGE_LOOP('',(#4173,#4174,#4175,#4181));
#4173 = ORIENTED_EDGE('',*,*,#4028,.F.);
#4174 = ORIENTED_EDGE('',*,*,#4077,.T.);
#4175 = ORIENTED_EDGE('',*,*,#4176,.T.);
#4176 = EDGE_CURVE('',#4070,#4153,#4177,.T.);
#4177 = LINE('',#4178,#4179);
#4178 = CARTESIAN_POINT('',(0.3,-0.25,3.5E-02));
#4179 = VECTOR('',#4180,1.);
#4180 = DIRECTION('',(0.,1.,0.));
#4181 = ORIENTED_EDGE('',*,*,#4160,.F.);
#4182 = PLANE('',#4183);
#4183 = AXIS2_PLACEMENT_3D('',#4184,#4185,#4186);
#4184 = CARTESIAN_POINT('',(-0.465,-0.25,3.5E-02));
#4185 = DIRECTION('',(0.,0.,1.));
#4186 = DIRECTION('',(1.,0.,-0.));
#4187 = ADVANCED_FACE('',(#4188),#4251,.F.);
#4188 = FACE_BOUND('',#4189,.F.);
#4189 = EDGE_LOOP('',(#4190,#4200,#4207,#4208,#4209,#4210,#4219,#4227,
    #4236,#4244));
#4190 = ORIENTED_EDGE('',*,*,#4191,.F.);
#4191 = EDGE_CURVE('',#4192,#4194,#4196,.T.);
#4192 = VERTEX_POINT('',#4193);
#4193 = CARTESIAN_POINT('',(0.335,-0.25,-2.775557561563E-17));
#4194 = VERTEX_POINT('',#4195);
#4195 = CARTESIAN_POINT('',(0.465,-0.25,-2.775557561563E-17));
#4196 = LINE('',#4197,#4198);
#4197 = CARTESIAN_POINT('',(0.3,-0.25,0.));
#4198 = VECTOR('',#4199,1.);
#4199 = DIRECTION('',(1.,0.,0.));
#4200 = ORIENTED_EDGE('',*,*,#4201,.F.);
#4201 = EDGE_CURVE('',#4070,#4192,#4202,.T.);
#4202 = CIRCLE('',#4203,3.5E-02);
#4203 = AXIS2_PLACEMENT_3D('',#4204,#4205,#4206);
#4204 = CARTESIAN_POINT('',(0.335,-0.25,3.5E-02));
#4205 = DIRECTION('',(0.,-1.,0.));
#4206 = DIRECTION('',(0.,0.,1.));
#4207 = ORIENTED_EDGE('',*,*,#4069,.T.);
#4208 = ORIENTED_EDGE('',*,*,#4061,.T.);
#4209 = ORIENTED_EDGE('',*,*,#4053,.F.);
#4210 = ORIENTED_EDGE('',*,*,#4211,.T.);
#4211 = EDGE_CURVE('',#4046,#4212,#4214,.T.);
#4212 = VERTEX_POINT('',#4213);
#4213 = CARTESIAN_POINT('',(0.335,-0.25,0.35));
#4214 = CIRCLE('',#4215,3.5E-02);
#4215 = AXIS2_PLACEMENT_3D('',#4216,#4217,#4218);
#4216 = CARTESIAN_POINT('',(0.335,-0.25,0.315));
#4217 = DIRECTION('',(0.,1.,0.));
#4218 = DIRECTION('',(0.,-0.,1.));
#4219 = ORIENTED_EDGE('',*,*,#4220,.T.);
#4220 = EDGE_CURVE('',#4212,#4221,#4223,.T.);
#4221 = VERTEX_POINT('',#4222);
#4222 = CARTESIAN_POINT('',(0.465,-0.25,0.35));
#4223 = LINE('',#4224,#4225);
#4224 = CARTESIAN_POINT('',(0.3,-0.25,0.35));
#4225 = VECTOR('',#4226,1.);
#4226 = DIRECTION('',(1.,0.,0.));
#4227 = ORIENTED_EDGE('',*,*,#4228,.F.);
#4228 = EDGE_CURVE('',#4229,#4221,#4231,.T.);
#4229 = VERTEX_POINT('',#4230);
#4230 = CARTESIAN_POINT('',(0.5,-0.25,0.315));
#4231 = CIRCLE('',#4232,3.5E-02);
#4232 = AXIS2_PLACEMENT_3D('',#4233,#4234,#4235);
#4233 = CARTESIAN_POINT('',(0.465,-0.25,0.315));
#4234 = DIRECTION('',(0.,-1.,0.));
#4235 = DIRECTION('',(0.,0.,1.));
#4236 = ORIENTED_EDGE('',*,*,#4237,.F.);
#4237 = EDGE_CURVE('',#4238,#4229,#4240,.T.);
#4238 = VERTEX_POINT('',#4239);
#4239 = CARTESIAN_POINT('',(0.5,-0.25,3.5E-02));
#4240 = LINE('',#4241,#4242);
#4241 = CARTESIAN_POINT('',(0.5,-0.25,0.));
#4242 = VECTOR('',#4243,1.);
#4243 = DIRECTION('',(0.,0.,1.));
#4244 = ORIENTED_EDGE('',*,*,#4245,.T.);
#4245 = EDGE_CURVE('',#4238,#4194,#4246,.T.);
#4246 = CIRCLE('',#4247,3.5E-02);
#4247 = AXIS2_PLACEMENT_3D('',#4248,#4249,#4250);
#4248 = CARTESIAN_POINT('',(0.465,-0.25,3.5E-02));
#4249 = DIRECTION('',(0.,1.,0.));
#4250 = DIRECTION('',(0.,-0.,1.));
#4251 = PLANE('',#4252);
#4252 = AXIS2_PLACEMENT_3D('',#4253,#4254,#4255);
#4253 = CARTESIAN_POINT('',(0.3,-0.25,0.));
#4254 = DIRECTION('',(0.,1.,0.));
#4255 = DIRECTION('',(0.,-0.,1.));
#4256 = ADVANCED_FACE('',(#4257),#4282,.F.);
#4257 = FACE_BOUND('',#4258,.F.);
#4258 = EDGE_LOOP('',(#4259,#4260,#4268,#4276));
#4259 = ORIENTED_EDGE('',*,*,#4045,.F.);
#4260 = ORIENTED_EDGE('',*,*,#4261,.T.);
#4261 = EDGE_CURVE('',#3844,#4262,#4264,.T.);
#4262 = VERTEX_POINT('',#4263);
#4263 = CARTESIAN_POINT('',(-0.3,-0.25,0.35));
#4264 = LINE('',#4265,#4266);
#4265 = CARTESIAN_POINT('',(-0.3,-0.25,0.315));
#4266 = VECTOR('',#4267,1.);
#4267 = DIRECTION('',(0.,0.,1.));
#4268 = ORIENTED_EDGE('',*,*,#4269,.T.);
#4269 = EDGE_CURVE('',#4262,#4270,#4272,.T.);
#4270 = VERTEX_POINT('',#4271);
#4271 = CARTESIAN_POINT('',(0.3,-0.25,0.35));
#4272 = LINE('',#4273,#4274);
#4273 = CARTESIAN_POINT('',(-0.3,-0.25,0.35));
#4274 = VECTOR('',#4275,1.);
#4275 = DIRECTION('',(1.,0.,0.));
#4276 = ORIENTED_EDGE('',*,*,#4277,.F.);
#4277 = EDGE_CURVE('',#4046,#4270,#4278,.T.);
#4278 = LINE('',#4279,#4280);
#4279 = CARTESIAN_POINT('',(0.3,-0.25,0.315));
#4280 = VECTOR('',#4281,1.);
#4281 = DIRECTION('',(0.,0.,1.));
#4282 = PLANE('',#4283);
#4283 = AXIS2_PLACEMENT_3D('',#4284,#4285,#4286);
#4284 = CARTESIAN_POINT('',(-0.3,-0.25,0.315));
#4285 = DIRECTION('',(0.,1.,0.));
#4286 = DIRECTION('',(0.,-0.,1.));
#4287 = ADVANCED_FACE('',(#4288),#4306,.F.);
#4288 = FACE_BOUND('',#4289,.F.);
#4289 = EDGE_LOOP('',(#4290,#4291,#4292,#4300));
#4290 = ORIENTED_EDGE('',*,*,#4261,.F.);
#4291 = ORIENTED_EDGE('',*,*,#4108,.T.);
#4292 = ORIENTED_EDGE('',*,*,#4293,.T.);
#4293 = EDGE_CURVE('',#3961,#4294,#4296,.T.);
#4294 = VERTEX_POINT('',#4295);
#4295 = CARTESIAN_POINT('',(-0.3,0.25,0.35));
#4296 = LINE('',#4297,#4298);
#4297 = CARTESIAN_POINT('',(-0.3,0.25,0.315));
#4298 = VECTOR('',#4299,1.);
#4299 = DIRECTION('',(0.,0.,1.));
#4300 = ORIENTED_EDGE('',*,*,#4301,.F.);
#4301 = EDGE_CURVE('',#4262,#4294,#4302,.T.);
#4302 = LINE('',#4303,#4304);
#4303 = CARTESIAN_POINT('',(-0.3,-0.25,0.35));
#4304 = VECTOR('',#4305,1.);
#4305 = DIRECTION('',(0.,1.,0.));
#4306 = PLANE('',#4307);
#4307 = AXIS2_PLACEMENT_3D('',#4308,#4309,#4310);
#4308 = CARTESIAN_POINT('',(-0.3,-0.25,0.315));
#4309 = DIRECTION('',(1.,0.,0.));
#4310 = DIRECTION('',(0.,0.,1.));
#4311 = ADVANCED_FACE('',(#4312),#4375,.T.);
#4312 = FACE_BOUND('',#4313,.T.);
#4313 = EDGE_LOOP('',(#4314,#4324,#4331,#4332,#4333,#4334,#4343,#4351,
    #4360,#4368));
#4314 = ORIENTED_EDGE('',*,*,#4315,.F.);
#4315 = EDGE_CURVE('',#4316,#4318,#4320,.T.);
#4316 = VERTEX_POINT('',#4317);
#4317 = CARTESIAN_POINT('',(0.335,0.25,-2.775557561563E-17));
#4318 = VERTEX_POINT('',#4319);
#4319 = CARTESIAN_POINT('',(0.465,0.25,-2.775557561563E-17));
#4320 = LINE('',#4321,#4322);
#4321 = CARTESIAN_POINT('',(0.3,0.25,0.));
#4322 = VECTOR('',#4323,1.);
#4323 = DIRECTION('',(1.,0.,0.));
#4324 = ORIENTED_EDGE('',*,*,#4325,.F.);
#4325 = EDGE_CURVE('',#4153,#4316,#4326,.T.);
#4326 = CIRCLE('',#4327,3.5E-02);
#4327 = AXIS2_PLACEMENT_3D('',#4328,#4329,#4330);
#4328 = CARTESIAN_POINT('',(0.335,0.25,3.5E-02));
#4329 = DIRECTION('',(0.,-1.,0.));
#4330 = DIRECTION('',(0.,0.,1.));
#4331 = ORIENTED_EDGE('',*,*,#4152,.T.);
#4332 = ORIENTED_EDGE('',*,*,#4144,.T.);
#4333 = ORIENTED_EDGE('',*,*,#4136,.F.);
#4334 = ORIENTED_EDGE('',*,*,#4335,.T.);
#4335 = EDGE_CURVE('',#4129,#4336,#4338,.T.);
#4336 = VERTEX_POINT('',#4337);
#4337 = CARTESIAN_POINT('',(0.335,0.25,0.35));
#4338 = CIRCLE('',#4339,3.5E-02);
#4339 = AXIS2_PLACEMENT_3D('',#4340,#4341,#4342);
#4340 = CARTESIAN_POINT('',(0.335,0.25,0.315));
#4341 = DIRECTION('',(0.,1.,0.));
#4342 = DIRECTION('',(0.,-0.,1.));
#4343 = ORIENTED_EDGE('',*,*,#4344,.T.);
#4344 = EDGE_CURVE('',#4336,#4345,#4347,.T.);
#4345 = VERTEX_POINT('',#4346);
#4346 = CARTESIAN_POINT('',(0.465,0.25,0.35));
#4347 = LINE('',#4348,#4349);
#4348 = CARTESIAN_POINT('',(0.3,0.25,0.35));
#4349 = VECTOR('',#4350,1.);
#4350 = DIRECTION('',(1.,0.,0.));
#4351 = ORIENTED_EDGE('',*,*,#4352,.F.);
#4352 = EDGE_CURVE('',#4353,#4345,#4355,.T.);
#4353 = VERTEX_POINT('',#4354);
#4354 = CARTESIAN_POINT('',(0.5,0.25,0.315));
#4355 = CIRCLE('',#4356,3.5E-02);
#4356 = AXIS2_PLACEMENT_3D('',#4357,#4358,#4359);
#4357 = CARTESIAN_POINT('',(0.465,0.25,0.315));
#4358 = DIRECTION('',(0.,-1.,0.));
#4359 = DIRECTION('',(0.,0.,1.));
#4360 = ORIENTED_EDGE('',*,*,#4361,.F.);
#4361 = EDGE_CURVE('',#4362,#4353,#4364,.T.);
#4362 = VERTEX_POINT('',#4363);
#4363 = CARTESIAN_POINT('',(0.5,0.25,3.5E-02));
#4364 = LINE('',#4365,#4366);
#4365 = CARTESIAN_POINT('',(0.5,0.25,0.));
#4366 = VECTOR('',#4367,1.);
#4367 = DIRECTION('',(0.,0.,1.));
#4368 = ORIENTED_EDGE('',*,*,#4369,.T.);
#4369 = EDGE_CURVE('',#4362,#4318,#4370,.T.);
#4370 = CIRCLE('',#4371,3.5E-02);
#4371 = AXIS2_PLACEMENT_3D('',#4372,#4373,#4374);
#4372 = CARTESIAN_POINT('',(0.465,0.25,3.5E-02));
#4373 = DIRECTION('',(0.,1.,0.));
#4374 = DIRECTION('',(0.,-0.,1.));
#4375 = PLANE('',#4376);
#4376 = AXIS2_PLACEMENT_3D('',#4377,#4378,#4379);
#4377 = CARTESIAN_POINT('',(0.3,0.25,0.));
#4378 = DIRECTION('',(0.,1.,0.));
#4379 = DIRECTION('',(0.,-0.,1.));
#4380 = ADVANCED_FACE('',(#4381),#4399,.T.);
#4381 = FACE_BOUND('',#4382,.T.);
#4382 = EDGE_LOOP('',(#4383,#4384,#4385,#4393));
#4383 = ORIENTED_EDGE('',*,*,#4128,.F.);
#4384 = ORIENTED_EDGE('',*,*,#4293,.T.);
#4385 = ORIENTED_EDGE('',*,*,#4386,.T.);
#4386 = EDGE_CURVE('',#4294,#4387,#4389,.T.);
#4387 = VERTEX_POINT('',#4388);
#4388 = CARTESIAN_POINT('',(0.3,0.25,0.35));
#4389 = LINE('',#4390,#4391);
#4390 = CARTESIAN_POINT('',(-0.3,0.25,0.35));
#4391 = VECTOR('',#4392,1.);
#4392 = DIRECTION('',(1.,0.,0.));
#4393 = ORIENTED_EDGE('',*,*,#4394,.F.);
#4394 = EDGE_CURVE('',#4129,#4387,#4395,.T.);
#4395 = LINE('',#4396,#4397);
#4396 = CARTESIAN_POINT('',(0.3,0.25,0.315));
#4397 = VECTOR('',#4398,1.);
#4398 = DIRECTION('',(0.,0.,1.));
#4399 = PLANE('',#4400);
#4400 = AXIS2_PLACEMENT_3D('',#4401,#4402,#4403);
#4401 = CARTESIAN_POINT('',(-0.3,0.25,0.315));
#4402 = DIRECTION('',(0.,1.,0.));
#4403 = DIRECTION('',(0.,-0.,1.));
#4404 = ADVANCED_FACE('',(#4405),#4416,.T.);
#4405 = FACE_BOUND('',#4406,.T.);
#4406 = EDGE_LOOP('',(#4407,#4408,#4409,#4415));
#4407 = ORIENTED_EDGE('',*,*,#4176,.T.);
#4408 = ORIENTED_EDGE('',*,*,#4325,.T.);
#4409 = ORIENTED_EDGE('',*,*,#4410,.F.);
#4410 = EDGE_CURVE('',#4192,#4316,#4411,.T.);
#4411 = LINE('',#4412,#4413);
#4412 = CARTESIAN_POINT('',(0.335,-0.25,-2.775557561563E-17));
#4413 = VECTOR('',#4414,1.);
#4414 = DIRECTION('',(0.,1.,0.));
#4415 = ORIENTED_EDGE('',*,*,#4201,.F.);
#4416 = CYLINDRICAL_SURFACE('',#4417,3.5E-02);
#4417 = AXIS2_PLACEMENT_3D('',#4418,#4419,#4420);
#4418 = CARTESIAN_POINT('',(0.335,-0.25,3.5E-02));
#4419 = DIRECTION('',(0.,1.,0.));
#4420 = DIRECTION('',(-1.,0.,0.));
#4421 = ADVANCED_FACE('',(#4422),#4433,.F.);
#4422 = FACE_BOUND('',#4423,.F.);
#4423 = EDGE_LOOP('',(#4424,#4425,#4426,#4427));
#4424 = ORIENTED_EDGE('',*,*,#4315,.F.);
#4425 = ORIENTED_EDGE('',*,*,#4410,.F.);
#4426 = ORIENTED_EDGE('',*,*,#4191,.T.);
#4427 = ORIENTED_EDGE('',*,*,#4428,.T.);
#4428 = EDGE_CURVE('',#4194,#4318,#4429,.T.);
#4429 = LINE('',#4430,#4431);
#4430 = CARTESIAN_POINT('',(0.465,-0.25,-2.775557561563E-17));
#4431 = VECTOR('',#4432,1.);
#4432 = DIRECTION('',(0.,1.,0.));
#4433 = PLANE('',#4434);
#4434 = AXIS2_PLACEMENT_3D('',#4435,#4436,#4437);
#4435 = CARTESIAN_POINT('',(0.3,-0.25,0.));
#4436 = DIRECTION('',(0.,0.,1.));
#4437 = DIRECTION('',(1.,0.,-0.));
#4438 = ADVANCED_FACE('',(#4439),#4450,.T.);
#4439 = FACE_BOUND('',#4440,.T.);
#4440 = EDGE_LOOP('',(#4441,#4442,#4443,#4444));
#4441 = ORIENTED_EDGE('',*,*,#4245,.T.);
#4442 = ORIENTED_EDGE('',*,*,#4428,.T.);
#4443 = ORIENTED_EDGE('',*,*,#4369,.F.);
#4444 = ORIENTED_EDGE('',*,*,#4445,.F.);
#4445 = EDGE_CURVE('',#4238,#4362,#4446,.T.);
#4446 = LINE('',#4447,#4448);
#4447 = CARTESIAN_POINT('',(0.5,-0.25,3.5E-02));
#4448 = VECTOR('',#4449,1.);
#4449 = DIRECTION('',(0.,1.,0.));
#4450 = CYLINDRICAL_SURFACE('',#4451,3.5E-02);
#4451 = AXIS2_PLACEMENT_3D('',#4452,#4453,#4454);
#4452 = CARTESIAN_POINT('',(0.465,-0.25,3.5E-02));
#4453 = DIRECTION('',(0.,1.,0.));
#4454 = DIRECTION('',(1.,0.,0.));
#4455 = ADVANCED_FACE('',(#4456),#4467,.T.);
#4456 = FACE_BOUND('',#4457,.T.);
#4457 = EDGE_LOOP('',(#4458,#4459,#4460,#4461));
#4458 = ORIENTED_EDGE('',*,*,#4237,.F.);
#4459 = ORIENTED_EDGE('',*,*,#4445,.T.);
#4460 = ORIENTED_EDGE('',*,*,#4361,.T.);
#4461 = ORIENTED_EDGE('',*,*,#4462,.F.);
#4462 = EDGE_CURVE('',#4229,#4353,#4463,.T.);
#4463 = LINE('',#4464,#4465);
#4464 = CARTESIAN_POINT('',(0.5,-0.25,0.315));
#4465 = VECTOR('',#4466,1.);
#4466 = DIRECTION('',(0.,1.,0.));
#4467 = PLANE('',#4468);
#4468 = AXIS2_PLACEMENT_3D('',#4469,#4470,#4471);
#4469 = CARTESIAN_POINT('',(0.5,-0.25,0.));
#4470 = DIRECTION('',(1.,0.,0.));
#4471 = DIRECTION('',(0.,0.,1.));
#4472 = ADVANCED_FACE('',(#4473),#4484,.T.);
#4473 = FACE_BOUND('',#4474,.T.);
#4474 = EDGE_LOOP('',(#4475,#4476,#4477,#4483));
#4475 = ORIENTED_EDGE('',*,*,#4462,.T.);
#4476 = ORIENTED_EDGE('',*,*,#4352,.T.);
#4477 = ORIENTED_EDGE('',*,*,#4478,.F.);
#4478 = EDGE_CURVE('',#4221,#4345,#4479,.T.);
#4479 = LINE('',#4480,#4481);
#4480 = CARTESIAN_POINT('',(0.465,-0.25,0.35));
#4481 = VECTOR('',#4482,1.);
#4482 = DIRECTION('',(0.,1.,0.));
#4483 = ORIENTED_EDGE('',*,*,#4228,.F.);
#4484 = CYLINDRICAL_SURFACE('',#4485,3.5E-02);
#4485 = AXIS2_PLACEMENT_3D('',#4486,#4487,#4488);
#4486 = CARTESIAN_POINT('',(0.465,-0.25,0.315));
#4487 = DIRECTION('',(0.,1.,0.));
#4488 = DIRECTION('',(1.,0.,0.));
#4489 = ADVANCED_FACE('',(#4490),#4501,.T.);
#4490 = FACE_BOUND('',#4491,.T.);
#4491 = EDGE_LOOP('',(#4492,#4493,#4499,#4500));
#4492 = ORIENTED_EDGE('',*,*,#4344,.F.);
#4493 = ORIENTED_EDGE('',*,*,#4494,.F.);
#4494 = EDGE_CURVE('',#4212,#4336,#4495,.T.);
#4495 = LINE('',#4496,#4497);
#4496 = CARTESIAN_POINT('',(0.335,-0.25,0.35));
#4497 = VECTOR('',#4498,1.);
#4498 = DIRECTION('',(0.,1.,0.));
#4499 = ORIENTED_EDGE('',*,*,#4220,.T.);
#4500 = ORIENTED_EDGE('',*,*,#4478,.T.);
#4501 = PLANE('',#4502);
#4502 = AXIS2_PLACEMENT_3D('',#4503,#4504,#4505);
#4503 = CARTESIAN_POINT('',(0.3,-0.25,0.35));
#4504 = DIRECTION('',(0.,0.,1.));
#4505 = DIRECTION('',(1.,0.,-0.));
#4506 = ADVANCED_FACE('',(#4507),#4518,.T.);
#4507 = FACE_BOUND('',#4508,.T.);
#4508 = EDGE_LOOP('',(#4509,#4510,#4511,#4512));
#4509 = ORIENTED_EDGE('',*,*,#4211,.T.);
#4510 = ORIENTED_EDGE('',*,*,#4494,.T.);
#4511 = ORIENTED_EDGE('',*,*,#4335,.F.);
#4512 = ORIENTED_EDGE('',*,*,#4513,.F.);
#4513 = EDGE_CURVE('',#4046,#4129,#4514,.T.);
#4514 = LINE('',#4515,#4516);
#4515 = CARTESIAN_POINT('',(0.3,-0.25,0.315));
#4516 = VECTOR('',#4517,1.);
#4517 = DIRECTION('',(0.,1.,0.));
#4518 = CYLINDRICAL_SURFACE('',#4519,3.5E-02);
#4519 = AXIS2_PLACEMENT_3D('',#4520,#4521,#4522);
#4520 = CARTESIAN_POINT('',(0.335,-0.25,0.315));
#4521 = DIRECTION('',(0.,1.,0.));
#4522 = DIRECTION('',(-1.,0.,0.));
#4523 = ADVANCED_FACE('',(#4524),#4535,.T.);
#4524 = FACE_BOUND('',#4525,.T.);
#4525 = EDGE_LOOP('',(#4526,#4527,#4528,#4529));
#4526 = ORIENTED_EDGE('',*,*,#4277,.F.);
#4527 = ORIENTED_EDGE('',*,*,#4513,.T.);
#4528 = ORIENTED_EDGE('',*,*,#4394,.T.);
#4529 = ORIENTED_EDGE('',*,*,#4530,.F.);
#4530 = EDGE_CURVE('',#4270,#4387,#4531,.T.);
#4531 = LINE('',#4532,#4533);
#4532 = CARTESIAN_POINT('',(0.3,-0.25,0.35));
#4533 = VECTOR('',#4534,1.);
#4534 = DIRECTION('',(0.,1.,0.));
#4535 = PLANE('',#4536);
#4536 = AXIS2_PLACEMENT_3D('',#4537,#4538,#4539);
#4537 = CARTESIAN_POINT('',(0.3,-0.25,0.315));
#4538 = DIRECTION('',(1.,0.,0.));
#4539 = DIRECTION('',(0.,0.,1.));
#4540 = ADVANCED_FACE('',(#4541),#4547,.T.);
#4541 = FACE_BOUND('',#4542,.T.);
#4542 = EDGE_LOOP('',(#4543,#4544,#4545,#4546));
#4543 = ORIENTED_EDGE('',*,*,#4301,.F.);
#4544 = ORIENTED_EDGE('',*,*,#4269,.T.);
#4545 = ORIENTED_EDGE('',*,*,#4530,.T.);
#4546 = ORIENTED_EDGE('',*,*,#4386,.F.);
#4547 = PLANE('',#4548);
#4548 = AXIS2_PLACEMENT_3D('',#4549,#4550,#4551);
#4549 = CARTESIAN_POINT('',(-0.3,-0.25,0.35));
#4550 = DIRECTION('',(0.,0.,1.));
#4551 = DIRECTION('',(1.,0.,-0.));
#4552 = ( GEOMETRIC_REPRESENTATION_CONTEXT(3) 
GLOBAL_UNCERTAINTY_ASSIGNED_CONTEXT((#4556)) 
GLOBAL_UNIT_ASSIGNED_CONTEXT((#4553,#4554,#4555)) REPRESENTATION_CONTEXT
('Context #1','3D Context with UNIT and UNCERTAINTY') );
#4553 = ( LENGTH_UNIT() NAMED_UNIT(*) SI_UNIT(.MILLI.,.METRE.) );
#4554 = ( NAMED_UNIT(*) PLANE_ANGLE_UNIT() SI_UNIT($,.RADIAN.) );
#4555 = ( NAMED_UNIT(*) SI_UNIT($,.STERADIAN.) SOLID_ANGLE_UNIT() );
#4556 = UNCERTAINTY_MEASURE_WITH_UNIT(LENGTH_MEASURE(1.E-07),#4553,
  'distance_accuracy_value','confusion accuracy');
#4557 = CONTEXT_DEPENDENT_SHAPE_REPRESENTATION(#4558,#4560);
#4558 = ( REPRESENTATION_RELATIONSHIP('','',#3761,#10) 
REPRESENTATION_RELATIONSHIP_WITH_TRANSFORMATION(#4559) 
SHAPE_REPRESENTATION_RELATIONSHIP() );
#4559 = ITEM_DEFINED_TRANSFORMATION('','',#11,#27);
#4560 = PRODUCT_DEFINITION_SHAPE('Placement','Placement of an item',
  #4561);
#4561 = NEXT_ASSEMBLY_USAGE_OCCURRENCE('4','R1','',#5,#3756,$);
#4562 = PRODUCT_RELATED_PRODUCT_CATEGORY('part',$,(#3758));
#4563 = CONTEXT_DEPENDENT_SHAPE_REPRESENTATION(#4564,#4566);
#4564 = ( REPRESENTATION_RELATIONSHIP('','',#3761,#10) 
REPRESENTATION_RELATIONSHIP_WITH_TRANSFORMATION(#4565) 
SHAPE_REPRESENTATION_RELATIONSHIP() );
#4565 = ITEM_DEFINED_TRANSFORMATION('','',#11,#31);
#4566 = PRODUCT_DEFINITION_SHAPE('Placement','Placement of an item',
  #4567);
#4567 = NEXT_ASSEMBLY_USAGE_OCCURRENCE('5','R2','',#5,#3756,$);
#4568 = SHAPE_DEFINITION_REPRESENTATION(#4569,#4575);
#4569 = PRODUCT_DEFINITION_SHAPE('','',#4570);
#4570 = PRODUCT_DEFINITION('design','',#4571,#4574);
#4571 = PRODUCT_DEFINITION_FORMATION('','',#4572);
#4572 = PRODUCT('SOT-143','SOT-143','',(#4573));
#4573 = PRODUCT_CONTEXT('',#2,'mechanical');
#4574 = PRODUCT_DEFINITION_CONTEXT('part definition',#2,'design');
#4575 = ADVANCED_BREP_SHAPE_REPRESENTATION('',(#11,#4576),#7178);
#4576 = MANIFOLD_SOLID_BREP('',#4577);
#4577 = CLOSED_SHELL('',(#4578,#4616,#4679,#4702,#4731,#4754,#4809,#4864
    ,#4887,#4910,#4927,#4950,#5038,#5054,#5084,#5115,#5146,#5177,#5194,
    #5211,#5242,#5273,#5304,#5334,#5357,#5380,#5397,#5442,#5496,#5519,
    #5542,#5565,#5620,#5658,#5707,#5799,#5824,#5908,#5925,#6010,#6035,
    #6112,#6197,#6222,#6299,#6316,#6408,#6433,#6517,#6534,#6553,#6599,
    #6615,#6634,#6650,#6667,#6679,#6696,#6713,#6730,#6747,#6764,#6781,
    #6798,#6810,#6827,#6844,#6861,#6878,#6895,#6912,#6924,#6941,#6958,
    #6975,#6992,#7009,#7026,#7038,#7055,#7072,#7089,#7106,#7123,#7140,
    #7157,#7169));
#4578 = ADVANCED_FACE('',(#4579),#4611,.F.);
#4579 = FACE_BOUND('',#4580,.F.);
#4580 = EDGE_LOOP('',(#4581,#4591,#4598,#4606));
#4581 = ORIENTED_EDGE('',*,*,#4582,.T.);
#4582 = EDGE_CURVE('',#4583,#4585,#4587,.T.);
#4583 = VERTEX_POINT('',#4584);
#4584 = CARTESIAN_POINT('',(-0.525135072626,1.390270145251,0.1));
#4585 = VERTEX_POINT('',#4586);
#4586 = CARTESIAN_POINT('',(0.525135072626,1.390270145251,0.1));
#4587 = LINE('',#4588,#4589);
#4588 = CARTESIAN_POINT('',(-0.525135072626,1.390270145251,0.1));
#4589 = VECTOR('',#4590,1.);
#4590 = DIRECTION('',(1.,1.110223024625E-16,0.));
#4591 = ORIENTED_EDGE('',*,*,#4592,.T.);
#4592 = EDGE_CURVE('',#4585,#4593,#4595,.T.);
#4593 = VERTEX_POINT('',#4594);
#4594 = CARTESIAN_POINT('',(0.555,1.45,0.525));
#4595 = B_SPLINE_CURVE_WITH_KNOTS('',1,(#4596,#4597),.UNSPECIFIED.,.F.,
  .F.,(2,2),(0.,1.),.PIECEWISE_BEZIER_KNOTS.);
#4596 = CARTESIAN_POINT('',(0.525135072626,1.390270145251,0.1));
#4597 = CARTESIAN_POINT('',(0.555,1.45,0.525));
#4598 = ORIENTED_EDGE('',*,*,#4599,.F.);
#4599 = EDGE_CURVE('',#4600,#4593,#4602,.T.);
#4600 = VERTEX_POINT('',#4601);
#4601 = CARTESIAN_POINT('',(-0.555,1.45,0.525));
#4602 = LINE('',#4603,#4604);
#4603 = CARTESIAN_POINT('',(-0.555,1.45,0.525));
#4604 = VECTOR('',#4605,1.);
#4605 = DIRECTION('',(1.,1.110223024625E-16,0.));
#4606 = ORIENTED_EDGE('',*,*,#4607,.F.);
#4607 = EDGE_CURVE('',#4583,#4600,#4608,.T.);
#4608 = B_SPLINE_CURVE_WITH_KNOTS('',1,(#4609,#4610),.UNSPECIFIED.,.F.,
  .F.,(2,2),(0.,1.),.PIECEWISE_BEZIER_KNOTS.);
#4609 = CARTESIAN_POINT('',(-0.525135072626,1.390270145251,0.1));
#4610 = CARTESIAN_POINT('',(-0.555,1.45,0.525));
#4611 = B_SPLINE_SURFACE_WITH_KNOTS('',1,1,(
    (#4612,#4613)
    ,(#4614,#4615
    )),.UNSPECIFIED.,.F.,.F.,.F.,(2,2),(2,2),(0.,1.11),(0.,1.),
  .PIECEWISE_BEZIER_KNOTS.);
#4612 = CARTESIAN_POINT('',(-0.525135072626,1.390270145251,0.1));
#4613 = CARTESIAN_POINT('',(-0.555,1.45,0.525));
#4614 = CARTESIAN_POINT('',(0.525135072626,1.390270145251,0.1));
#4615 = CARTESIAN_POINT('',(0.555,1.45,0.525));
#4616 = ADVANCED_FACE('',(#4617),#4674,.F.);
#4617 = FACE_BOUND('',#4618,.T.);
#4618 = EDGE_LOOP('',(#4619,#4620,#4628,#4636,#4644,#4652,#4660,#4668));
#4619 = ORIENTED_EDGE('',*,*,#4582,.T.);
#4620 = ORIENTED_EDGE('',*,*,#4621,.T.);
#4621 = EDGE_CURVE('',#4585,#4622,#4624,.T.);
#4622 = VERTEX_POINT('',#4623);
#4623 = CARTESIAN_POINT('',(0.590270145251,1.325135072626,0.1));
#4624 = LINE('',#4625,#4626);
#4625 = CARTESIAN_POINT('',(0.525135072626,1.390270145251,0.1));
#4626 = VECTOR('',#4627,1.);
#4627 = DIRECTION('',(0.707106781187,-0.707106781187,0.));
#4628 = ORIENTED_EDGE('',*,*,#4629,.T.);
#4629 = EDGE_CURVE('',#4622,#4630,#4632,.T.);
#4630 = VERTEX_POINT('',#4631);
#4631 = CARTESIAN_POINT('',(0.590270145251,-1.325135072626,0.1));
#4632 = LINE('',#4633,#4634);
#4633 = CARTESIAN_POINT('',(0.590270145251,1.325135072626,0.1));
#4634 = VECTOR('',#4635,1.);
#4635 = DIRECTION('',(1.110223024625E-16,-1.,0.));
#4636 = ORIENTED_EDGE('',*,*,#4637,.T.);
#4637 = EDGE_CURVE('',#4630,#4638,#4640,.T.);
#4638 = VERTEX_POINT('',#4639);
#4639 = CARTESIAN_POINT('',(0.525135072626,-1.390270145251,0.1));
#4640 = LINE('',#4641,#4642);
#4641 = CARTESIAN_POINT('',(0.590270145251,-1.325135072626,0.1));
#4642 = VECTOR('',#4643,1.);
#4643 = DIRECTION('',(-0.707106781187,-0.707106781187,0.));
#4644 = ORIENTED_EDGE('',*,*,#4645,.T.);
#4645 = EDGE_CURVE('',#4638,#4646,#4648,.T.);
#4646 = VERTEX_POINT('',#4647);
#4647 = CARTESIAN_POINT('',(-0.525135072626,-1.390270145251,0.1));
#4648 = LINE('',#4649,#4650);
#4649 = CARTESIAN_POINT('',(0.525135072626,-1.390270145251,0.1));
#4650 = VECTOR('',#4651,1.);
#4651 = DIRECTION('',(-1.,-1.110223024625E-16,0.));
#4652 = ORIENTED_EDGE('',*,*,#4653,.T.);
#4653 = EDGE_CURVE('',#4646,#4654,#4656,.T.);
#4654 = VERTEX_POINT('',#4655);
#4655 = CARTESIAN_POINT('',(-0.590270145251,-1.325135072626,0.1));
#4656 = LINE('',#4657,#4658);
#4657 = CARTESIAN_POINT('',(-0.525135072626,-1.390270145251,0.1));
#4658 = VECTOR('',#4659,1.);
#4659 = DIRECTION('',(-0.707106781187,0.707106781187,0.));
#4660 = ORIENTED_EDGE('',*,*,#4661,.T.);
#4661 = EDGE_CURVE('',#4654,#4662,#4664,.T.);
#4662 = VERTEX_POINT('',#4663);
#4663 = CARTESIAN_POINT('',(-0.590270145251,1.325135072626,0.1));
#4664 = LINE('',#4665,#4666);
#4665 = CARTESIAN_POINT('',(-0.590270145251,-1.325135072626,0.1));
#4666 = VECTOR('',#4667,1.);
#4667 = DIRECTION('',(-1.110223024625E-16,1.,0.));
#4668 = ORIENTED_EDGE('',*,*,#4669,.T.);
#4669 = EDGE_CURVE('',#4662,#4583,#4670,.T.);
#4670 = LINE('',#4671,#4672);
#4671 = CARTESIAN_POINT('',(-0.590270145251,1.325135072626,0.1));
#4672 = VECTOR('',#4673,1.);
#4673 = DIRECTION('',(0.707106781187,0.707106781187,0.));
#4674 = PLANE('',#4675);
#4675 = AXIS2_PLACEMENT_3D('',#4676,#4677,#4678);
#4676 = CARTESIAN_POINT('',(-0.525135072626,1.390270145251,0.1));
#4677 = DIRECTION('',(0.,0.,1.));
#4678 = DIRECTION('',(0.353354583367,-0.935489464619,0.));
#4679 = ADVANCED_FACE('',(#4680),#4697,.F.);
#4680 = FACE_BOUND('',#4681,.F.);
#4681 = EDGE_LOOP('',(#4682,#4683,#4690,#4696));
#4682 = ORIENTED_EDGE('',*,*,#4621,.T.);
#4683 = ORIENTED_EDGE('',*,*,#4684,.T.);
#4684 = EDGE_CURVE('',#4622,#4685,#4687,.T.);
#4685 = VERTEX_POINT('',#4686);
#4686 = CARTESIAN_POINT('',(0.65,1.355,0.525));
#4687 = B_SPLINE_CURVE_WITH_KNOTS('',1,(#4688,#4689),.UNSPECIFIED.,.F.,
  .F.,(2,2),(0.,1.),.PIECEWISE_BEZIER_KNOTS.);
#4688 = CARTESIAN_POINT('',(0.590270145251,1.325135072626,0.1));
#4689 = CARTESIAN_POINT('',(0.65,1.355,0.525));
#4690 = ORIENTED_EDGE('',*,*,#4691,.F.);
#4691 = EDGE_CURVE('',#4593,#4685,#4692,.T.);
#4692 = LINE('',#4693,#4694);
#4693 = CARTESIAN_POINT('',(0.555,1.45,0.525));
#4694 = VECTOR('',#4695,1.);
#4695 = DIRECTION('',(0.707106781187,-0.707106781187,0.));
#4696 = ORIENTED_EDGE('',*,*,#4592,.F.);
#4697 = B_SPLINE_SURFACE_WITH_KNOTS('',1,1,(
    (#4698,#4699)
    ,(#4700,#4701
    )),.UNSPECIFIED.,.F.,.F.,.F.,(2,2),(2,2),(0.,0.134350288425),(0.,1.)
  ,.PIECEWISE_BEZIER_KNOTS.);
#4698 = CARTESIAN_POINT('',(0.525135072626,1.390270145251,0.1));
#4699 = CARTESIAN_POINT('',(0.555,1.45,0.525));
#4700 = CARTESIAN_POINT('',(0.590270145251,1.325135072626,0.1));
#4701 = CARTESIAN_POINT('',(0.65,1.355,0.525));
#4702 = ADVANCED_FACE('',(#4703),#4726,.F.);
#4703 = FACE_BOUND('',#4704,.F.);
#4704 = EDGE_LOOP('',(#4705,#4706,#4713,#4721));
#4705 = ORIENTED_EDGE('',*,*,#4599,.T.);
#4706 = ORIENTED_EDGE('',*,*,#4707,.T.);
#4707 = EDGE_CURVE('',#4593,#4708,#4710,.T.);
#4708 = VERTEX_POINT('',#4709);
#4709 = CARTESIAN_POINT('',(0.555,1.45,0.675));
#4710 = B_SPLINE_CURVE_WITH_KNOTS('',1,(#4711,#4712),.UNSPECIFIED.,.F.,
  .F.,(2,2),(0.,1.),.PIECEWISE_BEZIER_KNOTS.);
#4711 = CARTESIAN_POINT('',(0.555,1.45,0.525));
#4712 = CARTESIAN_POINT('',(0.555,1.45,0.675));
#4713 = ORIENTED_EDGE('',*,*,#4714,.F.);
#4714 = EDGE_CURVE('',#4715,#4708,#4717,.T.);
#4715 = VERTEX_POINT('',#4716);
#4716 = CARTESIAN_POINT('',(-0.555,1.45,0.675));
#4717 = LINE('',#4718,#4719);
#4718 = CARTESIAN_POINT('',(-0.555,1.45,0.675));
#4719 = VECTOR('',#4720,1.);
#4720 = DIRECTION('',(1.,1.110223024625E-16,0.));
#4721 = ORIENTED_EDGE('',*,*,#4722,.F.);
#4722 = EDGE_CURVE('',#4600,#4715,#4723,.T.);
#4723 = B_SPLINE_CURVE_WITH_KNOTS('',1,(#4724,#4725),.UNSPECIFIED.,.F.,
  .F.,(2,2),(0.,1.),.PIECEWISE_BEZIER_KNOTS.);
#4724 = CARTESIAN_POINT('',(-0.555,1.45,0.525));
#4725 = CARTESIAN_POINT('',(-0.555,1.45,0.675));
#4726 = PLANE('',#4727);
#4727 = AXIS2_PLACEMENT_3D('',#4728,#4729,#4730);
#4728 = CARTESIAN_POINT('',(-0.555,1.45,0.675));
#4729 = DIRECTION('',(1.110223024625E-16,-1.,0.));
#4730 = DIRECTION('',(1.,1.110223024625E-16,0.));
#4731 = ADVANCED_FACE('',(#4732),#4749,.F.);
#4732 = FACE_BOUND('',#4733,.F.);
#4733 = EDGE_LOOP('',(#4734,#4735,#4736,#4744));
#4734 = ORIENTED_EDGE('',*,*,#4669,.T.);
#4735 = ORIENTED_EDGE('',*,*,#4607,.T.);
#4736 = ORIENTED_EDGE('',*,*,#4737,.F.);
#4737 = EDGE_CURVE('',#4738,#4600,#4740,.T.);
#4738 = VERTEX_POINT('',#4739);
#4739 = CARTESIAN_POINT('',(-0.65,1.355,0.525));
#4740 = LINE('',#4741,#4742);
#4741 = CARTESIAN_POINT('',(-0.65,1.355,0.525));
#4742 = VECTOR('',#4743,1.);
#4743 = DIRECTION('',(0.707106781187,0.707106781187,0.));
#4744 = ORIENTED_EDGE('',*,*,#4745,.F.);
#4745 = EDGE_CURVE('',#4662,#4738,#4746,.T.);
#4746 = B_SPLINE_CURVE_WITH_KNOTS('',1,(#4747,#4748),.UNSPECIFIED.,.F.,
  .F.,(2,2),(0.,1.),.PIECEWISE_BEZIER_KNOTS.);
#4747 = CARTESIAN_POINT('',(-0.590270145251,1.325135072626,0.1));
#4748 = CARTESIAN_POINT('',(-0.65,1.355,0.525));
#4749 = B_SPLINE_SURFACE_WITH_KNOTS('',1,1,(
    (#4750,#4751)
    ,(#4752,#4753
    )),.UNSPECIFIED.,.F.,.F.,.F.,(2,2),(2,2),(0.,0.134350288425),(0.,1.)
  ,.PIECEWISE_BEZIER_KNOTS.);
#4750 = CARTESIAN_POINT('',(-0.590270145251,1.325135072626,0.1));
#4751 = CARTESIAN_POINT('',(-0.65,1.355,0.525));
#4752 = CARTESIAN_POINT('',(-0.525135072626,1.390270145251,0.1));
#4753 = CARTESIAN_POINT('',(-0.555,1.45,0.525));
#4754 = ADVANCED_FACE('',(#4755),#4804,.F.);
#4755 = FACE_BOUND('',#4756,.F.);
#4756 = EDGE_LOOP('',(#4757,#4758,#4759,#4767,#4775,#4783,#4791,#4799));
#4757 = ORIENTED_EDGE('',*,*,#4661,.T.);
#4758 = ORIENTED_EDGE('',*,*,#4745,.T.);
#4759 = ORIENTED_EDGE('',*,*,#4760,.F.);
#4760 = EDGE_CURVE('',#4761,#4738,#4763,.T.);
#4761 = VERTEX_POINT('',#4762);
#4762 = CARTESIAN_POINT('',(-0.65,1.165,0.525));
#4763 = LINE('',#4764,#4765);
#4764 = CARTESIAN_POINT('',(-0.65,-1.355,0.525));
#4765 = VECTOR('',#4766,1.);
#4766 = DIRECTION('',(-1.110223024625E-16,1.,0.));
#4767 = ORIENTED_EDGE('',*,*,#4768,.F.);
#4768 = EDGE_CURVE('',#4769,#4761,#4771,.T.);
#4769 = VERTEX_POINT('',#4770);
#4770 = CARTESIAN_POINT('',(-0.65,0.355,0.525));
#4771 = LINE('',#4772,#4773);
#4772 = CARTESIAN_POINT('',(-0.65,-1.355,0.525));
#4773 = VECTOR('',#4774,1.);
#4774 = DIRECTION('',(-1.110223024625E-16,1.,0.));
#4775 = ORIENTED_EDGE('',*,*,#4776,.F.);
#4776 = EDGE_CURVE('',#4777,#4769,#4779,.T.);
#4777 = VERTEX_POINT('',#4778);
#4778 = CARTESIAN_POINT('',(-0.65,-0.735,0.525));
#4779 = LINE('',#4780,#4781);
#4780 = CARTESIAN_POINT('',(-0.65,-1.355,0.525));
#4781 = VECTOR('',#4782,1.);
#4782 = DIRECTION('',(-1.110223024625E-16,1.,0.));
#4783 = ORIENTED_EDGE('',*,*,#4784,.F.);
#4784 = EDGE_CURVE('',#4785,#4777,#4787,.T.);
#4785 = VERTEX_POINT('',#4786);
#4786 = CARTESIAN_POINT('',(-0.65,-1.165,0.525));
#4787 = LINE('',#4788,#4789);
#4788 = CARTESIAN_POINT('',(-0.65,-1.355,0.525));
#4789 = VECTOR('',#4790,1.);
#4790 = DIRECTION('',(-1.110223024625E-16,1.,0.));
#4791 = ORIENTED_EDGE('',*,*,#4792,.F.);
#4792 = EDGE_CURVE('',#4793,#4785,#4795,.T.);
#4793 = VERTEX_POINT('',#4794);
#4794 = CARTESIAN_POINT('',(-0.65,-1.355,0.525));
#4795 = LINE('',#4796,#4797);
#4796 = CARTESIAN_POINT('',(-0.65,-1.355,0.525));
#4797 = VECTOR('',#4798,1.);
#4798 = DIRECTION('',(-1.110223024625E-16,1.,0.));
#4799 = ORIENTED_EDGE('',*,*,#4800,.F.);
#4800 = EDGE_CURVE('',#4654,#4793,#4801,.T.);
#4801 = B_SPLINE_CURVE_WITH_KNOTS('',1,(#4802,#4803),.UNSPECIFIED.,.F.,
  .F.,(2,2),(0.,1.),.PIECEWISE_BEZIER_KNOTS.);
#4802 = CARTESIAN_POINT('',(-0.590270145251,-1.325135072626,0.1));
#4803 = CARTESIAN_POINT('',(-0.65,-1.355,0.525));
#4804 = B_SPLINE_SURFACE_WITH_KNOTS('',1,1,(
    (#4805,#4806)
    ,(#4807,#4808
    )),.UNSPECIFIED.,.F.,.F.,.F.,(2,2),(2,2),(0.,2.71),(0.,1.),
  .PIECEWISE_BEZIER_KNOTS.);
#4805 = CARTESIAN_POINT('',(-0.590270145251,-1.325135072626,0.1));
#4806 = CARTESIAN_POINT('',(-0.65,-1.355,0.525));
#4807 = CARTESIAN_POINT('',(-0.590270145251,1.325135072626,0.1));
#4808 = CARTESIAN_POINT('',(-0.65,1.355,0.525));
#4809 = ADVANCED_FACE('',(#4810),#4859,.F.);
#4810 = FACE_BOUND('',#4811,.F.);
#4811 = EDGE_LOOP('',(#4812,#4813,#4820,#4828,#4836,#4844,#4852,#4858));
#4812 = ORIENTED_EDGE('',*,*,#4629,.T.);
#4813 = ORIENTED_EDGE('',*,*,#4814,.T.);
#4814 = EDGE_CURVE('',#4630,#4815,#4817,.T.);
#4815 = VERTEX_POINT('',#4816);
#4816 = CARTESIAN_POINT('',(0.65,-1.355,0.525));
#4817 = B_SPLINE_CURVE_WITH_KNOTS('',1,(#4818,#4819),.UNSPECIFIED.,.F.,
  .F.,(2,2),(0.,1.),.PIECEWISE_BEZIER_KNOTS.);
#4818 = CARTESIAN_POINT('',(0.590270145251,-1.325135072626,0.1));
#4819 = CARTESIAN_POINT('',(0.65,-1.355,0.525));
#4820 = ORIENTED_EDGE('',*,*,#4821,.F.);
#4821 = EDGE_CURVE('',#4822,#4815,#4824,.T.);
#4822 = VERTEX_POINT('',#4823);
#4823 = CARTESIAN_POINT('',(0.65,-1.165,0.525));
#4824 = LINE('',#4825,#4826);
#4825 = CARTESIAN_POINT('',(0.65,1.355,0.525));
#4826 = VECTOR('',#4827,1.);
#4827 = DIRECTION('',(1.110223024625E-16,-1.,0.));
#4828 = ORIENTED_EDGE('',*,*,#4829,.F.);
#4829 = EDGE_CURVE('',#4830,#4822,#4832,.T.);
#4830 = VERTEX_POINT('',#4831);
#4831 = CARTESIAN_POINT('',(0.65,-0.735,0.525));
#4832 = LINE('',#4833,#4834);
#4833 = CARTESIAN_POINT('',(0.65,1.355,0.525));
#4834 = VECTOR('',#4835,1.);
#4835 = DIRECTION('',(1.110223024625E-16,-1.,0.));
#4836 = ORIENTED_EDGE('',*,*,#4837,.F.);
#4837 = EDGE_CURVE('',#4838,#4830,#4840,.T.);
#4838 = VERTEX_POINT('',#4839);
#4839 = CARTESIAN_POINT('',(0.65,0.735,0.525));
#4840 = LINE('',#4841,#4842);
#4841 = CARTESIAN_POINT('',(0.65,1.355,0.525));
#4842 = VECTOR('',#4843,1.);
#4843 = DIRECTION('',(1.110223024625E-16,-1.,0.));
#4844 = ORIENTED_EDGE('',*,*,#4845,.F.);
#4845 = EDGE_CURVE('',#4846,#4838,#4848,.T.);
#4846 = VERTEX_POINT('',#4847);
#4847 = CARTESIAN_POINT('',(0.65,1.165,0.525));
#4848 = LINE('',#4849,#4850);
#4849 = CARTESIAN_POINT('',(0.65,1.355,0.525));
#4850 = VECTOR('',#4851,1.);
#4851 = DIRECTION('',(1.110223024625E-16,-1.,0.));
#4852 = ORIENTED_EDGE('',*,*,#4853,.F.);
#4853 = EDGE_CURVE('',#4685,#4846,#4854,.T.);
#4854 = LINE('',#4855,#4856);
#4855 = CARTESIAN_POINT('',(0.65,1.355,0.525));
#4856 = VECTOR('',#4857,1.);
#4857 = DIRECTION('',(1.110223024625E-16,-1.,0.));
#4858 = ORIENTED_EDGE('',*,*,#4684,.F.);
#4859 = B_SPLINE_SURFACE_WITH_KNOTS('',1,1,(
    (#4860,#4861)
    ,(#4862,#4863
    )),.UNSPECIFIED.,.F.,.F.,.F.,(2,2),(2,2),(0.,2.71),(0.,1.),
  .PIECEWISE_BEZIER_KNOTS.);
#4860 = CARTESIAN_POINT('',(0.590270145251,1.325135072626,0.1));
#4861 = CARTESIAN_POINT('',(0.65,1.355,0.525));
#4862 = CARTESIAN_POINT('',(0.590270145251,-1.325135072626,0.1));
#4863 = CARTESIAN_POINT('',(0.65,-1.355,0.525));
#4864 = ADVANCED_FACE('',(#4865),#4882,.F.);
#4865 = FACE_BOUND('',#4866,.F.);
#4866 = EDGE_LOOP('',(#4867,#4868,#4869,#4877));
#4867 = ORIENTED_EDGE('',*,*,#4653,.T.);
#4868 = ORIENTED_EDGE('',*,*,#4800,.T.);
#4869 = ORIENTED_EDGE('',*,*,#4870,.F.);
#4870 = EDGE_CURVE('',#4871,#4793,#4873,.T.);
#4871 = VERTEX_POINT('',#4872);
#4872 = CARTESIAN_POINT('',(-0.555,-1.45,0.525));
#4873 = LINE('',#4874,#4875);
#4874 = CARTESIAN_POINT('',(-0.555,-1.45,0.525));
#4875 = VECTOR('',#4876,1.);
#4876 = DIRECTION('',(-0.707106781187,0.707106781187,0.));
#4877 = ORIENTED_EDGE('',*,*,#4878,.F.);
#4878 = EDGE_CURVE('',#4646,#4871,#4879,.T.);
#4879 = B_SPLINE_CURVE_WITH_KNOTS('',1,(#4880,#4881),.UNSPECIFIED.,.F.,
  .F.,(2,2),(0.,1.),.PIECEWISE_BEZIER_KNOTS.);
#4880 = CARTESIAN_POINT('',(-0.525135072626,-1.390270145251,0.1));
#4881 = CARTESIAN_POINT('',(-0.555,-1.45,0.525));
#4882 = B_SPLINE_SURFACE_WITH_KNOTS('',1,1,(
    (#4883,#4884)
    ,(#4885,#4886
    )),.UNSPECIFIED.,.F.,.F.,.F.,(2,2),(2,2),(0.,0.134350288425),(0.,1.)
  ,.PIECEWISE_BEZIER_KNOTS.);
#4883 = CARTESIAN_POINT('',(-0.525135072626,-1.390270145251,0.1));
#4884 = CARTESIAN_POINT('',(-0.555,-1.45,0.525));
#4885 = CARTESIAN_POINT('',(-0.590270145251,-1.325135072626,0.1));
#4886 = CARTESIAN_POINT('',(-0.65,-1.355,0.525));
#4887 = ADVANCED_FACE('',(#4888),#4905,.F.);
#4888 = FACE_BOUND('',#4889,.F.);
#4889 = EDGE_LOOP('',(#4890,#4891,#4898,#4904));
#4890 = ORIENTED_EDGE('',*,*,#4637,.T.);
#4891 = ORIENTED_EDGE('',*,*,#4892,.T.);
#4892 = EDGE_CURVE('',#4638,#4893,#4895,.T.);
#4893 = VERTEX_POINT('',#4894);
#4894 = CARTESIAN_POINT('',(0.555,-1.45,0.525));
#4895 = B_SPLINE_CURVE_WITH_KNOTS('',1,(#4896,#4897),.UNSPECIFIED.,.F.,
  .F.,(2,2),(0.,1.),.PIECEWISE_BEZIER_KNOTS.);
#4896 = CARTESIAN_POINT('',(0.525135072626,-1.390270145251,0.1));
#4897 = CARTESIAN_POINT('',(0.555,-1.45,0.525));
#4898 = ORIENTED_EDGE('',*,*,#4899,.F.);
#4899 = EDGE_CURVE('',#4815,#4893,#4900,.T.);
#4900 = LINE('',#4901,#4902);
#4901 = CARTESIAN_POINT('',(0.65,-1.355,0.525));
#4902 = VECTOR('',#4903,1.);
#4903 = DIRECTION('',(-0.707106781187,-0.707106781187,0.));
#4904 = ORIENTED_EDGE('',*,*,#4814,.F.);
#4905 = B_SPLINE_SURFACE_WITH_KNOTS('',1,1,(
    (#4906,#4907)
    ,(#4908,#4909
    )),.UNSPECIFIED.,.F.,.F.,.F.,(2,2),(2,2),(0.,0.134350288425),(0.,1.)
  ,.PIECEWISE_BEZIER_KNOTS.);
#4906 = CARTESIAN_POINT('',(0.590270145251,-1.325135072626,0.1));
#4907 = CARTESIAN_POINT('',(0.65,-1.355,0.525));
#4908 = CARTESIAN_POINT('',(0.525135072626,-1.390270145251,0.1));
#4909 = CARTESIAN_POINT('',(0.555,-1.45,0.525));
#4910 = ADVANCED_FACE('',(#4911),#4922,.F.);
#4911 = FACE_BOUND('',#4912,.F.);
#4912 = EDGE_LOOP('',(#4913,#4914,#4915,#4921));
#4913 = ORIENTED_EDGE('',*,*,#4645,.T.);
#4914 = ORIENTED_EDGE('',*,*,#4878,.T.);
#4915 = ORIENTED_EDGE('',*,*,#4916,.F.);
#4916 = EDGE_CURVE('',#4893,#4871,#4917,.T.);
#4917 = LINE('',#4918,#4919);
#4918 = CARTESIAN_POINT('',(0.555,-1.45,0.525));
#4919 = VECTOR('',#4920,1.);
#4920 = DIRECTION('',(-1.,-1.110223024625E-16,0.));
#4921 = ORIENTED_EDGE('',*,*,#4892,.F.);
#4922 = B_SPLINE_SURFACE_WITH_KNOTS('',1,1,(
    (#4923,#4924)
    ,(#4925,#4926
    )),.UNSPECIFIED.,.F.,.F.,.F.,(2,2),(2,2),(0.,1.11),(0.,1.),
  .PIECEWISE_BEZIER_KNOTS.);
#4923 = CARTESIAN_POINT('',(0.525135072626,-1.390270145251,0.1));
#4924 = CARTESIAN_POINT('',(0.555,-1.45,0.525));
#4925 = CARTESIAN_POINT('',(-0.525135072626,-1.390270145251,0.1));
#4926 = CARTESIAN_POINT('',(-0.555,-1.45,0.525));
#4927 = ADVANCED_FACE('',(#4928),#4945,.F.);
#4928 = FACE_BOUND('',#4929,.F.);
#4929 = EDGE_LOOP('',(#4930,#4931,#4938,#4944));
#4930 = ORIENTED_EDGE('',*,*,#4691,.T.);
#4931 = ORIENTED_EDGE('',*,*,#4932,.T.);
#4932 = EDGE_CURVE('',#4685,#4933,#4935,.T.);
#4933 = VERTEX_POINT('',#4934);
#4934 = CARTESIAN_POINT('',(0.65,1.355,0.675));
#4935 = B_SPLINE_CURVE_WITH_KNOTS('',1,(#4936,#4937),.UNSPECIFIED.,.F.,
  .F.,(2,2),(0.,1.),.PIECEWISE_BEZIER_KNOTS.);
#4936 = CARTESIAN_POINT('',(0.65,1.355,0.525));
#4937 = CARTESIAN_POINT('',(0.65,1.355,0.675));
#4938 = ORIENTED_EDGE('',*,*,#4939,.F.);
#4939 = EDGE_CURVE('',#4708,#4933,#4940,.T.);
#4940 = LINE('',#4941,#4942);
#4941 = CARTESIAN_POINT('',(0.555,1.45,0.675));
#4942 = VECTOR('',#4943,1.);
#4943 = DIRECTION('',(0.707106781187,-0.707106781187,0.));
#4944 = ORIENTED_EDGE('',*,*,#4707,.F.);
#4945 = PLANE('',#4946);
#4946 = AXIS2_PLACEMENT_3D('',#4947,#4948,#4949);
#4947 = CARTESIAN_POINT('',(0.555,1.45,0.675));
#4948 = DIRECTION('',(-0.707106781187,-0.707106781187,0.));
#4949 = DIRECTION('',(0.707106781187,-0.707106781187,0.));
#4950 = ADVANCED_FACE('',(#4951),#5033,.F.);
#4951 = FACE_BOUND('',#4952,.F.);
#4952 = EDGE_LOOP('',(#4953,#4961,#4962,#4963,#4971,#4979,#4987,#4995,
    #5003,#5011,#5019,#5027));
#4953 = ORIENTED_EDGE('',*,*,#4954,.T.);
#4954 = EDGE_CURVE('',#4955,#4715,#4957,.T.);
#4955 = VERTEX_POINT('',#4956);
#4956 = CARTESIAN_POINT('',(-0.65,1.355,0.675));
#4957 = LINE('',#4958,#4959);
#4958 = CARTESIAN_POINT('',(-0.65,1.355,0.675));
#4959 = VECTOR('',#4960,1.);
#4960 = DIRECTION('',(0.707106781187,0.707106781187,0.));
#4961 = ORIENTED_EDGE('',*,*,#4714,.T.);
#4962 = ORIENTED_EDGE('',*,*,#4939,.T.);
#4963 = ORIENTED_EDGE('',*,*,#4964,.T.);
#4964 = EDGE_CURVE('',#4933,#4965,#4967,.T.);
#4965 = VERTEX_POINT('',#4966);
#4966 = CARTESIAN_POINT('',(0.65,1.165,0.675));
#4967 = LINE('',#4968,#4969);
#4968 = CARTESIAN_POINT('',(0.65,1.355,0.675));
#4969 = VECTOR('',#4970,1.);
#4970 = DIRECTION('',(1.110223024625E-16,-1.,0.));
#4971 = ORIENTED_EDGE('',*,*,#4972,.T.);
#4972 = EDGE_CURVE('',#4965,#4973,#4975,.T.);
#4973 = VERTEX_POINT('',#4974);
#4974 = CARTESIAN_POINT('',(0.625,1.165,0.675));
#4975 = LINE('',#4976,#4977);
#4976 = CARTESIAN_POINT('',(0.7,1.165,0.675));
#4977 = VECTOR('',#4978,1.);
#4978 = DIRECTION('',(-1.,-1.110223024625E-16,0.));
#4979 = ORIENTED_EDGE('',*,*,#4980,.F.);
#4980 = EDGE_CURVE('',#4981,#4973,#4983,.T.);
#4981 = VERTEX_POINT('',#4982);
#4982 = CARTESIAN_POINT('',(0.625,1.3425,0.675));
#4983 = LINE('',#4984,#4985);
#4984 = CARTESIAN_POINT('',(0.625,1.3425,0.675));
#4985 = VECTOR('',#4986,1.);
#4986 = DIRECTION('',(1.110223024625E-16,-1.,0.));
#4987 = ORIENTED_EDGE('',*,*,#4988,.F.);
#4988 = EDGE_CURVE('',#4989,#4981,#4991,.T.);
#4989 = VERTEX_POINT('',#4990);
#4990 = CARTESIAN_POINT('',(0.5425,1.425,0.675));
#4991 = LINE('',#4992,#4993);
#4992 = CARTESIAN_POINT('',(0.5425,1.425,0.675));
#4993 = VECTOR('',#4994,1.);
#4994 = DIRECTION('',(0.707106781187,-0.707106781187,0.));
#4995 = ORIENTED_EDGE('',*,*,#4996,.F.);
#4996 = EDGE_CURVE('',#4997,#4989,#4999,.T.);
#4997 = VERTEX_POINT('',#4998);
#4998 = CARTESIAN_POINT('',(-0.5425,1.425,0.675));
#4999 = LINE('',#5000,#5001);
#5000 = CARTESIAN_POINT('',(-0.5425,1.425,0.675));
#5001 = VECTOR('',#5002,1.);
#5002 = DIRECTION('',(1.,1.110223024625E-16,0.));
#5003 = ORIENTED_EDGE('',*,*,#5004,.F.);
#5004 = EDGE_CURVE('',#5005,#4997,#5007,.T.);
#5005 = VERTEX_POINT('',#5006);
#5006 = CARTESIAN_POINT('',(-0.625,1.3425,0.675));
#5007 = LINE('',#5008,#5009);
#5008 = CARTESIAN_POINT('',(-0.625,1.3425,0.675));
#5009 = VECTOR('',#5010,1.);
#5010 = DIRECTION('',(0.707106781187,0.707106781187,0.));
#5011 = ORIENTED_EDGE('',*,*,#5012,.F.);
#5012 = EDGE_CURVE('',#5013,#5005,#5015,.T.);
#5013 = VERTEX_POINT('',#5014);
#5014 = CARTESIAN_POINT('',(-0.625,1.165,0.675));
#5015 = LINE('',#5016,#5017);
#5016 = CARTESIAN_POINT('',(-0.625,-1.3425,0.675));
#5017 = VECTOR('',#5018,1.);
#5018 = DIRECTION('',(-1.110223024625E-16,1.,0.));
#5019 = ORIENTED_EDGE('',*,*,#5020,.F.);
#5020 = EDGE_CURVE('',#5021,#5013,#5023,.T.);
#5021 = VERTEX_POINT('',#5022);
#5022 = CARTESIAN_POINT('',(-0.65,1.165,0.675));
#5023 = LINE('',#5024,#5025);
#5024 = CARTESIAN_POINT('',(-0.7,1.165,0.675));
#5025 = VECTOR('',#5026,1.);
#5026 = DIRECTION('',(1.,-1.144237745222E-17,0.));
#5027 = ORIENTED_EDGE('',*,*,#5028,.T.);
#5028 = EDGE_CURVE('',#5021,#4955,#5029,.T.);
#5029 = LINE('',#5030,#5031);
#5030 = CARTESIAN_POINT('',(-0.65,-1.355,0.675));
#5031 = VECTOR('',#5032,1.);
#5032 = DIRECTION('',(-1.110223024625E-16,1.,0.));
#5033 = PLANE('',#5034);
#5034 = AXIS2_PLACEMENT_3D('',#5035,#5036,#5037);
#5035 = CARTESIAN_POINT('',(-5.499503515576E-17,1.4375,0.675));
#5036 = DIRECTION('',(-4.735780055487E-31,-6.662940868892E-27,-1.));
#5037 = DIRECTION('',(1.,1.113200023686E-16,-4.735780055494E-31));
#5038 = ADVANCED_FACE('',(#5039),#5049,.F.);
#5039 = FACE_BOUND('',#5040,.F.);
#5040 = EDGE_LOOP('',(#5041,#5042,#5043,#5044));
#5041 = ORIENTED_EDGE('',*,*,#4737,.T.);
#5042 = ORIENTED_EDGE('',*,*,#4722,.T.);
#5043 = ORIENTED_EDGE('',*,*,#4954,.F.);
#5044 = ORIENTED_EDGE('',*,*,#5045,.F.);
#5045 = EDGE_CURVE('',#4738,#4955,#5046,.T.);
#5046 = B_SPLINE_CURVE_WITH_KNOTS('',1,(#5047,#5048),.UNSPECIFIED.,.F.,
  .F.,(2,2),(0.,1.),.PIECEWISE_BEZIER_KNOTS.);
#5047 = CARTESIAN_POINT('',(-0.65,1.355,0.525));
#5048 = CARTESIAN_POINT('',(-0.65,1.355,0.675));
#5049 = PLANE('',#5050);
#5050 = AXIS2_PLACEMENT_3D('',#5051,#5052,#5053);
#5051 = CARTESIAN_POINT('',(-0.65,1.355,0.675));
#5052 = DIRECTION('',(0.707106781187,-0.707106781187,0.));
#5053 = DIRECTION('',(0.707106781187,0.707106781187,0.));
#5054 = ADVANCED_FACE('',(#5055),#5079,.F.);
#5055 = FACE_BOUND('',#5056,.F.);
#5056 = EDGE_LOOP('',(#5057,#5064,#5065,#5073));
#5057 = ORIENTED_EDGE('',*,*,#5058,.F.);
#5058 = EDGE_CURVE('',#4793,#5059,#5061,.T.);
#5059 = VERTEX_POINT('',#5060);
#5060 = CARTESIAN_POINT('',(-0.65,-1.355,0.675));
#5061 = B_SPLINE_CURVE_WITH_KNOTS('',1,(#5062,#5063),.UNSPECIFIED.,.F.,
  .F.,(2,2),(0.,1.),.PIECEWISE_BEZIER_KNOTS.);
#5062 = CARTESIAN_POINT('',(-0.65,-1.355,0.525));
#5063 = CARTESIAN_POINT('',(-0.65,-1.355,0.675));
#5064 = ORIENTED_EDGE('',*,*,#4792,.T.);
#5065 = ORIENTED_EDGE('',*,*,#5066,.T.);
#5066 = EDGE_CURVE('',#4785,#5067,#5069,.T.);
#5067 = VERTEX_POINT('',#5068);
#5068 = CARTESIAN_POINT('',(-0.65,-1.165,0.675));
#5069 = LINE('',#5070,#5071);
#5070 = CARTESIAN_POINT('',(-0.65,-1.165,0.510136870984));
#5071 = VECTOR('',#5072,1.);
#5072 = DIRECTION('',(0.,0.,1.));
#5073 = ORIENTED_EDGE('',*,*,#5074,.F.);
#5074 = EDGE_CURVE('',#5059,#5067,#5075,.T.);
#5075 = LINE('',#5076,#5077);
#5076 = CARTESIAN_POINT('',(-0.65,-1.355,0.675));
#5077 = VECTOR('',#5078,1.);
#5078 = DIRECTION('',(-1.110223024625E-16,1.,0.));
#5079 = PLANE('',#5080);
#5080 = AXIS2_PLACEMENT_3D('',#5081,#5082,#5083);
#5081 = CARTESIAN_POINT('',(-0.65,-1.355,0.675));
#5082 = DIRECTION('',(1.,1.110223024625E-16,0.));
#5083 = DIRECTION('',(-1.110223024625E-16,1.,0.));
#5084 = ADVANCED_FACE('',(#5085),#5110,.F.);
#5085 = FACE_BOUND('',#5086,.F.);
#5086 = EDGE_LOOP('',(#5087,#5095,#5096,#5104));
#5087 = ORIENTED_EDGE('',*,*,#5088,.F.);
#5088 = EDGE_CURVE('',#4785,#5089,#5091,.T.);
#5089 = VERTEX_POINT('',#5090);
#5090 = CARTESIAN_POINT('',(-0.7,-1.165,0.525));
#5091 = LINE('',#5092,#5093);
#5092 = CARTESIAN_POINT('',(-0.6,-1.165,0.525));
#5093 = VECTOR('',#5094,1.);
#5094 = DIRECTION('',(-1.,1.144237745222E-17,0.));
#5095 = ORIENTED_EDGE('',*,*,#4784,.T.);
#5096 = ORIENTED_EDGE('',*,*,#5097,.T.);
#5097 = EDGE_CURVE('',#4777,#5098,#5100,.T.);
#5098 = VERTEX_POINT('',#5099);
#5099 = CARTESIAN_POINT('',(-0.7,-0.735,0.525));
#5100 = LINE('',#5101,#5102);
#5101 = CARTESIAN_POINT('',(-0.6,-0.735,0.525));
#5102 = VECTOR('',#5103,1.);
#5103 = DIRECTION('',(-1.,1.144237745222E-17,0.));
#5104 = ORIENTED_EDGE('',*,*,#5105,.F.);
#5105 = EDGE_CURVE('',#5089,#5098,#5106,.T.);
#5106 = LINE('',#5107,#5108);
#5107 = CARTESIAN_POINT('',(-0.7,-1.165,0.525));
#5108 = VECTOR('',#5109,1.);
#5109 = DIRECTION('',(1.144237745222E-17,1.,0.));
#5110 = PLANE('',#5111);
#5111 = AXIS2_PLACEMENT_3D('',#5112,#5113,#5114);
#5112 = CARTESIAN_POINT('',(-0.6,-1.165,0.525));
#5113 = DIRECTION('',(0.,0.,1.));
#5114 = DIRECTION('',(-1.,1.144237745222E-17,0.));
#5115 = ADVANCED_FACE('',(#5116),#5141,.F.);
#5116 = FACE_BOUND('',#5117,.F.);
#5117 = EDGE_LOOP('',(#5118,#5126,#5127,#5135));
#5118 = ORIENTED_EDGE('',*,*,#5119,.F.);
#5119 = EDGE_CURVE('',#4777,#5120,#5122,.T.);
#5120 = VERTEX_POINT('',#5121);
#5121 = CARTESIAN_POINT('',(-0.65,-0.735,0.675));
#5122 = LINE('',#5123,#5124);
#5123 = CARTESIAN_POINT('',(-0.65,-0.735,0.510136870984));
#5124 = VECTOR('',#5125,1.);
#5125 = DIRECTION('',(0.,0.,1.));
#5126 = ORIENTED_EDGE('',*,*,#4776,.T.);
#5127 = ORIENTED_EDGE('',*,*,#5128,.T.);
#5128 = EDGE_CURVE('',#4769,#5129,#5131,.T.);
#5129 = VERTEX_POINT('',#5130);
#5130 = CARTESIAN_POINT('',(-0.65,0.355,0.675));
#5131 = LINE('',#5132,#5133);
#5132 = CARTESIAN_POINT('',(-0.65,0.355,0.510136870984));
#5133 = VECTOR('',#5134,1.);
#5134 = DIRECTION('',(0.,0.,1.));
#5135 = ORIENTED_EDGE('',*,*,#5136,.F.);
#5136 = EDGE_CURVE('',#5120,#5129,#5137,.T.);
#5137 = LINE('',#5138,#5139);
#5138 = CARTESIAN_POINT('',(-0.65,-1.355,0.675));
#5139 = VECTOR('',#5140,1.);
#5140 = DIRECTION('',(-1.110223024625E-16,1.,0.));
#5141 = PLANE('',#5142);
#5142 = AXIS2_PLACEMENT_3D('',#5143,#5144,#5145);
#5143 = CARTESIAN_POINT('',(-0.65,-1.355,0.675));
#5144 = DIRECTION('',(1.,1.110223024625E-16,0.));
#5145 = DIRECTION('',(-1.110223024625E-16,1.,0.));
#5146 = ADVANCED_FACE('',(#5147),#5172,.F.);
#5147 = FACE_BOUND('',#5148,.F.);
#5148 = EDGE_LOOP('',(#5149,#5159,#5165,#5166));
#5149 = ORIENTED_EDGE('',*,*,#5150,.F.);
#5150 = EDGE_CURVE('',#5151,#5153,#5155,.T.);
#5151 = VERTEX_POINT('',#5152);
#5152 = CARTESIAN_POINT('',(-0.7,0.355,0.525));
#5153 = VERTEX_POINT('',#5154);
#5154 = CARTESIAN_POINT('',(-0.7,1.165,0.525));
#5155 = LINE('',#5156,#5157);
#5156 = CARTESIAN_POINT('',(-0.7,0.355,0.525));
#5157 = VECTOR('',#5158,1.);
#5158 = DIRECTION('',(2.604226847886E-17,1.,0.));
#5159 = ORIENTED_EDGE('',*,*,#5160,.F.);
#5160 = EDGE_CURVE('',#4769,#5151,#5161,.T.);
#5161 = LINE('',#5162,#5163);
#5162 = CARTESIAN_POINT('',(-0.6,0.355,0.525));
#5163 = VECTOR('',#5164,1.);
#5164 = DIRECTION('',(-1.,1.144237745222E-17,0.));
#5165 = ORIENTED_EDGE('',*,*,#4768,.T.);
#5166 = ORIENTED_EDGE('',*,*,#5167,.T.);
#5167 = EDGE_CURVE('',#4761,#5153,#5168,.T.);
#5168 = LINE('',#5169,#5170);
#5169 = CARTESIAN_POINT('',(-0.6,1.165,0.525));
#5170 = VECTOR('',#5171,1.);
#5171 = DIRECTION('',(-1.,1.144237745222E-17,0.));
#5172 = PLANE('',#5173);
#5173 = AXIS2_PLACEMENT_3D('',#5174,#5175,#5176);
#5174 = CARTESIAN_POINT('',(-0.6,0.735,0.525));
#5175 = DIRECTION('',(0.,0.,1.));
#5176 = DIRECTION('',(-1.,1.144237745222E-17,0.));
#5177 = ADVANCED_FACE('',(#5178),#5189,.F.);
#5178 = FACE_BOUND('',#5179,.F.);
#5179 = EDGE_LOOP('',(#5180,#5186,#5187,#5188));
#5180 = ORIENTED_EDGE('',*,*,#5181,.F.);
#5181 = EDGE_CURVE('',#4761,#5021,#5182,.T.);
#5182 = LINE('',#5183,#5184);
#5183 = CARTESIAN_POINT('',(-0.65,1.165,0.510136870984));
#5184 = VECTOR('',#5185,1.);
#5185 = DIRECTION('',(0.,0.,1.));
#5186 = ORIENTED_EDGE('',*,*,#4760,.T.);
#5187 = ORIENTED_EDGE('',*,*,#5045,.T.);
#5188 = ORIENTED_EDGE('',*,*,#5028,.F.);
#5189 = PLANE('',#5190);
#5190 = AXIS2_PLACEMENT_3D('',#5191,#5192,#5193);
#5191 = CARTESIAN_POINT('',(-0.65,-1.355,0.675));
#5192 = DIRECTION('',(1.,1.110223024625E-16,0.));
#5193 = DIRECTION('',(-1.110223024625E-16,1.,0.));
#5194 = ADVANCED_FACE('',(#5195),#5206,.F.);
#5195 = FACE_BOUND('',#5196,.F.);
#5196 = EDGE_LOOP('',(#5197,#5198,#5199,#5205));
#5197 = ORIENTED_EDGE('',*,*,#4932,.F.);
#5198 = ORIENTED_EDGE('',*,*,#4853,.T.);
#5199 = ORIENTED_EDGE('',*,*,#5200,.T.);
#5200 = EDGE_CURVE('',#4846,#4965,#5201,.T.);
#5201 = LINE('',#5202,#5203);
#5202 = CARTESIAN_POINT('',(0.65,1.165,0.510136870984));
#5203 = VECTOR('',#5204,1.);
#5204 = DIRECTION('',(0.,0.,1.));
#5205 = ORIENTED_EDGE('',*,*,#4964,.F.);
#5206 = PLANE('',#5207);
#5207 = AXIS2_PLACEMENT_3D('',#5208,#5209,#5210);
#5208 = CARTESIAN_POINT('',(0.65,1.355,0.675));
#5209 = DIRECTION('',(-1.,-1.110223024625E-16,0.));
#5210 = DIRECTION('',(1.110223024625E-16,-1.,0.));
#5211 = ADVANCED_FACE('',(#5212),#5237,.F.);
#5212 = FACE_BOUND('',#5213,.F.);
#5213 = EDGE_LOOP('',(#5214,#5222,#5223,#5231));
#5214 = ORIENTED_EDGE('',*,*,#5215,.F.);
#5215 = EDGE_CURVE('',#4846,#5216,#5218,.T.);
#5216 = VERTEX_POINT('',#5217);
#5217 = CARTESIAN_POINT('',(0.7,1.165,0.525));
#5218 = LINE('',#5219,#5220);
#5219 = CARTESIAN_POINT('',(0.6,1.165,0.525));
#5220 = VECTOR('',#5221,1.);
#5221 = DIRECTION('',(1.,1.110223024625E-16,0.));
#5222 = ORIENTED_EDGE('',*,*,#4845,.T.);
#5223 = ORIENTED_EDGE('',*,*,#5224,.T.);
#5224 = EDGE_CURVE('',#4838,#5225,#5227,.T.);
#5225 = VERTEX_POINT('',#5226);
#5226 = CARTESIAN_POINT('',(0.7,0.735,0.525));
#5227 = LINE('',#5228,#5229);
#5228 = CARTESIAN_POINT('',(0.6,0.735,0.525));
#5229 = VECTOR('',#5230,1.);
#5230 = DIRECTION('',(1.,1.110223024625E-16,0.));
#5231 = ORIENTED_EDGE('',*,*,#5232,.F.);
#5232 = EDGE_CURVE('',#5216,#5225,#5233,.T.);
#5233 = LINE('',#5234,#5235);
#5234 = CARTESIAN_POINT('',(0.7,1.165,0.525));
#5235 = VECTOR('',#5236,1.);
#5236 = DIRECTION('',(1.110223024625E-16,-1.,0.));
#5237 = PLANE('',#5238);
#5238 = AXIS2_PLACEMENT_3D('',#5239,#5240,#5241);
#5239 = CARTESIAN_POINT('',(0.6,1.165,0.525));
#5240 = DIRECTION('',(0.,0.,1.));
#5241 = DIRECTION('',(1.,1.110223024625E-16,-0.));
#5242 = ADVANCED_FACE('',(#5243),#5268,.F.);
#5243 = FACE_BOUND('',#5244,.F.);
#5244 = EDGE_LOOP('',(#5245,#5253,#5254,#5262));
#5245 = ORIENTED_EDGE('',*,*,#5246,.F.);
#5246 = EDGE_CURVE('',#4838,#5247,#5249,.T.);
#5247 = VERTEX_POINT('',#5248);
#5248 = CARTESIAN_POINT('',(0.65,0.735,0.675));
#5249 = LINE('',#5250,#5251);
#5250 = CARTESIAN_POINT('',(0.65,0.735,0.510136870984));
#5251 = VECTOR('',#5252,1.);
#5252 = DIRECTION('',(0.,0.,1.));
#5253 = ORIENTED_EDGE('',*,*,#4837,.T.);
#5254 = ORIENTED_EDGE('',*,*,#5255,.T.);
#5255 = EDGE_CURVE('',#4830,#5256,#5258,.T.);
#5256 = VERTEX_POINT('',#5257);
#5257 = CARTESIAN_POINT('',(0.65,-0.735,0.675));
#5258 = LINE('',#5259,#5260);
#5259 = CARTESIAN_POINT('',(0.65,-0.735,0.510136870984));
#5260 = VECTOR('',#5261,1.);
#5261 = DIRECTION('',(0.,0.,1.));
#5262 = ORIENTED_EDGE('',*,*,#5263,.F.);
#5263 = EDGE_CURVE('',#5247,#5256,#5264,.T.);
#5264 = LINE('',#5265,#5266);
#5265 = CARTESIAN_POINT('',(0.65,1.355,0.675));
#5266 = VECTOR('',#5267,1.);
#5267 = DIRECTION('',(1.110223024625E-16,-1.,0.));
#5268 = PLANE('',#5269);
#5269 = AXIS2_PLACEMENT_3D('',#5270,#5271,#5272);
#5270 = CARTESIAN_POINT('',(0.65,1.355,0.675));
#5271 = DIRECTION('',(-1.,-1.110223024625E-16,0.));
#5272 = DIRECTION('',(1.110223024625E-16,-1.,0.));
#5273 = ADVANCED_FACE('',(#5274),#5299,.F.);
#5274 = FACE_BOUND('',#5275,.F.);
#5275 = EDGE_LOOP('',(#5276,#5284,#5285,#5293));
#5276 = ORIENTED_EDGE('',*,*,#5277,.F.);
#5277 = EDGE_CURVE('',#4830,#5278,#5280,.T.);
#5278 = VERTEX_POINT('',#5279);
#5279 = CARTESIAN_POINT('',(0.7,-0.735,0.525));
#5280 = LINE('',#5281,#5282);
#5281 = CARTESIAN_POINT('',(0.6,-0.735,0.525));
#5282 = VECTOR('',#5283,1.);
#5283 = DIRECTION('',(1.,1.110223024625E-16,0.));
#5284 = ORIENTED_EDGE('',*,*,#4829,.T.);
#5285 = ORIENTED_EDGE('',*,*,#5286,.T.);
#5286 = EDGE_CURVE('',#4822,#5287,#5289,.T.);
#5287 = VERTEX_POINT('',#5288);
#5288 = CARTESIAN_POINT('',(0.7,-1.165,0.525));
#5289 = LINE('',#5290,#5291);
#5290 = CARTESIAN_POINT('',(0.6,-1.165,0.525));
#5291 = VECTOR('',#5292,1.);
#5292 = DIRECTION('',(1.,1.110223024625E-16,0.));
#5293 = ORIENTED_EDGE('',*,*,#5294,.F.);
#5294 = EDGE_CURVE('',#5278,#5287,#5295,.T.);
#5295 = LINE('',#5296,#5297);
#5296 = CARTESIAN_POINT('',(0.7,-0.735,0.525));
#5297 = VECTOR('',#5298,1.);
#5298 = DIRECTION('',(1.110223024625E-16,-1.,0.));
#5299 = PLANE('',#5300);
#5300 = AXIS2_PLACEMENT_3D('',#5301,#5302,#5303);
#5301 = CARTESIAN_POINT('',(0.6,-0.735,0.525));
#5302 = DIRECTION('',(0.,0.,1.));
#5303 = DIRECTION('',(1.,1.110223024625E-16,-0.));
#5304 = ADVANCED_FACE('',(#5305),#5329,.F.);
#5305 = FACE_BOUND('',#5306,.F.);
#5306 = EDGE_LOOP('',(#5307,#5315,#5316,#5323));
#5307 = ORIENTED_EDGE('',*,*,#5308,.F.);
#5308 = EDGE_CURVE('',#4822,#5309,#5311,.T.);
#5309 = VERTEX_POINT('',#5310);
#5310 = CARTESIAN_POINT('',(0.65,-1.165,0.675));
#5311 = LINE('',#5312,#5313);
#5312 = CARTESIAN_POINT('',(0.65,-1.165,0.510136870984));
#5313 = VECTOR('',#5314,1.);
#5314 = DIRECTION('',(0.,0.,1.));
#5315 = ORIENTED_EDGE('',*,*,#4821,.T.);
#5316 = ORIENTED_EDGE('',*,*,#5317,.T.);
#5317 = EDGE_CURVE('',#4815,#5318,#5320,.T.);
#5318 = VERTEX_POINT('',#5319);
#5319 = CARTESIAN_POINT('',(0.65,-1.355,0.675));
#5320 = B_SPLINE_CURVE_WITH_KNOTS('',1,(#5321,#5322),.UNSPECIFIED.,.F.,
  .F.,(2,2),(0.,1.),.PIECEWISE_BEZIER_KNOTS.);
#5321 = CARTESIAN_POINT('',(0.65,-1.355,0.525));
#5322 = CARTESIAN_POINT('',(0.65,-1.355,0.675));
#5323 = ORIENTED_EDGE('',*,*,#5324,.F.);
#5324 = EDGE_CURVE('',#5309,#5318,#5325,.T.);
#5325 = LINE('',#5326,#5327);
#5326 = CARTESIAN_POINT('',(0.65,1.355,0.675));
#5327 = VECTOR('',#5328,1.);
#5328 = DIRECTION('',(1.110223024625E-16,-1.,0.));
#5329 = PLANE('',#5330);
#5330 = AXIS2_PLACEMENT_3D('',#5331,#5332,#5333);
#5331 = CARTESIAN_POINT('',(0.65,1.355,0.675));
#5332 = DIRECTION('',(-1.,-1.110223024625E-16,0.));
#5333 = DIRECTION('',(1.110223024625E-16,-1.,0.));
#5334 = ADVANCED_FACE('',(#5335),#5352,.F.);
#5335 = FACE_BOUND('',#5336,.F.);
#5336 = EDGE_LOOP('',(#5337,#5338,#5339,#5347));
#5337 = ORIENTED_EDGE('',*,*,#4870,.T.);
#5338 = ORIENTED_EDGE('',*,*,#5058,.T.);
#5339 = ORIENTED_EDGE('',*,*,#5340,.F.);
#5340 = EDGE_CURVE('',#5341,#5059,#5343,.T.);
#5341 = VERTEX_POINT('',#5342);
#5342 = CARTESIAN_POINT('',(-0.555,-1.45,0.675));
#5343 = LINE('',#5344,#5345);
#5344 = CARTESIAN_POINT('',(-0.555,-1.45,0.675));
#5345 = VECTOR('',#5346,1.);
#5346 = DIRECTION('',(-0.707106781187,0.707106781187,0.));
#5347 = ORIENTED_EDGE('',*,*,#5348,.F.);
#5348 = EDGE_CURVE('',#4871,#5341,#5349,.T.);
#5349 = B_SPLINE_CURVE_WITH_KNOTS('',1,(#5350,#5351),.UNSPECIFIED.,.F.,
  .F.,(2,2),(0.,1.),.PIECEWISE_BEZIER_KNOTS.);
#5350 = CARTESIAN_POINT('',(-0.555,-1.45,0.525));
#5351 = CARTESIAN_POINT('',(-0.555,-1.45,0.675));
#5352 = PLANE('',#5353);
#5353 = AXIS2_PLACEMENT_3D('',#5354,#5355,#5356);
#5354 = CARTESIAN_POINT('',(-0.555,-1.45,0.675));
#5355 = DIRECTION('',(0.707106781187,0.707106781187,0.));
#5356 = DIRECTION('',(-0.707106781187,0.707106781187,0.));
#5357 = ADVANCED_FACE('',(#5358),#5375,.F.);
#5358 = FACE_BOUND('',#5359,.F.);
#5359 = EDGE_LOOP('',(#5360,#5361,#5368,#5374));
#5360 = ORIENTED_EDGE('',*,*,#4899,.T.);
#5361 = ORIENTED_EDGE('',*,*,#5362,.T.);
#5362 = EDGE_CURVE('',#4893,#5363,#5365,.T.);
#5363 = VERTEX_POINT('',#5364);
#5364 = CARTESIAN_POINT('',(0.555,-1.45,0.675));
#5365 = B_SPLINE_CURVE_WITH_KNOTS('',1,(#5366,#5367),.UNSPECIFIED.,.F.,
  .F.,(2,2),(0.,1.),.PIECEWISE_BEZIER_KNOTS.);
#5366 = CARTESIAN_POINT('',(0.555,-1.45,0.525));
#5367 = CARTESIAN_POINT('',(0.555,-1.45,0.675));
#5368 = ORIENTED_EDGE('',*,*,#5369,.F.);
#5369 = EDGE_CURVE('',#5318,#5363,#5370,.T.);
#5370 = LINE('',#5371,#5372);
#5371 = CARTESIAN_POINT('',(0.65,-1.355,0.675));
#5372 = VECTOR('',#5373,1.);
#5373 = DIRECTION('',(-0.707106781187,-0.707106781187,0.));
#5374 = ORIENTED_EDGE('',*,*,#5317,.F.);
#5375 = PLANE('',#5376);
#5376 = AXIS2_PLACEMENT_3D('',#5377,#5378,#5379);
#5377 = CARTESIAN_POINT('',(0.65,-1.355,0.675));
#5378 = DIRECTION('',(-0.707106781187,0.707106781187,0.));
#5379 = DIRECTION('',(-0.707106781187,-0.707106781187,0.));
#5380 = ADVANCED_FACE('',(#5381),#5392,.F.);
#5381 = FACE_BOUND('',#5382,.F.);
#5382 = EDGE_LOOP('',(#5383,#5384,#5385,#5391));
#5383 = ORIENTED_EDGE('',*,*,#4916,.T.);
#5384 = ORIENTED_EDGE('',*,*,#5348,.T.);
#5385 = ORIENTED_EDGE('',*,*,#5386,.F.);
#5386 = EDGE_CURVE('',#5363,#5341,#5387,.T.);
#5387 = LINE('',#5388,#5389);
#5388 = CARTESIAN_POINT('',(0.555,-1.45,0.675));
#5389 = VECTOR('',#5390,1.);
#5390 = DIRECTION('',(-1.,-1.110223024625E-16,0.));
#5391 = ORIENTED_EDGE('',*,*,#5362,.F.);
#5392 = PLANE('',#5393);
#5393 = AXIS2_PLACEMENT_3D('',#5394,#5395,#5396);
#5394 = CARTESIAN_POINT('',(0.555,-1.45,0.675));
#5395 = DIRECTION('',(-1.110223024625E-16,1.,0.));
#5396 = DIRECTION('',(-1.,-1.110223024625E-16,0.));
#5397 = ADVANCED_FACE('',(#5398),#5437,.F.);
#5398 = FACE_BOUND('',#5399,.F.);
#5399 = EDGE_LOOP('',(#5400,#5408,#5416,#5422,#5423,#5431));
#5400 = ORIENTED_EDGE('',*,*,#5401,.F.);
#5401 = EDGE_CURVE('',#5402,#5129,#5404,.T.);
#5402 = VERTEX_POINT('',#5403);
#5403 = CARTESIAN_POINT('',(-0.7,0.355,0.675));
#5404 = LINE('',#5405,#5406);
#5405 = CARTESIAN_POINT('',(-0.7,0.355,0.675));
#5406 = VECTOR('',#5407,1.);
#5407 = DIRECTION('',(1.,-1.144237745222E-17,0.));
#5408 = ORIENTED_EDGE('',*,*,#5409,.F.);
#5409 = EDGE_CURVE('',#5410,#5402,#5412,.T.);
#5410 = VERTEX_POINT('',#5411);
#5411 = CARTESIAN_POINT('',(-0.7,1.165,0.675));
#5412 = LINE('',#5413,#5414);
#5413 = CARTESIAN_POINT('',(-0.7,1.165,0.675));
#5414 = VECTOR('',#5415,1.);
#5415 = DIRECTION('',(-2.604226847886E-17,-1.,0.));
#5416 = ORIENTED_EDGE('',*,*,#5417,.T.);
#5417 = EDGE_CURVE('',#5410,#5021,#5418,.T.);
#5418 = LINE('',#5419,#5420);
#5419 = CARTESIAN_POINT('',(-0.7,1.165,0.675));
#5420 = VECTOR('',#5421,1.);
#5421 = DIRECTION('',(1.,-1.144237745222E-17,0.));
#5422 = ORIENTED_EDGE('',*,*,#5020,.T.);
#5423 = ORIENTED_EDGE('',*,*,#5424,.F.);
#5424 = EDGE_CURVE('',#5425,#5013,#5427,.T.);
#5425 = VERTEX_POINT('',#5426);
#5426 = CARTESIAN_POINT('',(-0.625,0.355,0.675));
#5427 = LINE('',#5428,#5429);
#5428 = CARTESIAN_POINT('',(-0.625,-1.3425,0.675));
#5429 = VECTOR('',#5430,1.);
#5430 = DIRECTION('',(-1.110223024625E-16,1.,0.));
#5431 = ORIENTED_EDGE('',*,*,#5432,.F.);
#5432 = EDGE_CURVE('',#5129,#5425,#5433,.T.);
#5433 = LINE('',#5434,#5435);
#5434 = CARTESIAN_POINT('',(-0.7,0.355,0.675));
#5435 = VECTOR('',#5436,1.);
#5436 = DIRECTION('',(1.,-1.144237745222E-17,0.));
#5437 = PLANE('',#5438);
#5438 = AXIS2_PLACEMENT_3D('',#5439,#5440,#5441);
#5439 = CARTESIAN_POINT('',(-0.7,0.735,0.675));
#5440 = DIRECTION('',(0.,0.,-1.));
#5441 = DIRECTION('',(1.,-1.144237745222E-17,0.));
#5442 = ADVANCED_FACE('',(#5443),#5491,.F.);
#5443 = FACE_BOUND('',#5444,.F.);
#5444 = EDGE_LOOP('',(#5445,#5455,#5463,#5469,#5470,#5471,#5478,#5486));
#5445 = ORIENTED_EDGE('',*,*,#5446,.T.);
#5446 = EDGE_CURVE('',#5447,#5449,#5451,.T.);
#5447 = VERTEX_POINT('',#5448);
#5448 = CARTESIAN_POINT('',(-0.625,-1.3425,0.675));
#5449 = VERTEX_POINT('',#5450);
#5450 = CARTESIAN_POINT('',(-0.625,-1.165,0.675));
#5451 = LINE('',#5452,#5453);
#5452 = CARTESIAN_POINT('',(-0.625,-1.3425,0.675));
#5453 = VECTOR('',#5454,1.);
#5454 = DIRECTION('',(-1.110223024625E-16,1.,0.));
#5455 = ORIENTED_EDGE('',*,*,#5456,.T.);
#5456 = EDGE_CURVE('',#5449,#5457,#5459,.T.);
#5457 = VERTEX_POINT('',#5458);
#5458 = CARTESIAN_POINT('',(-0.625,-0.735,0.675));
#5459 = LINE('',#5460,#5461);
#5460 = CARTESIAN_POINT('',(-0.625,-1.3425,0.675));
#5461 = VECTOR('',#5462,1.);
#5462 = DIRECTION('',(-1.110223024625E-16,1.,0.));
#5463 = ORIENTED_EDGE('',*,*,#5464,.T.);
#5464 = EDGE_CURVE('',#5457,#5425,#5465,.T.);
#5465 = LINE('',#5466,#5467);
#5466 = CARTESIAN_POINT('',(-0.625,-1.3425,0.675));
#5467 = VECTOR('',#5468,1.);
#5468 = DIRECTION('',(-1.110223024625E-16,1.,0.));
#5469 = ORIENTED_EDGE('',*,*,#5424,.T.);
#5470 = ORIENTED_EDGE('',*,*,#5012,.T.);
#5471 = ORIENTED_EDGE('',*,*,#5472,.T.);
#5472 = EDGE_CURVE('',#5005,#5473,#5475,.T.);
#5473 = VERTEX_POINT('',#5474);
#5474 = CARTESIAN_POINT('',(-0.565270145251,1.312635072626,1.1));
#5475 = B_SPLINE_CURVE_WITH_KNOTS('',1,(#5476,#5477),.UNSPECIFIED.,.F.,
  .F.,(2,2),(0.,1.),.PIECEWISE_BEZIER_KNOTS.);
#5476 = CARTESIAN_POINT('',(-0.625,1.3425,0.675));
#5477 = CARTESIAN_POINT('',(-0.565270145251,1.312635072626,1.1));
#5478 = ORIENTED_EDGE('',*,*,#5479,.F.);
#5479 = EDGE_CURVE('',#5480,#5473,#5482,.T.);
#5480 = VERTEX_POINT('',#5481);
#5481 = CARTESIAN_POINT('',(-0.565270145251,-1.312635072626,1.1));
#5482 = LINE('',#5483,#5484);
#5483 = CARTESIAN_POINT('',(-0.565270145251,-1.312635072626,1.1));
#5484 = VECTOR('',#5485,1.);
#5485 = DIRECTION('',(-1.110223024625E-16,1.,0.));
#5486 = ORIENTED_EDGE('',*,*,#5487,.F.);
#5487 = EDGE_CURVE('',#5447,#5480,#5488,.T.);
#5488 = B_SPLINE_CURVE_WITH_KNOTS('',1,(#5489,#5490),.UNSPECIFIED.,.F.,
  .F.,(2,2),(0.,1.),.PIECEWISE_BEZIER_KNOTS.);
#5489 = CARTESIAN_POINT('',(-0.625,-1.3425,0.675));
#5490 = CARTESIAN_POINT('',(-0.565270145251,-1.312635072626,1.1));
#5491 = B_SPLINE_SURFACE_WITH_KNOTS('',1,1,(
    (#5492,#5493)
    ,(#5494,#5495
    )),.UNSPECIFIED.,.F.,.F.,.F.,(2,2),(2,2),(0.,2.685),(0.,1.),
  .PIECEWISE_BEZIER_KNOTS.);
#5492 = CARTESIAN_POINT('',(-0.625,-1.3425,0.675));
#5493 = CARTESIAN_POINT('',(-0.565270145251,-1.312635072626,1.1));
#5494 = CARTESIAN_POINT('',(-0.625,1.3425,0.675));
#5495 = CARTESIAN_POINT('',(-0.565270145251,1.312635072626,1.1));
#5496 = ADVANCED_FACE('',(#5497),#5514,.F.);
#5497 = FACE_BOUND('',#5498,.F.);
#5498 = EDGE_LOOP('',(#5499,#5500,#5507,#5513));
#5499 = ORIENTED_EDGE('',*,*,#5004,.T.);
#5500 = ORIENTED_EDGE('',*,*,#5501,.T.);
#5501 = EDGE_CURVE('',#4997,#5502,#5504,.T.);
#5502 = VERTEX_POINT('',#5503);
#5503 = CARTESIAN_POINT('',(-0.512635072626,1.365270145251,1.1));
#5504 = B_SPLINE_CURVE_WITH_KNOTS('',1,(#5505,#5506),.UNSPECIFIED.,.F.,
  .F.,(2,2),(0.,1.),.PIECEWISE_BEZIER_KNOTS.);
#5505 = CARTESIAN_POINT('',(-0.5425,1.425,0.675));
#5506 = CARTESIAN_POINT('',(-0.512635072626,1.365270145251,1.1));
#5507 = ORIENTED_EDGE('',*,*,#5508,.F.);
#5508 = EDGE_CURVE('',#5473,#5502,#5509,.T.);
#5509 = LINE('',#5510,#5511);
#5510 = CARTESIAN_POINT('',(-0.565270145251,1.312635072626,1.1));
#5511 = VECTOR('',#5512,1.);
#5512 = DIRECTION('',(0.707106781187,0.707106781187,0.));
#5513 = ORIENTED_EDGE('',*,*,#5472,.F.);
#5514 = B_SPLINE_SURFACE_WITH_KNOTS('',1,1,(
    (#5515,#5516)
    ,(#5517,#5518
    )),.UNSPECIFIED.,.F.,.F.,.F.,(2,2),(2,2),(0.,0.116672618896),(0.,1.)
  ,.PIECEWISE_BEZIER_KNOTS.);
#5515 = CARTESIAN_POINT('',(-0.625,1.3425,0.675));
#5516 = CARTESIAN_POINT('',(-0.565270145251,1.312635072626,1.1));
#5517 = CARTESIAN_POINT('',(-0.5425,1.425,0.675));
#5518 = CARTESIAN_POINT('',(-0.512635072626,1.365270145251,1.1));
#5519 = ADVANCED_FACE('',(#5520),#5537,.F.);
#5520 = FACE_BOUND('',#5521,.F.);
#5521 = EDGE_LOOP('',(#5522,#5523,#5530,#5536));
#5522 = ORIENTED_EDGE('',*,*,#4996,.T.);
#5523 = ORIENTED_EDGE('',*,*,#5524,.T.);
#5524 = EDGE_CURVE('',#4989,#5525,#5527,.T.);
#5525 = VERTEX_POINT('',#5526);
#5526 = CARTESIAN_POINT('',(0.512635072626,1.365270145251,1.1));
#5527 = B_SPLINE_CURVE_WITH_KNOTS('',1,(#5528,#5529),.UNSPECIFIED.,.F.,
  .F.,(2,2),(0.,1.),.PIECEWISE_BEZIER_KNOTS.);
#5528 = CARTESIAN_POINT('',(0.5425,1.425,0.675));
#5529 = CARTESIAN_POINT('',(0.512635072626,1.365270145251,1.1));
#5530 = ORIENTED_EDGE('',*,*,#5531,.F.);
#5531 = EDGE_CURVE('',#5502,#5525,#5532,.T.);
#5532 = LINE('',#5533,#5534);
#5533 = CARTESIAN_POINT('',(-0.512635072626,1.365270145251,1.1));
#5534 = VECTOR('',#5535,1.);
#5535 = DIRECTION('',(1.,1.110223024625E-16,0.));
#5536 = ORIENTED_EDGE('',*,*,#5501,.F.);
#5537 = B_SPLINE_SURFACE_WITH_KNOTS('',1,1,(
    (#5538,#5539)
    ,(#5540,#5541
    )),.UNSPECIFIED.,.F.,.F.,.F.,(2,2),(2,2),(0.,1.085),(0.,1.),
  .PIECEWISE_BEZIER_KNOTS.);
#5538 = CARTESIAN_POINT('',(-0.5425,1.425,0.675));
#5539 = CARTESIAN_POINT('',(-0.512635072626,1.365270145251,1.1));
#5540 = CARTESIAN_POINT('',(0.5425,1.425,0.675));
#5541 = CARTESIAN_POINT('',(0.512635072626,1.365270145251,1.1));
#5542 = ADVANCED_FACE('',(#5543),#5560,.F.);
#5543 = FACE_BOUND('',#5544,.F.);
#5544 = EDGE_LOOP('',(#5545,#5546,#5553,#5559));
#5545 = ORIENTED_EDGE('',*,*,#4988,.T.);
#5546 = ORIENTED_EDGE('',*,*,#5547,.T.);
#5547 = EDGE_CURVE('',#4981,#5548,#5550,.T.);
#5548 = VERTEX_POINT('',#5549);
#5549 = CARTESIAN_POINT('',(0.565270145251,1.312635072626,1.1));
#5550 = B_SPLINE_CURVE_WITH_KNOTS('',1,(#5551,#5552),.UNSPECIFIED.,.F.,
  .F.,(2,2),(0.,1.),.PIECEWISE_BEZIER_KNOTS.);
#5551 = CARTESIAN_POINT('',(0.625,1.3425,0.675));
#5552 = CARTESIAN_POINT('',(0.565270145251,1.312635072626,1.1));
#5553 = ORIENTED_EDGE('',*,*,#5554,.F.);
#5554 = EDGE_CURVE('',#5525,#5548,#5555,.T.);
#5555 = LINE('',#5556,#5557);
#5556 = CARTESIAN_POINT('',(0.512635072626,1.365270145251,1.1));
#5557 = VECTOR('',#5558,1.);
#5558 = DIRECTION('',(0.707106781187,-0.707106781187,0.));
#5559 = ORIENTED_EDGE('',*,*,#5524,.F.);
#5560 = B_SPLINE_SURFACE_WITH_KNOTS('',1,1,(
    (#5561,#5562)
    ,(#5563,#5564
    )),.UNSPECIFIED.,.F.,.F.,.F.,(2,2),(2,2),(0.,0.116672618896),(0.,1.)
  ,.PIECEWISE_BEZIER_KNOTS.);
#5561 = CARTESIAN_POINT('',(0.5425,1.425,0.675));
#5562 = CARTESIAN_POINT('',(0.512635072626,1.365270145251,1.1));
#5563 = CARTESIAN_POINT('',(0.625,1.3425,0.675));
#5564 = CARTESIAN_POINT('',(0.565270145251,1.312635072626,1.1));
#5565 = ADVANCED_FACE('',(#5566),#5615,.F.);
#5566 = FACE_BOUND('',#5567,.F.);
#5567 = EDGE_LOOP('',(#5568,#5569,#5577,#5585,#5593,#5601,#5608,#5614));
#5568 = ORIENTED_EDGE('',*,*,#4980,.T.);
#5569 = ORIENTED_EDGE('',*,*,#5570,.T.);
#5570 = EDGE_CURVE('',#4973,#5571,#5573,.T.);
#5571 = VERTEX_POINT('',#5572);
#5572 = CARTESIAN_POINT('',(0.625,0.735,0.675));
#5573 = LINE('',#5574,#5575);
#5574 = CARTESIAN_POINT('',(0.625,1.3425,0.675));
#5575 = VECTOR('',#5576,1.);
#5576 = DIRECTION('',(1.110223024625E-16,-1.,0.));
#5577 = ORIENTED_EDGE('',*,*,#5578,.T.);
#5578 = EDGE_CURVE('',#5571,#5579,#5581,.T.);
#5579 = VERTEX_POINT('',#5580);
#5580 = CARTESIAN_POINT('',(0.625,-0.735,0.675));
#5581 = LINE('',#5582,#5583);
#5582 = CARTESIAN_POINT('',(0.625,1.3425,0.675));
#5583 = VECTOR('',#5584,1.);
#5584 = DIRECTION('',(1.110223024625E-16,-1.,0.));
#5585 = ORIENTED_EDGE('',*,*,#5586,.T.);
#5586 = EDGE_CURVE('',#5579,#5587,#5589,.T.);
#5587 = VERTEX_POINT('',#5588);
#5588 = CARTESIAN_POINT('',(0.625,-1.165,0.675));
#5589 = LINE('',#5590,#5591);
#5590 = CARTESIAN_POINT('',(0.625,1.3425,0.675));
#5591 = VECTOR('',#5592,1.);
#5592 = DIRECTION('',(1.110223024625E-16,-1.,0.));
#5593 = ORIENTED_EDGE('',*,*,#5594,.T.);
#5594 = EDGE_CURVE('',#5587,#5595,#5597,.T.);
#5595 = VERTEX_POINT('',#5596);
#5596 = CARTESIAN_POINT('',(0.625,-1.3425,0.675));
#5597 = LINE('',#5598,#5599);
#5598 = CARTESIAN_POINT('',(0.625,1.3425,0.675));
#5599 = VECTOR('',#5600,1.);
#5600 = DIRECTION('',(1.110223024625E-16,-1.,0.));
#5601 = ORIENTED_EDGE('',*,*,#5602,.T.);
#5602 = EDGE_CURVE('',#5595,#5603,#5605,.T.);
#5603 = VERTEX_POINT('',#5604);
#5604 = CARTESIAN_POINT('',(0.565270145251,-1.312635072626,1.1));
#5605 = B_SPLINE_CURVE_WITH_KNOTS('',1,(#5606,#5607),.UNSPECIFIED.,.F.,
  .F.,(2,2),(0.,1.),.PIECEWISE_BEZIER_KNOTS.);
#5606 = CARTESIAN_POINT('',(0.625,-1.3425,0.675));
#5607 = CARTESIAN_POINT('',(0.565270145251,-1.312635072626,1.1));
#5608 = ORIENTED_EDGE('',*,*,#5609,.F.);
#5609 = EDGE_CURVE('',#5548,#5603,#5610,.T.);
#5610 = LINE('',#5611,#5612);
#5611 = CARTESIAN_POINT('',(0.565270145251,1.312635072626,1.1));
#5612 = VECTOR('',#5613,1.);
#5613 = DIRECTION('',(1.110223024625E-16,-1.,0.));
#5614 = ORIENTED_EDGE('',*,*,#5547,.F.);
#5615 = B_SPLINE_SURFACE_WITH_KNOTS('',1,1,(
    (#5616,#5617)
    ,(#5618,#5619
    )),.UNSPECIFIED.,.F.,.F.,.F.,(2,2),(2,2),(0.,2.685),(0.,1.),
  .PIECEWISE_BEZIER_KNOTS.);
#5616 = CARTESIAN_POINT('',(0.625,1.3425,0.675));
#5617 = CARTESIAN_POINT('',(0.565270145251,1.312635072626,1.1));
#5618 = CARTESIAN_POINT('',(0.625,-1.3425,0.675));
#5619 = CARTESIAN_POINT('',(0.565270145251,-1.312635072626,1.1));
#5620 = ADVANCED_FACE('',(#5621),#5653,.F.);
#5621 = FACE_BOUND('',#5622,.F.);
#5622 = EDGE_LOOP('',(#5623,#5631,#5639,#5645,#5651,#5652));
#5623 = ORIENTED_EDGE('',*,*,#5624,.F.);
#5624 = EDGE_CURVE('',#5625,#4965,#5627,.T.);
#5625 = VERTEX_POINT('',#5626);
#5626 = CARTESIAN_POINT('',(0.7,1.165,0.675));
#5627 = LINE('',#5628,#5629);
#5628 = CARTESIAN_POINT('',(0.7,1.165,0.675));
#5629 = VECTOR('',#5630,1.);
#5630 = DIRECTION('',(-1.,-1.110223024625E-16,0.));
#5631 = ORIENTED_EDGE('',*,*,#5632,.T.);
#5632 = EDGE_CURVE('',#5625,#5633,#5635,.T.);
#5633 = VERTEX_POINT('',#5634);
#5634 = CARTESIAN_POINT('',(0.7,0.735,0.675));
#5635 = LINE('',#5636,#5637);
#5636 = CARTESIAN_POINT('',(0.7,1.165,0.675));
#5637 = VECTOR('',#5638,1.);
#5638 = DIRECTION('',(1.110223024625E-16,-1.,0.));
#5639 = ORIENTED_EDGE('',*,*,#5640,.T.);
#5640 = EDGE_CURVE('',#5633,#5247,#5641,.T.);
#5641 = LINE('',#5642,#5643);
#5642 = CARTESIAN_POINT('',(0.7,0.735,0.675));
#5643 = VECTOR('',#5644,1.);
#5644 = DIRECTION('',(-1.,-1.110223024625E-16,0.));
#5645 = ORIENTED_EDGE('',*,*,#5646,.T.);
#5646 = EDGE_CURVE('',#5247,#5571,#5647,.T.);
#5647 = LINE('',#5648,#5649);
#5648 = CARTESIAN_POINT('',(0.7,0.735,0.675));
#5649 = VECTOR('',#5650,1.);
#5650 = DIRECTION('',(-1.,-1.110223024625E-16,0.));
#5651 = ORIENTED_EDGE('',*,*,#5570,.F.);
#5652 = ORIENTED_EDGE('',*,*,#4972,.F.);
#5653 = PLANE('',#5654);
#5654 = AXIS2_PLACEMENT_3D('',#5655,#5656,#5657);
#5655 = CARTESIAN_POINT('',(0.7,1.165,0.675));
#5656 = DIRECTION('',(0.,0.,-1.));
#5657 = DIRECTION('',(-1.,-1.110223024625E-16,-0.));
#5658 = ADVANCED_FACE('',(#5659),#5702,.F.);
#5659 = FACE_BOUND('',#5660,.F.);
#5660 = EDGE_LOOP('',(#5661,#5662,#5668,#5669,#5677,#5685,#5691,#5692,
    #5698,#5699,#5700,#5701));
#5661 = ORIENTED_EDGE('',*,*,#5074,.T.);
#5662 = ORIENTED_EDGE('',*,*,#5663,.T.);
#5663 = EDGE_CURVE('',#5067,#5449,#5664,.T.);
#5664 = LINE('',#5665,#5666);
#5665 = CARTESIAN_POINT('',(-0.7,-1.165,0.675));
#5666 = VECTOR('',#5667,1.);
#5667 = DIRECTION('',(1.,-1.144237745222E-17,0.));
#5668 = ORIENTED_EDGE('',*,*,#5446,.F.);
#5669 = ORIENTED_EDGE('',*,*,#5670,.F.);
#5670 = EDGE_CURVE('',#5671,#5447,#5673,.T.);
#5671 = VERTEX_POINT('',#5672);
#5672 = CARTESIAN_POINT('',(-0.5425,-1.425,0.675));
#5673 = LINE('',#5674,#5675);
#5674 = CARTESIAN_POINT('',(-0.5425,-1.425,0.675));
#5675 = VECTOR('',#5676,1.);
#5676 = DIRECTION('',(-0.707106781187,0.707106781187,0.));
#5677 = ORIENTED_EDGE('',*,*,#5678,.F.);
#5678 = EDGE_CURVE('',#5679,#5671,#5681,.T.);
#5679 = VERTEX_POINT('',#5680);
#5680 = CARTESIAN_POINT('',(0.5425,-1.425,0.675));
#5681 = LINE('',#5682,#5683);
#5682 = CARTESIAN_POINT('',(0.5425,-1.425,0.675));
#5683 = VECTOR('',#5684,1.);
#5684 = DIRECTION('',(-1.,-1.110223024625E-16,0.));
#5685 = ORIENTED_EDGE('',*,*,#5686,.F.);
#5686 = EDGE_CURVE('',#5595,#5679,#5687,.T.);
#5687 = LINE('',#5688,#5689);
#5688 = CARTESIAN_POINT('',(0.625,-1.3425,0.675));
#5689 = VECTOR('',#5690,1.);
#5690 = DIRECTION('',(-0.707106781187,-0.707106781187,0.));
#5691 = ORIENTED_EDGE('',*,*,#5594,.F.);
#5692 = ORIENTED_EDGE('',*,*,#5693,.F.);
#5693 = EDGE_CURVE('',#5309,#5587,#5694,.T.);
#5694 = LINE('',#5695,#5696);
#5695 = CARTESIAN_POINT('',(0.7,-1.165,0.675));
#5696 = VECTOR('',#5697,1.);
#5697 = DIRECTION('',(-1.,-1.110223024625E-16,0.));
#5698 = ORIENTED_EDGE('',*,*,#5324,.T.);
#5699 = ORIENTED_EDGE('',*,*,#5369,.T.);
#5700 = ORIENTED_EDGE('',*,*,#5386,.T.);
#5701 = ORIENTED_EDGE('',*,*,#5340,.T.);
#5702 = PLANE('',#5703);
#5703 = AXIS2_PLACEMENT_3D('',#5704,#5705,#5706);
#5704 = CARTESIAN_POINT('',(-5.499503515576E-17,1.4375,0.675));
#5705 = DIRECTION('',(-4.735780055487E-31,-6.662940868892E-27,-1.));
#5706 = DIRECTION('',(1.,1.113200023686E-16,-4.735780055494E-31));
#5707 = ADVANCED_FACE('',(#5708),#5794,.F.);
#5708 = FACE_BOUND('',#5709,.F.);
#5709 = EDGE_LOOP('',(#5710,#5711,#5712,#5721,#5729,#5738,#5746,#5754,
    #5762,#5771,#5779,#5788));
#5710 = ORIENTED_EDGE('',*,*,#5066,.F.);
#5711 = ORIENTED_EDGE('',*,*,#5088,.T.);
#5712 = ORIENTED_EDGE('',*,*,#5713,.T.);
#5713 = EDGE_CURVE('',#5089,#5714,#5716,.T.);
#5714 = VERTEX_POINT('',#5715);
#5715 = CARTESIAN_POINT('',(-0.798480775301,-1.165,0.442364817767));
#5716 = CIRCLE('',#5717,0.1);
#5717 = AXIS2_PLACEMENT_3D('',#5718,#5719,#5720);
#5718 = CARTESIAN_POINT('',(-0.7,-1.165,0.425));
#5719 = DIRECTION('',(-1.144237745222E-17,-1.,0.));
#5720 = DIRECTION('',(0.,0.,1.));
#5721 = ORIENTED_EDGE('',*,*,#5722,.T.);
#5722 = EDGE_CURVE('',#5714,#5723,#5725,.T.);
#5723 = VERTEX_POINT('',#5724);
#5724 = CARTESIAN_POINT('',(-0.834655283371,-1.165,0.206587955583));
#5725 = LINE('',#5726,#5727);
#5726 = CARTESIAN_POINT('',(-0.798480775301,-1.165,0.442364817767));
#5727 = VECTOR('',#5728,1.);
#5728 = DIRECTION('',(-0.151652327974,1.735263178185E-18,-0.988433898356
    ));
#5729 = ORIENTED_EDGE('',*,*,#5730,.T.);
#5730 = EDGE_CURVE('',#5723,#5731,#5733,.T.);
#5731 = VERTEX_POINT('',#5732);
#5732 = CARTESIAN_POINT('',(-1.080857221624,-1.165,5.551115123126E-17));
#5733 = CIRCLE('',#5734,0.25);
#5734 = AXIS2_PLACEMENT_3D('',#5735,#5736,#5737);
#5735 = CARTESIAN_POINT('',(-1.080857221624,-1.165,0.25));
#5736 = DIRECTION('',(1.144237745222E-17,1.,3.851859888774E-34));
#5737 = DIRECTION('',(0.984807753012,-1.126854202784E-17,-0.173648177667
    ));
#5738 = ORIENTED_EDGE('',*,*,#5739,.T.);
#5739 = EDGE_CURVE('',#5731,#5740,#5742,.T.);
#5740 = VERTEX_POINT('',#5741);
#5741 = CARTESIAN_POINT('',(-1.15,-1.165,5.551115123126E-17));
#5742 = LINE('',#5743,#5744);
#5743 = CARTESIAN_POINT('',(-1.080857221624,-1.165,5.551115123126E-17));
#5744 = VECTOR('',#5745,1.);
#5745 = DIRECTION('',(-1.,1.144237745222E-17,0.));
#5746 = ORIENTED_EDGE('',*,*,#5747,.T.);
#5747 = EDGE_CURVE('',#5740,#5748,#5750,.T.);
#5748 = VERTEX_POINT('',#5749);
#5749 = CARTESIAN_POINT('',(-1.15,-1.165,0.15));
#5750 = LINE('',#5751,#5752);
#5751 = CARTESIAN_POINT('',(-1.15,-1.165,5.551115123126E-17));
#5752 = VECTOR('',#5753,1.);
#5753 = DIRECTION('',(0.,0.,1.));
#5754 = ORIENTED_EDGE('',*,*,#5755,.T.);
#5755 = EDGE_CURVE('',#5748,#5756,#5758,.T.);
#5756 = VERTEX_POINT('',#5757);
#5757 = CARTESIAN_POINT('',(-1.080857221624,-1.165,0.15));
#5758 = LINE('',#5759,#5760);
#5759 = CARTESIAN_POINT('',(-1.15,-1.165,0.15));
#5760 = VECTOR('',#5761,1.);
#5761 = DIRECTION('',(1.,-1.144237745222E-17,0.));
#5762 = ORIENTED_EDGE('',*,*,#5763,.T.);
#5763 = EDGE_CURVE('',#5756,#5764,#5766,.T.);
#5764 = VERTEX_POINT('',#5765);
#5765 = CARTESIAN_POINT('',(-0.982376446323,-1.165,0.232635182233));
#5766 = CIRCLE('',#5767,0.1);
#5767 = AXIS2_PLACEMENT_3D('',#5768,#5769,#5770);
#5768 = CARTESIAN_POINT('',(-1.080857221624,-1.165,0.25));
#5769 = DIRECTION('',(-1.144237745222E-17,-1.,1.094764425254E-47));
#5770 = DIRECTION('',(-2.22044604925E-15,2.540718180781E-32,-1.));
#5771 = ORIENTED_EDGE('',*,*,#5772,.T.);
#5772 = EDGE_CURVE('',#5764,#5773,#5775,.T.);
#5773 = VERTEX_POINT('',#5774);
#5774 = CARTESIAN_POINT('',(-0.946201938253,-1.165,0.468412044417));
#5775 = LINE('',#5776,#5777);
#5776 = CARTESIAN_POINT('',(-0.982376446323,-1.165,0.232635182233));
#5777 = VECTOR('',#5778,1.);
#5778 = DIRECTION('',(0.151652327974,-1.735263178185E-18,0.988433898356)
  );
#5779 = ORIENTED_EDGE('',*,*,#5780,.T.);
#5780 = EDGE_CURVE('',#5773,#5781,#5783,.T.);
#5781 = VERTEX_POINT('',#5782);
#5782 = CARTESIAN_POINT('',(-0.7,-1.165,0.675));
#5783 = CIRCLE('',#5784,0.25);
#5784 = AXIS2_PLACEMENT_3D('',#5785,#5786,#5787);
#5785 = CARTESIAN_POINT('',(-0.7,-1.165,0.425));
#5786 = DIRECTION('',(1.144237745222E-17,1.,0.));
#5787 = DIRECTION('',(-0.984807753012,1.126854202784E-17,0.173648177667)
  );
#5788 = ORIENTED_EDGE('',*,*,#5789,.T.);
#5789 = EDGE_CURVE('',#5781,#5067,#5790,.T.);
#5790 = LINE('',#5791,#5792);
#5791 = CARTESIAN_POINT('',(-0.7,-1.165,0.675));
#5792 = VECTOR('',#5793,1.);
#5793 = DIRECTION('',(1.,-1.144237745222E-17,0.));
#5794 = PLANE('',#5795);
#5795 = AXIS2_PLACEMENT_3D('',#5796,#5797,#5798);
#5796 = CARTESIAN_POINT('',(-0.88006362152,-1.165,0.345273741969));
#5797 = DIRECTION('',(1.144237745222E-17,1.,0.));
#5798 = DIRECTION('',(0.,-0.,1.));
#5799 = ADVANCED_FACE('',(#5800),#5819,.F.);
#5800 = FACE_BOUND('',#5801,.F.);
#5801 = EDGE_LOOP('',(#5802,#5803,#5812,#5818));
#5802 = ORIENTED_EDGE('',*,*,#5105,.T.);
#5803 = ORIENTED_EDGE('',*,*,#5804,.T.);
#5804 = EDGE_CURVE('',#5098,#5805,#5807,.T.);
#5805 = VERTEX_POINT('',#5806);
#5806 = CARTESIAN_POINT('',(-0.798480775301,-0.735,0.442364817767));
#5807 = CIRCLE('',#5808,0.1);
#5808 = AXIS2_PLACEMENT_3D('',#5809,#5810,#5811);
#5809 = CARTESIAN_POINT('',(-0.7,-0.735,0.425));
#5810 = DIRECTION('',(-1.144237745222E-17,-1.,0.));
#5811 = DIRECTION('',(0.,0.,1.));
#5812 = ORIENTED_EDGE('',*,*,#5813,.F.);
#5813 = EDGE_CURVE('',#5714,#5805,#5814,.T.);
#5814 = LINE('',#5815,#5816);
#5815 = CARTESIAN_POINT('',(-0.798480775301,-1.165,0.442364817767));
#5816 = VECTOR('',#5817,1.);
#5817 = DIRECTION('',(1.144237745222E-17,1.,0.));
#5818 = ORIENTED_EDGE('',*,*,#5713,.F.);
#5819 = CYLINDRICAL_SURFACE('',#5820,0.1);
#5820 = AXIS2_PLACEMENT_3D('',#5821,#5822,#5823);
#5821 = CARTESIAN_POINT('',(-0.7,-1.165,0.425));
#5822 = DIRECTION('',(-1.144237745222E-17,-1.,0.));
#5823 = DIRECTION('',(0.,0.,1.));
#5824 = ADVANCED_FACE('',(#5825),#5903,.T.);
#5825 = FACE_BOUND('',#5826,.T.);
#5826 = EDGE_LOOP('',(#5827,#5828,#5829,#5830,#5838,#5847,#5855,#5863,
    #5871,#5880,#5888,#5897));
#5827 = ORIENTED_EDGE('',*,*,#5119,.F.);
#5828 = ORIENTED_EDGE('',*,*,#5097,.T.);
#5829 = ORIENTED_EDGE('',*,*,#5804,.T.);
#5830 = ORIENTED_EDGE('',*,*,#5831,.T.);
#5831 = EDGE_CURVE('',#5805,#5832,#5834,.T.);
#5832 = VERTEX_POINT('',#5833);
#5833 = CARTESIAN_POINT('',(-0.834655283371,-0.735,0.206587955583));
#5834 = LINE('',#5835,#5836);
#5835 = CARTESIAN_POINT('',(-0.798480775301,-0.735,0.442364817767));
#5836 = VECTOR('',#5837,1.);
#5837 = DIRECTION('',(-0.151652327974,1.735263178185E-18,-0.988433898356
    ));
#5838 = ORIENTED_EDGE('',*,*,#5839,.T.);
#5839 = EDGE_CURVE('',#5832,#5840,#5842,.T.);
#5840 = VERTEX_POINT('',#5841);
#5841 = CARTESIAN_POINT('',(-1.080857221624,-0.735,5.551115123126E-17));
#5842 = CIRCLE('',#5843,0.25);
#5843 = AXIS2_PLACEMENT_3D('',#5844,#5845,#5846);
#5844 = CARTESIAN_POINT('',(-1.080857221624,-0.735,0.25));
#5845 = DIRECTION('',(1.144237745222E-17,1.,3.851859888774E-34));
#5846 = DIRECTION('',(0.984807753012,-1.126854202784E-17,-0.173648177667
    ));
#5847 = ORIENTED_EDGE('',*,*,#5848,.T.);
#5848 = EDGE_CURVE('',#5840,#5849,#5851,.T.);
#5849 = VERTEX_POINT('',#5850);
#5850 = CARTESIAN_POINT('',(-1.15,-0.735,5.551115123126E-17));
#5851 = LINE('',#5852,#5853);
#5852 = CARTESIAN_POINT('',(-1.080857221624,-0.735,5.551115123126E-17));
#5853 = VECTOR('',#5854,1.);
#5854 = DIRECTION('',(-1.,1.144237745222E-17,0.));
#5855 = ORIENTED_EDGE('',*,*,#5856,.T.);
#5856 = EDGE_CURVE('',#5849,#5857,#5859,.T.);
#5857 = VERTEX_POINT('',#5858);
#5858 = CARTESIAN_POINT('',(-1.15,-0.735,0.15));
#5859 = LINE('',#5860,#5861);
#5860 = CARTESIAN_POINT('',(-1.15,-0.735,5.551115123126E-17));
#5861 = VECTOR('',#5862,1.);
#5862 = DIRECTION('',(0.,0.,1.));
#5863 = ORIENTED_EDGE('',*,*,#5864,.T.);
#5864 = EDGE_CURVE('',#5857,#5865,#5867,.T.);
#5865 = VERTEX_POINT('',#5866);
#5866 = CARTESIAN_POINT('',(-1.080857221624,-0.735,0.15));
#5867 = LINE('',#5868,#5869);
#5868 = CARTESIAN_POINT('',(-1.15,-0.735,0.15));
#5869 = VECTOR('',#5870,1.);
#5870 = DIRECTION('',(1.,-1.144237745222E-17,0.));
#5871 = ORIENTED_EDGE('',*,*,#5872,.T.);
#5872 = EDGE_CURVE('',#5865,#5873,#5875,.T.);
#5873 = VERTEX_POINT('',#5874);
#5874 = CARTESIAN_POINT('',(-0.982376446323,-0.735,0.232635182233));
#5875 = CIRCLE('',#5876,0.1);
#5876 = AXIS2_PLACEMENT_3D('',#5877,#5878,#5879);
#5877 = CARTESIAN_POINT('',(-1.080857221624,-0.735,0.25));
#5878 = DIRECTION('',(-1.144237745222E-17,-1.,1.094764425254E-47));
#5879 = DIRECTION('',(-2.22044604925E-15,2.540718180781E-32,-1.));
#5880 = ORIENTED_EDGE('',*,*,#5881,.T.);
#5881 = EDGE_CURVE('',#5873,#5882,#5884,.T.);
#5882 = VERTEX_POINT('',#5883);
#5883 = CARTESIAN_POINT('',(-0.946201938253,-0.735,0.468412044417));
#5884 = LINE('',#5885,#5886);
#5885 = CARTESIAN_POINT('',(-0.982376446323,-0.735,0.232635182233));
#5886 = VECTOR('',#5887,1.);
#5887 = DIRECTION('',(0.151652327974,-1.735263178185E-18,0.988433898356)
  );
#5888 = ORIENTED_EDGE('',*,*,#5889,.T.);
#5889 = EDGE_CURVE('',#5882,#5890,#5892,.T.);
#5890 = VERTEX_POINT('',#5891);
#5891 = CARTESIAN_POINT('',(-0.7,-0.735,0.675));
#5892 = CIRCLE('',#5893,0.25);
#5893 = AXIS2_PLACEMENT_3D('',#5894,#5895,#5896);
#5894 = CARTESIAN_POINT('',(-0.7,-0.735,0.425));
#5895 = DIRECTION('',(1.144237745222E-17,1.,0.));
#5896 = DIRECTION('',(-0.984807753012,1.126854202784E-17,0.173648177667)
  );
#5897 = ORIENTED_EDGE('',*,*,#5898,.T.);
#5898 = EDGE_CURVE('',#5890,#5120,#5899,.T.);
#5899 = LINE('',#5900,#5901);
#5900 = CARTESIAN_POINT('',(-0.7,-0.735,0.675));
#5901 = VECTOR('',#5902,1.);
#5902 = DIRECTION('',(1.,-1.144237745222E-17,0.));
#5903 = PLANE('',#5904);
#5904 = AXIS2_PLACEMENT_3D('',#5905,#5906,#5907);
#5905 = CARTESIAN_POINT('',(-0.88006362152,-0.735,0.345273741969));
#5906 = DIRECTION('',(1.144237745222E-17,1.,0.));
#5907 = DIRECTION('',(0.,-0.,1.));
#5908 = ADVANCED_FACE('',(#5909),#5920,.F.);
#5909 = FACE_BOUND('',#5910,.F.);
#5910 = EDGE_LOOP('',(#5911,#5912,#5913,#5914));
#5911 = ORIENTED_EDGE('',*,*,#5136,.T.);
#5912 = ORIENTED_EDGE('',*,*,#5432,.T.);
#5913 = ORIENTED_EDGE('',*,*,#5464,.F.);
#5914 = ORIENTED_EDGE('',*,*,#5915,.F.);
#5915 = EDGE_CURVE('',#5120,#5457,#5916,.T.);
#5916 = LINE('',#5917,#5918);
#5917 = CARTESIAN_POINT('',(-0.7,-0.735,0.675));
#5918 = VECTOR('',#5919,1.);
#5919 = DIRECTION('',(1.,-1.144237745222E-17,0.));
#5920 = PLANE('',#5921);
#5921 = AXIS2_PLACEMENT_3D('',#5922,#5923,#5924);
#5922 = CARTESIAN_POINT('',(-5.499503515576E-17,1.4375,0.675));
#5923 = DIRECTION('',(-4.735780055487E-31,-6.662940868892E-27,-1.));
#5924 = DIRECTION('',(1.,1.113200023686E-16,-4.735780055494E-31));
#5925 = ADVANCED_FACE('',(#5926),#6005,.F.);
#5926 = FACE_BOUND('',#5927,.F.);
#5927 = EDGE_LOOP('',(#5928,#5929,#5930,#5939,#5947,#5956,#5964,#5972,
    #5980,#5989,#5997,#6004));
#5928 = ORIENTED_EDGE('',*,*,#5128,.F.);
#5929 = ORIENTED_EDGE('',*,*,#5160,.T.);
#5930 = ORIENTED_EDGE('',*,*,#5931,.T.);
#5931 = EDGE_CURVE('',#5151,#5932,#5934,.T.);
#5932 = VERTEX_POINT('',#5933);
#5933 = CARTESIAN_POINT('',(-0.798480775301,0.355,0.442364817767));
#5934 = CIRCLE('',#5935,0.1);
#5935 = AXIS2_PLACEMENT_3D('',#5936,#5937,#5938);
#5936 = CARTESIAN_POINT('',(-0.7,0.355,0.425));
#5937 = DIRECTION('',(-1.144237745222E-17,-1.,0.));
#5938 = DIRECTION('',(0.,0.,1.));
#5939 = ORIENTED_EDGE('',*,*,#5940,.T.);
#5940 = EDGE_CURVE('',#5932,#5941,#5943,.T.);
#5941 = VERTEX_POINT('',#5942);
#5942 = CARTESIAN_POINT('',(-0.834655283371,0.355,0.206587955583));
#5943 = LINE('',#5944,#5945);
#5944 = CARTESIAN_POINT('',(-0.798480775301,0.355,0.442364817767));
#5945 = VECTOR('',#5946,1.);
#5946 = DIRECTION('',(-0.151652327974,1.735263178185E-18,-0.988433898356
    ));
#5947 = ORIENTED_EDGE('',*,*,#5948,.T.);
#5948 = EDGE_CURVE('',#5941,#5949,#5951,.T.);
#5949 = VERTEX_POINT('',#5950);
#5950 = CARTESIAN_POINT('',(-1.080857221624,0.355,5.551115123126E-17));
#5951 = CIRCLE('',#5952,0.25);
#5952 = AXIS2_PLACEMENT_3D('',#5953,#5954,#5955);
#5953 = CARTESIAN_POINT('',(-1.080857221624,0.355,0.25));
#5954 = DIRECTION('',(1.144237745222E-17,1.,3.851859888774E-34));
#5955 = DIRECTION('',(0.984807753012,-1.126854202784E-17,-0.173648177667
    ));
#5956 = ORIENTED_EDGE('',*,*,#5957,.T.);
#5957 = EDGE_CURVE('',#5949,#5958,#5960,.T.);
#5958 = VERTEX_POINT('',#5959);
#5959 = CARTESIAN_POINT('',(-1.15,0.355,5.551115123126E-17));
#5960 = LINE('',#5961,#5962);
#5961 = CARTESIAN_POINT('',(-1.080857221624,0.355,5.551115123126E-17));
#5962 = VECTOR('',#5963,1.);
#5963 = DIRECTION('',(-1.,1.144237745222E-17,0.));
#5964 = ORIENTED_EDGE('',*,*,#5965,.T.);
#5965 = EDGE_CURVE('',#5958,#5966,#5968,.T.);
#5966 = VERTEX_POINT('',#5967);
#5967 = CARTESIAN_POINT('',(-1.15,0.355,0.15));
#5968 = LINE('',#5969,#5970);
#5969 = CARTESIAN_POINT('',(-1.15,0.355,5.551115123126E-17));
#5970 = VECTOR('',#5971,1.);
#5971 = DIRECTION('',(0.,0.,1.));
#5972 = ORIENTED_EDGE('',*,*,#5973,.T.);
#5973 = EDGE_CURVE('',#5966,#5974,#5976,.T.);
#5974 = VERTEX_POINT('',#5975);
#5975 = CARTESIAN_POINT('',(-1.080857221624,0.355,0.15));
#5976 = LINE('',#5977,#5978);
#5977 = CARTESIAN_POINT('',(-1.15,0.355,0.15));
#5978 = VECTOR('',#5979,1.);
#5979 = DIRECTION('',(1.,-1.144237745222E-17,0.));
#5980 = ORIENTED_EDGE('',*,*,#5981,.T.);
#5981 = EDGE_CURVE('',#5974,#5982,#5984,.T.);
#5982 = VERTEX_POINT('',#5983);
#5983 = CARTESIAN_POINT('',(-0.982376446323,0.355,0.232635182233));
#5984 = CIRCLE('',#5985,0.1);
#5985 = AXIS2_PLACEMENT_3D('',#5986,#5987,#5988);
#5986 = CARTESIAN_POINT('',(-1.080857221624,0.355,0.25));
#5987 = DIRECTION('',(-1.144237745222E-17,-1.,1.094764425254E-47));
#5988 = DIRECTION('',(-2.22044604925E-15,2.540718180781E-32,-1.));
#5989 = ORIENTED_EDGE('',*,*,#5990,.T.);
#5990 = EDGE_CURVE('',#5982,#5991,#5993,.T.);
#5991 = VERTEX_POINT('',#5992);
#5992 = CARTESIAN_POINT('',(-0.946201938253,0.355,0.468412044417));
#5993 = LINE('',#5994,#5995);
#5994 = CARTESIAN_POINT('',(-0.982376446323,0.355,0.232635182233));
#5995 = VECTOR('',#5996,1.);
#5996 = DIRECTION('',(0.151652327974,-1.735263178185E-18,0.988433898356)
  );
#5997 = ORIENTED_EDGE('',*,*,#5998,.T.);
#5998 = EDGE_CURVE('',#5991,#5402,#5999,.T.);
#5999 = CIRCLE('',#6000,0.25);
#6000 = AXIS2_PLACEMENT_3D('',#6001,#6002,#6003);
#6001 = CARTESIAN_POINT('',(-0.7,0.355,0.425));
#6002 = DIRECTION('',(1.144237745222E-17,1.,0.));
#6003 = DIRECTION('',(-0.984807753012,1.126854202784E-17,0.173648177667)
  );
#6004 = ORIENTED_EDGE('',*,*,#5401,.T.);
#6005 = PLANE('',#6006);
#6006 = AXIS2_PLACEMENT_3D('',#6007,#6008,#6009);
#6007 = CARTESIAN_POINT('',(-0.88006362152,0.355,0.345273741969));
#6008 = DIRECTION('',(1.144237745222E-17,1.,0.));
#6009 = DIRECTION('',(0.,-0.,1.));
#6010 = ADVANCED_FACE('',(#6011),#6030,.F.);
#6011 = FACE_BOUND('',#6012,.F.);
#6012 = EDGE_LOOP('',(#6013,#6021,#6022,#6023));
#6013 = ORIENTED_EDGE('',*,*,#6014,.F.);
#6014 = EDGE_CURVE('',#5932,#6015,#6017,.T.);
#6015 = VERTEX_POINT('',#6016);
#6016 = CARTESIAN_POINT('',(-0.798480775301,1.165,0.442364817767));
#6017 = LINE('',#6018,#6019);
#6018 = CARTESIAN_POINT('',(-0.798480775301,0.355,0.442364817767));
#6019 = VECTOR('',#6020,1.);
#6020 = DIRECTION('',(2.604226847886E-17,1.,0.));
#6021 = ORIENTED_EDGE('',*,*,#5931,.F.);
#6022 = ORIENTED_EDGE('',*,*,#5150,.T.);
#6023 = ORIENTED_EDGE('',*,*,#6024,.T.);
#6024 = EDGE_CURVE('',#5153,#6015,#6025,.T.);
#6025 = CIRCLE('',#6026,0.1);
#6026 = AXIS2_PLACEMENT_3D('',#6027,#6028,#6029);
#6027 = CARTESIAN_POINT('',(-0.7,1.165,0.425));
#6028 = DIRECTION('',(-1.144237745222E-17,-1.,0.));
#6029 = DIRECTION('',(0.,0.,1.));
#6030 = CYLINDRICAL_SURFACE('',#6031,0.1);
#6031 = AXIS2_PLACEMENT_3D('',#6032,#6033,#6034);
#6032 = CARTESIAN_POINT('',(-0.7,0.735,0.425));
#6033 = DIRECTION('',(-1.144237745222E-17,-1.,0.));
#6034 = DIRECTION('',(0.,0.,1.));
#6035 = ADVANCED_FACE('',(#6036),#6107,.T.);
#6036 = FACE_BOUND('',#6037,.T.);
#6037 = EDGE_LOOP('',(#6038,#6039,#6040,#6041,#6049,#6058,#6066,#6074,
    #6082,#6091,#6099,#6106));
#6038 = ORIENTED_EDGE('',*,*,#5181,.F.);
#6039 = ORIENTED_EDGE('',*,*,#5167,.T.);
#6040 = ORIENTED_EDGE('',*,*,#6024,.T.);
#6041 = ORIENTED_EDGE('',*,*,#6042,.T.);
#6042 = EDGE_CURVE('',#6015,#6043,#6045,.T.);
#6043 = VERTEX_POINT('',#6044);
#6044 = CARTESIAN_POINT('',(-0.834655283371,1.165,0.206587955583));
#6045 = LINE('',#6046,#6047);
#6046 = CARTESIAN_POINT('',(-0.798480775301,1.165,0.442364817767));
#6047 = VECTOR('',#6048,1.);
#6048 = DIRECTION('',(-0.151652327974,1.735263178185E-18,-0.988433898356
    ));
#6049 = ORIENTED_EDGE('',*,*,#6050,.T.);
#6050 = EDGE_CURVE('',#6043,#6051,#6053,.T.);
#6051 = VERTEX_POINT('',#6052);
#6052 = CARTESIAN_POINT('',(-1.080857221624,1.165,5.551115123126E-17));
#6053 = CIRCLE('',#6054,0.25);
#6054 = AXIS2_PLACEMENT_3D('',#6055,#6056,#6057);
#6055 = CARTESIAN_POINT('',(-1.080857221624,1.165,0.25));
#6056 = DIRECTION('',(1.144237745222E-17,1.,3.851859888774E-34));
#6057 = DIRECTION('',(0.984807753012,-1.126854202784E-17,-0.173648177667
    ));
#6058 = ORIENTED_EDGE('',*,*,#6059,.T.);
#6059 = EDGE_CURVE('',#6051,#6060,#6062,.T.);
#6060 = VERTEX_POINT('',#6061);
#6061 = CARTESIAN_POINT('',(-1.15,1.165,5.551115123126E-17));
#6062 = LINE('',#6063,#6064);
#6063 = CARTESIAN_POINT('',(-1.080857221624,1.165,5.551115123126E-17));
#6064 = VECTOR('',#6065,1.);
#6065 = DIRECTION('',(-1.,1.144237745222E-17,0.));
#6066 = ORIENTED_EDGE('',*,*,#6067,.T.);
#6067 = EDGE_CURVE('',#6060,#6068,#6070,.T.);
#6068 = VERTEX_POINT('',#6069);
#6069 = CARTESIAN_POINT('',(-1.15,1.165,0.15));
#6070 = LINE('',#6071,#6072);
#6071 = CARTESIAN_POINT('',(-1.15,1.165,5.551115123126E-17));
#6072 = VECTOR('',#6073,1.);
#6073 = DIRECTION('',(0.,0.,1.));
#6074 = ORIENTED_EDGE('',*,*,#6075,.T.);
#6075 = EDGE_CURVE('',#6068,#6076,#6078,.T.);
#6076 = VERTEX_POINT('',#6077);
#6077 = CARTESIAN_POINT('',(-1.080857221624,1.165,0.15));
#6078 = LINE('',#6079,#6080);
#6079 = CARTESIAN_POINT('',(-1.15,1.165,0.15));
#6080 = VECTOR('',#6081,1.);
#6081 = DIRECTION('',(1.,-1.144237745222E-17,0.));
#6082 = ORIENTED_EDGE('',*,*,#6083,.T.);
#6083 = EDGE_CURVE('',#6076,#6084,#6086,.T.);
#6084 = VERTEX_POINT('',#6085);
#6085 = CARTESIAN_POINT('',(-0.982376446323,1.165,0.232635182233));
#6086 = CIRCLE('',#6087,0.1);
#6087 = AXIS2_PLACEMENT_3D('',#6088,#6089,#6090);
#6088 = CARTESIAN_POINT('',(-1.080857221624,1.165,0.25));
#6089 = DIRECTION('',(-1.144237745222E-17,-1.,1.094764425254E-47));
#6090 = DIRECTION('',(-2.22044604925E-15,2.540718180781E-32,-1.));
#6091 = ORIENTED_EDGE('',*,*,#6092,.T.);
#6092 = EDGE_CURVE('',#6084,#6093,#6095,.T.);
#6093 = VERTEX_POINT('',#6094);
#6094 = CARTESIAN_POINT('',(-0.946201938253,1.165,0.468412044417));
#6095 = LINE('',#6096,#6097);
#6096 = CARTESIAN_POINT('',(-0.982376446323,1.165,0.232635182233));
#6097 = VECTOR('',#6098,1.);
#6098 = DIRECTION('',(0.151652327974,-1.735263178185E-18,0.988433898356)
  );
#6099 = ORIENTED_EDGE('',*,*,#6100,.T.);
#6100 = EDGE_CURVE('',#6093,#5410,#6101,.T.);
#6101 = CIRCLE('',#6102,0.25);
#6102 = AXIS2_PLACEMENT_3D('',#6103,#6104,#6105);
#6103 = CARTESIAN_POINT('',(-0.7,1.165,0.425));
#6104 = DIRECTION('',(1.144237745222E-17,1.,0.));
#6105 = DIRECTION('',(-0.984807753012,1.126854202784E-17,0.173648177667)
  );
#6106 = ORIENTED_EDGE('',*,*,#5417,.T.);
#6107 = PLANE('',#6108);
#6108 = AXIS2_PLACEMENT_3D('',#6109,#6110,#6111);
#6109 = CARTESIAN_POINT('',(-0.88006362152,1.165,0.345273741969));
#6110 = DIRECTION('',(1.144237745222E-17,1.,0.));
#6111 = DIRECTION('',(0.,-0.,1.));
#6112 = ADVANCED_FACE('',(#6113),#6192,.F.);
#6113 = FACE_BOUND('',#6114,.F.);
#6114 = EDGE_LOOP('',(#6115,#6116,#6117,#6126,#6134,#6143,#6151,#6159,
    #6167,#6176,#6184,#6191));
#6115 = ORIENTED_EDGE('',*,*,#5200,.F.);
#6116 = ORIENTED_EDGE('',*,*,#5215,.T.);
#6117 = ORIENTED_EDGE('',*,*,#6118,.T.);
#6118 = EDGE_CURVE('',#5216,#6119,#6121,.T.);
#6119 = VERTEX_POINT('',#6120);
#6120 = CARTESIAN_POINT('',(0.798480775301,1.165,0.442364817767));
#6121 = CIRCLE('',#6122,0.1);
#6122 = AXIS2_PLACEMENT_3D('',#6123,#6124,#6125);
#6123 = CARTESIAN_POINT('',(0.7,1.165,0.425));
#6124 = DIRECTION('',(-1.110223024625E-16,1.,0.));
#6125 = DIRECTION('',(0.,0.,1.));
#6126 = ORIENTED_EDGE('',*,*,#6127,.T.);
#6127 = EDGE_CURVE('',#6119,#6128,#6130,.T.);
#6128 = VERTEX_POINT('',#6129);
#6129 = CARTESIAN_POINT('',(0.834655283371,1.165,0.206587955583));
#6130 = LINE('',#6131,#6132);
#6131 = CARTESIAN_POINT('',(0.798480775301,1.165,0.442364817767));
#6132 = VECTOR('',#6133,1.);
#6133 = DIRECTION('',(0.151652327974,1.683679062546E-17,-0.988433898356)
  );
#6134 = ORIENTED_EDGE('',*,*,#6135,.T.);
#6135 = EDGE_CURVE('',#6128,#6136,#6138,.T.);
#6136 = VERTEX_POINT('',#6137);
#6137 = CARTESIAN_POINT('',(1.080857221624,1.165,5.551115123126E-17));
#6138 = CIRCLE('',#6139,0.25);
#6139 = AXIS2_PLACEMENT_3D('',#6140,#6141,#6142);
#6140 = CARTESIAN_POINT('',(1.080857221624,1.165,0.25));
#6141 = DIRECTION('',(1.110223024625E-16,-1.,0.));
#6142 = DIRECTION('',(-0.984807753012,-1.093356242223E-16,
    -0.173648177667));
#6143 = ORIENTED_EDGE('',*,*,#6144,.T.);
#6144 = EDGE_CURVE('',#6136,#6145,#6147,.T.);
#6145 = VERTEX_POINT('',#6146);
#6146 = CARTESIAN_POINT('',(1.15,1.165,5.551115123126E-17));
#6147 = LINE('',#6148,#6149);
#6148 = CARTESIAN_POINT('',(1.080857221624,1.165,5.551115123126E-17));
#6149 = VECTOR('',#6150,1.);
#6150 = DIRECTION('',(1.,1.110223024625E-16,0.));
#6151 = ORIENTED_EDGE('',*,*,#6152,.T.);
#6152 = EDGE_CURVE('',#6145,#6153,#6155,.T.);
#6153 = VERTEX_POINT('',#6154);
#6154 = CARTESIAN_POINT('',(1.15,1.165,0.15));
#6155 = LINE('',#6156,#6157);
#6156 = CARTESIAN_POINT('',(1.15,1.165,5.551115123126E-17));
#6157 = VECTOR('',#6158,1.);
#6158 = DIRECTION('',(0.,0.,1.));
#6159 = ORIENTED_EDGE('',*,*,#6160,.T.);
#6160 = EDGE_CURVE('',#6153,#6161,#6163,.T.);
#6161 = VERTEX_POINT('',#6162);
#6162 = CARTESIAN_POINT('',(1.080857221624,1.165,0.15));
#6163 = LINE('',#6164,#6165);
#6164 = CARTESIAN_POINT('',(1.15,1.165,0.15));
#6165 = VECTOR('',#6166,1.);
#6166 = DIRECTION('',(-1.,-1.110223024625E-16,0.));
#6167 = ORIENTED_EDGE('',*,*,#6168,.T.);
#6168 = EDGE_CURVE('',#6161,#6169,#6171,.T.);
#6169 = VERTEX_POINT('',#6170);
#6170 = CARTESIAN_POINT('',(0.982376446323,1.165,0.232635182233));
#6171 = CIRCLE('',#6172,0.1);
#6172 = AXIS2_PLACEMENT_3D('',#6173,#6174,#6175);
#6173 = CARTESIAN_POINT('',(1.080857221624,1.165,0.25));
#6174 = DIRECTION('',(-1.110223024625E-16,1.,0.));
#6175 = DIRECTION('',(2.22044604925E-15,2.465190328815E-31,-1.));
#6176 = ORIENTED_EDGE('',*,*,#6177,.T.);
#6177 = EDGE_CURVE('',#6169,#6178,#6180,.T.);
#6178 = VERTEX_POINT('',#6179);
#6179 = CARTESIAN_POINT('',(0.946201938253,1.165,0.468412044417));
#6180 = LINE('',#6181,#6182);
#6181 = CARTESIAN_POINT('',(0.982376446323,1.165,0.232635182233));
#6182 = VECTOR('',#6183,1.);
#6183 = DIRECTION('',(-0.151652327974,-1.683679062546E-17,0.988433898356
    ));
#6184 = ORIENTED_EDGE('',*,*,#6185,.T.);
#6185 = EDGE_CURVE('',#6178,#5625,#6186,.T.);
#6186 = CIRCLE('',#6187,0.25);
#6187 = AXIS2_PLACEMENT_3D('',#6188,#6189,#6190);
#6188 = CARTESIAN_POINT('',(0.7,1.165,0.425));
#6189 = DIRECTION('',(1.110223024625E-16,-1.,0.));
#6190 = DIRECTION('',(0.984807753012,1.093356242223E-16,0.173648177667)
  );
#6191 = ORIENTED_EDGE('',*,*,#5624,.T.);
#6192 = PLANE('',#6193);
#6193 = AXIS2_PLACEMENT_3D('',#6194,#6195,#6196);
#6194 = CARTESIAN_POINT('',(0.88006362152,1.165,0.345273741969));
#6195 = DIRECTION('',(1.110223024625E-16,-1.,0.));
#6196 = DIRECTION('',(0.,0.,1.));
#6197 = ADVANCED_FACE('',(#6198),#6217,.F.);
#6198 = FACE_BOUND('',#6199,.F.);
#6199 = EDGE_LOOP('',(#6200,#6201,#6210,#6216));
#6200 = ORIENTED_EDGE('',*,*,#5232,.T.);
#6201 = ORIENTED_EDGE('',*,*,#6202,.T.);
#6202 = EDGE_CURVE('',#5225,#6203,#6205,.T.);
#6203 = VERTEX_POINT('',#6204);
#6204 = CARTESIAN_POINT('',(0.798480775301,0.735,0.442364817767));
#6205 = CIRCLE('',#6206,0.1);
#6206 = AXIS2_PLACEMENT_3D('',#6207,#6208,#6209);
#6207 = CARTESIAN_POINT('',(0.7,0.735,0.425));
#6208 = DIRECTION('',(-1.110223024625E-16,1.,0.));
#6209 = DIRECTION('',(0.,0.,1.));
#6210 = ORIENTED_EDGE('',*,*,#6211,.F.);
#6211 = EDGE_CURVE('',#6119,#6203,#6212,.T.);
#6212 = LINE('',#6213,#6214);
#6213 = CARTESIAN_POINT('',(0.798480775301,1.165,0.442364817767));
#6214 = VECTOR('',#6215,1.);
#6215 = DIRECTION('',(1.110223024625E-16,-1.,0.));
#6216 = ORIENTED_EDGE('',*,*,#6118,.F.);
#6217 = CYLINDRICAL_SURFACE('',#6218,0.1);
#6218 = AXIS2_PLACEMENT_3D('',#6219,#6220,#6221);
#6219 = CARTESIAN_POINT('',(0.7,1.165,0.425));
#6220 = DIRECTION('',(-1.110223024625E-16,1.,0.));
#6221 = DIRECTION('',(0.,0.,1.));
#6222 = ADVANCED_FACE('',(#6223),#6294,.T.);
#6223 = FACE_BOUND('',#6224,.T.);
#6224 = EDGE_LOOP('',(#6225,#6226,#6227,#6228,#6236,#6245,#6253,#6261,
    #6269,#6278,#6286,#6293));
#6225 = ORIENTED_EDGE('',*,*,#5246,.F.);
#6226 = ORIENTED_EDGE('',*,*,#5224,.T.);
#6227 = ORIENTED_EDGE('',*,*,#6202,.T.);
#6228 = ORIENTED_EDGE('',*,*,#6229,.T.);
#6229 = EDGE_CURVE('',#6203,#6230,#6232,.T.);
#6230 = VERTEX_POINT('',#6231);
#6231 = CARTESIAN_POINT('',(0.834655283371,0.735,0.206587955583));
#6232 = LINE('',#6233,#6234);
#6233 = CARTESIAN_POINT('',(0.798480775301,0.735,0.442364817767));
#6234 = VECTOR('',#6235,1.);
#6235 = DIRECTION('',(0.151652327974,1.683679062546E-17,-0.988433898356)
  );
#6236 = ORIENTED_EDGE('',*,*,#6237,.T.);
#6237 = EDGE_CURVE('',#6230,#6238,#6240,.T.);
#6238 = VERTEX_POINT('',#6239);
#6239 = CARTESIAN_POINT('',(1.080857221624,0.735,5.551115123126E-17));
#6240 = CIRCLE('',#6241,0.25);
#6241 = AXIS2_PLACEMENT_3D('',#6242,#6243,#6244);
#6242 = CARTESIAN_POINT('',(1.080857221624,0.735,0.25));
#6243 = DIRECTION('',(1.110223024625E-16,-1.,0.));
#6244 = DIRECTION('',(-0.984807753012,-1.093356242223E-16,
    -0.173648177667));
#6245 = ORIENTED_EDGE('',*,*,#6246,.T.);
#6246 = EDGE_CURVE('',#6238,#6247,#6249,.T.);
#6247 = VERTEX_POINT('',#6248);
#6248 = CARTESIAN_POINT('',(1.15,0.735,5.551115123126E-17));
#6249 = LINE('',#6250,#6251);
#6250 = CARTESIAN_POINT('',(1.080857221624,0.735,5.551115123126E-17));
#6251 = VECTOR('',#6252,1.);
#6252 = DIRECTION('',(1.,1.110223024625E-16,0.));
#6253 = ORIENTED_EDGE('',*,*,#6254,.T.);
#6254 = EDGE_CURVE('',#6247,#6255,#6257,.T.);
#6255 = VERTEX_POINT('',#6256);
#6256 = CARTESIAN_POINT('',(1.15,0.735,0.15));
#6257 = LINE('',#6258,#6259);
#6258 = CARTESIAN_POINT('',(1.15,0.735,5.551115123126E-17));
#6259 = VECTOR('',#6260,1.);
#6260 = DIRECTION('',(0.,0.,1.));
#6261 = ORIENTED_EDGE('',*,*,#6262,.T.);
#6262 = EDGE_CURVE('',#6255,#6263,#6265,.T.);
#6263 = VERTEX_POINT('',#6264);
#6264 = CARTESIAN_POINT('',(1.080857221624,0.735,0.15));
#6265 = LINE('',#6266,#6267);
#6266 = CARTESIAN_POINT('',(1.15,0.735,0.15));
#6267 = VECTOR('',#6268,1.);
#6268 = DIRECTION('',(-1.,-1.110223024625E-16,0.));
#6269 = ORIENTED_EDGE('',*,*,#6270,.T.);
#6270 = EDGE_CURVE('',#6263,#6271,#6273,.T.);
#6271 = VERTEX_POINT('',#6272);
#6272 = CARTESIAN_POINT('',(0.982376446323,0.735,0.232635182233));
#6273 = CIRCLE('',#6274,0.1);
#6274 = AXIS2_PLACEMENT_3D('',#6275,#6276,#6277);
#6275 = CARTESIAN_POINT('',(1.080857221624,0.735,0.25));
#6276 = DIRECTION('',(-1.110223024625E-16,1.,0.));
#6277 = DIRECTION('',(2.22044604925E-15,2.465190328815E-31,-1.));
#6278 = ORIENTED_EDGE('',*,*,#6279,.T.);
#6279 = EDGE_CURVE('',#6271,#6280,#6282,.T.);
#6280 = VERTEX_POINT('',#6281);
#6281 = CARTESIAN_POINT('',(0.946201938253,0.735,0.468412044417));
#6282 = LINE('',#6283,#6284);
#6283 = CARTESIAN_POINT('',(0.982376446323,0.735,0.232635182233));
#6284 = VECTOR('',#6285,1.);
#6285 = DIRECTION('',(-0.151652327974,-1.683679062546E-17,0.988433898356
    ));
#6286 = ORIENTED_EDGE('',*,*,#6287,.T.);
#6287 = EDGE_CURVE('',#6280,#5633,#6288,.T.);
#6288 = CIRCLE('',#6289,0.25);
#6289 = AXIS2_PLACEMENT_3D('',#6290,#6291,#6292);
#6290 = CARTESIAN_POINT('',(0.7,0.735,0.425));
#6291 = DIRECTION('',(1.110223024625E-16,-1.,0.));
#6292 = DIRECTION('',(0.984807753012,1.093356242223E-16,0.173648177667)
  );
#6293 = ORIENTED_EDGE('',*,*,#5640,.T.);
#6294 = PLANE('',#6295);
#6295 = AXIS2_PLACEMENT_3D('',#6296,#6297,#6298);
#6296 = CARTESIAN_POINT('',(0.88006362152,0.735,0.345273741969));
#6297 = DIRECTION('',(1.110223024625E-16,-1.,0.));
#6298 = DIRECTION('',(0.,0.,1.));
#6299 = ADVANCED_FACE('',(#6300),#6311,.F.);
#6300 = FACE_BOUND('',#6301,.F.);
#6301 = EDGE_LOOP('',(#6302,#6303,#6304,#6310));
#6302 = ORIENTED_EDGE('',*,*,#5646,.F.);
#6303 = ORIENTED_EDGE('',*,*,#5263,.T.);
#6304 = ORIENTED_EDGE('',*,*,#6305,.T.);
#6305 = EDGE_CURVE('',#5256,#5579,#6306,.T.);
#6306 = LINE('',#6307,#6308);
#6307 = CARTESIAN_POINT('',(0.7,-0.735,0.675));
#6308 = VECTOR('',#6309,1.);
#6309 = DIRECTION('',(-1.,-1.110223024625E-16,0.));
#6310 = ORIENTED_EDGE('',*,*,#5578,.F.);
#6311 = PLANE('',#6312);
#6312 = AXIS2_PLACEMENT_3D('',#6313,#6314,#6315);
#6313 = CARTESIAN_POINT('',(-5.499503515576E-17,1.4375,0.675));
#6314 = DIRECTION('',(-4.735780055487E-31,-6.662940868892E-27,-1.));
#6315 = DIRECTION('',(1.,1.113200023686E-16,-4.735780055494E-31));
#6316 = ADVANCED_FACE('',(#6317),#6403,.F.);
#6317 = FACE_BOUND('',#6318,.F.);
#6318 = EDGE_LOOP('',(#6319,#6320,#6321,#6330,#6338,#6347,#6355,#6363,
    #6371,#6380,#6388,#6397));
#6319 = ORIENTED_EDGE('',*,*,#5255,.F.);
#6320 = ORIENTED_EDGE('',*,*,#5277,.T.);
#6321 = ORIENTED_EDGE('',*,*,#6322,.T.);
#6322 = EDGE_CURVE('',#5278,#6323,#6325,.T.);
#6323 = VERTEX_POINT('',#6324);
#6324 = CARTESIAN_POINT('',(0.798480775301,-0.735,0.442364817767));
#6325 = CIRCLE('',#6326,0.1);
#6326 = AXIS2_PLACEMENT_3D('',#6327,#6328,#6329);
#6327 = CARTESIAN_POINT('',(0.7,-0.735,0.425));
#6328 = DIRECTION('',(-1.110223024625E-16,1.,0.));
#6329 = DIRECTION('',(0.,0.,1.));
#6330 = ORIENTED_EDGE('',*,*,#6331,.T.);
#6331 = EDGE_CURVE('',#6323,#6332,#6334,.T.);
#6332 = VERTEX_POINT('',#6333);
#6333 = CARTESIAN_POINT('',(0.834655283371,-0.735,0.206587955583));
#6334 = LINE('',#6335,#6336);
#6335 = CARTESIAN_POINT('',(0.798480775301,-0.735,0.442364817767));
#6336 = VECTOR('',#6337,1.);
#6337 = DIRECTION('',(0.151652327974,1.683679062546E-17,-0.988433898356)
  );
#6338 = ORIENTED_EDGE('',*,*,#6339,.T.);
#6339 = EDGE_CURVE('',#6332,#6340,#6342,.T.);
#6340 = VERTEX_POINT('',#6341);
#6341 = CARTESIAN_POINT('',(1.080857221624,-0.735,5.551115123126E-17));
#6342 = CIRCLE('',#6343,0.25);
#6343 = AXIS2_PLACEMENT_3D('',#6344,#6345,#6346);
#6344 = CARTESIAN_POINT('',(1.080857221624,-0.735,0.25));
#6345 = DIRECTION('',(1.110223024625E-16,-1.,0.));
#6346 = DIRECTION('',(-0.984807753012,-1.093356242223E-16,
    -0.173648177667));
#6347 = ORIENTED_EDGE('',*,*,#6348,.T.);
#6348 = EDGE_CURVE('',#6340,#6349,#6351,.T.);
#6349 = VERTEX_POINT('',#6350);
#6350 = CARTESIAN_POINT('',(1.15,-0.735,5.551115123126E-17));
#6351 = LINE('',#6352,#6353);
#6352 = CARTESIAN_POINT('',(1.080857221624,-0.735,5.551115123126E-17));
#6353 = VECTOR('',#6354,1.);
#6354 = DIRECTION('',(1.,1.110223024625E-16,0.));
#6355 = ORIENTED_EDGE('',*,*,#6356,.T.);
#6356 = EDGE_CURVE('',#6349,#6357,#6359,.T.);
#6357 = VERTEX_POINT('',#6358);
#6358 = CARTESIAN_POINT('',(1.15,-0.735,0.15));
#6359 = LINE('',#6360,#6361);
#6360 = CARTESIAN_POINT('',(1.15,-0.735,5.551115123126E-17));
#6361 = VECTOR('',#6362,1.);
#6362 = DIRECTION('',(0.,0.,1.));
#6363 = ORIENTED_EDGE('',*,*,#6364,.T.);
#6364 = EDGE_CURVE('',#6357,#6365,#6367,.T.);
#6365 = VERTEX_POINT('',#6366);
#6366 = CARTESIAN_POINT('',(1.080857221624,-0.735,0.15));
#6367 = LINE('',#6368,#6369);
#6368 = CARTESIAN_POINT('',(1.15,-0.735,0.15));
#6369 = VECTOR('',#6370,1.);
#6370 = DIRECTION('',(-1.,-1.110223024625E-16,0.));
#6371 = ORIENTED_EDGE('',*,*,#6372,.T.);
#6372 = EDGE_CURVE('',#6365,#6373,#6375,.T.);
#6373 = VERTEX_POINT('',#6374);
#6374 = CARTESIAN_POINT('',(0.982376446323,-0.735,0.232635182233));
#6375 = CIRCLE('',#6376,0.1);
#6376 = AXIS2_PLACEMENT_3D('',#6377,#6378,#6379);
#6377 = CARTESIAN_POINT('',(1.080857221624,-0.735,0.25));
#6378 = DIRECTION('',(-1.110223024625E-16,1.,0.));
#6379 = DIRECTION('',(2.22044604925E-15,2.465190328815E-31,-1.));
#6380 = ORIENTED_EDGE('',*,*,#6381,.T.);
#6381 = EDGE_CURVE('',#6373,#6382,#6384,.T.);
#6382 = VERTEX_POINT('',#6383);
#6383 = CARTESIAN_POINT('',(0.946201938253,-0.735,0.468412044417));
#6384 = LINE('',#6385,#6386);
#6385 = CARTESIAN_POINT('',(0.982376446323,-0.735,0.232635182233));
#6386 = VECTOR('',#6387,1.);
#6387 = DIRECTION('',(-0.151652327974,-1.683679062546E-17,0.988433898356
    ));
#6388 = ORIENTED_EDGE('',*,*,#6389,.T.);
#6389 = EDGE_CURVE('',#6382,#6390,#6392,.T.);
#6390 = VERTEX_POINT('',#6391);
#6391 = CARTESIAN_POINT('',(0.7,-0.735,0.675));
#6392 = CIRCLE('',#6393,0.25);
#6393 = AXIS2_PLACEMENT_3D('',#6394,#6395,#6396);
#6394 = CARTESIAN_POINT('',(0.7,-0.735,0.425));
#6395 = DIRECTION('',(1.110223024625E-16,-1.,0.));
#6396 = DIRECTION('',(0.984807753012,1.093356242223E-16,0.173648177667)
  );
#6397 = ORIENTED_EDGE('',*,*,#6398,.T.);
#6398 = EDGE_CURVE('',#6390,#5256,#6399,.T.);
#6399 = LINE('',#6400,#6401);
#6400 = CARTESIAN_POINT('',(0.7,-0.735,0.675));
#6401 = VECTOR('',#6402,1.);
#6402 = DIRECTION('',(-1.,-1.110223024625E-16,0.));
#6403 = PLANE('',#6404);
#6404 = AXIS2_PLACEMENT_3D('',#6405,#6406,#6407);
#6405 = CARTESIAN_POINT('',(0.88006362152,-0.735,0.345273741969));
#6406 = DIRECTION('',(1.110223024625E-16,-1.,0.));
#6407 = DIRECTION('',(0.,0.,1.));
#6408 = ADVANCED_FACE('',(#6409),#6428,.F.);
#6409 = FACE_BOUND('',#6410,.F.);
#6410 = EDGE_LOOP('',(#6411,#6412,#6421,#6427));
#6411 = ORIENTED_EDGE('',*,*,#5294,.T.);
#6412 = ORIENTED_EDGE('',*,*,#6413,.T.);
#6413 = EDGE_CURVE('',#5287,#6414,#6416,.T.);
#6414 = VERTEX_POINT('',#6415);
#6415 = CARTESIAN_POINT('',(0.798480775301,-1.165,0.442364817767));
#6416 = CIRCLE('',#6417,0.1);
#6417 = AXIS2_PLACEMENT_3D('',#6418,#6419,#6420);
#6418 = CARTESIAN_POINT('',(0.7,-1.165,0.425));
#6419 = DIRECTION('',(-1.110223024625E-16,1.,0.));
#6420 = DIRECTION('',(0.,0.,1.));
#6421 = ORIENTED_EDGE('',*,*,#6422,.F.);
#6422 = EDGE_CURVE('',#6323,#6414,#6423,.T.);
#6423 = LINE('',#6424,#6425);
#6424 = CARTESIAN_POINT('',(0.798480775301,-0.735,0.442364817767));
#6425 = VECTOR('',#6426,1.);
#6426 = DIRECTION('',(1.110223024625E-16,-1.,0.));
#6427 = ORIENTED_EDGE('',*,*,#6322,.F.);
#6428 = CYLINDRICAL_SURFACE('',#6429,0.1);
#6429 = AXIS2_PLACEMENT_3D('',#6430,#6431,#6432);
#6430 = CARTESIAN_POINT('',(0.7,-0.735,0.425));
#6431 = DIRECTION('',(-1.110223024625E-16,1.,0.));
#6432 = DIRECTION('',(0.,0.,1.));
#6433 = ADVANCED_FACE('',(#6434),#6512,.T.);
#6434 = FACE_BOUND('',#6435,.T.);
#6435 = EDGE_LOOP('',(#6436,#6437,#6438,#6439,#6447,#6456,#6464,#6472,
    #6480,#6489,#6497,#6506));
#6436 = ORIENTED_EDGE('',*,*,#5308,.F.);
#6437 = ORIENTED_EDGE('',*,*,#5286,.T.);
#6438 = ORIENTED_EDGE('',*,*,#6413,.T.);
#6439 = ORIENTED_EDGE('',*,*,#6440,.T.);
#6440 = EDGE_CURVE('',#6414,#6441,#6443,.T.);
#6441 = VERTEX_POINT('',#6442);
#6442 = CARTESIAN_POINT('',(0.834655283371,-1.165,0.206587955583));
#6443 = LINE('',#6444,#6445);
#6444 = CARTESIAN_POINT('',(0.798480775301,-1.165,0.442364817767));
#6445 = VECTOR('',#6446,1.);
#6446 = DIRECTION('',(0.151652327974,1.683679062546E-17,-0.988433898356)
  );
#6447 = ORIENTED_EDGE('',*,*,#6448,.T.);
#6448 = EDGE_CURVE('',#6441,#6449,#6451,.T.);
#6449 = VERTEX_POINT('',#6450);
#6450 = CARTESIAN_POINT('',(1.080857221624,-1.165,5.551115123126E-17));
#6451 = CIRCLE('',#6452,0.25);
#6452 = AXIS2_PLACEMENT_3D('',#6453,#6454,#6455);
#6453 = CARTESIAN_POINT('',(1.080857221624,-1.165,0.25));
#6454 = DIRECTION('',(1.110223024625E-16,-1.,0.));
#6455 = DIRECTION('',(-0.984807753012,-1.093356242223E-16,
    -0.173648177667));
#6456 = ORIENTED_EDGE('',*,*,#6457,.T.);
#6457 = EDGE_CURVE('',#6449,#6458,#6460,.T.);
#6458 = VERTEX_POINT('',#6459);
#6459 = CARTESIAN_POINT('',(1.15,-1.165,5.551115123126E-17));
#6460 = LINE('',#6461,#6462);
#6461 = CARTESIAN_POINT('',(1.080857221624,-1.165,5.551115123126E-17));
#6462 = VECTOR('',#6463,1.);
#6463 = DIRECTION('',(1.,1.110223024625E-16,0.));
#6464 = ORIENTED_EDGE('',*,*,#6465,.T.);
#6465 = EDGE_CURVE('',#6458,#6466,#6468,.T.);
#6466 = VERTEX_POINT('',#6467);
#6467 = CARTESIAN_POINT('',(1.15,-1.165,0.15));
#6468 = LINE('',#6469,#6470);
#6469 = CARTESIAN_POINT('',(1.15,-1.165,5.551115123126E-17));
#6470 = VECTOR('',#6471,1.);
#6471 = DIRECTION('',(0.,0.,1.));
#6472 = ORIENTED_EDGE('',*,*,#6473,.T.);
#6473 = EDGE_CURVE('',#6466,#6474,#6476,.T.);
#6474 = VERTEX_POINT('',#6475);
#6475 = CARTESIAN_POINT('',(1.080857221624,-1.165,0.15));
#6476 = LINE('',#6477,#6478);
#6477 = CARTESIAN_POINT('',(1.15,-1.165,0.15));
#6478 = VECTOR('',#6479,1.);
#6479 = DIRECTION('',(-1.,-1.110223024625E-16,0.));
#6480 = ORIENTED_EDGE('',*,*,#6481,.T.);
#6481 = EDGE_CURVE('',#6474,#6482,#6484,.T.);
#6482 = VERTEX_POINT('',#6483);
#6483 = CARTESIAN_POINT('',(0.982376446323,-1.165,0.232635182233));
#6484 = CIRCLE('',#6485,0.1);
#6485 = AXIS2_PLACEMENT_3D('',#6486,#6487,#6488);
#6486 = CARTESIAN_POINT('',(1.080857221624,-1.165,0.25));
#6487 = DIRECTION('',(-1.110223024625E-16,1.,0.));
#6488 = DIRECTION('',(2.22044604925E-15,2.465190328815E-31,-1.));
#6489 = ORIENTED_EDGE('',*,*,#6490,.T.);
#6490 = EDGE_CURVE('',#6482,#6491,#6493,.T.);
#6491 = VERTEX_POINT('',#6492);
#6492 = CARTESIAN_POINT('',(0.946201938253,-1.165,0.468412044417));
#6493 = LINE('',#6494,#6495);
#6494 = CARTESIAN_POINT('',(0.982376446323,-1.165,0.232635182233));
#6495 = VECTOR('',#6496,1.);
#6496 = DIRECTION('',(-0.151652327974,-1.683679062546E-17,0.988433898356
    ));
#6497 = ORIENTED_EDGE('',*,*,#6498,.T.);
#6498 = EDGE_CURVE('',#6491,#6499,#6501,.T.);
#6499 = VERTEX_POINT('',#6500);
#6500 = CARTESIAN_POINT('',(0.7,-1.165,0.675));
#6501 = CIRCLE('',#6502,0.25);
#6502 = AXIS2_PLACEMENT_3D('',#6503,#6504,#6505);
#6503 = CARTESIAN_POINT('',(0.7,-1.165,0.425));
#6504 = DIRECTION('',(1.110223024625E-16,-1.,0.));
#6505 = DIRECTION('',(0.984807753012,1.093356242223E-16,0.173648177667)
  );
#6506 = ORIENTED_EDGE('',*,*,#6507,.T.);
#6507 = EDGE_CURVE('',#6499,#5309,#6508,.T.);
#6508 = LINE('',#6509,#6510);
#6509 = CARTESIAN_POINT('',(0.7,-1.165,0.675));
#6510 = VECTOR('',#6511,1.);
#6511 = DIRECTION('',(-1.,-1.110223024625E-16,0.));
#6512 = PLANE('',#6513);
#6513 = AXIS2_PLACEMENT_3D('',#6514,#6515,#6516);
#6514 = CARTESIAN_POINT('',(0.88006362152,-1.165,0.345273741969));
#6515 = DIRECTION('',(1.110223024625E-16,-1.,0.));
#6516 = DIRECTION('',(0.,0.,1.));
#6517 = ADVANCED_FACE('',(#6518),#6529,.T.);
#6518 = FACE_BOUND('',#6519,.T.);
#6519 = EDGE_LOOP('',(#6520,#6521,#6522,#6528));
#6520 = ORIENTED_EDGE('',*,*,#5409,.F.);
#6521 = ORIENTED_EDGE('',*,*,#6100,.F.);
#6522 = ORIENTED_EDGE('',*,*,#6523,.F.);
#6523 = EDGE_CURVE('',#5991,#6093,#6524,.T.);
#6524 = LINE('',#6525,#6526);
#6525 = CARTESIAN_POINT('',(-0.946201938253,0.355,0.468412044417));
#6526 = VECTOR('',#6527,1.);
#6527 = DIRECTION('',(2.604226847886E-17,1.,0.));
#6528 = ORIENTED_EDGE('',*,*,#5998,.T.);
#6529 = CYLINDRICAL_SURFACE('',#6530,0.25);
#6530 = AXIS2_PLACEMENT_3D('',#6531,#6532,#6533);
#6531 = CARTESIAN_POINT('',(-0.7,0.355,0.425));
#6532 = DIRECTION('',(-1.144237745222E-17,-1.,0.));
#6533 = DIRECTION('',(-0.984807753012,1.126854202784E-17,0.173648177667)
  );
#6534 = ADVANCED_FACE('',(#6535),#6548,.F.);
#6535 = FACE_BOUND('',#6536,.F.);
#6536 = EDGE_LOOP('',(#6537,#6538,#6544,#6545,#6546,#6547));
#6537 = ORIENTED_EDGE('',*,*,#5789,.F.);
#6538 = ORIENTED_EDGE('',*,*,#6539,.T.);
#6539 = EDGE_CURVE('',#5781,#5890,#6540,.T.);
#6540 = LINE('',#6541,#6542);
#6541 = CARTESIAN_POINT('',(-0.7,-1.165,0.675));
#6542 = VECTOR('',#6543,1.);
#6543 = DIRECTION('',(1.144237745222E-17,1.,0.));
#6544 = ORIENTED_EDGE('',*,*,#5898,.T.);
#6545 = ORIENTED_EDGE('',*,*,#5915,.T.);
#6546 = ORIENTED_EDGE('',*,*,#5456,.F.);
#6547 = ORIENTED_EDGE('',*,*,#5663,.F.);
#6548 = PLANE('',#6549);
#6549 = AXIS2_PLACEMENT_3D('',#6550,#6551,#6552);
#6550 = CARTESIAN_POINT('',(-0.7,-1.165,0.675));
#6551 = DIRECTION('',(0.,0.,-1.));
#6552 = DIRECTION('',(1.,-1.144237745222E-17,0.));
#6553 = ADVANCED_FACE('',(#6554,#6583),#6594,.T.);
#6554 = FACE_BOUND('',#6555,.T.);
#6555 = EDGE_LOOP('',(#6556,#6557,#6558,#6559,#6567,#6575,#6581,#6582));
#6556 = ORIENTED_EDGE('',*,*,#5531,.F.);
#6557 = ORIENTED_EDGE('',*,*,#5508,.F.);
#6558 = ORIENTED_EDGE('',*,*,#5479,.F.);
#6559 = ORIENTED_EDGE('',*,*,#6560,.F.);
#6560 = EDGE_CURVE('',#6561,#5480,#6563,.T.);
#6561 = VERTEX_POINT('',#6562);
#6562 = CARTESIAN_POINT('',(-0.512635072626,-1.365270145251,1.1));
#6563 = LINE('',#6564,#6565);
#6564 = CARTESIAN_POINT('',(-0.512635072626,-1.365270145251,1.1));
#6565 = VECTOR('',#6566,1.);
#6566 = DIRECTION('',(-0.707106781187,0.707106781187,0.));
#6567 = ORIENTED_EDGE('',*,*,#6568,.F.);
#6568 = EDGE_CURVE('',#6569,#6561,#6571,.T.);
#6569 = VERTEX_POINT('',#6570);
#6570 = CARTESIAN_POINT('',(0.512635072626,-1.365270145251,1.1));
#6571 = LINE('',#6572,#6573);
#6572 = CARTESIAN_POINT('',(0.512635072626,-1.365270145251,1.1));
#6573 = VECTOR('',#6574,1.);
#6574 = DIRECTION('',(-1.,-1.110223024625E-16,0.));
#6575 = ORIENTED_EDGE('',*,*,#6576,.F.);
#6576 = EDGE_CURVE('',#5603,#6569,#6577,.T.);
#6577 = LINE('',#6578,#6579);
#6578 = CARTESIAN_POINT('',(0.565270145251,-1.312635072626,1.1));
#6579 = VECTOR('',#6580,1.);
#6580 = DIRECTION('',(-0.707106781187,-0.707106781187,0.));
#6581 = ORIENTED_EDGE('',*,*,#5609,.F.);
#6582 = ORIENTED_EDGE('',*,*,#5554,.F.);
#6583 = FACE_BOUND('',#6584,.T.);
#6584 = EDGE_LOOP('',(#6585));
#6585 = ORIENTED_EDGE('',*,*,#6586,.T.);
#6586 = EDGE_CURVE('',#6587,#6587,#6589,.T.);
#6587 = VERTEX_POINT('',#6588);
#6588 = CARTESIAN_POINT('',(-0.365270145251,1.115270145251,1.1));
#6589 = CIRCLE('',#6590,5.E-02);
#6590 = AXIS2_PLACEMENT_3D('',#6591,#6592,#6593);
#6591 = CARTESIAN_POINT('',(-0.365270145251,1.165270145251,1.1));
#6592 = DIRECTION('',(0.,-0.,-1.));
#6593 = DIRECTION('',(1.110223024625E-16,-1.,0.));
#6594 = PLANE('',#6595);
#6595 = AXIS2_PLACEMENT_3D('',#6596,#6597,#6598);
#6596 = CARTESIAN_POINT('',(-0.512635072626,1.365270145251,1.1));
#6597 = DIRECTION('',(0.,0.,1.));
#6598 = DIRECTION('',(0.351519442608,-0.936180581655,0.));
#6599 = ADVANCED_FACE('',(#6600),#6610,.F.);
#6600 = FACE_BOUND('',#6601,.F.);
#6601 = EDGE_LOOP('',(#6602,#6603,#6604,#6605));
#6602 = ORIENTED_EDGE('',*,*,#5670,.T.);
#6603 = ORIENTED_EDGE('',*,*,#5487,.T.);
#6604 = ORIENTED_EDGE('',*,*,#6560,.F.);
#6605 = ORIENTED_EDGE('',*,*,#6606,.F.);
#6606 = EDGE_CURVE('',#5671,#6561,#6607,.T.);
#6607 = B_SPLINE_CURVE_WITH_KNOTS('',1,(#6608,#6609),.UNSPECIFIED.,.F.,
  .F.,(2,2),(0.,1.),.PIECEWISE_BEZIER_KNOTS.);
#6608 = CARTESIAN_POINT('',(-0.5425,-1.425,0.675));
#6609 = CARTESIAN_POINT('',(-0.512635072626,-1.365270145251,1.1));
#6610 = B_SPLINE_SURFACE_WITH_KNOTS('',1,1,(
    (#6611,#6612)
    ,(#6613,#6614
    )),.UNSPECIFIED.,.F.,.F.,.F.,(2,2),(2,2),(0.,0.116672618896),(0.,1.)
  ,.PIECEWISE_BEZIER_KNOTS.);
#6611 = CARTESIAN_POINT('',(-0.5425,-1.425,0.675));
#6612 = CARTESIAN_POINT('',(-0.512635072626,-1.365270145251,1.1));
#6613 = CARTESIAN_POINT('',(-0.625,-1.3425,0.675));
#6614 = CARTESIAN_POINT('',(-0.565270145251,-1.312635072626,1.1));
#6615 = ADVANCED_FACE('',(#6616),#6629,.F.);
#6616 = FACE_BOUND('',#6617,.F.);
#6617 = EDGE_LOOP('',(#6618,#6619,#6625,#6626,#6627,#6628));
#6618 = ORIENTED_EDGE('',*,*,#6398,.F.);
#6619 = ORIENTED_EDGE('',*,*,#6620,.T.);
#6620 = EDGE_CURVE('',#6390,#6499,#6621,.T.);
#6621 = LINE('',#6622,#6623);
#6622 = CARTESIAN_POINT('',(0.7,-0.735,0.675));
#6623 = VECTOR('',#6624,1.);
#6624 = DIRECTION('',(1.110223024625E-16,-1.,0.));
#6625 = ORIENTED_EDGE('',*,*,#6507,.T.);
#6626 = ORIENTED_EDGE('',*,*,#5693,.T.);
#6627 = ORIENTED_EDGE('',*,*,#5586,.F.);
#6628 = ORIENTED_EDGE('',*,*,#6305,.F.);
#6629 = PLANE('',#6630);
#6630 = AXIS2_PLACEMENT_3D('',#6631,#6632,#6633);
#6631 = CARTESIAN_POINT('',(0.7,-0.735,0.675));
#6632 = DIRECTION('',(0.,0.,-1.));
#6633 = DIRECTION('',(-1.,-1.110223024625E-16,-0.));
#6634 = ADVANCED_FACE('',(#6635),#6645,.F.);
#6635 = FACE_BOUND('',#6636,.F.);
#6636 = EDGE_LOOP('',(#6637,#6638,#6643,#6644));
#6637 = ORIENTED_EDGE('',*,*,#5686,.T.);
#6638 = ORIENTED_EDGE('',*,*,#6639,.T.);
#6639 = EDGE_CURVE('',#5679,#6569,#6640,.T.);
#6640 = B_SPLINE_CURVE_WITH_KNOTS('',1,(#6641,#6642),.UNSPECIFIED.,.F.,
  .F.,(2,2),(0.,1.),.PIECEWISE_BEZIER_KNOTS.);
#6641 = CARTESIAN_POINT('',(0.5425,-1.425,0.675));
#6642 = CARTESIAN_POINT('',(0.512635072626,-1.365270145251,1.1));
#6643 = ORIENTED_EDGE('',*,*,#6576,.F.);
#6644 = ORIENTED_EDGE('',*,*,#5602,.F.);
#6645 = B_SPLINE_SURFACE_WITH_KNOTS('',1,1,(
    (#6646,#6647)
    ,(#6648,#6649
    )),.UNSPECIFIED.,.F.,.F.,.F.,(2,2),(2,2),(0.,0.116672618896),(0.,1.)
  ,.PIECEWISE_BEZIER_KNOTS.);
#6646 = CARTESIAN_POINT('',(0.625,-1.3425,0.675));
#6647 = CARTESIAN_POINT('',(0.565270145251,-1.312635072626,1.1));
#6648 = CARTESIAN_POINT('',(0.5425,-1.425,0.675));
#6649 = CARTESIAN_POINT('',(0.512635072626,-1.365270145251,1.1));
#6650 = ADVANCED_FACE('',(#6651),#6662,.T.);
#6651 = FACE_BOUND('',#6652,.T.);
#6652 = EDGE_LOOP('',(#6653,#6654,#6655,#6656));
#6653 = ORIENTED_EDGE('',*,*,#6185,.T.);
#6654 = ORIENTED_EDGE('',*,*,#5632,.T.);
#6655 = ORIENTED_EDGE('',*,*,#6287,.F.);
#6656 = ORIENTED_EDGE('',*,*,#6657,.F.);
#6657 = EDGE_CURVE('',#6178,#6280,#6658,.T.);
#6658 = LINE('',#6659,#6660);
#6659 = CARTESIAN_POINT('',(0.946201938253,1.165,0.468412044417));
#6660 = VECTOR('',#6661,1.);
#6661 = DIRECTION('',(1.110223024625E-16,-1.,0.));
#6662 = CYLINDRICAL_SURFACE('',#6663,0.25);
#6663 = AXIS2_PLACEMENT_3D('',#6664,#6665,#6666);
#6664 = CARTESIAN_POINT('',(0.7,1.165,0.425));
#6665 = DIRECTION('',(-1.110223024625E-16,1.,0.));
#6666 = DIRECTION('',(0.984807753012,1.093356242223E-16,0.173648177667)
  );
#6667 = ADVANCED_FACE('',(#6668),#6674,.F.);
#6668 = FACE_BOUND('',#6669,.F.);
#6669 = EDGE_LOOP('',(#6670,#6671,#6672,#6673));
#6670 = ORIENTED_EDGE('',*,*,#5678,.T.);
#6671 = ORIENTED_EDGE('',*,*,#6606,.T.);
#6672 = ORIENTED_EDGE('',*,*,#6568,.F.);
#6673 = ORIENTED_EDGE('',*,*,#6639,.F.);
#6674 = B_SPLINE_SURFACE_WITH_KNOTS('',1,1,(
    (#6675,#6676)
    ,(#6677,#6678
    )),.UNSPECIFIED.,.F.,.F.,.F.,(2,2),(2,2),(0.,1.085),(0.,1.),
  .PIECEWISE_BEZIER_KNOTS.);
#6675 = CARTESIAN_POINT('',(0.5425,-1.425,0.675));
#6676 = CARTESIAN_POINT('',(0.512635072626,-1.365270145251,1.1));
#6677 = CARTESIAN_POINT('',(-0.5425,-1.425,0.675));
#6678 = CARTESIAN_POINT('',(-0.512635072626,-1.365270145251,1.1));
#6679 = ADVANCED_FACE('',(#6680),#6691,.T.);
#6680 = FACE_BOUND('',#6681,.T.);
#6681 = EDGE_LOOP('',(#6682,#6683,#6684,#6685));
#6682 = ORIENTED_EDGE('',*,*,#5780,.T.);
#6683 = ORIENTED_EDGE('',*,*,#6539,.T.);
#6684 = ORIENTED_EDGE('',*,*,#5889,.F.);
#6685 = ORIENTED_EDGE('',*,*,#6686,.F.);
#6686 = EDGE_CURVE('',#5773,#5882,#6687,.T.);
#6687 = LINE('',#6688,#6689);
#6688 = CARTESIAN_POINT('',(-0.946201938253,-1.165,0.468412044417));
#6689 = VECTOR('',#6690,1.);
#6690 = DIRECTION('',(1.144237745222E-17,1.,0.));
#6691 = CYLINDRICAL_SURFACE('',#6692,0.25);
#6692 = AXIS2_PLACEMENT_3D('',#6693,#6694,#6695);
#6693 = CARTESIAN_POINT('',(-0.7,-1.165,0.425));
#6694 = DIRECTION('',(-1.144237745222E-17,-1.,0.));
#6695 = DIRECTION('',(-0.984807753012,1.126854202784E-17,0.173648177667)
  );
#6696 = ADVANCED_FACE('',(#6697),#6708,.F.);
#6697 = FACE_BOUND('',#6698,.F.);
#6698 = EDGE_LOOP('',(#6699,#6705,#6706,#6707));
#6699 = ORIENTED_EDGE('',*,*,#6700,.T.);
#6700 = EDGE_CURVE('',#5764,#5873,#6701,.T.);
#6701 = LINE('',#6702,#6703);
#6702 = CARTESIAN_POINT('',(-0.982376446323,-1.165,0.232635182233));
#6703 = VECTOR('',#6704,1.);
#6704 = DIRECTION('',(1.144237745222E-17,1.,0.));
#6705 = ORIENTED_EDGE('',*,*,#5881,.T.);
#6706 = ORIENTED_EDGE('',*,*,#6686,.F.);
#6707 = ORIENTED_EDGE('',*,*,#5772,.F.);
#6708 = PLANE('',#6709);
#6709 = AXIS2_PLACEMENT_3D('',#6710,#6711,#6712);
#6710 = CARTESIAN_POINT('',(-0.982376446323,-1.165,0.232635182233));
#6711 = DIRECTION('',(0.988433898356,-1.131003375156E-17,-0.151652327974
    ));
#6712 = DIRECTION('',(0.151652327974,-1.735263178185E-18,0.988433898356)
  );
#6713 = ADVANCED_FACE('',(#6714),#6725,.F.);
#6714 = FACE_BOUND('',#6715,.F.);
#6715 = EDGE_LOOP('',(#6716,#6722,#6723,#6724));
#6716 = ORIENTED_EDGE('',*,*,#6717,.T.);
#6717 = EDGE_CURVE('',#5756,#5865,#6718,.T.);
#6718 = LINE('',#6719,#6720);
#6719 = CARTESIAN_POINT('',(-1.080857221624,-1.165,0.15));
#6720 = VECTOR('',#6721,1.);
#6721 = DIRECTION('',(1.144237745222E-17,1.,0.));
#6722 = ORIENTED_EDGE('',*,*,#5872,.T.);
#6723 = ORIENTED_EDGE('',*,*,#6700,.F.);
#6724 = ORIENTED_EDGE('',*,*,#5763,.F.);
#6725 = CYLINDRICAL_SURFACE('',#6726,0.1);
#6726 = AXIS2_PLACEMENT_3D('',#6727,#6728,#6729);
#6727 = CARTESIAN_POINT('',(-1.080857221624,-1.165,0.25));
#6728 = DIRECTION('',(-1.144237745222E-17,-1.,0.));
#6729 = DIRECTION('',(-2.22044604925E-15,2.540718180781E-32,-1.));
#6730 = ADVANCED_FACE('',(#6731),#6742,.F.);
#6731 = FACE_BOUND('',#6732,.F.);
#6732 = EDGE_LOOP('',(#6733,#6739,#6740,#6741));
#6733 = ORIENTED_EDGE('',*,*,#6734,.T.);
#6734 = EDGE_CURVE('',#5748,#5857,#6735,.T.);
#6735 = LINE('',#6736,#6737);
#6736 = CARTESIAN_POINT('',(-1.15,-1.165,0.15));
#6737 = VECTOR('',#6738,1.);
#6738 = DIRECTION('',(1.144237745222E-17,1.,0.));
#6739 = ORIENTED_EDGE('',*,*,#5864,.T.);
#6740 = ORIENTED_EDGE('',*,*,#6717,.F.);
#6741 = ORIENTED_EDGE('',*,*,#5755,.F.);
#6742 = PLANE('',#6743);
#6743 = AXIS2_PLACEMENT_3D('',#6744,#6745,#6746);
#6744 = CARTESIAN_POINT('',(-1.15,-1.165,0.15));
#6745 = DIRECTION('',(0.,0.,-1.));
#6746 = DIRECTION('',(1.,-1.144237745222E-17,0.));
#6747 = ADVANCED_FACE('',(#6748),#6759,.F.);
#6748 = FACE_BOUND('',#6749,.F.);
#6749 = EDGE_LOOP('',(#6750,#6756,#6757,#6758));
#6750 = ORIENTED_EDGE('',*,*,#6751,.T.);
#6751 = EDGE_CURVE('',#5740,#5849,#6752,.T.);
#6752 = LINE('',#6753,#6754);
#6753 = CARTESIAN_POINT('',(-1.15,-1.165,5.551115123126E-17));
#6754 = VECTOR('',#6755,1.);
#6755 = DIRECTION('',(1.144237745222E-17,1.,0.));
#6756 = ORIENTED_EDGE('',*,*,#5856,.T.);
#6757 = ORIENTED_EDGE('',*,*,#6734,.F.);
#6758 = ORIENTED_EDGE('',*,*,#5747,.F.);
#6759 = PLANE('',#6760);
#6760 = AXIS2_PLACEMENT_3D('',#6761,#6762,#6763);
#6761 = CARTESIAN_POINT('',(-1.15,-1.165,5.551115123126E-17));
#6762 = DIRECTION('',(1.,-1.144237745222E-17,0.));
#6763 = DIRECTION('',(0.,0.,1.));
#6764 = ADVANCED_FACE('',(#6765),#6776,.F.);
#6765 = FACE_BOUND('',#6766,.F.);
#6766 = EDGE_LOOP('',(#6767,#6773,#6774,#6775));
#6767 = ORIENTED_EDGE('',*,*,#6768,.T.);
#6768 = EDGE_CURVE('',#5731,#5840,#6769,.T.);
#6769 = LINE('',#6770,#6771);
#6770 = CARTESIAN_POINT('',(-1.080857221624,-1.165,5.551115123126E-17));
#6771 = VECTOR('',#6772,1.);
#6772 = DIRECTION('',(1.144237745222E-17,1.,0.));
#6773 = ORIENTED_EDGE('',*,*,#5848,.T.);
#6774 = ORIENTED_EDGE('',*,*,#6751,.F.);
#6775 = ORIENTED_EDGE('',*,*,#5739,.F.);
#6776 = PLANE('',#6777);
#6777 = AXIS2_PLACEMENT_3D('',#6778,#6779,#6780);
#6778 = CARTESIAN_POINT('',(-1.080857221624,-1.165,5.551115123126E-17));
#6779 = DIRECTION('',(0.,0.,1.));
#6780 = DIRECTION('',(-1.,1.144237745222E-17,0.));
#6781 = ADVANCED_FACE('',(#6782),#6793,.T.);
#6782 = FACE_BOUND('',#6783,.T.);
#6783 = EDGE_LOOP('',(#6784,#6785,#6786,#6787));
#6784 = ORIENTED_EDGE('',*,*,#5730,.T.);
#6785 = ORIENTED_EDGE('',*,*,#6768,.T.);
#6786 = ORIENTED_EDGE('',*,*,#5839,.F.);
#6787 = ORIENTED_EDGE('',*,*,#6788,.F.);
#6788 = EDGE_CURVE('',#5723,#5832,#6789,.T.);
#6789 = LINE('',#6790,#6791);
#6790 = CARTESIAN_POINT('',(-0.834655283371,-1.165,0.206587955583));
#6791 = VECTOR('',#6792,1.);
#6792 = DIRECTION('',(1.144237745222E-17,1.,0.));
#6793 = CYLINDRICAL_SURFACE('',#6794,0.25);
#6794 = AXIS2_PLACEMENT_3D('',#6795,#6796,#6797);
#6795 = CARTESIAN_POINT('',(-1.080857221624,-1.165,0.25));
#6796 = DIRECTION('',(-1.144237745222E-17,-1.,0.));
#6797 = DIRECTION('',(0.984807753012,-1.126854202784E-17,-0.173648177667
    ));
#6798 = ADVANCED_FACE('',(#6799),#6805,.F.);
#6799 = FACE_BOUND('',#6800,.F.);
#6800 = EDGE_LOOP('',(#6801,#6802,#6803,#6804));
#6801 = ORIENTED_EDGE('',*,*,#5813,.T.);
#6802 = ORIENTED_EDGE('',*,*,#5831,.T.);
#6803 = ORIENTED_EDGE('',*,*,#6788,.F.);
#6804 = ORIENTED_EDGE('',*,*,#5722,.F.);
#6805 = PLANE('',#6806);
#6806 = AXIS2_PLACEMENT_3D('',#6807,#6808,#6809);
#6807 = CARTESIAN_POINT('',(-0.798480775301,-1.165,0.442364817767));
#6808 = DIRECTION('',(-0.988433898356,1.131003375156E-17,0.151652327974)
  );
#6809 = DIRECTION('',(-0.151652327974,1.735263178185E-18,-0.988433898356
    ));
#6810 = ADVANCED_FACE('',(#6811),#6822,.F.);
#6811 = FACE_BOUND('',#6812,.F.);
#6812 = EDGE_LOOP('',(#6813,#6814,#6820,#6821));
#6813 = ORIENTED_EDGE('',*,*,#5990,.F.);
#6814 = ORIENTED_EDGE('',*,*,#6815,.T.);
#6815 = EDGE_CURVE('',#5982,#6084,#6816,.T.);
#6816 = LINE('',#6817,#6818);
#6817 = CARTESIAN_POINT('',(-0.982376446323,0.355,0.232635182233));
#6818 = VECTOR('',#6819,1.);
#6819 = DIRECTION('',(2.604226847886E-17,1.,0.));
#6820 = ORIENTED_EDGE('',*,*,#6092,.T.);
#6821 = ORIENTED_EDGE('',*,*,#6523,.F.);
#6822 = PLANE('',#6823);
#6823 = AXIS2_PLACEMENT_3D('',#6824,#6825,#6826);
#6824 = CARTESIAN_POINT('',(-0.982376446323,0.355,0.232635182233));
#6825 = DIRECTION('',(0.988433898356,-1.131003375156E-17,-0.151652327974
    ));
#6826 = DIRECTION('',(0.151652327974,-1.735263178185E-18,0.988433898356)
  );
#6827 = ADVANCED_FACE('',(#6828),#6839,.F.);
#6828 = FACE_BOUND('',#6829,.F.);
#6829 = EDGE_LOOP('',(#6830,#6831,#6837,#6838));
#6830 = ORIENTED_EDGE('',*,*,#5981,.F.);
#6831 = ORIENTED_EDGE('',*,*,#6832,.T.);
#6832 = EDGE_CURVE('',#5974,#6076,#6833,.T.);
#6833 = LINE('',#6834,#6835);
#6834 = CARTESIAN_POINT('',(-1.080857221624,0.355,0.15));
#6835 = VECTOR('',#6836,1.);
#6836 = DIRECTION('',(1.631068394202E-16,1.,0.));
#6837 = ORIENTED_EDGE('',*,*,#6083,.T.);
#6838 = ORIENTED_EDGE('',*,*,#6815,.F.);
#6839 = CYLINDRICAL_SURFACE('',#6840,0.1);
#6840 = AXIS2_PLACEMENT_3D('',#6841,#6842,#6843);
#6841 = CARTESIAN_POINT('',(-1.080857221624,0.355,0.25));
#6842 = DIRECTION('',(-1.144237745222E-17,-1.,0.));
#6843 = DIRECTION('',(-2.22044604925E-15,2.540718180781E-32,-1.));
#6844 = ADVANCED_FACE('',(#6845),#6856,.F.);
#6845 = FACE_BOUND('',#6846,.F.);
#6846 = EDGE_LOOP('',(#6847,#6848,#6854,#6855));
#6847 = ORIENTED_EDGE('',*,*,#5973,.F.);
#6848 = ORIENTED_EDGE('',*,*,#6849,.T.);
#6849 = EDGE_CURVE('',#5966,#6068,#6850,.T.);
#6850 = LINE('',#6851,#6852);
#6851 = CARTESIAN_POINT('',(-1.15,0.355,0.15));
#6852 = VECTOR('',#6853,1.);
#6853 = DIRECTION('',(1.631068394202E-16,1.,0.));
#6854 = ORIENTED_EDGE('',*,*,#6075,.T.);
#6855 = ORIENTED_EDGE('',*,*,#6832,.F.);
#6856 = PLANE('',#6857);
#6857 = AXIS2_PLACEMENT_3D('',#6858,#6859,#6860);
#6858 = CARTESIAN_POINT('',(-1.15,0.355,0.15));
#6859 = DIRECTION('',(0.,0.,-1.));
#6860 = DIRECTION('',(1.,-1.144237745222E-17,0.));
#6861 = ADVANCED_FACE('',(#6862),#6873,.F.);
#6862 = FACE_BOUND('',#6863,.F.);
#6863 = EDGE_LOOP('',(#6864,#6865,#6871,#6872));
#6864 = ORIENTED_EDGE('',*,*,#5965,.F.);
#6865 = ORIENTED_EDGE('',*,*,#6866,.T.);
#6866 = EDGE_CURVE('',#5958,#6060,#6867,.T.);
#6867 = LINE('',#6868,#6869);
#6868 = CARTESIAN_POINT('',(-1.15,0.355,5.551115123126E-17));
#6869 = VECTOR('',#6870,1.);
#6870 = DIRECTION('',(1.631068394202E-16,1.,0.));
#6871 = ORIENTED_EDGE('',*,*,#6067,.T.);
#6872 = ORIENTED_EDGE('',*,*,#6849,.F.);
#6873 = PLANE('',#6874);
#6874 = AXIS2_PLACEMENT_3D('',#6875,#6876,#6877);
#6875 = CARTESIAN_POINT('',(-1.15,0.355,5.551115123126E-17));
#6876 = DIRECTION('',(1.,-1.144237745222E-17,0.));
#6877 = DIRECTION('',(0.,0.,1.));
#6878 = ADVANCED_FACE('',(#6879),#6890,.F.);
#6879 = FACE_BOUND('',#6880,.F.);
#6880 = EDGE_LOOP('',(#6881,#6882,#6888,#6889));
#6881 = ORIENTED_EDGE('',*,*,#5957,.F.);
#6882 = ORIENTED_EDGE('',*,*,#6883,.T.);
#6883 = EDGE_CURVE('',#5949,#6051,#6884,.T.);
#6884 = LINE('',#6885,#6886);
#6885 = CARTESIAN_POINT('',(-1.080857221624,0.355,5.551115123126E-17));
#6886 = VECTOR('',#6887,1.);
#6887 = DIRECTION('',(1.631068394202E-16,1.,0.));
#6888 = ORIENTED_EDGE('',*,*,#6059,.T.);
#6889 = ORIENTED_EDGE('',*,*,#6866,.F.);
#6890 = PLANE('',#6891);
#6891 = AXIS2_PLACEMENT_3D('',#6892,#6893,#6894);
#6892 = CARTESIAN_POINT('',(-1.080857221624,0.355,5.551115123126E-17));
#6893 = DIRECTION('',(0.,0.,1.));
#6894 = DIRECTION('',(-1.,1.144237745222E-17,0.));
#6895 = ADVANCED_FACE('',(#6896),#6907,.T.);
#6896 = FACE_BOUND('',#6897,.T.);
#6897 = EDGE_LOOP('',(#6898,#6899,#6900,#6906));
#6898 = ORIENTED_EDGE('',*,*,#6883,.T.);
#6899 = ORIENTED_EDGE('',*,*,#6050,.F.);
#6900 = ORIENTED_EDGE('',*,*,#6901,.F.);
#6901 = EDGE_CURVE('',#5941,#6043,#6902,.T.);
#6902 = LINE('',#6903,#6904);
#6903 = CARTESIAN_POINT('',(-0.834655283371,0.355,0.206587955583));
#6904 = VECTOR('',#6905,1.);
#6905 = DIRECTION('',(2.604226847886E-17,1.,0.));
#6906 = ORIENTED_EDGE('',*,*,#5948,.T.);
#6907 = CYLINDRICAL_SURFACE('',#6908,0.25);
#6908 = AXIS2_PLACEMENT_3D('',#6909,#6910,#6911);
#6909 = CARTESIAN_POINT('',(-1.080857221624,0.355,0.25));
#6910 = DIRECTION('',(-1.144237745222E-17,-1.,0.));
#6911 = DIRECTION('',(0.984807753012,-1.126854202784E-17,-0.173648177667
    ));
#6912 = ADVANCED_FACE('',(#6913),#6919,.F.);
#6913 = FACE_BOUND('',#6914,.F.);
#6914 = EDGE_LOOP('',(#6915,#6916,#6917,#6918));
#6915 = ORIENTED_EDGE('',*,*,#6901,.F.);
#6916 = ORIENTED_EDGE('',*,*,#5940,.F.);
#6917 = ORIENTED_EDGE('',*,*,#6014,.T.);
#6918 = ORIENTED_EDGE('',*,*,#6042,.T.);
#6919 = PLANE('',#6920);
#6920 = AXIS2_PLACEMENT_3D('',#6921,#6922,#6923);
#6921 = CARTESIAN_POINT('',(-0.798480775301,0.735,0.442364817767));
#6922 = DIRECTION('',(-0.988433898356,1.131003375156E-17,0.151652327974)
  );
#6923 = DIRECTION('',(-0.151652327974,1.735263178185E-18,-0.988433898356
    ));
#6924 = ADVANCED_FACE('',(#6925),#6936,.F.);
#6925 = FACE_BOUND('',#6926,.F.);
#6926 = EDGE_LOOP('',(#6927,#6933,#6934,#6935));
#6927 = ORIENTED_EDGE('',*,*,#6928,.T.);
#6928 = EDGE_CURVE('',#6169,#6271,#6929,.T.);
#6929 = LINE('',#6930,#6931);
#6930 = CARTESIAN_POINT('',(0.982376446323,1.165,0.232635182233));
#6931 = VECTOR('',#6932,1.);
#6932 = DIRECTION('',(1.110223024625E-16,-1.,0.));
#6933 = ORIENTED_EDGE('',*,*,#6279,.T.);
#6934 = ORIENTED_EDGE('',*,*,#6657,.F.);
#6935 = ORIENTED_EDGE('',*,*,#6177,.F.);
#6936 = PLANE('',#6937);
#6937 = AXIS2_PLACEMENT_3D('',#6938,#6939,#6940);
#6938 = CARTESIAN_POINT('',(0.982376446323,1.165,0.232635182233));
#6939 = DIRECTION('',(-0.988433898356,-1.097382072275E-16,
    -0.151652327974));
#6940 = DIRECTION('',(-0.151652327974,-1.683679062546E-17,0.988433898356
    ));
#6941 = ADVANCED_FACE('',(#6942),#6953,.F.);
#6942 = FACE_BOUND('',#6943,.F.);
#6943 = EDGE_LOOP('',(#6944,#6950,#6951,#6952));
#6944 = ORIENTED_EDGE('',*,*,#6945,.T.);
#6945 = EDGE_CURVE('',#6161,#6263,#6946,.T.);
#6946 = LINE('',#6947,#6948);
#6947 = CARTESIAN_POINT('',(1.080857221624,1.165,0.15));
#6948 = VECTOR('',#6949,1.);
#6949 = DIRECTION('',(1.110223024625E-16,-1.,0.));
#6950 = ORIENTED_EDGE('',*,*,#6270,.T.);
#6951 = ORIENTED_EDGE('',*,*,#6928,.F.);
#6952 = ORIENTED_EDGE('',*,*,#6168,.F.);
#6953 = CYLINDRICAL_SURFACE('',#6954,0.1);
#6954 = AXIS2_PLACEMENT_3D('',#6955,#6956,#6957);
#6955 = CARTESIAN_POINT('',(1.080857221624,1.165,0.25));
#6956 = DIRECTION('',(-1.110223024625E-16,1.,0.));
#6957 = DIRECTION('',(2.22044604925E-15,2.465190328815E-31,-1.));
#6958 = ADVANCED_FACE('',(#6959),#6970,.F.);
#6959 = FACE_BOUND('',#6960,.F.);
#6960 = EDGE_LOOP('',(#6961,#6967,#6968,#6969));
#6961 = ORIENTED_EDGE('',*,*,#6962,.T.);
#6962 = EDGE_CURVE('',#6153,#6255,#6963,.T.);
#6963 = LINE('',#6964,#6965);
#6964 = CARTESIAN_POINT('',(1.15,1.165,0.15));
#6965 = VECTOR('',#6966,1.);
#6966 = DIRECTION('',(1.110223024625E-16,-1.,0.));
#6967 = ORIENTED_EDGE('',*,*,#6262,.T.);
#6968 = ORIENTED_EDGE('',*,*,#6945,.F.);
#6969 = ORIENTED_EDGE('',*,*,#6160,.F.);
#6970 = PLANE('',#6971);
#6971 = AXIS2_PLACEMENT_3D('',#6972,#6973,#6974);
#6972 = CARTESIAN_POINT('',(1.15,1.165,0.15));
#6973 = DIRECTION('',(0.,0.,-1.));
#6974 = DIRECTION('',(-1.,-1.110223024625E-16,-0.));
#6975 = ADVANCED_FACE('',(#6976),#6987,.F.);
#6976 = FACE_BOUND('',#6977,.F.);
#6977 = EDGE_LOOP('',(#6978,#6984,#6985,#6986));
#6978 = ORIENTED_EDGE('',*,*,#6979,.T.);
#6979 = EDGE_CURVE('',#6145,#6247,#6980,.T.);
#6980 = LINE('',#6981,#6982);
#6981 = CARTESIAN_POINT('',(1.15,1.165,5.551115123126E-17));
#6982 = VECTOR('',#6983,1.);
#6983 = DIRECTION('',(1.110223024625E-16,-1.,0.));
#6984 = ORIENTED_EDGE('',*,*,#6254,.T.);
#6985 = ORIENTED_EDGE('',*,*,#6962,.F.);
#6986 = ORIENTED_EDGE('',*,*,#6152,.F.);
#6987 = PLANE('',#6988);
#6988 = AXIS2_PLACEMENT_3D('',#6989,#6990,#6991);
#6989 = CARTESIAN_POINT('',(1.15,1.165,5.551115123126E-17));
#6990 = DIRECTION('',(-1.,-1.110223024625E-16,0.));
#6991 = DIRECTION('',(0.,0.,1.));
#6992 = ADVANCED_FACE('',(#6993),#7004,.F.);
#6993 = FACE_BOUND('',#6994,.F.);
#6994 = EDGE_LOOP('',(#6995,#7001,#7002,#7003));
#6995 = ORIENTED_EDGE('',*,*,#6996,.T.);
#6996 = EDGE_CURVE('',#6136,#6238,#6997,.T.);
#6997 = LINE('',#6998,#6999);
#6998 = CARTESIAN_POINT('',(1.080857221624,1.165,5.551115123126E-17));
#6999 = VECTOR('',#7000,1.);
#7000 = DIRECTION('',(1.110223024625E-16,-1.,0.));
#7001 = ORIENTED_EDGE('',*,*,#6246,.T.);
#7002 = ORIENTED_EDGE('',*,*,#6979,.F.);
#7003 = ORIENTED_EDGE('',*,*,#6144,.F.);
#7004 = PLANE('',#7005);
#7005 = AXIS2_PLACEMENT_3D('',#7006,#7007,#7008);
#7006 = CARTESIAN_POINT('',(1.080857221624,1.165,5.551115123126E-17));
#7007 = DIRECTION('',(0.,0.,1.));
#7008 = DIRECTION('',(1.,1.110223024625E-16,-0.));
#7009 = ADVANCED_FACE('',(#7010),#7021,.T.);
#7010 = FACE_BOUND('',#7011,.T.);
#7011 = EDGE_LOOP('',(#7012,#7013,#7014,#7015));
#7012 = ORIENTED_EDGE('',*,*,#6135,.T.);
#7013 = ORIENTED_EDGE('',*,*,#6996,.T.);
#7014 = ORIENTED_EDGE('',*,*,#6237,.F.);
#7015 = ORIENTED_EDGE('',*,*,#7016,.F.);
#7016 = EDGE_CURVE('',#6128,#6230,#7017,.T.);
#7017 = LINE('',#7018,#7019);
#7018 = CARTESIAN_POINT('',(0.834655283371,1.165,0.206587955583));
#7019 = VECTOR('',#7020,1.);
#7020 = DIRECTION('',(1.110223024625E-16,-1.,0.));
#7021 = CYLINDRICAL_SURFACE('',#7022,0.25);
#7022 = AXIS2_PLACEMENT_3D('',#7023,#7024,#7025);
#7023 = CARTESIAN_POINT('',(1.080857221624,1.165,0.25));
#7024 = DIRECTION('',(-1.110223024625E-16,1.,0.));
#7025 = DIRECTION('',(-0.984807753012,-1.093356242223E-16,
    -0.173648177667));
#7026 = ADVANCED_FACE('',(#7027),#7033,.F.);
#7027 = FACE_BOUND('',#7028,.F.);
#7028 = EDGE_LOOP('',(#7029,#7030,#7031,#7032));
#7029 = ORIENTED_EDGE('',*,*,#6211,.T.);
#7030 = ORIENTED_EDGE('',*,*,#6229,.T.);
#7031 = ORIENTED_EDGE('',*,*,#7016,.F.);
#7032 = ORIENTED_EDGE('',*,*,#6127,.F.);
#7033 = PLANE('',#7034);
#7034 = AXIS2_PLACEMENT_3D('',#7035,#7036,#7037);
#7035 = CARTESIAN_POINT('',(0.798480775301,1.165,0.442364817767));
#7036 = DIRECTION('',(0.988433898356,1.097382072275E-16,0.151652327974)
  );
#7037 = DIRECTION('',(0.151652327974,1.683679062546E-17,-0.988433898356)
  );
#7038 = ADVANCED_FACE('',(#7039),#7050,.T.);
#7039 = FACE_BOUND('',#7040,.T.);
#7040 = EDGE_LOOP('',(#7041,#7042,#7043,#7044));
#7041 = ORIENTED_EDGE('',*,*,#6389,.T.);
#7042 = ORIENTED_EDGE('',*,*,#6620,.T.);
#7043 = ORIENTED_EDGE('',*,*,#6498,.F.);
#7044 = ORIENTED_EDGE('',*,*,#7045,.F.);
#7045 = EDGE_CURVE('',#6382,#6491,#7046,.T.);
#7046 = LINE('',#7047,#7048);
#7047 = CARTESIAN_POINT('',(0.946201938253,-0.735,0.468412044417));
#7048 = VECTOR('',#7049,1.);
#7049 = DIRECTION('',(1.110223024625E-16,-1.,0.));
#7050 = CYLINDRICAL_SURFACE('',#7051,0.25);
#7051 = AXIS2_PLACEMENT_3D('',#7052,#7053,#7054);
#7052 = CARTESIAN_POINT('',(0.7,-0.735,0.425));
#7053 = DIRECTION('',(-1.110223024625E-16,1.,0.));
#7054 = DIRECTION('',(0.984807753012,1.093356242223E-16,0.173648177667)
  );
#7055 = ADVANCED_FACE('',(#7056),#7067,.F.);
#7056 = FACE_BOUND('',#7057,.F.);
#7057 = EDGE_LOOP('',(#7058,#7064,#7065,#7066));
#7058 = ORIENTED_EDGE('',*,*,#7059,.T.);
#7059 = EDGE_CURVE('',#6373,#6482,#7060,.T.);
#7060 = LINE('',#7061,#7062);
#7061 = CARTESIAN_POINT('',(0.982376446323,-0.735,0.232635182233));
#7062 = VECTOR('',#7063,1.);
#7063 = DIRECTION('',(1.110223024625E-16,-1.,0.));
#7064 = ORIENTED_EDGE('',*,*,#6490,.T.);
#7065 = ORIENTED_EDGE('',*,*,#7045,.F.);
#7066 = ORIENTED_EDGE('',*,*,#6381,.F.);
#7067 = PLANE('',#7068);
#7068 = AXIS2_PLACEMENT_3D('',#7069,#7070,#7071);
#7069 = CARTESIAN_POINT('',(0.982376446323,-0.735,0.232635182233));
#7070 = DIRECTION('',(-0.988433898356,-1.097382072275E-16,
    -0.151652327974));
#7071 = DIRECTION('',(-0.151652327974,-1.683679062546E-17,0.988433898356
    ));
#7072 = ADVANCED_FACE('',(#7073),#7084,.F.);
#7073 = FACE_BOUND('',#7074,.F.);
#7074 = EDGE_LOOP('',(#7075,#7081,#7082,#7083));
#7075 = ORIENTED_EDGE('',*,*,#7076,.T.);
#7076 = EDGE_CURVE('',#6365,#6474,#7077,.T.);
#7077 = LINE('',#7078,#7079);
#7078 = CARTESIAN_POINT('',(1.080857221624,-0.735,0.15));
#7079 = VECTOR('',#7080,1.);
#7080 = DIRECTION('',(1.110223024625E-16,-1.,0.));
#7081 = ORIENTED_EDGE('',*,*,#6481,.T.);
#7082 = ORIENTED_EDGE('',*,*,#7059,.F.);
#7083 = ORIENTED_EDGE('',*,*,#6372,.F.);
#7084 = CYLINDRICAL_SURFACE('',#7085,0.1);
#7085 = AXIS2_PLACEMENT_3D('',#7086,#7087,#7088);
#7086 = CARTESIAN_POINT('',(1.080857221624,-0.735,0.25));
#7087 = DIRECTION('',(-1.110223024625E-16,1.,0.));
#7088 = DIRECTION('',(2.22044604925E-15,2.465190328815E-31,-1.));
#7089 = ADVANCED_FACE('',(#7090),#7101,.F.);
#7090 = FACE_BOUND('',#7091,.F.);
#7091 = EDGE_LOOP('',(#7092,#7098,#7099,#7100));
#7092 = ORIENTED_EDGE('',*,*,#7093,.T.);
#7093 = EDGE_CURVE('',#6357,#6466,#7094,.T.);
#7094 = LINE('',#7095,#7096);
#7095 = CARTESIAN_POINT('',(1.15,-0.735,0.15));
#7096 = VECTOR('',#7097,1.);
#7097 = DIRECTION('',(1.110223024625E-16,-1.,0.));
#7098 = ORIENTED_EDGE('',*,*,#6473,.T.);
#7099 = ORIENTED_EDGE('',*,*,#7076,.F.);
#7100 = ORIENTED_EDGE('',*,*,#6364,.F.);
#7101 = PLANE('',#7102);
#7102 = AXIS2_PLACEMENT_3D('',#7103,#7104,#7105);
#7103 = CARTESIAN_POINT('',(1.15,-0.735,0.15));
#7104 = DIRECTION('',(0.,0.,-1.));
#7105 = DIRECTION('',(-1.,-1.110223024625E-16,-0.));
#7106 = ADVANCED_FACE('',(#7107),#7118,.F.);
#7107 = FACE_BOUND('',#7108,.F.);
#7108 = EDGE_LOOP('',(#7109,#7115,#7116,#7117));
#7109 = ORIENTED_EDGE('',*,*,#7110,.T.);
#7110 = EDGE_CURVE('',#6349,#6458,#7111,.T.);
#7111 = LINE('',#7112,#7113);
#7112 = CARTESIAN_POINT('',(1.15,-0.735,5.551115123126E-17));
#7113 = VECTOR('',#7114,1.);
#7114 = DIRECTION('',(1.110223024625E-16,-1.,0.));
#7115 = ORIENTED_EDGE('',*,*,#6465,.T.);
#7116 = ORIENTED_EDGE('',*,*,#7093,.F.);
#7117 = ORIENTED_EDGE('',*,*,#6356,.F.);
#7118 = PLANE('',#7119);
#7119 = AXIS2_PLACEMENT_3D('',#7120,#7121,#7122);
#7120 = CARTESIAN_POINT('',(1.15,-0.735,5.551115123126E-17));
#7121 = DIRECTION('',(-1.,-1.110223024625E-16,0.));
#7122 = DIRECTION('',(0.,0.,1.));
#7123 = ADVANCED_FACE('',(#7124),#7135,.F.);
#7124 = FACE_BOUND('',#7125,.F.);
#7125 = EDGE_LOOP('',(#7126,#7132,#7133,#7134));
#7126 = ORIENTED_EDGE('',*,*,#7127,.T.);
#7127 = EDGE_CURVE('',#6340,#6449,#7128,.T.);
#7128 = LINE('',#7129,#7130);
#7129 = CARTESIAN_POINT('',(1.080857221624,-0.735,5.551115123126E-17));
#7130 = VECTOR('',#7131,1.);
#7131 = DIRECTION('',(1.110223024625E-16,-1.,0.));
#7132 = ORIENTED_EDGE('',*,*,#6457,.T.);
#7133 = ORIENTED_EDGE('',*,*,#7110,.F.);
#7134 = ORIENTED_EDGE('',*,*,#6348,.F.);
#7135 = PLANE('',#7136);
#7136 = AXIS2_PLACEMENT_3D('',#7137,#7138,#7139);
#7137 = CARTESIAN_POINT('',(1.080857221624,-0.735,5.551115123126E-17));
#7138 = DIRECTION('',(0.,0.,1.));
#7139 = DIRECTION('',(1.,1.110223024625E-16,-0.));
#7140 = ADVANCED_FACE('',(#7141),#7152,.T.);
#7141 = FACE_BOUND('',#7142,.T.);
#7142 = EDGE_LOOP('',(#7143,#7144,#7145,#7146));
#7143 = ORIENTED_EDGE('',*,*,#6339,.T.);
#7144 = ORIENTED_EDGE('',*,*,#7127,.T.);
#7145 = ORIENTED_EDGE('',*,*,#6448,.F.);
#7146 = ORIENTED_EDGE('',*,*,#7147,.F.);
#7147 = EDGE_CURVE('',#6332,#6441,#7148,.T.);
#7148 = LINE('',#7149,#7150);
#7149 = CARTESIAN_POINT('',(0.834655283371,-0.735,0.206587955583));
#7150 = VECTOR('',#7151,1.);
#7151 = DIRECTION('',(1.110223024625E-16,-1.,0.));
#7152 = CYLINDRICAL_SURFACE('',#7153,0.25);
#7153 = AXIS2_PLACEMENT_3D('',#7154,#7155,#7156);
#7154 = CARTESIAN_POINT('',(1.080857221624,-0.735,0.25));
#7155 = DIRECTION('',(-1.110223024625E-16,1.,0.));
#7156 = DIRECTION('',(-0.984807753012,-1.093356242223E-16,
    -0.173648177667));
#7157 = ADVANCED_FACE('',(#7158),#7164,.F.);
#7158 = FACE_BOUND('',#7159,.F.);
#7159 = EDGE_LOOP('',(#7160,#7161,#7162,#7163));
#7160 = ORIENTED_EDGE('',*,*,#6422,.T.);
#7161 = ORIENTED_EDGE('',*,*,#6440,.T.);
#7162 = ORIENTED_EDGE('',*,*,#7147,.F.);
#7163 = ORIENTED_EDGE('',*,*,#6331,.F.);
#7164 = PLANE('',#7165);
#7165 = AXIS2_PLACEMENT_3D('',#7166,#7167,#7168);
#7166 = CARTESIAN_POINT('',(0.798480775301,-0.735,0.442364817767));
#7167 = DIRECTION('',(0.988433898356,1.097382072275E-16,0.151652327974)
  );
#7168 = DIRECTION('',(0.151652327974,1.683679062546E-17,-0.988433898356)
  );
#7169 = ADVANCED_FACE('',(#7170),#7173,.F.);
#7170 = FACE_BOUND('',#7171,.T.);
#7171 = EDGE_LOOP('',(#7172));
#7172 = ORIENTED_EDGE('',*,*,#6586,.F.);
#7173 = PLANE('',#7174);
#7174 = AXIS2_PLACEMENT_3D('',#7175,#7176,#7177);
#7175 = CARTESIAN_POINT('',(-0.365270145251,1.165270145251,1.1));
#7176 = DIRECTION('',(0.,0.,-1.));
#7177 = DIRECTION('',(1.110223024625E-16,-1.,0.));
#7178 = ( GEOMETRIC_REPRESENTATION_CONTEXT(3) 
GLOBAL_UNCERTAINTY_ASSIGNED_CONTEXT((#7182)) 
GLOBAL_UNIT_ASSIGNED_CONTEXT((#7179,#7180,#7181)) REPRESENTATION_CONTEXT
('Context #1','3D Context with UNIT and UNCERTAINTY') );
#7179 = ( LENGTH_UNIT() NAMED_UNIT(*) SI_UNIT(.MILLI.,.METRE.) );
#7180 = ( NAMED_UNIT(*) PLANE_ANGLE_UNIT() SI_UNIT($,.RADIAN.) );
#7181 = ( NAMED_UNIT(*) SI_UNIT($,.STERADIAN.) SOLID_ANGLE_UNIT() );
#7182 = UNCERTAINTY_MEASURE_WITH_UNIT(LENGTH_MEASURE(1.E-07),#7179,
  'distance_accuracy_value','confusion accuracy');
#7183 = CONTEXT_DEPENDENT_SHAPE_REPRESENTATION(#7184,#7186);
#7184 = ( REPRESENTATION_RELATIONSHIP('','',#4575,#10) 
REPRESENTATION_RELATIONSHIP_WITH_TRANSFORMATION(#7185) 
SHAPE_REPRESENTATION_RELATIONSHIP() );
#7185 = ITEM_DEFINED_TRANSFORMATION('','',#11,#35);
#7186 = PRODUCT_DEFINITION_SHAPE('Placement','Placement of an item',
  #7187);
#7187 = NEXT_ASSEMBLY_USAGE_OCCURRENCE('6','D1','',#5,#4570,$);
#7188 = PRODUCT_RELATED_PRODUCT_CATEGORY('part',$,(#4572));
#7189 = SHAPE_DEFINITION_REPRESENTATION(#7190,#7196);
#7190 = PRODUCT_DEFINITION_SHAPE('','',#7191);
#7191 = PRODUCT_DEFINITION('design','',#7192,#7195);
#7192 = PRODUCT_DEFINITION_FORMATION('','',#7193);
#7193 = PRODUCT('SOIC-8_3.9x4.9mm_P1.27mm','SOIC-8_3.9x4.9mm_P1.27mm',''
  ,(#7194));
#7194 = PRODUCT_CONTEXT('',#2,'mechanical');
#7195 = PRODUCT_DEFINITION_CONTEXT('part definition',#2,'design');
#7196 = ADVANCED_BREP_SHAPE_REPRESENTATION('',(#11,#7197),#11665);
#7197 = MANIFOLD_SOLID_BREP('',#7198);
#7198 = CLOSED_SHELL('',(#7199,#7237,#7300,#7323,#7352,#7375,#7462,#7549
    ,#7572,#7595,#7612,#7635,#7723,#7739,#7769,#7800,#7831,#7862,#7893,
    #7924,#7955,#7986,#8003,#8020,#8051,#8082,#8113,#8144,#8175,#8206,
    #8237,#8267,#8290,#8313,#8330,#8375,#8461,#8484,#8507,#8530,#8617,
    #8655,#8704,#8796,#8821,#8905,#8927,#9019,#9044,#9128,#9150,#9242,
    #9267,#9351,#9368,#9453,#9478,#9555,#9640,#9665,#9742,#9759,#9851,
    #9876,#9960,#9982,#10074,#10099,#10183,#10205,#10297,#10322,#10406,
    #10423,#10442,#10461,#10480,#10526,#10542,#10561,#10580,#10599,
    #10615,#10632,#10644,#10661,#10678,#10695,#10712,#10729,#10746,
    #10763,#10775,#10792,#10809,#10826,#10843,#10860,#10877,#10894,
    #10906,#10923,#10940,#10957,#10974,#10991,#11008,#11025,#11037,
    #11054,#11071,#11088,#11105,#11122,#11139,#11151,#11168,#11185,
    #11202,#11219,#11236,#11253,#11265,#11282,#11299,#11316,#11333,
    #11350,#11367,#11384,#11396,#11413,#11430,#11447,#11464,#11481,
    #11498,#11515,#11527,#11544,#11561,#11578,#11595,#11612,#11629,
    #11646,#11658));
#7199 = ADVANCED_FACE('',(#7200),#7232,.F.);
#7200 = FACE_BOUND('',#7201,.F.);
#7201 = EDGE_LOOP('',(#7202,#7212,#7219,#7227));
#7202 = ORIENTED_EDGE('',*,*,#7203,.T.);
#7203 = EDGE_CURVE('',#7204,#7206,#7208,.T.);
#7204 = VERTEX_POINT('',#7205);
#7205 = CARTESIAN_POINT('',(-1.717585640382,2.335171280765,0.1));
#7206 = VERTEX_POINT('',#7207);
#7207 = CARTESIAN_POINT('',(1.717585640382,2.335171280765,0.1));
#7208 = LINE('',#7209,#7210);
#7209 = CARTESIAN_POINT('',(-1.717585640382,2.335171280765,0.1));
#7210 = VECTOR('',#7211,1.);
#7211 = DIRECTION('',(1.,1.110223024625E-16,0.));
#7212 = ORIENTED_EDGE('',*,*,#7213,.T.);
#7213 = EDGE_CURVE('',#7206,#7214,#7216,.T.);
#7214 = VERTEX_POINT('',#7215);
#7215 = CARTESIAN_POINT('',(1.775,2.45,0.825));
#7216 = B_SPLINE_CURVE_WITH_KNOTS('',1,(#7217,#7218),.UNSPECIFIED.,.F.,
  .F.,(2,2),(0.,1.),.PIECEWISE_BEZIER_KNOTS.);
#7217 = CARTESIAN_POINT('',(1.717585640382,2.335171280765,0.1));
#7218 = CARTESIAN_POINT('',(1.775,2.45,0.825));
#7219 = ORIENTED_EDGE('',*,*,#7220,.F.);
#7220 = EDGE_CURVE('',#7221,#7214,#7223,.T.);
#7221 = VERTEX_POINT('',#7222);
#7222 = CARTESIAN_POINT('',(-1.775,2.45,0.825));
#7223 = LINE('',#7224,#7225);
#7224 = CARTESIAN_POINT('',(-1.775,2.45,0.825));
#7225 = VECTOR('',#7226,1.);
#7226 = DIRECTION('',(1.,1.110223024625E-16,0.));
#7227 = ORIENTED_EDGE('',*,*,#7228,.F.);
#7228 = EDGE_CURVE('',#7204,#7221,#7229,.T.);
#7229 = B_SPLINE_CURVE_WITH_KNOTS('',1,(#7230,#7231),.UNSPECIFIED.,.F.,
  .F.,(2,2),(0.,1.),.PIECEWISE_BEZIER_KNOTS.);
#7230 = CARTESIAN_POINT('',(-1.717585640382,2.335171280765,0.1));
#7231 = CARTESIAN_POINT('',(-1.775,2.45,0.825));
#7232 = B_SPLINE_SURFACE_WITH_KNOTS('',1,1,(
    (#7233,#7234)
    ,(#7235,#7236
    )),.UNSPECIFIED.,.F.,.F.,.F.,(2,2),(2,2),(0.,3.55),(0.,1.),
  .PIECEWISE_BEZIER_KNOTS.);
#7233 = CARTESIAN_POINT('',(-1.717585640382,2.335171280765,0.1));
#7234 = CARTESIAN_POINT('',(-1.775,2.45,0.825));
#7235 = CARTESIAN_POINT('',(1.717585640382,2.335171280765,0.1));
#7236 = CARTESIAN_POINT('',(1.775,2.45,0.825));
#7237 = ADVANCED_FACE('',(#7238),#7295,.F.);
#7238 = FACE_BOUND('',#7239,.T.);
#7239 = EDGE_LOOP('',(#7240,#7241,#7249,#7257,#7265,#7273,#7281,#7289));
#7240 = ORIENTED_EDGE('',*,*,#7203,.T.);
#7241 = ORIENTED_EDGE('',*,*,#7242,.T.);
#7242 = EDGE_CURVE('',#7206,#7243,#7245,.T.);
#7243 = VERTEX_POINT('',#7244);
#7244 = CARTESIAN_POINT('',(1.835171280765,2.217585640382,0.1));
#7245 = LINE('',#7246,#7247);
#7246 = CARTESIAN_POINT('',(1.717585640382,2.335171280765,0.1));
#7247 = VECTOR('',#7248,1.);
#7248 = DIRECTION('',(0.707106781187,-0.707106781187,0.));
#7249 = ORIENTED_EDGE('',*,*,#7250,.T.);
#7250 = EDGE_CURVE('',#7243,#7251,#7253,.T.);
#7251 = VERTEX_POINT('',#7252);
#7252 = CARTESIAN_POINT('',(1.835171280765,-2.217585640382,0.1));
#7253 = LINE('',#7254,#7255);
#7254 = CARTESIAN_POINT('',(1.835171280765,2.217585640382,0.1));
#7255 = VECTOR('',#7256,1.);
#7256 = DIRECTION('',(1.110223024625E-16,-1.,0.));
#7257 = ORIENTED_EDGE('',*,*,#7258,.T.);
#7258 = EDGE_CURVE('',#7251,#7259,#7261,.T.);
#7259 = VERTEX_POINT('',#7260);
#7260 = CARTESIAN_POINT('',(1.717585640382,-2.335171280765,0.1));
#7261 = LINE('',#7262,#7263);
#7262 = CARTESIAN_POINT('',(1.835171280765,-2.217585640382,0.1));
#7263 = VECTOR('',#7264,1.);
#7264 = DIRECTION('',(-0.707106781187,-0.707106781187,0.));
#7265 = ORIENTED_EDGE('',*,*,#7266,.T.);
#7266 = EDGE_CURVE('',#7259,#7267,#7269,.T.);
#7267 = VERTEX_POINT('',#7268);
#7268 = CARTESIAN_POINT('',(-1.717585640382,-2.335171280765,0.1));
#7269 = LINE('',#7270,#7271);
#7270 = CARTESIAN_POINT('',(1.717585640382,-2.335171280765,0.1));
#7271 = VECTOR('',#7272,1.);
#7272 = DIRECTION('',(-1.,-1.110223024625E-16,0.));
#7273 = ORIENTED_EDGE('',*,*,#7274,.T.);
#7274 = EDGE_CURVE('',#7267,#7275,#7277,.T.);
#7275 = VERTEX_POINT('',#7276);
#7276 = CARTESIAN_POINT('',(-1.835171280765,-2.217585640382,0.1));
#7277 = LINE('',#7278,#7279);
#7278 = CARTESIAN_POINT('',(-1.717585640382,-2.335171280765,0.1));
#7279 = VECTOR('',#7280,1.);
#7280 = DIRECTION('',(-0.707106781187,0.707106781187,0.));
#7281 = ORIENTED_EDGE('',*,*,#7282,.T.);
#7282 = EDGE_CURVE('',#7275,#7283,#7285,.T.);
#7283 = VERTEX_POINT('',#7284);
#7284 = CARTESIAN_POINT('',(-1.835171280765,2.217585640382,0.1));
#7285 = LINE('',#7286,#7287);
#7286 = CARTESIAN_POINT('',(-1.835171280765,-2.217585640382,0.1));
#7287 = VECTOR('',#7288,1.);
#7288 = DIRECTION('',(-1.110223024625E-16,1.,0.));
#7289 = ORIENTED_EDGE('',*,*,#7290,.T.);
#7290 = EDGE_CURVE('',#7283,#7204,#7291,.T.);
#7291 = LINE('',#7292,#7293);
#7292 = CARTESIAN_POINT('',(-1.835171280765,2.217585640382,0.1));
#7293 = VECTOR('',#7294,1.);
#7294 = DIRECTION('',(0.707106781187,0.707106781187,0.));
#7295 = PLANE('',#7296);
#7296 = AXIS2_PLACEMENT_3D('',#7297,#7298,#7299);
#7297 = CARTESIAN_POINT('',(-1.717585640382,2.335171280765,0.1));
#7298 = DIRECTION('',(0.,0.,1.));
#7299 = DIRECTION('',(0.592513131498,-0.805560791625,0.));
#7300 = ADVANCED_FACE('',(#7301),#7318,.F.);
#7301 = FACE_BOUND('',#7302,.F.);
#7302 = EDGE_LOOP('',(#7303,#7304,#7311,#7317));
#7303 = ORIENTED_EDGE('',*,*,#7242,.T.);
#7304 = ORIENTED_EDGE('',*,*,#7305,.T.);
#7305 = EDGE_CURVE('',#7243,#7306,#7308,.T.);
#7306 = VERTEX_POINT('',#7307);
#7307 = CARTESIAN_POINT('',(1.95,2.275,0.825));
#7308 = B_SPLINE_CURVE_WITH_KNOTS('',1,(#7309,#7310),.UNSPECIFIED.,.F.,
  .F.,(2,2),(0.,1.),.PIECEWISE_BEZIER_KNOTS.);
#7309 = CARTESIAN_POINT('',(1.835171280765,2.217585640382,0.1));
#7310 = CARTESIAN_POINT('',(1.95,2.275,0.825));
#7311 = ORIENTED_EDGE('',*,*,#7312,.F.);
#7312 = EDGE_CURVE('',#7214,#7306,#7313,.T.);
#7313 = LINE('',#7314,#7315);
#7314 = CARTESIAN_POINT('',(1.775,2.45,0.825));
#7315 = VECTOR('',#7316,1.);
#7316 = DIRECTION('',(0.707106781187,-0.707106781187,0.));
#7317 = ORIENTED_EDGE('',*,*,#7213,.F.);
#7318 = B_SPLINE_SURFACE_WITH_KNOTS('',1,1,(
    (#7319,#7320)
    ,(#7321,#7322
    )),.UNSPECIFIED.,.F.,.F.,.F.,(2,2),(2,2),(0.,0.247487373415),(0.,1.)
  ,.PIECEWISE_BEZIER_KNOTS.);
#7319 = CARTESIAN_POINT('',(1.717585640382,2.335171280765,0.1));
#7320 = CARTESIAN_POINT('',(1.775,2.45,0.825));
#7321 = CARTESIAN_POINT('',(1.835171280765,2.217585640382,0.1));
#7322 = CARTESIAN_POINT('',(1.95,2.275,0.825));
#7323 = ADVANCED_FACE('',(#7324),#7347,.F.);
#7324 = FACE_BOUND('',#7325,.F.);
#7325 = EDGE_LOOP('',(#7326,#7327,#7334,#7342));
#7326 = ORIENTED_EDGE('',*,*,#7220,.T.);
#7327 = ORIENTED_EDGE('',*,*,#7328,.T.);
#7328 = EDGE_CURVE('',#7214,#7329,#7331,.T.);
#7329 = VERTEX_POINT('',#7330);
#7330 = CARTESIAN_POINT('',(1.775,2.45,1.025));
#7331 = B_SPLINE_CURVE_WITH_KNOTS('',1,(#7332,#7333),.UNSPECIFIED.,.F.,
  .F.,(2,2),(0.,1.),.PIECEWISE_BEZIER_KNOTS.);
#7332 = CARTESIAN_POINT('',(1.775,2.45,0.825));
#7333 = CARTESIAN_POINT('',(1.775,2.45,1.025));
#7334 = ORIENTED_EDGE('',*,*,#7335,.F.);
#7335 = EDGE_CURVE('',#7336,#7329,#7338,.T.);
#7336 = VERTEX_POINT('',#7337);
#7337 = CARTESIAN_POINT('',(-1.775,2.45,1.025));
#7338 = LINE('',#7339,#7340);
#7339 = CARTESIAN_POINT('',(-1.775,2.45,1.025));
#7340 = VECTOR('',#7341,1.);
#7341 = DIRECTION('',(1.,1.110223024625E-16,0.));
#7342 = ORIENTED_EDGE('',*,*,#7343,.F.);
#7343 = EDGE_CURVE('',#7221,#7336,#7344,.T.);
#7344 = B_SPLINE_CURVE_WITH_KNOTS('',1,(#7345,#7346),.UNSPECIFIED.,.F.,
  .F.,(2,2),(0.,1.),.PIECEWISE_BEZIER_KNOTS.);
#7345 = CARTESIAN_POINT('',(-1.775,2.45,0.825));
#7346 = CARTESIAN_POINT('',(-1.775,2.45,1.025));
#7347 = PLANE('',#7348);
#7348 = AXIS2_PLACEMENT_3D('',#7349,#7350,#7351);
#7349 = CARTESIAN_POINT('',(-1.775,2.45,1.025));
#7350 = DIRECTION('',(1.110223024625E-16,-1.,0.));
#7351 = DIRECTION('',(1.,1.110223024625E-16,0.));
#7352 = ADVANCED_FACE('',(#7353),#7370,.F.);
#7353 = FACE_BOUND('',#7354,.F.);
#7354 = EDGE_LOOP('',(#7355,#7356,#7357,#7365));
#7355 = ORIENTED_EDGE('',*,*,#7290,.T.);
#7356 = ORIENTED_EDGE('',*,*,#7228,.T.);
#7357 = ORIENTED_EDGE('',*,*,#7358,.F.);
#7358 = EDGE_CURVE('',#7359,#7221,#7361,.T.);
#7359 = VERTEX_POINT('',#7360);
#7360 = CARTESIAN_POINT('',(-1.95,2.275,0.825));
#7361 = LINE('',#7362,#7363);
#7362 = CARTESIAN_POINT('',(-1.95,2.275,0.825));
#7363 = VECTOR('',#7364,1.);
#7364 = DIRECTION('',(0.707106781187,0.707106781187,0.));
#7365 = ORIENTED_EDGE('',*,*,#7366,.F.);
#7366 = EDGE_CURVE('',#7283,#7359,#7367,.T.);
#7367 = B_SPLINE_CURVE_WITH_KNOTS('',1,(#7368,#7369),.UNSPECIFIED.,.F.,
  .F.,(2,2),(0.,1.),.PIECEWISE_BEZIER_KNOTS.);
#7368 = CARTESIAN_POINT('',(-1.835171280765,2.217585640382,0.1));
#7369 = CARTESIAN_POINT('',(-1.95,2.275,0.825));
#7370 = B_SPLINE_SURFACE_WITH_KNOTS('',1,1,(
    (#7371,#7372)
    ,(#7373,#7374
    )),.UNSPECIFIED.,.F.,.F.,.F.,(2,2),(2,2),(0.,0.247487373415),(0.,1.)
  ,.PIECEWISE_BEZIER_KNOTS.);
#7371 = CARTESIAN_POINT('',(-1.835171280765,2.217585640382,0.1));
#7372 = CARTESIAN_POINT('',(-1.95,2.275,0.825));
#7373 = CARTESIAN_POINT('',(-1.717585640382,2.335171280765,0.1));
#7374 = CARTESIAN_POINT('',(-1.775,2.45,0.825));
#7375 = ADVANCED_FACE('',(#7376),#7457,.F.);
#7376 = FACE_BOUND('',#7377,.F.);
#7377 = EDGE_LOOP('',(#7378,#7379,#7380,#7388,#7396,#7404,#7412,#7420,
    #7428,#7436,#7444,#7452));
#7378 = ORIENTED_EDGE('',*,*,#7282,.T.);
#7379 = ORIENTED_EDGE('',*,*,#7366,.T.);
#7380 = ORIENTED_EDGE('',*,*,#7381,.F.);
#7381 = EDGE_CURVE('',#7382,#7359,#7384,.T.);
#7382 = VERTEX_POINT('',#7383);
#7383 = CARTESIAN_POINT('',(-1.95,2.11,0.825));
#7384 = LINE('',#7385,#7386);
#7385 = CARTESIAN_POINT('',(-1.95,-2.275,0.825));
#7386 = VECTOR('',#7387,1.);
#7387 = DIRECTION('',(-1.110223024625E-16,1.,0.));
#7388 = ORIENTED_EDGE('',*,*,#7389,.F.);
#7389 = EDGE_CURVE('',#7390,#7382,#7392,.T.);
#7390 = VERTEX_POINT('',#7391);
#7391 = CARTESIAN_POINT('',(-1.95,1.7,0.825));
#7392 = LINE('',#7393,#7394);
#7393 = CARTESIAN_POINT('',(-1.95,-2.275,0.825));
#7394 = VECTOR('',#7395,1.);
#7395 = DIRECTION('',(-1.110223024625E-16,1.,0.));
#7396 = ORIENTED_EDGE('',*,*,#7397,.F.);
#7397 = EDGE_CURVE('',#7398,#7390,#7400,.T.);
#7398 = VERTEX_POINT('',#7399);
#7399 = CARTESIAN_POINT('',(-1.95,0.84,0.825));
#7400 = LINE('',#7401,#7402);
#7401 = CARTESIAN_POINT('',(-1.95,-2.275,0.825));
#7402 = VECTOR('',#7403,1.);
#7403 = DIRECTION('',(-1.110223024625E-16,1.,0.));
#7404 = ORIENTED_EDGE('',*,*,#7405,.F.);
#7405 = EDGE_CURVE('',#7406,#7398,#7408,.T.);
#7406 = VERTEX_POINT('',#7407);
#7407 = CARTESIAN_POINT('',(-1.95,0.43,0.825));
#7408 = LINE('',#7409,#7410);
#7409 = CARTESIAN_POINT('',(-1.95,-2.275,0.825));
#7410 = VECTOR('',#7411,1.);
#7411 = DIRECTION('',(-1.110223024625E-16,1.,0.));
#7412 = ORIENTED_EDGE('',*,*,#7413,.F.);
#7413 = EDGE_CURVE('',#7414,#7406,#7416,.T.);
#7414 = VERTEX_POINT('',#7415);
#7415 = CARTESIAN_POINT('',(-1.95,-0.43,0.825));
#7416 = LINE('',#7417,#7418);
#7417 = CARTESIAN_POINT('',(-1.95,-2.275,0.825));
#7418 = VECTOR('',#7419,1.);
#7419 = DIRECTION('',(-1.110223024625E-16,1.,0.));
#7420 = ORIENTED_EDGE('',*,*,#7421,.F.);
#7421 = EDGE_CURVE('',#7422,#7414,#7424,.T.);
#7422 = VERTEX_POINT('',#7423);
#7423 = CARTESIAN_POINT('',(-1.95,-0.84,0.825));
#7424 = LINE('',#7425,#7426);
#7425 = CARTESIAN_POINT('',(-1.95,-2.275,0.825));
#7426 = VECTOR('',#7427,1.);
#7427 = DIRECTION('',(-1.110223024625E-16,1.,0.));
#7428 = ORIENTED_EDGE('',*,*,#7429,.F.);
#7429 = EDGE_CURVE('',#7430,#7422,#7432,.T.);
#7430 = VERTEX_POINT('',#7431);
#7431 = CARTESIAN_POINT('',(-1.95,-1.7,0.825));
#7432 = LINE('',#7433,#7434);
#7433 = CARTESIAN_POINT('',(-1.95,-2.275,0.825));
#7434 = VECTOR('',#7435,1.);
#7435 = DIRECTION('',(-1.110223024625E-16,1.,0.));
#7436 = ORIENTED_EDGE('',*,*,#7437,.F.);
#7437 = EDGE_CURVE('',#7438,#7430,#7440,.T.);
#7438 = VERTEX_POINT('',#7439);
#7439 = CARTESIAN_POINT('',(-1.95,-2.11,0.825));
#7440 = LINE('',#7441,#7442);
#7441 = CARTESIAN_POINT('',(-1.95,-2.275,0.825));
#7442 = VECTOR('',#7443,1.);
#7443 = DIRECTION('',(-1.110223024625E-16,1.,0.));
#7444 = ORIENTED_EDGE('',*,*,#7445,.F.);
#7445 = EDGE_CURVE('',#7446,#7438,#7448,.T.);
#7446 = VERTEX_POINT('',#7447);
#7447 = CARTESIAN_POINT('',(-1.95,-2.275,0.825));
#7448 = LINE('',#7449,#7450);
#7449 = CARTESIAN_POINT('',(-1.95,-2.275,0.825));
#7450 = VECTOR('',#7451,1.);
#7451 = DIRECTION('',(-1.110223024625E-16,1.,0.));
#7452 = ORIENTED_EDGE('',*,*,#7453,.F.);
#7453 = EDGE_CURVE('',#7275,#7446,#7454,.T.);
#7454 = B_SPLINE_CURVE_WITH_KNOTS('',1,(#7455,#7456),.UNSPECIFIED.,.F.,
  .F.,(2,2),(0.,1.),.PIECEWISE_BEZIER_KNOTS.);
#7455 = CARTESIAN_POINT('',(-1.835171280765,-2.217585640382,0.1));
#7456 = CARTESIAN_POINT('',(-1.95,-2.275,0.825));
#7457 = B_SPLINE_SURFACE_WITH_KNOTS('',1,1,(
    (#7458,#7459)
    ,(#7460,#7461
    )),.UNSPECIFIED.,.F.,.F.,.F.,(2,2),(2,2),(0.,4.55),(0.,1.),
  .PIECEWISE_BEZIER_KNOTS.);
#7458 = CARTESIAN_POINT('',(-1.835171280765,-2.217585640382,0.1));
#7459 = CARTESIAN_POINT('',(-1.95,-2.275,0.825));
#7460 = CARTESIAN_POINT('',(-1.835171280765,2.217585640382,0.1));
#7461 = CARTESIAN_POINT('',(-1.95,2.275,0.825));
#7462 = ADVANCED_FACE('',(#7463),#7544,.F.);
#7463 = FACE_BOUND('',#7464,.F.);
#7464 = EDGE_LOOP('',(#7465,#7466,#7473,#7481,#7489,#7497,#7505,#7513,
    #7521,#7529,#7537,#7543));
#7465 = ORIENTED_EDGE('',*,*,#7250,.T.);
#7466 = ORIENTED_EDGE('',*,*,#7467,.T.);
#7467 = EDGE_CURVE('',#7251,#7468,#7470,.T.);
#7468 = VERTEX_POINT('',#7469);
#7469 = CARTESIAN_POINT('',(1.95,-2.275,0.825));
#7470 = B_SPLINE_CURVE_WITH_KNOTS('',1,(#7471,#7472),.UNSPECIFIED.,.F.,
  .F.,(2,2),(0.,1.),.PIECEWISE_BEZIER_KNOTS.);
#7471 = CARTESIAN_POINT('',(1.835171280765,-2.217585640382,0.1));
#7472 = CARTESIAN_POINT('',(1.95,-2.275,0.825));
#7473 = ORIENTED_EDGE('',*,*,#7474,.F.);
#7474 = EDGE_CURVE('',#7475,#7468,#7477,.T.);
#7475 = VERTEX_POINT('',#7476);
#7476 = CARTESIAN_POINT('',(1.95,-2.11,0.825));
#7477 = LINE('',#7478,#7479);
#7478 = CARTESIAN_POINT('',(1.95,2.275,0.825));
#7479 = VECTOR('',#7480,1.);
#7480 = DIRECTION('',(1.110223024625E-16,-1.,0.));
#7481 = ORIENTED_EDGE('',*,*,#7482,.F.);
#7482 = EDGE_CURVE('',#7483,#7475,#7485,.T.);
#7483 = VERTEX_POINT('',#7484);
#7484 = CARTESIAN_POINT('',(1.95,-1.7,0.825));
#7485 = LINE('',#7486,#7487);
#7486 = CARTESIAN_POINT('',(1.95,2.275,0.825));
#7487 = VECTOR('',#7488,1.);
#7488 = DIRECTION('',(1.110223024625E-16,-1.,0.));
#7489 = ORIENTED_EDGE('',*,*,#7490,.F.);
#7490 = EDGE_CURVE('',#7491,#7483,#7493,.T.);
#7491 = VERTEX_POINT('',#7492);
#7492 = CARTESIAN_POINT('',(1.95,-0.84,0.825));
#7493 = LINE('',#7494,#7495);
#7494 = CARTESIAN_POINT('',(1.95,2.275,0.825));
#7495 = VECTOR('',#7496,1.);
#7496 = DIRECTION('',(1.110223024625E-16,-1.,0.));
#7497 = ORIENTED_EDGE('',*,*,#7498,.F.);
#7498 = EDGE_CURVE('',#7499,#7491,#7501,.T.);
#7499 = VERTEX_POINT('',#7500);
#7500 = CARTESIAN_POINT('',(1.95,-0.43,0.825));
#7501 = LINE('',#7502,#7503);
#7502 = CARTESIAN_POINT('',(1.95,2.275,0.825));
#7503 = VECTOR('',#7504,1.);
#7504 = DIRECTION('',(1.110223024625E-16,-1.,0.));
#7505 = ORIENTED_EDGE('',*,*,#7506,.F.);
#7506 = EDGE_CURVE('',#7507,#7499,#7509,.T.);
#7507 = VERTEX_POINT('',#7508);
#7508 = CARTESIAN_POINT('',(1.95,0.43,0.825));
#7509 = LINE('',#7510,#7511);
#7510 = CARTESIAN_POINT('',(1.95,2.275,0.825));
#7511 = VECTOR('',#7512,1.);
#7512 = DIRECTION('',(1.110223024625E-16,-1.,0.));
#7513 = ORIENTED_EDGE('',*,*,#7514,.F.);
#7514 = EDGE_CURVE('',#7515,#7507,#7517,.T.);
#7515 = VERTEX_POINT('',#7516);
#7516 = CARTESIAN_POINT('',(1.95,0.84,0.825));
#7517 = LINE('',#7518,#7519);
#7518 = CARTESIAN_POINT('',(1.95,2.275,0.825));
#7519 = VECTOR('',#7520,1.);
#7520 = DIRECTION('',(1.110223024625E-16,-1.,0.));
#7521 = ORIENTED_EDGE('',*,*,#7522,.F.);
#7522 = EDGE_CURVE('',#7523,#7515,#7525,.T.);
#7523 = VERTEX_POINT('',#7524);
#7524 = CARTESIAN_POINT('',(1.95,1.7,0.825));
#7525 = LINE('',#7526,#7527);
#7526 = CARTESIAN_POINT('',(1.95,2.275,0.825));
#7527 = VECTOR('',#7528,1.);
#7528 = DIRECTION('',(1.110223024625E-16,-1.,0.));
#7529 = ORIENTED_EDGE('',*,*,#7530,.F.);
#7530 = EDGE_CURVE('',#7531,#7523,#7533,.T.);
#7531 = VERTEX_POINT('',#7532);
#7532 = CARTESIAN_POINT('',(1.95,2.11,0.825));
#7533 = LINE('',#7534,#7535);
#7534 = CARTESIAN_POINT('',(1.95,2.275,0.825));
#7535 = VECTOR('',#7536,1.);
#7536 = DIRECTION('',(1.110223024625E-16,-1.,0.));
#7537 = ORIENTED_EDGE('',*,*,#7538,.F.);
#7538 = EDGE_CURVE('',#7306,#7531,#7539,.T.);
#7539 = LINE('',#7540,#7541);
#7540 = CARTESIAN_POINT('',(1.95,2.275,0.825));
#7541 = VECTOR('',#7542,1.);
#7542 = DIRECTION('',(1.110223024625E-16,-1.,0.));
#7543 = ORIENTED_EDGE('',*,*,#7305,.F.);
#7544 = B_SPLINE_SURFACE_WITH_KNOTS('',1,1,(
    (#7545,#7546)
    ,(#7547,#7548
    )),.UNSPECIFIED.,.F.,.F.,.F.,(2,2),(2,2),(0.,4.55),(0.,1.),
  .PIECEWISE_BEZIER_KNOTS.);
#7545 = CARTESIAN_POINT('',(1.835171280765,2.217585640382,0.1));
#7546 = CARTESIAN_POINT('',(1.95,2.275,0.825));
#7547 = CARTESIAN_POINT('',(1.835171280765,-2.217585640382,0.1));
#7548 = CARTESIAN_POINT('',(1.95,-2.275,0.825));
#7549 = ADVANCED_FACE('',(#7550),#7567,.F.);
#7550 = FACE_BOUND('',#7551,.F.);
#7551 = EDGE_LOOP('',(#7552,#7553,#7554,#7562));
#7552 = ORIENTED_EDGE('',*,*,#7274,.T.);
#7553 = ORIENTED_EDGE('',*,*,#7453,.T.);
#7554 = ORIENTED_EDGE('',*,*,#7555,.F.);
#7555 = EDGE_CURVE('',#7556,#7446,#7558,.T.);
#7556 = VERTEX_POINT('',#7557);
#7557 = CARTESIAN_POINT('',(-1.775,-2.45,0.825));
#7558 = LINE('',#7559,#7560);
#7559 = CARTESIAN_POINT('',(-1.775,-2.45,0.825));
#7560 = VECTOR('',#7561,1.);
#7561 = DIRECTION('',(-0.707106781187,0.707106781187,0.));
#7562 = ORIENTED_EDGE('',*,*,#7563,.F.);
#7563 = EDGE_CURVE('',#7267,#7556,#7564,.T.);
#7564 = B_SPLINE_CURVE_WITH_KNOTS('',1,(#7565,#7566),.UNSPECIFIED.,.F.,
  .F.,(2,2),(0.,1.),.PIECEWISE_BEZIER_KNOTS.);
#7565 = CARTESIAN_POINT('',(-1.717585640382,-2.335171280765,0.1));
#7566 = CARTESIAN_POINT('',(-1.775,-2.45,0.825));
#7567 = B_SPLINE_SURFACE_WITH_KNOTS('',1,1,(
    (#7568,#7569)
    ,(#7570,#7571
    )),.UNSPECIFIED.,.F.,.F.,.F.,(2,2),(2,2),(0.,0.247487373415),(0.,1.)
  ,.PIECEWISE_BEZIER_KNOTS.);
#7568 = CARTESIAN_POINT('',(-1.717585640382,-2.335171280765,0.1));
#7569 = CARTESIAN_POINT('',(-1.775,-2.45,0.825));
#7570 = CARTESIAN_POINT('',(-1.835171280765,-2.217585640382,0.1));
#7571 = CARTESIAN_POINT('',(-1.95,-2.275,0.825));
#7572 = ADVANCED_FACE('',(#7573),#7590,.F.);
#7573 = FACE_BOUND('',#7574,.F.);
#7574 = EDGE_LOOP('',(#7575,#7576,#7583,#7589));
#7575 = ORIENTED_EDGE('',*,*,#7258,.T.);
#7576 = ORIENTED_EDGE('',*,*,#7577,.T.);
#7577 = EDGE_CURVE('',#7259,#7578,#7580,.T.);
#7578 = VERTEX_POINT('',#7579);
#7579 = CARTESIAN_POINT('',(1.775,-2.45,0.825));
#7580 = B_SPLINE_CURVE_WITH_KNOTS('',1,(#7581,#7582),.UNSPECIFIED.,.F.,
  .F.,(2,2),(0.,1.),.PIECEWISE_BEZIER_KNOTS.);
#7581 = CARTESIAN_POINT('',(1.717585640382,-2.335171280765,0.1));
#7582 = CARTESIAN_POINT('',(1.775,-2.45,0.825));
#7583 = ORIENTED_EDGE('',*,*,#7584,.F.);
#7584 = EDGE_CURVE('',#7468,#7578,#7585,.T.);
#7585 = LINE('',#7586,#7587);
#7586 = CARTESIAN_POINT('',(1.95,-2.275,0.825));
#7587 = VECTOR('',#7588,1.);
#7588 = DIRECTION('',(-0.707106781187,-0.707106781187,0.));
#7589 = ORIENTED_EDGE('',*,*,#7467,.F.);
#7590 = B_SPLINE_SURFACE_WITH_KNOTS('',1,1,(
    (#7591,#7592)
    ,(#7593,#7594
    )),.UNSPECIFIED.,.F.,.F.,.F.,(2,2),(2,2),(0.,0.247487373415),(0.,1.)
  ,.PIECEWISE_BEZIER_KNOTS.);
#7591 = CARTESIAN_POINT('',(1.835171280765,-2.217585640382,0.1));
#7592 = CARTESIAN_POINT('',(1.95,-2.275,0.825));
#7593 = CARTESIAN_POINT('',(1.717585640382,-2.335171280765,0.1));
#7594 = CARTESIAN_POINT('',(1.775,-2.45,0.825));
#7595 = ADVANCED_FACE('',(#7596),#7607,.F.);
#7596 = FACE_BOUND('',#7597,.F.);
#7597 = EDGE_LOOP('',(#7598,#7599,#7600,#7606));
#7598 = ORIENTED_EDGE('',*,*,#7266,.T.);
#7599 = ORIENTED_EDGE('',*,*,#7563,.T.);
#7600 = ORIENTED_EDGE('',*,*,#7601,.F.);
#7601 = EDGE_CURVE('',#7578,#7556,#7602,.T.);
#7602 = LINE('',#7603,#7604);
#7603 = CARTESIAN_POINT('',(1.775,-2.45,0.825));
#7604 = VECTOR('',#7605,1.);
#7605 = DIRECTION('',(-1.,-1.110223024625E-16,0.));
#7606 = ORIENTED_EDGE('',*,*,#7577,.F.);
#7607 = B_SPLINE_SURFACE_WITH_KNOTS('',1,1,(
    (#7608,#7609)
    ,(#7610,#7611
    )),.UNSPECIFIED.,.F.,.F.,.F.,(2,2),(2,2),(0.,3.55),(0.,1.),
  .PIECEWISE_BEZIER_KNOTS.);
#7608 = CARTESIAN_POINT('',(1.717585640382,-2.335171280765,0.1));
#7609 = CARTESIAN_POINT('',(1.775,-2.45,0.825));
#7610 = CARTESIAN_POINT('',(-1.717585640382,-2.335171280765,0.1));
#7611 = CARTESIAN_POINT('',(-1.775,-2.45,0.825));
#7612 = ADVANCED_FACE('',(#7613),#7630,.F.);
#7613 = FACE_BOUND('',#7614,.F.);
#7614 = EDGE_LOOP('',(#7615,#7616,#7623,#7629));
#7615 = ORIENTED_EDGE('',*,*,#7312,.T.);
#7616 = ORIENTED_EDGE('',*,*,#7617,.T.);
#7617 = EDGE_CURVE('',#7306,#7618,#7620,.T.);
#7618 = VERTEX_POINT('',#7619);
#7619 = CARTESIAN_POINT('',(1.95,2.275,1.025));
#7620 = B_SPLINE_CURVE_WITH_KNOTS('',1,(#7621,#7622),.UNSPECIFIED.,.F.,
  .F.,(2,2),(0.,1.),.PIECEWISE_BEZIER_KNOTS.);
#7621 = CARTESIAN_POINT('',(1.95,2.275,0.825));
#7622 = CARTESIAN_POINT('',(1.95,2.275,1.025));
#7623 = ORIENTED_EDGE('',*,*,#7624,.F.);
#7624 = EDGE_CURVE('',#7329,#7618,#7625,.T.);
#7625 = LINE('',#7626,#7627);
#7626 = CARTESIAN_POINT('',(1.775,2.45,1.025));
#7627 = VECTOR('',#7628,1.);
#7628 = DIRECTION('',(0.707106781187,-0.707106781187,0.));
#7629 = ORIENTED_EDGE('',*,*,#7328,.F.);
#7630 = PLANE('',#7631);
#7631 = AXIS2_PLACEMENT_3D('',#7632,#7633,#7634);
#7632 = CARTESIAN_POINT('',(1.775,2.45,1.025));
#7633 = DIRECTION('',(-0.707106781187,-0.707106781187,0.));
#7634 = DIRECTION('',(0.707106781187,-0.707106781187,0.));
#7635 = ADVANCED_FACE('',(#7636),#7718,.F.);
#7636 = FACE_BOUND('',#7637,.F.);
#7637 = EDGE_LOOP('',(#7638,#7646,#7647,#7648,#7656,#7664,#7672,#7680,
    #7688,#7696,#7704,#7712));
#7638 = ORIENTED_EDGE('',*,*,#7639,.T.);
#7639 = EDGE_CURVE('',#7640,#7336,#7642,.T.);
#7640 = VERTEX_POINT('',#7641);
#7641 = CARTESIAN_POINT('',(-1.95,2.275,1.025));
#7642 = LINE('',#7643,#7644);
#7643 = CARTESIAN_POINT('',(-1.95,2.275,1.025));
#7644 = VECTOR('',#7645,1.);
#7645 = DIRECTION('',(0.707106781187,0.707106781187,0.));
#7646 = ORIENTED_EDGE('',*,*,#7335,.T.);
#7647 = ORIENTED_EDGE('',*,*,#7624,.T.);
#7648 = ORIENTED_EDGE('',*,*,#7649,.T.);
#7649 = EDGE_CURVE('',#7618,#7650,#7652,.T.);
#7650 = VERTEX_POINT('',#7651);
#7651 = CARTESIAN_POINT('',(1.95,2.11,1.025));
#7652 = LINE('',#7653,#7654);
#7653 = CARTESIAN_POINT('',(1.95,2.275,1.025));
#7654 = VECTOR('',#7655,1.);
#7655 = DIRECTION('',(1.110223024625E-16,-1.,0.));
#7656 = ORIENTED_EDGE('',*,*,#7657,.T.);
#7657 = EDGE_CURVE('',#7650,#7658,#7660,.T.);
#7658 = VERTEX_POINT('',#7659);
#7659 = CARTESIAN_POINT('',(1.875,2.11,1.025));
#7660 = LINE('',#7661,#7662);
#7661 = CARTESIAN_POINT('',(2.25,2.11,1.025));
#7662 = VECTOR('',#7663,1.);
#7663 = DIRECTION('',(-1.,-1.110223024625E-16,0.));
#7664 = ORIENTED_EDGE('',*,*,#7665,.F.);
#7665 = EDGE_CURVE('',#7666,#7658,#7668,.T.);
#7666 = VERTEX_POINT('',#7667);
#7667 = CARTESIAN_POINT('',(1.875,2.2375,1.025));
#7668 = LINE('',#7669,#7670);
#7669 = CARTESIAN_POINT('',(1.875,2.2375,1.025));
#7670 = VECTOR('',#7671,1.);
#7671 = DIRECTION('',(1.110223024625E-16,-1.,0.));
#7672 = ORIENTED_EDGE('',*,*,#7673,.F.);
#7673 = EDGE_CURVE('',#7674,#7666,#7676,.T.);
#7674 = VERTEX_POINT('',#7675);
#7675 = CARTESIAN_POINT('',(1.7375,2.375,1.025));
#7676 = LINE('',#7677,#7678);
#7677 = CARTESIAN_POINT('',(1.7375,2.375,1.025));
#7678 = VECTOR('',#7679,1.);
#7679 = DIRECTION('',(0.707106781187,-0.707106781187,0.));
#7680 = ORIENTED_EDGE('',*,*,#7681,.F.);
#7681 = EDGE_CURVE('',#7682,#7674,#7684,.T.);
#7682 = VERTEX_POINT('',#7683);
#7683 = CARTESIAN_POINT('',(-1.7375,2.375,1.025));
#7684 = LINE('',#7685,#7686);
#7685 = CARTESIAN_POINT('',(-1.7375,2.375,1.025));
#7686 = VECTOR('',#7687,1.);
#7687 = DIRECTION('',(1.,1.110223024625E-16,0.));
#7688 = ORIENTED_EDGE('',*,*,#7689,.F.);
#7689 = EDGE_CURVE('',#7690,#7682,#7692,.T.);
#7690 = VERTEX_POINT('',#7691);
#7691 = CARTESIAN_POINT('',(-1.875,2.2375,1.025));
#7692 = LINE('',#7693,#7694);
#7693 = CARTESIAN_POINT('',(-1.875,2.2375,1.025));
#7694 = VECTOR('',#7695,1.);
#7695 = DIRECTION('',(0.707106781187,0.707106781187,0.));
#7696 = ORIENTED_EDGE('',*,*,#7697,.F.);
#7697 = EDGE_CURVE('',#7698,#7690,#7700,.T.);
#7698 = VERTEX_POINT('',#7699);
#7699 = CARTESIAN_POINT('',(-1.875,2.11,1.025));
#7700 = LINE('',#7701,#7702);
#7701 = CARTESIAN_POINT('',(-1.875,-2.2375,1.025));
#7702 = VECTOR('',#7703,1.);
#7703 = DIRECTION('',(-1.110223024625E-16,1.,0.));
#7704 = ORIENTED_EDGE('',*,*,#7705,.F.);
#7705 = EDGE_CURVE('',#7706,#7698,#7708,.T.);
#7706 = VERTEX_POINT('',#7707);
#7707 = CARTESIAN_POINT('',(-1.95,2.11,1.025));
#7708 = LINE('',#7709,#7710);
#7709 = CARTESIAN_POINT('',(-2.25,2.11,1.025));
#7710 = VECTOR('',#7711,1.);
#7711 = DIRECTION('',(1.,-1.144237745222E-17,0.));
#7712 = ORIENTED_EDGE('',*,*,#7713,.T.);
#7713 = EDGE_CURVE('',#7706,#7640,#7714,.T.);
#7714 = LINE('',#7715,#7716);
#7715 = CARTESIAN_POINT('',(-1.95,-2.275,1.025));
#7716 = VECTOR('',#7717,1.);
#7717 = DIRECTION('',(-1.110223024625E-16,1.,0.));
#7718 = PLANE('',#7719);
#7719 = AXIS2_PLACEMENT_3D('',#7720,#7721,#7722);
#7720 = CARTESIAN_POINT('',(-3.027078129022E-16,2.4125,1.025));
#7721 = DIRECTION('',(2.007919022429E-31,-7.713306628828E-27,-1.));
#7722 = DIRECTION('',(1.,1.112083013911E-16,2.00791902242E-31));
#7723 = ADVANCED_FACE('',(#7724),#7734,.F.);
#7724 = FACE_BOUND('',#7725,.F.);
#7725 = EDGE_LOOP('',(#7726,#7727,#7728,#7729));
#7726 = ORIENTED_EDGE('',*,*,#7358,.T.);
#7727 = ORIENTED_EDGE('',*,*,#7343,.T.);
#7728 = ORIENTED_EDGE('',*,*,#7639,.F.);
#7729 = ORIENTED_EDGE('',*,*,#7730,.F.);
#7730 = EDGE_CURVE('',#7359,#7640,#7731,.T.);
#7731 = B_SPLINE_CURVE_WITH_KNOTS('',1,(#7732,#7733),.UNSPECIFIED.,.F.,
  .F.,(2,2),(0.,1.),.PIECEWISE_BEZIER_KNOTS.);
#7732 = CARTESIAN_POINT('',(-1.95,2.275,0.825));
#7733 = CARTESIAN_POINT('',(-1.95,2.275,1.025));
#7734 = PLANE('',#7735);
#7735 = AXIS2_PLACEMENT_3D('',#7736,#7737,#7738);
#7736 = CARTESIAN_POINT('',(-1.95,2.275,1.025));
#7737 = DIRECTION('',(0.707106781187,-0.707106781187,0.));
#7738 = DIRECTION('',(0.707106781187,0.707106781187,0.));
#7739 = ADVANCED_FACE('',(#7740),#7764,.F.);
#7740 = FACE_BOUND('',#7741,.F.);
#7741 = EDGE_LOOP('',(#7742,#7749,#7750,#7758));
#7742 = ORIENTED_EDGE('',*,*,#7743,.F.);
#7743 = EDGE_CURVE('',#7446,#7744,#7746,.T.);
#7744 = VERTEX_POINT('',#7745);
#7745 = CARTESIAN_POINT('',(-1.95,-2.275,1.025));
#7746 = B_SPLINE_CURVE_WITH_KNOTS('',1,(#7747,#7748),.UNSPECIFIED.,.F.,
  .F.,(2,2),(0.,1.),.PIECEWISE_BEZIER_KNOTS.);
#7747 = CARTESIAN_POINT('',(-1.95,-2.275,0.825));
#7748 = CARTESIAN_POINT('',(-1.95,-2.275,1.025));
#7749 = ORIENTED_EDGE('',*,*,#7445,.T.);
#7750 = ORIENTED_EDGE('',*,*,#7751,.T.);
#7751 = EDGE_CURVE('',#7438,#7752,#7754,.T.);
#7752 = VERTEX_POINT('',#7753);
#7753 = CARTESIAN_POINT('',(-1.95,-2.11,1.025));
#7754 = LINE('',#7755,#7756);
#7755 = CARTESIAN_POINT('',(-1.95,-2.11,0.786976568901));
#7756 = VECTOR('',#7757,1.);
#7757 = DIRECTION('',(0.,0.,1.));
#7758 = ORIENTED_EDGE('',*,*,#7759,.F.);
#7759 = EDGE_CURVE('',#7744,#7752,#7760,.T.);
#7760 = LINE('',#7761,#7762);
#7761 = CARTESIAN_POINT('',(-1.95,-2.275,1.025));
#7762 = VECTOR('',#7763,1.);
#7763 = DIRECTION('',(-1.110223024625E-16,1.,0.));
#7764 = PLANE('',#7765);
#7765 = AXIS2_PLACEMENT_3D('',#7766,#7767,#7768);
#7766 = CARTESIAN_POINT('',(-1.95,-2.275,1.025));
#7767 = DIRECTION('',(1.,1.110223024625E-16,0.));
#7768 = DIRECTION('',(-1.110223024625E-16,1.,0.));
#7769 = ADVANCED_FACE('',(#7770),#7795,.F.);
#7770 = FACE_BOUND('',#7771,.F.);
#7771 = EDGE_LOOP('',(#7772,#7780,#7781,#7789));
#7772 = ORIENTED_EDGE('',*,*,#7773,.F.);
#7773 = EDGE_CURVE('',#7438,#7774,#7776,.T.);
#7774 = VERTEX_POINT('',#7775);
#7775 = CARTESIAN_POINT('',(-2.25,-2.11,0.825));
#7776 = LINE('',#7777,#7778);
#7777 = CARTESIAN_POINT('',(-1.8,-2.11,0.825));
#7778 = VECTOR('',#7779,1.);
#7779 = DIRECTION('',(-1.,1.144237745222E-17,0.));
#7780 = ORIENTED_EDGE('',*,*,#7437,.T.);
#7781 = ORIENTED_EDGE('',*,*,#7782,.T.);
#7782 = EDGE_CURVE('',#7430,#7783,#7785,.T.);
#7783 = VERTEX_POINT('',#7784);
#7784 = CARTESIAN_POINT('',(-2.25,-1.7,0.825));
#7785 = LINE('',#7786,#7787);
#7786 = CARTESIAN_POINT('',(-1.8,-1.7,0.825));
#7787 = VECTOR('',#7788,1.);
#7788 = DIRECTION('',(-1.,1.144237745222E-17,0.));
#7789 = ORIENTED_EDGE('',*,*,#7790,.F.);
#7790 = EDGE_CURVE('',#7774,#7783,#7791,.T.);
#7791 = LINE('',#7792,#7793);
#7792 = CARTESIAN_POINT('',(-2.25,-2.11,0.825));
#7793 = VECTOR('',#7794,1.);
#7794 = DIRECTION('',(1.144237745222E-17,1.,0.));
#7795 = PLANE('',#7796);
#7796 = AXIS2_PLACEMENT_3D('',#7797,#7798,#7799);
#7797 = CARTESIAN_POINT('',(-1.8,-2.11,0.825));
#7798 = DIRECTION('',(0.,0.,1.));
#7799 = DIRECTION('',(-1.,1.144237745222E-17,0.));
#7800 = ADVANCED_FACE('',(#7801),#7826,.F.);
#7801 = FACE_BOUND('',#7802,.F.);
#7802 = EDGE_LOOP('',(#7803,#7811,#7812,#7820));
#7803 = ORIENTED_EDGE('',*,*,#7804,.F.);
#7804 = EDGE_CURVE('',#7430,#7805,#7807,.T.);
#7805 = VERTEX_POINT('',#7806);
#7806 = CARTESIAN_POINT('',(-1.95,-1.7,1.025));
#7807 = LINE('',#7808,#7809);
#7808 = CARTESIAN_POINT('',(-1.95,-1.7,0.786976568901));
#7809 = VECTOR('',#7810,1.);
#7810 = DIRECTION('',(0.,0.,1.));
#7811 = ORIENTED_EDGE('',*,*,#7429,.T.);
#7812 = ORIENTED_EDGE('',*,*,#7813,.T.);
#7813 = EDGE_CURVE('',#7422,#7814,#7816,.T.);
#7814 = VERTEX_POINT('',#7815);
#7815 = CARTESIAN_POINT('',(-1.95,-0.84,1.025));
#7816 = LINE('',#7817,#7818);
#7817 = CARTESIAN_POINT('',(-1.95,-0.84,0.786976568901));
#7818 = VECTOR('',#7819,1.);
#7819 = DIRECTION('',(0.,0.,1.));
#7820 = ORIENTED_EDGE('',*,*,#7821,.F.);
#7821 = EDGE_CURVE('',#7805,#7814,#7822,.T.);
#7822 = LINE('',#7823,#7824);
#7823 = CARTESIAN_POINT('',(-1.95,-2.275,1.025));
#7824 = VECTOR('',#7825,1.);
#7825 = DIRECTION('',(-1.110223024625E-16,1.,0.));
#7826 = PLANE('',#7827);
#7827 = AXIS2_PLACEMENT_3D('',#7828,#7829,#7830);
#7828 = CARTESIAN_POINT('',(-1.95,-2.275,1.025));
#7829 = DIRECTION('',(1.,1.110223024625E-16,0.));
#7830 = DIRECTION('',(-1.110223024625E-16,1.,0.));
#7831 = ADVANCED_FACE('',(#7832),#7857,.F.);
#7832 = FACE_BOUND('',#7833,.F.);
#7833 = EDGE_LOOP('',(#7834,#7842,#7843,#7851));
#7834 = ORIENTED_EDGE('',*,*,#7835,.F.);
#7835 = EDGE_CURVE('',#7422,#7836,#7838,.T.);
#7836 = VERTEX_POINT('',#7837);
#7837 = CARTESIAN_POINT('',(-2.25,-0.84,0.825));
#7838 = LINE('',#7839,#7840);
#7839 = CARTESIAN_POINT('',(-1.8,-0.84,0.825));
#7840 = VECTOR('',#7841,1.);
#7841 = DIRECTION('',(-1.,1.144237745222E-17,0.));
#7842 = ORIENTED_EDGE('',*,*,#7421,.T.);
#7843 = ORIENTED_EDGE('',*,*,#7844,.T.);
#7844 = EDGE_CURVE('',#7414,#7845,#7847,.T.);
#7845 = VERTEX_POINT('',#7846);
#7846 = CARTESIAN_POINT('',(-2.25,-0.43,0.825));
#7847 = LINE('',#7848,#7849);
#7848 = CARTESIAN_POINT('',(-1.8,-0.43,0.825));
#7849 = VECTOR('',#7850,1.);
#7850 = DIRECTION('',(-1.,1.144237745222E-17,0.));
#7851 = ORIENTED_EDGE('',*,*,#7852,.F.);
#7852 = EDGE_CURVE('',#7836,#7845,#7853,.T.);
#7853 = LINE('',#7854,#7855);
#7854 = CARTESIAN_POINT('',(-2.25,-0.84,0.825));
#7855 = VECTOR('',#7856,1.);
#7856 = DIRECTION('',(1.144237745222E-17,1.,0.));
#7857 = PLANE('',#7858);
#7858 = AXIS2_PLACEMENT_3D('',#7859,#7860,#7861);
#7859 = CARTESIAN_POINT('',(-1.8,-0.84,0.825));
#7860 = DIRECTION('',(0.,0.,1.));
#7861 = DIRECTION('',(-1.,1.144237745222E-17,0.));
#7862 = ADVANCED_FACE('',(#7863),#7888,.F.);
#7863 = FACE_BOUND('',#7864,.F.);
#7864 = EDGE_LOOP('',(#7865,#7873,#7874,#7882));
#7865 = ORIENTED_EDGE('',*,*,#7866,.F.);
#7866 = EDGE_CURVE('',#7414,#7867,#7869,.T.);
#7867 = VERTEX_POINT('',#7868);
#7868 = CARTESIAN_POINT('',(-1.95,-0.43,1.025));
#7869 = LINE('',#7870,#7871);
#7870 = CARTESIAN_POINT('',(-1.95,-0.43,0.786976568901));
#7871 = VECTOR('',#7872,1.);
#7872 = DIRECTION('',(0.,0.,1.));
#7873 = ORIENTED_EDGE('',*,*,#7413,.T.);
#7874 = ORIENTED_EDGE('',*,*,#7875,.T.);
#7875 = EDGE_CURVE('',#7406,#7876,#7878,.T.);
#7876 = VERTEX_POINT('',#7877);
#7877 = CARTESIAN_POINT('',(-1.95,0.43,1.025));
#7878 = LINE('',#7879,#7880);
#7879 = CARTESIAN_POINT('',(-1.95,0.43,0.786976568901));
#7880 = VECTOR('',#7881,1.);
#7881 = DIRECTION('',(0.,0.,1.));
#7882 = ORIENTED_EDGE('',*,*,#7883,.F.);
#7883 = EDGE_CURVE('',#7867,#7876,#7884,.T.);
#7884 = LINE('',#7885,#7886);
#7885 = CARTESIAN_POINT('',(-1.95,-2.275,1.025));
#7886 = VECTOR('',#7887,1.);
#7887 = DIRECTION('',(-1.110223024625E-16,1.,0.));
#7888 = PLANE('',#7889);
#7889 = AXIS2_PLACEMENT_3D('',#7890,#7891,#7892);
#7890 = CARTESIAN_POINT('',(-1.95,-2.275,1.025));
#7891 = DIRECTION('',(1.,1.110223024625E-16,0.));
#7892 = DIRECTION('',(-1.110223024625E-16,1.,0.));
#7893 = ADVANCED_FACE('',(#7894),#7919,.F.);
#7894 = FACE_BOUND('',#7895,.F.);
#7895 = EDGE_LOOP('',(#7896,#7904,#7905,#7913));
#7896 = ORIENTED_EDGE('',*,*,#7897,.F.);
#7897 = EDGE_CURVE('',#7406,#7898,#7900,.T.);
#7898 = VERTEX_POINT('',#7899);
#7899 = CARTESIAN_POINT('',(-2.25,0.43,0.825));
#7900 = LINE('',#7901,#7902);
#7901 = CARTESIAN_POINT('',(-1.8,0.43,0.825));
#7902 = VECTOR('',#7903,1.);
#7903 = DIRECTION('',(-1.,1.144237745222E-17,0.));
#7904 = ORIENTED_EDGE('',*,*,#7405,.T.);
#7905 = ORIENTED_EDGE('',*,*,#7906,.T.);
#7906 = EDGE_CURVE('',#7398,#7907,#7909,.T.);
#7907 = VERTEX_POINT('',#7908);
#7908 = CARTESIAN_POINT('',(-2.25,0.84,0.825));
#7909 = LINE('',#7910,#7911);
#7910 = CARTESIAN_POINT('',(-1.8,0.84,0.825));
#7911 = VECTOR('',#7912,1.);
#7912 = DIRECTION('',(-1.,1.144237745222E-17,0.));
#7913 = ORIENTED_EDGE('',*,*,#7914,.F.);
#7914 = EDGE_CURVE('',#7898,#7907,#7915,.T.);
#7915 = LINE('',#7916,#7917);
#7916 = CARTESIAN_POINT('',(-2.25,0.43,0.825));
#7917 = VECTOR('',#7918,1.);
#7918 = DIRECTION('',(1.144237745222E-17,1.,0.));
#7919 = PLANE('',#7920);
#7920 = AXIS2_PLACEMENT_3D('',#7921,#7922,#7923);
#7921 = CARTESIAN_POINT('',(-1.8,0.43,0.825));
#7922 = DIRECTION('',(0.,0.,1.));
#7923 = DIRECTION('',(-1.,1.144237745222E-17,0.));
#7924 = ADVANCED_FACE('',(#7925),#7950,.F.);
#7925 = FACE_BOUND('',#7926,.F.);
#7926 = EDGE_LOOP('',(#7927,#7935,#7936,#7944));
#7927 = ORIENTED_EDGE('',*,*,#7928,.F.);
#7928 = EDGE_CURVE('',#7398,#7929,#7931,.T.);
#7929 = VERTEX_POINT('',#7930);
#7930 = CARTESIAN_POINT('',(-1.95,0.84,1.025));
#7931 = LINE('',#7932,#7933);
#7932 = CARTESIAN_POINT('',(-1.95,0.84,0.786976568901));
#7933 = VECTOR('',#7934,1.);
#7934 = DIRECTION('',(0.,0.,1.));
#7935 = ORIENTED_EDGE('',*,*,#7397,.T.);
#7936 = ORIENTED_EDGE('',*,*,#7937,.T.);
#7937 = EDGE_CURVE('',#7390,#7938,#7940,.T.);
#7938 = VERTEX_POINT('',#7939);
#7939 = CARTESIAN_POINT('',(-1.95,1.7,1.025));
#7940 = LINE('',#7941,#7942);
#7941 = CARTESIAN_POINT('',(-1.95,1.7,0.786976568901));
#7942 = VECTOR('',#7943,1.);
#7943 = DIRECTION('',(0.,0.,1.));
#7944 = ORIENTED_EDGE('',*,*,#7945,.F.);
#7945 = EDGE_CURVE('',#7929,#7938,#7946,.T.);
#7946 = LINE('',#7947,#7948);
#7947 = CARTESIAN_POINT('',(-1.95,-2.275,1.025));
#7948 = VECTOR('',#7949,1.);
#7949 = DIRECTION('',(-1.110223024625E-16,1.,0.));
#7950 = PLANE('',#7951);
#7951 = AXIS2_PLACEMENT_3D('',#7952,#7953,#7954);
#7952 = CARTESIAN_POINT('',(-1.95,-2.275,1.025));
#7953 = DIRECTION('',(1.,1.110223024625E-16,0.));
#7954 = DIRECTION('',(-1.110223024625E-16,1.,0.));
#7955 = ADVANCED_FACE('',(#7956),#7981,.F.);
#7956 = FACE_BOUND('',#7957,.F.);
#7957 = EDGE_LOOP('',(#7958,#7966,#7967,#7975));
#7958 = ORIENTED_EDGE('',*,*,#7959,.F.);
#7959 = EDGE_CURVE('',#7390,#7960,#7962,.T.);
#7960 = VERTEX_POINT('',#7961);
#7961 = CARTESIAN_POINT('',(-2.25,1.7,0.825));
#7962 = LINE('',#7963,#7964);
#7963 = CARTESIAN_POINT('',(-1.8,1.7,0.825));
#7964 = VECTOR('',#7965,1.);
#7965 = DIRECTION('',(-1.,1.144237745222E-17,0.));
#7966 = ORIENTED_EDGE('',*,*,#7389,.T.);
#7967 = ORIENTED_EDGE('',*,*,#7968,.T.);
#7968 = EDGE_CURVE('',#7382,#7969,#7971,.T.);
#7969 = VERTEX_POINT('',#7970);
#7970 = CARTESIAN_POINT('',(-2.25,2.11,0.825));
#7971 = LINE('',#7972,#7973);
#7972 = CARTESIAN_POINT('',(-1.8,2.11,0.825));
#7973 = VECTOR('',#7974,1.);
#7974 = DIRECTION('',(-1.,1.144237745222E-17,0.));
#7975 = ORIENTED_EDGE('',*,*,#7976,.F.);
#7976 = EDGE_CURVE('',#7960,#7969,#7977,.T.);
#7977 = LINE('',#7978,#7979);
#7978 = CARTESIAN_POINT('',(-2.25,1.7,0.825));
#7979 = VECTOR('',#7980,1.);
#7980 = DIRECTION('',(1.144237745222E-17,1.,0.));
#7981 = PLANE('',#7982);
#7982 = AXIS2_PLACEMENT_3D('',#7983,#7984,#7985);
#7983 = CARTESIAN_POINT('',(-1.8,1.7,0.825));
#7984 = DIRECTION('',(0.,0.,1.));
#7985 = DIRECTION('',(-1.,1.144237745222E-17,0.));
#7986 = ADVANCED_FACE('',(#7987),#7998,.F.);
#7987 = FACE_BOUND('',#7988,.F.);
#7988 = EDGE_LOOP('',(#7989,#7995,#7996,#7997));
#7989 = ORIENTED_EDGE('',*,*,#7990,.F.);
#7990 = EDGE_CURVE('',#7382,#7706,#7991,.T.);
#7991 = LINE('',#7992,#7993);
#7992 = CARTESIAN_POINT('',(-1.95,2.11,0.786976568901));
#7993 = VECTOR('',#7994,1.);
#7994 = DIRECTION('',(0.,0.,1.));
#7995 = ORIENTED_EDGE('',*,*,#7381,.T.);
#7996 = ORIENTED_EDGE('',*,*,#7730,.T.);
#7997 = ORIENTED_EDGE('',*,*,#7713,.F.);
#7998 = PLANE('',#7999);
#7999 = AXIS2_PLACEMENT_3D('',#8000,#8001,#8002);
#8000 = CARTESIAN_POINT('',(-1.95,-2.275,1.025));
#8001 = DIRECTION('',(1.,1.110223024625E-16,0.));
#8002 = DIRECTION('',(-1.110223024625E-16,1.,0.));
#8003 = ADVANCED_FACE('',(#8004),#8015,.F.);
#8004 = FACE_BOUND('',#8005,.F.);
#8005 = EDGE_LOOP('',(#8006,#8007,#8008,#8014));
#8006 = ORIENTED_EDGE('',*,*,#7617,.F.);
#8007 = ORIENTED_EDGE('',*,*,#7538,.T.);
#8008 = ORIENTED_EDGE('',*,*,#8009,.T.);
#8009 = EDGE_CURVE('',#7531,#7650,#8010,.T.);
#8010 = LINE('',#8011,#8012);
#8011 = CARTESIAN_POINT('',(1.95,2.11,0.786976568901));
#8012 = VECTOR('',#8013,1.);
#8013 = DIRECTION('',(0.,0.,1.));
#8014 = ORIENTED_EDGE('',*,*,#7649,.F.);
#8015 = PLANE('',#8016);
#8016 = AXIS2_PLACEMENT_3D('',#8017,#8018,#8019);
#8017 = CARTESIAN_POINT('',(1.95,2.275,1.025));
#8018 = DIRECTION('',(-1.,-1.110223024625E-16,0.));
#8019 = DIRECTION('',(1.110223024625E-16,-1.,0.));
#8020 = ADVANCED_FACE('',(#8021),#8046,.F.);
#8021 = FACE_BOUND('',#8022,.F.);
#8022 = EDGE_LOOP('',(#8023,#8031,#8032,#8040));
#8023 = ORIENTED_EDGE('',*,*,#8024,.F.);
#8024 = EDGE_CURVE('',#7531,#8025,#8027,.T.);
#8025 = VERTEX_POINT('',#8026);
#8026 = CARTESIAN_POINT('',(2.25,2.11,0.825));
#8027 = LINE('',#8028,#8029);
#8028 = CARTESIAN_POINT('',(1.8,2.11,0.825));
#8029 = VECTOR('',#8030,1.);
#8030 = DIRECTION('',(1.,1.110223024625E-16,0.));
#8031 = ORIENTED_EDGE('',*,*,#7530,.T.);
#8032 = ORIENTED_EDGE('',*,*,#8033,.T.);
#8033 = EDGE_CURVE('',#7523,#8034,#8036,.T.);
#8034 = VERTEX_POINT('',#8035);
#8035 = CARTESIAN_POINT('',(2.25,1.7,0.825));
#8036 = LINE('',#8037,#8038);
#8037 = CARTESIAN_POINT('',(1.8,1.7,0.825));
#8038 = VECTOR('',#8039,1.);
#8039 = DIRECTION('',(1.,1.110223024625E-16,0.));
#8040 = ORIENTED_EDGE('',*,*,#8041,.F.);
#8041 = EDGE_CURVE('',#8025,#8034,#8042,.T.);
#8042 = LINE('',#8043,#8044);
#8043 = CARTESIAN_POINT('',(2.25,2.11,0.825));
#8044 = VECTOR('',#8045,1.);
#8045 = DIRECTION('',(1.110223024625E-16,-1.,0.));
#8046 = PLANE('',#8047);
#8047 = AXIS2_PLACEMENT_3D('',#8048,#8049,#8050);
#8048 = CARTESIAN_POINT('',(1.8,2.11,0.825));
#8049 = DIRECTION('',(0.,0.,1.));
#8050 = DIRECTION('',(1.,1.110223024625E-16,-0.));
#8051 = ADVANCED_FACE('',(#8052),#8077,.F.);
#8052 = FACE_BOUND('',#8053,.F.);
#8053 = EDGE_LOOP('',(#8054,#8062,#8063,#8071));
#8054 = ORIENTED_EDGE('',*,*,#8055,.F.);
#8055 = EDGE_CURVE('',#7523,#8056,#8058,.T.);
#8056 = VERTEX_POINT('',#8057);
#8057 = CARTESIAN_POINT('',(1.95,1.7,1.025));
#8058 = LINE('',#8059,#8060);
#8059 = CARTESIAN_POINT('',(1.95,1.7,0.786976568901));
#8060 = VECTOR('',#8061,1.);
#8061 = DIRECTION('',(0.,0.,1.));
#8062 = ORIENTED_EDGE('',*,*,#7522,.T.);
#8063 = ORIENTED_EDGE('',*,*,#8064,.T.);
#8064 = EDGE_CURVE('',#7515,#8065,#8067,.T.);
#8065 = VERTEX_POINT('',#8066);
#8066 = CARTESIAN_POINT('',(1.95,0.84,1.025));
#8067 = LINE('',#8068,#8069);
#8068 = CARTESIAN_POINT('',(1.95,0.84,0.786976568901));
#8069 = VECTOR('',#8070,1.);
#8070 = DIRECTION('',(0.,0.,1.));
#8071 = ORIENTED_EDGE('',*,*,#8072,.F.);
#8072 = EDGE_CURVE('',#8056,#8065,#8073,.T.);
#8073 = LINE('',#8074,#8075);
#8074 = CARTESIAN_POINT('',(1.95,2.275,1.025));
#8075 = VECTOR('',#8076,1.);
#8076 = DIRECTION('',(1.110223024625E-16,-1.,0.));
#8077 = PLANE('',#8078);
#8078 = AXIS2_PLACEMENT_3D('',#8079,#8080,#8081);
#8079 = CARTESIAN_POINT('',(1.95,2.275,1.025));
#8080 = DIRECTION('',(-1.,-1.110223024625E-16,0.));
#8081 = DIRECTION('',(1.110223024625E-16,-1.,0.));
#8082 = ADVANCED_FACE('',(#8083),#8108,.F.);
#8083 = FACE_BOUND('',#8084,.F.);
#8084 = EDGE_LOOP('',(#8085,#8093,#8094,#8102));
#8085 = ORIENTED_EDGE('',*,*,#8086,.F.);
#8086 = EDGE_CURVE('',#7515,#8087,#8089,.T.);
#8087 = VERTEX_POINT('',#8088);
#8088 = CARTESIAN_POINT('',(2.25,0.84,0.825));
#8089 = LINE('',#8090,#8091);
#8090 = CARTESIAN_POINT('',(1.8,0.84,0.825));
#8091 = VECTOR('',#8092,1.);
#8092 = DIRECTION('',(1.,1.110223024625E-16,0.));
#8093 = ORIENTED_EDGE('',*,*,#7514,.T.);
#8094 = ORIENTED_EDGE('',*,*,#8095,.T.);
#8095 = EDGE_CURVE('',#7507,#8096,#8098,.T.);
#8096 = VERTEX_POINT('',#8097);
#8097 = CARTESIAN_POINT('',(2.25,0.43,0.825));
#8098 = LINE('',#8099,#8100);
#8099 = CARTESIAN_POINT('',(1.8,0.43,0.825));
#8100 = VECTOR('',#8101,1.);
#8101 = DIRECTION('',(1.,1.110223024625E-16,0.));
#8102 = ORIENTED_EDGE('',*,*,#8103,.F.);
#8103 = EDGE_CURVE('',#8087,#8096,#8104,.T.);
#8104 = LINE('',#8105,#8106);
#8105 = CARTESIAN_POINT('',(2.25,0.84,0.825));
#8106 = VECTOR('',#8107,1.);
#8107 = DIRECTION('',(1.110223024625E-16,-1.,0.));
#8108 = PLANE('',#8109);
#8109 = AXIS2_PLACEMENT_3D('',#8110,#8111,#8112);
#8110 = CARTESIAN_POINT('',(1.8,0.84,0.825));
#8111 = DIRECTION('',(0.,0.,1.));
#8112 = DIRECTION('',(1.,1.110223024625E-16,-0.));
#8113 = ADVANCED_FACE('',(#8114),#8139,.F.);
#8114 = FACE_BOUND('',#8115,.F.);
#8115 = EDGE_LOOP('',(#8116,#8124,#8125,#8133));
#8116 = ORIENTED_EDGE('',*,*,#8117,.F.);
#8117 = EDGE_CURVE('',#7507,#8118,#8120,.T.);
#8118 = VERTEX_POINT('',#8119);
#8119 = CARTESIAN_POINT('',(1.95,0.43,1.025));
#8120 = LINE('',#8121,#8122);
#8121 = CARTESIAN_POINT('',(1.95,0.43,0.786976568901));
#8122 = VECTOR('',#8123,1.);
#8123 = DIRECTION('',(0.,0.,1.));
#8124 = ORIENTED_EDGE('',*,*,#7506,.T.);
#8125 = ORIENTED_EDGE('',*,*,#8126,.T.);
#8126 = EDGE_CURVE('',#7499,#8127,#8129,.T.);
#8127 = VERTEX_POINT('',#8128);
#8128 = CARTESIAN_POINT('',(1.95,-0.43,1.025));
#8129 = LINE('',#8130,#8131);
#8130 = CARTESIAN_POINT('',(1.95,-0.43,0.786976568901));
#8131 = VECTOR('',#8132,1.);
#8132 = DIRECTION('',(0.,0.,1.));
#8133 = ORIENTED_EDGE('',*,*,#8134,.F.);
#8134 = EDGE_CURVE('',#8118,#8127,#8135,.T.);
#8135 = LINE('',#8136,#8137);
#8136 = CARTESIAN_POINT('',(1.95,2.275,1.025));
#8137 = VECTOR('',#8138,1.);
#8138 = DIRECTION('',(1.110223024625E-16,-1.,0.));
#8139 = PLANE('',#8140);
#8140 = AXIS2_PLACEMENT_3D('',#8141,#8142,#8143);
#8141 = CARTESIAN_POINT('',(1.95,2.275,1.025));
#8142 = DIRECTION('',(-1.,-1.110223024625E-16,0.));
#8143 = DIRECTION('',(1.110223024625E-16,-1.,0.));
#8144 = ADVANCED_FACE('',(#8145),#8170,.F.);
#8145 = FACE_BOUND('',#8146,.F.);
#8146 = EDGE_LOOP('',(#8147,#8155,#8156,#8164));
#8147 = ORIENTED_EDGE('',*,*,#8148,.F.);
#8148 = EDGE_CURVE('',#7499,#8149,#8151,.T.);
#8149 = VERTEX_POINT('',#8150);
#8150 = CARTESIAN_POINT('',(2.25,-0.43,0.825));
#8151 = LINE('',#8152,#8153);
#8152 = CARTESIAN_POINT('',(1.8,-0.43,0.825));
#8153 = VECTOR('',#8154,1.);
#8154 = DIRECTION('',(1.,1.110223024625E-16,0.));
#8155 = ORIENTED_EDGE('',*,*,#7498,.T.);
#8156 = ORIENTED_EDGE('',*,*,#8157,.T.);
#8157 = EDGE_CURVE('',#7491,#8158,#8160,.T.);
#8158 = VERTEX_POINT('',#8159);
#8159 = CARTESIAN_POINT('',(2.25,-0.84,0.825));
#8160 = LINE('',#8161,#8162);
#8161 = CARTESIAN_POINT('',(1.8,-0.84,0.825));
#8162 = VECTOR('',#8163,1.);
#8163 = DIRECTION('',(1.,1.110223024625E-16,0.));
#8164 = ORIENTED_EDGE('',*,*,#8165,.F.);
#8165 = EDGE_CURVE('',#8149,#8158,#8166,.T.);
#8166 = LINE('',#8167,#8168);
#8167 = CARTESIAN_POINT('',(2.25,-0.43,0.825));
#8168 = VECTOR('',#8169,1.);
#8169 = DIRECTION('',(1.110223024625E-16,-1.,0.));
#8170 = PLANE('',#8171);
#8171 = AXIS2_PLACEMENT_3D('',#8172,#8173,#8174);
#8172 = CARTESIAN_POINT('',(1.8,-0.43,0.825));
#8173 = DIRECTION('',(0.,0.,1.));
#8174 = DIRECTION('',(1.,1.110223024625E-16,-0.));
#8175 = ADVANCED_FACE('',(#8176),#8201,.F.);
#8176 = FACE_BOUND('',#8177,.F.);
#8177 = EDGE_LOOP('',(#8178,#8186,#8187,#8195));
#8178 = ORIENTED_EDGE('',*,*,#8179,.F.);
#8179 = EDGE_CURVE('',#7491,#8180,#8182,.T.);
#8180 = VERTEX_POINT('',#8181);
#8181 = CARTESIAN_POINT('',(1.95,-0.84,1.025));
#8182 = LINE('',#8183,#8184);
#8183 = CARTESIAN_POINT('',(1.95,-0.84,0.786976568901));
#8184 = VECTOR('',#8185,1.);
#8185 = DIRECTION('',(0.,0.,1.));
#8186 = ORIENTED_EDGE('',*,*,#7490,.T.);
#8187 = ORIENTED_EDGE('',*,*,#8188,.T.);
#8188 = EDGE_CURVE('',#7483,#8189,#8191,.T.);
#8189 = VERTEX_POINT('',#8190);
#8190 = CARTESIAN_POINT('',(1.95,-1.7,1.025));
#8191 = LINE('',#8192,#8193);
#8192 = CARTESIAN_POINT('',(1.95,-1.7,0.786976568901));
#8193 = VECTOR('',#8194,1.);
#8194 = DIRECTION('',(0.,0.,1.));
#8195 = ORIENTED_EDGE('',*,*,#8196,.F.);
#8196 = EDGE_CURVE('',#8180,#8189,#8197,.T.);
#8197 = LINE('',#8198,#8199);
#8198 = CARTESIAN_POINT('',(1.95,2.275,1.025));
#8199 = VECTOR('',#8200,1.);
#8200 = DIRECTION('',(1.110223024625E-16,-1.,0.));
#8201 = PLANE('',#8202);
#8202 = AXIS2_PLACEMENT_3D('',#8203,#8204,#8205);
#8203 = CARTESIAN_POINT('',(1.95,2.275,1.025));
#8204 = DIRECTION('',(-1.,-1.110223024625E-16,0.));
#8205 = DIRECTION('',(1.110223024625E-16,-1.,0.));
#8206 = ADVANCED_FACE('',(#8207),#8232,.F.);
#8207 = FACE_BOUND('',#8208,.F.);
#8208 = EDGE_LOOP('',(#8209,#8217,#8218,#8226));
#8209 = ORIENTED_EDGE('',*,*,#8210,.F.);
#8210 = EDGE_CURVE('',#7483,#8211,#8213,.T.);
#8211 = VERTEX_POINT('',#8212);
#8212 = CARTESIAN_POINT('',(2.25,-1.7,0.825));
#8213 = LINE('',#8214,#8215);
#8214 = CARTESIAN_POINT('',(1.8,-1.7,0.825));
#8215 = VECTOR('',#8216,1.);
#8216 = DIRECTION('',(1.,1.110223024625E-16,0.));
#8217 = ORIENTED_EDGE('',*,*,#7482,.T.);
#8218 = ORIENTED_EDGE('',*,*,#8219,.T.);
#8219 = EDGE_CURVE('',#7475,#8220,#8222,.T.);
#8220 = VERTEX_POINT('',#8221);
#8221 = CARTESIAN_POINT('',(2.25,-2.11,0.825));
#8222 = LINE('',#8223,#8224);
#8223 = CARTESIAN_POINT('',(1.8,-2.11,0.825));
#8224 = VECTOR('',#8225,1.);
#8225 = DIRECTION('',(1.,1.110223024625E-16,0.));
#8226 = ORIENTED_EDGE('',*,*,#8227,.F.);
#8227 = EDGE_CURVE('',#8211,#8220,#8228,.T.);
#8228 = LINE('',#8229,#8230);
#8229 = CARTESIAN_POINT('',(2.25,-1.7,0.825));
#8230 = VECTOR('',#8231,1.);
#8231 = DIRECTION('',(1.110223024625E-16,-1.,0.));
#8232 = PLANE('',#8233);
#8233 = AXIS2_PLACEMENT_3D('',#8234,#8235,#8236);
#8234 = CARTESIAN_POINT('',(1.8,-1.7,0.825));
#8235 = DIRECTION('',(0.,0.,1.));
#8236 = DIRECTION('',(1.,1.110223024625E-16,-0.));
#8237 = ADVANCED_FACE('',(#8238),#8262,.F.);
#8238 = FACE_BOUND('',#8239,.F.);
#8239 = EDGE_LOOP('',(#8240,#8248,#8249,#8256));
#8240 = ORIENTED_EDGE('',*,*,#8241,.F.);
#8241 = EDGE_CURVE('',#7475,#8242,#8244,.T.);
#8242 = VERTEX_POINT('',#8243);
#8243 = CARTESIAN_POINT('',(1.95,-2.11,1.025));
#8244 = LINE('',#8245,#8246);
#8245 = CARTESIAN_POINT('',(1.95,-2.11,0.786976568901));
#8246 = VECTOR('',#8247,1.);
#8247 = DIRECTION('',(0.,0.,1.));
#8248 = ORIENTED_EDGE('',*,*,#7474,.T.);
#8249 = ORIENTED_EDGE('',*,*,#8250,.T.);
#8250 = EDGE_CURVE('',#7468,#8251,#8253,.T.);
#8251 = VERTEX_POINT('',#8252);
#8252 = CARTESIAN_POINT('',(1.95,-2.275,1.025));
#8253 = B_SPLINE_CURVE_WITH_KNOTS('',1,(#8254,#8255),.UNSPECIFIED.,.F.,
  .F.,(2,2),(0.,1.),.PIECEWISE_BEZIER_KNOTS.);
#8254 = CARTESIAN_POINT('',(1.95,-2.275,0.825));
#8255 = CARTESIAN_POINT('',(1.95,-2.275,1.025));
#8256 = ORIENTED_EDGE('',*,*,#8257,.F.);
#8257 = EDGE_CURVE('',#8242,#8251,#8258,.T.);
#8258 = LINE('',#8259,#8260);
#8259 = CARTESIAN_POINT('',(1.95,2.275,1.025));
#8260 = VECTOR('',#8261,1.);
#8261 = DIRECTION('',(1.110223024625E-16,-1.,0.));
#8262 = PLANE('',#8263);
#8263 = AXIS2_PLACEMENT_3D('',#8264,#8265,#8266);
#8264 = CARTESIAN_POINT('',(1.95,2.275,1.025));
#8265 = DIRECTION('',(-1.,-1.110223024625E-16,0.));
#8266 = DIRECTION('',(1.110223024625E-16,-1.,0.));
#8267 = ADVANCED_FACE('',(#8268),#8285,.F.);
#8268 = FACE_BOUND('',#8269,.F.);
#8269 = EDGE_LOOP('',(#8270,#8271,#8272,#8280));
#8270 = ORIENTED_EDGE('',*,*,#7555,.T.);
#8271 = ORIENTED_EDGE('',*,*,#7743,.T.);
#8272 = ORIENTED_EDGE('',*,*,#8273,.F.);
#8273 = EDGE_CURVE('',#8274,#7744,#8276,.T.);
#8274 = VERTEX_POINT('',#8275);
#8275 = CARTESIAN_POINT('',(-1.775,-2.45,1.025));
#8276 = LINE('',#8277,#8278);
#8277 = CARTESIAN_POINT('',(-1.775,-2.45,1.025));
#8278 = VECTOR('',#8279,1.);
#8279 = DIRECTION('',(-0.707106781187,0.707106781187,0.));
#8280 = ORIENTED_EDGE('',*,*,#8281,.F.);
#8281 = EDGE_CURVE('',#7556,#8274,#8282,.T.);
#8282 = B_SPLINE_CURVE_WITH_KNOTS('',1,(#8283,#8284),.UNSPECIFIED.,.F.,
  .F.,(2,2),(0.,1.),.PIECEWISE_BEZIER_KNOTS.);
#8283 = CARTESIAN_POINT('',(-1.775,-2.45,0.825));
#8284 = CARTESIAN_POINT('',(-1.775,-2.45,1.025));
#8285 = PLANE('',#8286);
#8286 = AXIS2_PLACEMENT_3D('',#8287,#8288,#8289);
#8287 = CARTESIAN_POINT('',(-1.775,-2.45,1.025));
#8288 = DIRECTION('',(0.707106781187,0.707106781187,0.));
#8289 = DIRECTION('',(-0.707106781187,0.707106781187,0.));
#8290 = ADVANCED_FACE('',(#8291),#8308,.F.);
#8291 = FACE_BOUND('',#8292,.F.);
#8292 = EDGE_LOOP('',(#8293,#8294,#8301,#8307));
#8293 = ORIENTED_EDGE('',*,*,#7584,.T.);
#8294 = ORIENTED_EDGE('',*,*,#8295,.T.);
#8295 = EDGE_CURVE('',#7578,#8296,#8298,.T.);
#8296 = VERTEX_POINT('',#8297);
#8297 = CARTESIAN_POINT('',(1.775,-2.45,1.025));
#8298 = B_SPLINE_CURVE_WITH_KNOTS('',1,(#8299,#8300),.UNSPECIFIED.,.F.,
  .F.,(2,2),(0.,1.),.PIECEWISE_BEZIER_KNOTS.);
#8299 = CARTESIAN_POINT('',(1.775,-2.45,0.825));
#8300 = CARTESIAN_POINT('',(1.775,-2.45,1.025));
#8301 = ORIENTED_EDGE('',*,*,#8302,.F.);
#8302 = EDGE_CURVE('',#8251,#8296,#8303,.T.);
#8303 = LINE('',#8304,#8305);
#8304 = CARTESIAN_POINT('',(1.95,-2.275,1.025));
#8305 = VECTOR('',#8306,1.);
#8306 = DIRECTION('',(-0.707106781187,-0.707106781187,0.));
#8307 = ORIENTED_EDGE('',*,*,#8250,.F.);
#8308 = PLANE('',#8309);
#8309 = AXIS2_PLACEMENT_3D('',#8310,#8311,#8312);
#8310 = CARTESIAN_POINT('',(1.95,-2.275,1.025));
#8311 = DIRECTION('',(-0.707106781187,0.707106781187,0.));
#8312 = DIRECTION('',(-0.707106781187,-0.707106781187,0.));
#8313 = ADVANCED_FACE('',(#8314),#8325,.F.);
#8314 = FACE_BOUND('',#8315,.F.);
#8315 = EDGE_LOOP('',(#8316,#8317,#8318,#8324));
#8316 = ORIENTED_EDGE('',*,*,#7601,.T.);
#8317 = ORIENTED_EDGE('',*,*,#8281,.T.);
#8318 = ORIENTED_EDGE('',*,*,#8319,.F.);
#8319 = EDGE_CURVE('',#8296,#8274,#8320,.T.);
#8320 = LINE('',#8321,#8322);
#8321 = CARTESIAN_POINT('',(1.775,-2.45,1.025));
#8322 = VECTOR('',#8323,1.);
#8323 = DIRECTION('',(-1.,-1.110223024625E-16,0.));
#8324 = ORIENTED_EDGE('',*,*,#8295,.F.);
#8325 = PLANE('',#8326);
#8326 = AXIS2_PLACEMENT_3D('',#8327,#8328,#8329);
#8327 = CARTESIAN_POINT('',(1.775,-2.45,1.025));
#8328 = DIRECTION('',(-1.110223024625E-16,1.,0.));
#8329 = DIRECTION('',(-1.,-1.110223024625E-16,0.));
#8330 = ADVANCED_FACE('',(#8331),#8370,.F.);
#8331 = FACE_BOUND('',#8332,.F.);
#8332 = EDGE_LOOP('',(#8333,#8341,#8349,#8355,#8356,#8364));
#8333 = ORIENTED_EDGE('',*,*,#8334,.F.);
#8334 = EDGE_CURVE('',#8335,#7938,#8337,.T.);
#8335 = VERTEX_POINT('',#8336);
#8336 = CARTESIAN_POINT('',(-2.25,1.7,1.025));
#8337 = LINE('',#8338,#8339);
#8338 = CARTESIAN_POINT('',(-2.25,1.7,1.025));
#8339 = VECTOR('',#8340,1.);
#8340 = DIRECTION('',(1.,-1.144237745222E-17,0.));
#8341 = ORIENTED_EDGE('',*,*,#8342,.T.);
#8342 = EDGE_CURVE('',#8335,#8343,#8345,.T.);
#8343 = VERTEX_POINT('',#8344);
#8344 = CARTESIAN_POINT('',(-2.25,2.11,1.025));
#8345 = LINE('',#8346,#8347);
#8346 = CARTESIAN_POINT('',(-2.25,1.7,1.025));
#8347 = VECTOR('',#8348,1.);
#8348 = DIRECTION('',(1.144237745222E-17,1.,0.));
#8349 = ORIENTED_EDGE('',*,*,#8350,.T.);
#8350 = EDGE_CURVE('',#8343,#7706,#8351,.T.);
#8351 = LINE('',#8352,#8353);
#8352 = CARTESIAN_POINT('',(-2.25,2.11,1.025));
#8353 = VECTOR('',#8354,1.);
#8354 = DIRECTION('',(1.,-1.144237745222E-17,0.));
#8355 = ORIENTED_EDGE('',*,*,#7705,.T.);
#8356 = ORIENTED_EDGE('',*,*,#8357,.F.);
#8357 = EDGE_CURVE('',#8358,#7698,#8360,.T.);
#8358 = VERTEX_POINT('',#8359);
#8359 = CARTESIAN_POINT('',(-1.875,1.7,1.025));
#8360 = LINE('',#8361,#8362);
#8361 = CARTESIAN_POINT('',(-1.875,-2.2375,1.025));
#8362 = VECTOR('',#8363,1.);
#8363 = DIRECTION('',(-1.110223024625E-16,1.,0.));
#8364 = ORIENTED_EDGE('',*,*,#8365,.F.);
#8365 = EDGE_CURVE('',#7938,#8358,#8366,.T.);
#8366 = LINE('',#8367,#8368);
#8367 = CARTESIAN_POINT('',(-2.25,1.7,1.025));
#8368 = VECTOR('',#8369,1.);
#8369 = DIRECTION('',(1.,-1.144237745222E-17,0.));
#8370 = PLANE('',#8371);
#8371 = AXIS2_PLACEMENT_3D('',#8372,#8373,#8374);
#8372 = CARTESIAN_POINT('',(-2.25,1.7,1.025));
#8373 = DIRECTION('',(0.,0.,-1.));
#8374 = DIRECTION('',(1.,-1.144237745222E-17,0.));
#8375 = ADVANCED_FACE('',(#8376),#8456,.F.);
#8376 = FACE_BOUND('',#8377,.F.);
#8377 = EDGE_LOOP('',(#8378,#8388,#8396,#8404,#8412,#8420,#8428,#8434,
    #8435,#8436,#8443,#8451));
#8378 = ORIENTED_EDGE('',*,*,#8379,.T.);
#8379 = EDGE_CURVE('',#8380,#8382,#8384,.T.);
#8380 = VERTEX_POINT('',#8381);
#8381 = CARTESIAN_POINT('',(-1.875,-2.2375,1.025));
#8382 = VERTEX_POINT('',#8383);
#8383 = CARTESIAN_POINT('',(-1.875,-2.11,1.025));
#8384 = LINE('',#8385,#8386);
#8385 = CARTESIAN_POINT('',(-1.875,-2.2375,1.025));
#8386 = VECTOR('',#8387,1.);
#8387 = DIRECTION('',(-1.110223024625E-16,1.,0.));
#8388 = ORIENTED_EDGE('',*,*,#8389,.T.);
#8389 = EDGE_CURVE('',#8382,#8390,#8392,.T.);
#8390 = VERTEX_POINT('',#8391);
#8391 = CARTESIAN_POINT('',(-1.875,-1.7,1.025));
#8392 = LINE('',#8393,#8394);
#8393 = CARTESIAN_POINT('',(-1.875,-2.2375,1.025));
#8394 = VECTOR('',#8395,1.);
#8395 = DIRECTION('',(-1.110223024625E-16,1.,0.));
#8396 = ORIENTED_EDGE('',*,*,#8397,.T.);
#8397 = EDGE_CURVE('',#8390,#8398,#8400,.T.);
#8398 = VERTEX_POINT('',#8399);
#8399 = CARTESIAN_POINT('',(-1.875,-0.84,1.025));
#8400 = LINE('',#8401,#8402);
#8401 = CARTESIAN_POINT('',(-1.875,-2.2375,1.025));
#8402 = VECTOR('',#8403,1.);
#8403 = DIRECTION('',(-1.110223024625E-16,1.,0.));
#8404 = ORIENTED_EDGE('',*,*,#8405,.T.);
#8405 = EDGE_CURVE('',#8398,#8406,#8408,.T.);
#8406 = VERTEX_POINT('',#8407);
#8407 = CARTESIAN_POINT('',(-1.875,-0.43,1.025));
#8408 = LINE('',#8409,#8410);
#8409 = CARTESIAN_POINT('',(-1.875,-2.2375,1.025));
#8410 = VECTOR('',#8411,1.);
#8411 = DIRECTION('',(-1.110223024625E-16,1.,0.));
#8412 = ORIENTED_EDGE('',*,*,#8413,.T.);
#8413 = EDGE_CURVE('',#8406,#8414,#8416,.T.);
#8414 = VERTEX_POINT('',#8415);
#8415 = CARTESIAN_POINT('',(-1.875,0.43,1.025));
#8416 = LINE('',#8417,#8418);
#8417 = CARTESIAN_POINT('',(-1.875,-2.2375,1.025));
#8418 = VECTOR('',#8419,1.);
#8419 = DIRECTION('',(-1.110223024625E-16,1.,0.));
#8420 = ORIENTED_EDGE('',*,*,#8421,.T.);
#8421 = EDGE_CURVE('',#8414,#8422,#8424,.T.);
#8422 = VERTEX_POINT('',#8423);
#8423 = CARTESIAN_POINT('',(-1.875,0.84,1.025));
#8424 = LINE('',#8425,#8426);
#8425 = CARTESIAN_POINT('',(-1.875,-2.2375,1.025));
#8426 = VECTOR('',#8427,1.);
#8427 = DIRECTION('',(-1.110223024625E-16,1.,0.));
#8428 = ORIENTED_EDGE('',*,*,#8429,.T.);
#8429 = EDGE_CURVE('',#8422,#8358,#8430,.T.);
#8430 = LINE('',#8431,#8432);
#8431 = CARTESIAN_POINT('',(-1.875,-2.2375,1.025));
#8432 = VECTOR('',#8433,1.);
#8433 = DIRECTION('',(-1.110223024625E-16,1.,0.));
#8434 = ORIENTED_EDGE('',*,*,#8357,.T.);
#8435 = ORIENTED_EDGE('',*,*,#7697,.T.);
#8436 = ORIENTED_EDGE('',*,*,#8437,.T.);
#8437 = EDGE_CURVE('',#7690,#8438,#8440,.T.);
#8438 = VERTEX_POINT('',#8439);
#8439 = CARTESIAN_POINT('',(-1.760171280765,2.180085640382,1.75));
#8440 = B_SPLINE_CURVE_WITH_KNOTS('',1,(#8441,#8442),.UNSPECIFIED.,.F.,
  .F.,(2,2),(0.,1.),.PIECEWISE_BEZIER_KNOTS.);
#8441 = CARTESIAN_POINT('',(-1.875,2.2375,1.025));
#8442 = CARTESIAN_POINT('',(-1.760171280765,2.180085640382,1.75));
#8443 = ORIENTED_EDGE('',*,*,#8444,.F.);
#8444 = EDGE_CURVE('',#8445,#8438,#8447,.T.);
#8445 = VERTEX_POINT('',#8446);
#8446 = CARTESIAN_POINT('',(-1.760171280765,-2.180085640382,1.75));
#8447 = LINE('',#8448,#8449);
#8448 = CARTESIAN_POINT('',(-1.760171280765,-2.180085640382,1.75));
#8449 = VECTOR('',#8450,1.);
#8450 = DIRECTION('',(-1.110223024625E-16,1.,0.));
#8451 = ORIENTED_EDGE('',*,*,#8452,.F.);
#8452 = EDGE_CURVE('',#8380,#8445,#8453,.T.);
#8453 = B_SPLINE_CURVE_WITH_KNOTS('',1,(#8454,#8455),.UNSPECIFIED.,.F.,
  .F.,(2,2),(0.,1.),.PIECEWISE_BEZIER_KNOTS.);
#8454 = CARTESIAN_POINT('',(-1.875,-2.2375,1.025));
#8455 = CARTESIAN_POINT('',(-1.760171280765,-2.180085640382,1.75));
#8456 = B_SPLINE_SURFACE_WITH_KNOTS('',1,1,(
    (#8457,#8458)
    ,(#8459,#8460
    )),.UNSPECIFIED.,.F.,.F.,.F.,(2,2),(2,2),(0.,4.475),(0.,1.),
  .PIECEWISE_BEZIER_KNOTS.);
#8457 = CARTESIAN_POINT('',(-1.875,-2.2375,1.025));
#8458 = CARTESIAN_POINT('',(-1.760171280765,-2.180085640382,1.75));
#8459 = CARTESIAN_POINT('',(-1.875,2.2375,1.025));
#8460 = CARTESIAN_POINT('',(-1.760171280765,2.180085640382,1.75));
#8461 = ADVANCED_FACE('',(#8462),#8479,.F.);
#8462 = FACE_BOUND('',#8463,.F.);
#8463 = EDGE_LOOP('',(#8464,#8465,#8472,#8478));
#8464 = ORIENTED_EDGE('',*,*,#7689,.T.);
#8465 = ORIENTED_EDGE('',*,*,#8466,.T.);
#8466 = EDGE_CURVE('',#7682,#8467,#8469,.T.);
#8467 = VERTEX_POINT('',#8468);
#8468 = CARTESIAN_POINT('',(-1.680085640382,2.260171280765,1.75));
#8469 = B_SPLINE_CURVE_WITH_KNOTS('',1,(#8470,#8471),.UNSPECIFIED.,.F.,
  .F.,(2,2),(0.,1.),.PIECEWISE_BEZIER_KNOTS.);
#8470 = CARTESIAN_POINT('',(-1.7375,2.375,1.025));
#8471 = CARTESIAN_POINT('',(-1.680085640382,2.260171280765,1.75));
#8472 = ORIENTED_EDGE('',*,*,#8473,.F.);
#8473 = EDGE_CURVE('',#8438,#8467,#8474,.T.);
#8474 = LINE('',#8475,#8476);
#8475 = CARTESIAN_POINT('',(-1.760171280765,2.180085640382,1.75));
#8476 = VECTOR('',#8477,1.);
#8477 = DIRECTION('',(0.707106781187,0.707106781187,0.));
#8478 = ORIENTED_EDGE('',*,*,#8437,.F.);
#8479 = B_SPLINE_SURFACE_WITH_KNOTS('',1,1,(
    (#8480,#8481)
    ,(#8482,#8483
    )),.UNSPECIFIED.,.F.,.F.,.F.,(2,2),(2,2),(0.,0.194454364826),(0.,1.)
  ,.PIECEWISE_BEZIER_KNOTS.);
#8480 = CARTESIAN_POINT('',(-1.875,2.2375,1.025));
#8481 = CARTESIAN_POINT('',(-1.760171280765,2.180085640382,1.75));
#8482 = CARTESIAN_POINT('',(-1.7375,2.375,1.025));
#8483 = CARTESIAN_POINT('',(-1.680085640382,2.260171280765,1.75));
#8484 = ADVANCED_FACE('',(#8485),#8502,.F.);
#8485 = FACE_BOUND('',#8486,.F.);
#8486 = EDGE_LOOP('',(#8487,#8488,#8495,#8501));
#8487 = ORIENTED_EDGE('',*,*,#7681,.T.);
#8488 = ORIENTED_EDGE('',*,*,#8489,.T.);
#8489 = EDGE_CURVE('',#7674,#8490,#8492,.T.);
#8490 = VERTEX_POINT('',#8491);
#8491 = CARTESIAN_POINT('',(1.680085640382,2.260171280765,1.75));
#8492 = B_SPLINE_CURVE_WITH_KNOTS('',1,(#8493,#8494),.UNSPECIFIED.,.F.,
  .F.,(2,2),(0.,1.),.PIECEWISE_BEZIER_KNOTS.);
#8493 = CARTESIAN_POINT('',(1.7375,2.375,1.025));
#8494 = CARTESIAN_POINT('',(1.680085640382,2.260171280765,1.75));
#8495 = ORIENTED_EDGE('',*,*,#8496,.F.);
#8496 = EDGE_CURVE('',#8467,#8490,#8497,.T.);
#8497 = LINE('',#8498,#8499);
#8498 = CARTESIAN_POINT('',(-1.680085640382,2.260171280765,1.75));
#8499 = VECTOR('',#8500,1.);
#8500 = DIRECTION('',(1.,1.110223024625E-16,0.));
#8501 = ORIENTED_EDGE('',*,*,#8466,.F.);
#8502 = B_SPLINE_SURFACE_WITH_KNOTS('',1,1,(
    (#8503,#8504)
    ,(#8505,#8506
    )),.UNSPECIFIED.,.F.,.F.,.F.,(2,2),(2,2),(0.,3.475),(0.,1.),
  .PIECEWISE_BEZIER_KNOTS.);
#8503 = CARTESIAN_POINT('',(-1.7375,2.375,1.025));
#8504 = CARTESIAN_POINT('',(-1.680085640382,2.260171280765,1.75));
#8505 = CARTESIAN_POINT('',(1.7375,2.375,1.025));
#8506 = CARTESIAN_POINT('',(1.680085640382,2.260171280765,1.75));
#8507 = ADVANCED_FACE('',(#8508),#8525,.F.);
#8508 = FACE_BOUND('',#8509,.F.);
#8509 = EDGE_LOOP('',(#8510,#8511,#8518,#8524));
#8510 = ORIENTED_EDGE('',*,*,#7673,.T.);
#8511 = ORIENTED_EDGE('',*,*,#8512,.T.);
#8512 = EDGE_CURVE('',#7666,#8513,#8515,.T.);
#8513 = VERTEX_POINT('',#8514);
#8514 = CARTESIAN_POINT('',(1.760171280765,2.180085640382,1.75));
#8515 = B_SPLINE_CURVE_WITH_KNOTS('',1,(#8516,#8517),.UNSPECIFIED.,.F.,
  .F.,(2,2),(0.,1.),.PIECEWISE_BEZIER_KNOTS.);
#8516 = CARTESIAN_POINT('',(1.875,2.2375,1.025));
#8517 = CARTESIAN_POINT('',(1.760171280765,2.180085640382,1.75));
#8518 = ORIENTED_EDGE('',*,*,#8519,.F.);
#8519 = EDGE_CURVE('',#8490,#8513,#8520,.T.);
#8520 = LINE('',#8521,#8522);
#8521 = CARTESIAN_POINT('',(1.680085640382,2.260171280765,1.75));
#8522 = VECTOR('',#8523,1.);
#8523 = DIRECTION('',(0.707106781187,-0.707106781187,0.));
#8524 = ORIENTED_EDGE('',*,*,#8489,.F.);
#8525 = B_SPLINE_SURFACE_WITH_KNOTS('',1,1,(
    (#8526,#8527)
    ,(#8528,#8529
    )),.UNSPECIFIED.,.F.,.F.,.F.,(2,2),(2,2),(0.,0.194454364826),(0.,1.)
  ,.PIECEWISE_BEZIER_KNOTS.);
#8526 = CARTESIAN_POINT('',(1.7375,2.375,1.025));
#8527 = CARTESIAN_POINT('',(1.680085640382,2.260171280765,1.75));
#8528 = CARTESIAN_POINT('',(1.875,2.2375,1.025));
#8529 = CARTESIAN_POINT('',(1.760171280765,2.180085640382,1.75));
#8530 = ADVANCED_FACE('',(#8531),#8612,.F.);
#8531 = FACE_BOUND('',#8532,.F.);
#8532 = EDGE_LOOP('',(#8533,#8534,#8542,#8550,#8558,#8566,#8574,#8582,
    #8590,#8598,#8605,#8611));
#8533 = ORIENTED_EDGE('',*,*,#7665,.T.);
#8534 = ORIENTED_EDGE('',*,*,#8535,.T.);
#8535 = EDGE_CURVE('',#7658,#8536,#8538,.T.);
#8536 = VERTEX_POINT('',#8537);
#8537 = CARTESIAN_POINT('',(1.875,1.7,1.025));
#8538 = LINE('',#8539,#8540);
#8539 = CARTESIAN_POINT('',(1.875,2.2375,1.025));
#8540 = VECTOR('',#8541,1.);
#8541 = DIRECTION('',(1.110223024625E-16,-1.,0.));
#8542 = ORIENTED_EDGE('',*,*,#8543,.T.);
#8543 = EDGE_CURVE('',#8536,#8544,#8546,.T.);
#8544 = VERTEX_POINT('',#8545);
#8545 = CARTESIAN_POINT('',(1.875,0.84,1.025));
#8546 = LINE('',#8547,#8548);
#8547 = CARTESIAN_POINT('',(1.875,2.2375,1.025));
#8548 = VECTOR('',#8549,1.);
#8549 = DIRECTION('',(1.110223024625E-16,-1.,0.));
#8550 = ORIENTED_EDGE('',*,*,#8551,.T.);
#8551 = EDGE_CURVE('',#8544,#8552,#8554,.T.);
#8552 = VERTEX_POINT('',#8553);
#8553 = CARTESIAN_POINT('',(1.875,0.43,1.025));
#8554 = LINE('',#8555,#8556);
#8555 = CARTESIAN_POINT('',(1.875,2.2375,1.025));
#8556 = VECTOR('',#8557,1.);
#8557 = DIRECTION('',(1.110223024625E-16,-1.,0.));
#8558 = ORIENTED_EDGE('',*,*,#8559,.T.);
#8559 = EDGE_CURVE('',#8552,#8560,#8562,.T.);
#8560 = VERTEX_POINT('',#8561);
#8561 = CARTESIAN_POINT('',(1.875,-0.43,1.025));
#8562 = LINE('',#8563,#8564);
#8563 = CARTESIAN_POINT('',(1.875,2.2375,1.025));
#8564 = VECTOR('',#8565,1.);
#8565 = DIRECTION('',(1.110223024625E-16,-1.,0.));
#8566 = ORIENTED_EDGE('',*,*,#8567,.T.);
#8567 = EDGE_CURVE('',#8560,#8568,#8570,.T.);
#8568 = VERTEX_POINT('',#8569);
#8569 = CARTESIAN_POINT('',(1.875,-0.84,1.025));
#8570 = LINE('',#8571,#8572);
#8571 = CARTESIAN_POINT('',(1.875,2.2375,1.025));
#8572 = VECTOR('',#8573,1.);
#8573 = DIRECTION('',(1.110223024625E-16,-1.,0.));
#8574 = ORIENTED_EDGE('',*,*,#8575,.T.);
#8575 = EDGE_CURVE('',#8568,#8576,#8578,.T.);
#8576 = VERTEX_POINT('',#8577);
#8577 = CARTESIAN_POINT('',(1.875,-1.7,1.025));
#8578 = LINE('',#8579,#8580);
#8579 = CARTESIAN_POINT('',(1.875,2.2375,1.025));
#8580 = VECTOR('',#8581,1.);
#8581 = DIRECTION('',(1.110223024625E-16,-1.,0.));
#8582 = ORIENTED_EDGE('',*,*,#8583,.T.);
#8583 = EDGE_CURVE('',#8576,#8584,#8586,.T.);
#8584 = VERTEX_POINT('',#8585);
#8585 = CARTESIAN_POINT('',(1.875,-2.11,1.025));
#8586 = LINE('',#8587,#8588);
#8587 = CARTESIAN_POINT('',(1.875,2.2375,1.025));
#8588 = VECTOR('',#8589,1.);
#8589 = DIRECTION('',(1.110223024625E-16,-1.,0.));
#8590 = ORIENTED_EDGE('',*,*,#8591,.T.);
#8591 = EDGE_CURVE('',#8584,#8592,#8594,.T.);
#8592 = VERTEX_POINT('',#8593);
#8593 = CARTESIAN_POINT('',(1.875,-2.2375,1.025));
#8594 = LINE('',#8595,#8596);
#8595 = CARTESIAN_POINT('',(1.875,2.2375,1.025));
#8596 = VECTOR('',#8597,1.);
#8597 = DIRECTION('',(1.110223024625E-16,-1.,0.));
#8598 = ORIENTED_EDGE('',*,*,#8599,.T.);
#8599 = EDGE_CURVE('',#8592,#8600,#8602,.T.);
#8600 = VERTEX_POINT('',#8601);
#8601 = CARTESIAN_POINT('',(1.760171280765,-2.180085640382,1.75));
#8602 = B_SPLINE_CURVE_WITH_KNOTS('',1,(#8603,#8604),.UNSPECIFIED.,.F.,
  .F.,(2,2),(0.,1.),.PIECEWISE_BEZIER_KNOTS.);
#8603 = CARTESIAN_POINT('',(1.875,-2.2375,1.025));
#8604 = CARTESIAN_POINT('',(1.760171280765,-2.180085640382,1.75));
#8605 = ORIENTED_EDGE('',*,*,#8606,.F.);
#8606 = EDGE_CURVE('',#8513,#8600,#8607,.T.);
#8607 = LINE('',#8608,#8609);
#8608 = CARTESIAN_POINT('',(1.760171280765,2.180085640382,1.75));
#8609 = VECTOR('',#8610,1.);
#8610 = DIRECTION('',(1.110223024625E-16,-1.,0.));
#8611 = ORIENTED_EDGE('',*,*,#8512,.F.);
#8612 = B_SPLINE_SURFACE_WITH_KNOTS('',1,1,(
    (#8613,#8614)
    ,(#8615,#8616
    )),.UNSPECIFIED.,.F.,.F.,.F.,(2,2),(2,2),(0.,4.475),(0.,1.),
  .PIECEWISE_BEZIER_KNOTS.);
#8613 = CARTESIAN_POINT('',(1.875,2.2375,1.025));
#8614 = CARTESIAN_POINT('',(1.760171280765,2.180085640382,1.75));
#8615 = CARTESIAN_POINT('',(1.875,-2.2375,1.025));
#8616 = CARTESIAN_POINT('',(1.760171280765,-2.180085640382,1.75));
#8617 = ADVANCED_FACE('',(#8618),#8650,.F.);
#8618 = FACE_BOUND('',#8619,.F.);
#8619 = EDGE_LOOP('',(#8620,#8628,#8636,#8642,#8648,#8649));
#8620 = ORIENTED_EDGE('',*,*,#8621,.F.);
#8621 = EDGE_CURVE('',#8622,#7650,#8624,.T.);
#8622 = VERTEX_POINT('',#8623);
#8623 = CARTESIAN_POINT('',(2.25,2.11,1.025));
#8624 = LINE('',#8625,#8626);
#8625 = CARTESIAN_POINT('',(2.25,2.11,1.025));
#8626 = VECTOR('',#8627,1.);
#8627 = DIRECTION('',(-1.,-1.110223024625E-16,0.));
#8628 = ORIENTED_EDGE('',*,*,#8629,.T.);
#8629 = EDGE_CURVE('',#8622,#8630,#8632,.T.);
#8630 = VERTEX_POINT('',#8631);
#8631 = CARTESIAN_POINT('',(2.25,1.7,1.025));
#8632 = LINE('',#8633,#8634);
#8633 = CARTESIAN_POINT('',(2.25,2.11,1.025));
#8634 = VECTOR('',#8635,1.);
#8635 = DIRECTION('',(1.110223024625E-16,-1.,0.));
#8636 = ORIENTED_EDGE('',*,*,#8637,.T.);
#8637 = EDGE_CURVE('',#8630,#8056,#8638,.T.);
#8638 = LINE('',#8639,#8640);
#8639 = CARTESIAN_POINT('',(2.25,1.7,1.025));
#8640 = VECTOR('',#8641,1.);
#8641 = DIRECTION('',(-1.,-1.110223024625E-16,0.));
#8642 = ORIENTED_EDGE('',*,*,#8643,.T.);
#8643 = EDGE_CURVE('',#8056,#8536,#8644,.T.);
#8644 = LINE('',#8645,#8646);
#8645 = CARTESIAN_POINT('',(2.25,1.7,1.025));
#8646 = VECTOR('',#8647,1.);
#8647 = DIRECTION('',(-1.,-1.110223024625E-16,0.));
#8648 = ORIENTED_EDGE('',*,*,#8535,.F.);
#8649 = ORIENTED_EDGE('',*,*,#7657,.F.);
#8650 = PLANE('',#8651);
#8651 = AXIS2_PLACEMENT_3D('',#8652,#8653,#8654);
#8652 = CARTESIAN_POINT('',(2.25,2.11,1.025));
#8653 = DIRECTION('',(0.,0.,-1.));
#8654 = DIRECTION('',(-1.,-1.110223024625E-16,-0.));
#8655 = ADVANCED_FACE('',(#8656),#8699,.F.);
#8656 = FACE_BOUND('',#8657,.F.);
#8657 = EDGE_LOOP('',(#8658,#8659,#8665,#8666,#8674,#8682,#8688,#8689,
    #8695,#8696,#8697,#8698));
#8658 = ORIENTED_EDGE('',*,*,#7759,.T.);
#8659 = ORIENTED_EDGE('',*,*,#8660,.T.);
#8660 = EDGE_CURVE('',#7752,#8382,#8661,.T.);
#8661 = LINE('',#8662,#8663);
#8662 = CARTESIAN_POINT('',(-2.25,-2.11,1.025));
#8663 = VECTOR('',#8664,1.);
#8664 = DIRECTION('',(1.,-1.144237745222E-17,0.));
#8665 = ORIENTED_EDGE('',*,*,#8379,.F.);
#8666 = ORIENTED_EDGE('',*,*,#8667,.F.);
#8667 = EDGE_CURVE('',#8668,#8380,#8670,.T.);
#8668 = VERTEX_POINT('',#8669);
#8669 = CARTESIAN_POINT('',(-1.7375,-2.375,1.025));
#8670 = LINE('',#8671,#8672);
#8671 = CARTESIAN_POINT('',(-1.7375,-2.375,1.025));
#8672 = VECTOR('',#8673,1.);
#8673 = DIRECTION('',(-0.707106781187,0.707106781187,0.));
#8674 = ORIENTED_EDGE('',*,*,#8675,.F.);
#8675 = EDGE_CURVE('',#8676,#8668,#8678,.T.);
#8676 = VERTEX_POINT('',#8677);
#8677 = CARTESIAN_POINT('',(1.7375,-2.375,1.025));
#8678 = LINE('',#8679,#8680);
#8679 = CARTESIAN_POINT('',(1.7375,-2.375,1.025));
#8680 = VECTOR('',#8681,1.);
#8681 = DIRECTION('',(-1.,-1.110223024625E-16,0.));
#8682 = ORIENTED_EDGE('',*,*,#8683,.F.);
#8683 = EDGE_CURVE('',#8592,#8676,#8684,.T.);
#8684 = LINE('',#8685,#8686);
#8685 = CARTESIAN_POINT('',(1.875,-2.2375,1.025));
#8686 = VECTOR('',#8687,1.);
#8687 = DIRECTION('',(-0.707106781187,-0.707106781187,0.));
#8688 = ORIENTED_EDGE('',*,*,#8591,.F.);
#8689 = ORIENTED_EDGE('',*,*,#8690,.F.);
#8690 = EDGE_CURVE('',#8242,#8584,#8691,.T.);
#8691 = LINE('',#8692,#8693);
#8692 = CARTESIAN_POINT('',(2.25,-2.11,1.025));
#8693 = VECTOR('',#8694,1.);
#8694 = DIRECTION('',(-1.,-1.110223024625E-16,0.));
#8695 = ORIENTED_EDGE('',*,*,#8257,.T.);
#8696 = ORIENTED_EDGE('',*,*,#8302,.T.);
#8697 = ORIENTED_EDGE('',*,*,#8319,.T.);
#8698 = ORIENTED_EDGE('',*,*,#8273,.T.);
#8699 = PLANE('',#8700);
#8700 = AXIS2_PLACEMENT_3D('',#8701,#8702,#8703);
#8701 = CARTESIAN_POINT('',(-3.027078129022E-16,2.4125,1.025));
#8702 = DIRECTION('',(2.007919022429E-31,-7.713306628828E-27,-1.));
#8703 = DIRECTION('',(1.,1.112083013911E-16,2.00791902242E-31));
#8704 = ADVANCED_FACE('',(#8705),#8791,.F.);
#8705 = FACE_BOUND('',#8706,.F.);
#8706 = EDGE_LOOP('',(#8707,#8708,#8709,#8718,#8726,#8735,#8743,#8751,
    #8759,#8768,#8776,#8785));
#8707 = ORIENTED_EDGE('',*,*,#7751,.F.);
#8708 = ORIENTED_EDGE('',*,*,#7773,.T.);
#8709 = ORIENTED_EDGE('',*,*,#8710,.T.);
#8710 = EDGE_CURVE('',#7774,#8711,#8713,.T.);
#8711 = VERTEX_POINT('',#8712);
#8712 = CARTESIAN_POINT('',(-2.348480775301,-2.11,0.742364817767));
#8713 = CIRCLE('',#8714,0.1);
#8714 = AXIS2_PLACEMENT_3D('',#8715,#8716,#8717);
#8715 = CARTESIAN_POINT('',(-2.25,-2.11,0.725));
#8716 = DIRECTION('',(-1.144237745222E-17,-1.,3.284293275761E-47));
#8717 = DIRECTION('',(-4.440892098501E-15,5.081436361563E-32,1.));
#8718 = ORIENTED_EDGE('',*,*,#8719,.T.);
#8719 = EDGE_CURVE('',#8711,#8720,#8722,.T.);
#8720 = VERTEX_POINT('',#8721);
#8721 = CARTESIAN_POINT('',(-2.429496640897,-2.11,0.2479055467));
#8722 = LINE('',#8723,#8724);
#8723 = CARTESIAN_POINT('',(-2.348480775301,-2.11,0.742364817767));
#8724 = VECTOR('',#8725,1.);
#8725 = DIRECTION('',(-0.161691392282,1.85013394127E-18,-0.986841372087)
  );
#8726 = ORIENTED_EDGE('',*,*,#8727,.T.);
#8727 = EDGE_CURVE('',#8720,#8728,#8730,.T.);
#8728 = VERTEX_POINT('',#8729);
#8729 = CARTESIAN_POINT('',(-2.724938966801,-2.11,-1.665334536938E-16));
#8730 = CIRCLE('',#8731,0.3);
#8731 = AXIS2_PLACEMENT_3D('',#8732,#8733,#8734);
#8732 = CARTESIAN_POINT('',(-2.724938966801,-2.11,0.3));
#8733 = DIRECTION('',(1.144237745222E-17,1.,7.703719777549E-34));
#8734 = DIRECTION('',(0.984807753012,-1.126854202784E-17,-0.173648177667
    ));
#8735 = ORIENTED_EDGE('',*,*,#8736,.T.);
#8736 = EDGE_CURVE('',#8728,#8737,#8739,.T.);
#8737 = VERTEX_POINT('',#8738);
#8738 = CARTESIAN_POINT('',(-3.,-2.11,-1.665334536938E-16));
#8739 = LINE('',#8740,#8741);
#8740 = CARTESIAN_POINT('',(-2.724938966801,-2.11,-1.665334536938E-16));
#8741 = VECTOR('',#8742,1.);
#8742 = DIRECTION('',(-1.,1.144237745222E-17,0.));
#8743 = ORIENTED_EDGE('',*,*,#8744,.T.);
#8744 = EDGE_CURVE('',#8737,#8745,#8747,.T.);
#8745 = VERTEX_POINT('',#8746);
#8746 = CARTESIAN_POINT('',(-3.,-2.11,0.2));
#8747 = LINE('',#8748,#8749);
#8748 = CARTESIAN_POINT('',(-3.,-2.11,-1.665334536938E-16));
#8749 = VECTOR('',#8750,1.);
#8750 = DIRECTION('',(0.,0.,1.));
#8751 = ORIENTED_EDGE('',*,*,#8752,.T.);
#8752 = EDGE_CURVE('',#8745,#8753,#8755,.T.);
#8753 = VERTEX_POINT('',#8754);
#8754 = CARTESIAN_POINT('',(-2.724938966801,-2.11,0.2));
#8755 = LINE('',#8756,#8757);
#8756 = CARTESIAN_POINT('',(-3.,-2.11,0.2));
#8757 = VECTOR('',#8758,1.);
#8758 = DIRECTION('',(1.,-1.144237745222E-17,0.));
#8759 = ORIENTED_EDGE('',*,*,#8760,.T.);
#8760 = EDGE_CURVE('',#8753,#8761,#8763,.T.);
#8761 = VERTEX_POINT('',#8762);
#8762 = CARTESIAN_POINT('',(-2.6264581915,-2.11,0.282635182233));
#8763 = CIRCLE('',#8764,0.1);
#8764 = AXIS2_PLACEMENT_3D('',#8765,#8766,#8767);
#8765 = CARTESIAN_POINT('',(-2.724938966801,-2.11,0.3));
#8766 = DIRECTION('',(-1.144237745222E-17,-1.,-0.));
#8767 = DIRECTION('',(0.,0.,-1.));
#8768 = ORIENTED_EDGE('',*,*,#8769,.T.);
#8769 = EDGE_CURVE('',#8761,#8770,#8772,.T.);
#8770 = VERTEX_POINT('',#8771);
#8771 = CARTESIAN_POINT('',(-2.545442325904,-2.11,0.7770944533));
#8772 = LINE('',#8773,#8774);
#8773 = CARTESIAN_POINT('',(-2.6264581915,-2.11,0.282635182233));
#8774 = VECTOR('',#8775,1.);
#8775 = DIRECTION('',(0.161691392282,-1.85013394127E-18,0.986841372087)
  );
#8776 = ORIENTED_EDGE('',*,*,#8777,.T.);
#8777 = EDGE_CURVE('',#8770,#8778,#8780,.T.);
#8778 = VERTEX_POINT('',#8779);
#8779 = CARTESIAN_POINT('',(-2.25,-2.11,1.025));
#8780 = CIRCLE('',#8781,0.3);
#8781 = AXIS2_PLACEMENT_3D('',#8782,#8783,#8784);
#8782 = CARTESIAN_POINT('',(-2.25,-2.11,0.725));
#8783 = DIRECTION('',(1.144237745222E-17,1.,7.703719777549E-34));
#8784 = DIRECTION('',(-0.984807753012,1.126854202784E-17,0.173648177667)
  );
#8785 = ORIENTED_EDGE('',*,*,#8786,.T.);
#8786 = EDGE_CURVE('',#8778,#7752,#8787,.T.);
#8787 = LINE('',#8788,#8789);
#8788 = CARTESIAN_POINT('',(-2.25,-2.11,1.025));
#8789 = VECTOR('',#8790,1.);
#8790 = DIRECTION('',(1.,-1.144237745222E-17,0.));
#8791 = PLANE('',#8792);
#8792 = AXIS2_PLACEMENT_3D('',#8793,#8794,#8795);
#8793 = CARTESIAN_POINT('',(-2.42560961319,-2.11,0.548953137803));
#8794 = DIRECTION('',(1.144237745222E-17,1.,0.));
#8795 = DIRECTION('',(0.,-0.,1.));
#8796 = ADVANCED_FACE('',(#8797),#8816,.F.);
#8797 = FACE_BOUND('',#8798,.F.);
#8798 = EDGE_LOOP('',(#8799,#8800,#8809,#8815));
#8799 = ORIENTED_EDGE('',*,*,#7790,.T.);
#8800 = ORIENTED_EDGE('',*,*,#8801,.T.);
#8801 = EDGE_CURVE('',#7783,#8802,#8804,.T.);
#8802 = VERTEX_POINT('',#8803);
#8803 = CARTESIAN_POINT('',(-2.348480775301,-1.7,0.742364817767));
#8804 = CIRCLE('',#8805,0.1);
#8805 = AXIS2_PLACEMENT_3D('',#8806,#8807,#8808);
#8806 = CARTESIAN_POINT('',(-2.25,-1.7,0.725));
#8807 = DIRECTION('',(-1.144237745222E-17,-1.,3.284293275761E-47));
#8808 = DIRECTION('',(-4.440892098501E-15,5.081436361563E-32,1.));
#8809 = ORIENTED_EDGE('',*,*,#8810,.F.);
#8810 = EDGE_CURVE('',#8711,#8802,#8811,.T.);
#8811 = LINE('',#8812,#8813);
#8812 = CARTESIAN_POINT('',(-2.348480775301,-2.11,0.742364817767));
#8813 = VECTOR('',#8814,1.);
#8814 = DIRECTION('',(1.144237745222E-17,1.,0.));
#8815 = ORIENTED_EDGE('',*,*,#8710,.F.);
#8816 = CYLINDRICAL_SURFACE('',#8817,0.1);
#8817 = AXIS2_PLACEMENT_3D('',#8818,#8819,#8820);
#8818 = CARTESIAN_POINT('',(-2.25,-2.11,0.725));
#8819 = DIRECTION('',(-1.144237745222E-17,-1.,0.));
#8820 = DIRECTION('',(-4.440892098501E-15,5.081436361563E-32,1.));
#8821 = ADVANCED_FACE('',(#8822),#8900,.T.);
#8822 = FACE_BOUND('',#8823,.T.);
#8823 = EDGE_LOOP('',(#8824,#8825,#8826,#8827,#8835,#8844,#8852,#8860,
    #8868,#8877,#8885,#8894));
#8824 = ORIENTED_EDGE('',*,*,#7804,.F.);
#8825 = ORIENTED_EDGE('',*,*,#7782,.T.);
#8826 = ORIENTED_EDGE('',*,*,#8801,.T.);
#8827 = ORIENTED_EDGE('',*,*,#8828,.T.);
#8828 = EDGE_CURVE('',#8802,#8829,#8831,.T.);
#8829 = VERTEX_POINT('',#8830);
#8830 = CARTESIAN_POINT('',(-2.429496640897,-1.7,0.2479055467));
#8831 = LINE('',#8832,#8833);
#8832 = CARTESIAN_POINT('',(-2.348480775301,-1.7,0.742364817767));
#8833 = VECTOR('',#8834,1.);
#8834 = DIRECTION('',(-0.161691392282,1.85013394127E-18,-0.986841372087)
  );
#8835 = ORIENTED_EDGE('',*,*,#8836,.T.);
#8836 = EDGE_CURVE('',#8829,#8837,#8839,.T.);
#8837 = VERTEX_POINT('',#8838);
#8838 = CARTESIAN_POINT('',(-2.724938966801,-1.7,-1.665334536938E-16));
#8839 = CIRCLE('',#8840,0.3);
#8840 = AXIS2_PLACEMENT_3D('',#8841,#8842,#8843);
#8841 = CARTESIAN_POINT('',(-2.724938966801,-1.7,0.3));
#8842 = DIRECTION('',(1.144237745222E-17,1.,7.703719777549E-34));
#8843 = DIRECTION('',(0.984807753012,-1.126854202784E-17,-0.173648177667
    ));
#8844 = ORIENTED_EDGE('',*,*,#8845,.T.);
#8845 = EDGE_CURVE('',#8837,#8846,#8848,.T.);
#8846 = VERTEX_POINT('',#8847);
#8847 = CARTESIAN_POINT('',(-3.,-1.7,-1.665334536938E-16));
#8848 = LINE('',#8849,#8850);
#8849 = CARTESIAN_POINT('',(-2.724938966801,-1.7,-1.665334536938E-16));
#8850 = VECTOR('',#8851,1.);
#8851 = DIRECTION('',(-1.,1.144237745222E-17,0.));
#8852 = ORIENTED_EDGE('',*,*,#8853,.T.);
#8853 = EDGE_CURVE('',#8846,#8854,#8856,.T.);
#8854 = VERTEX_POINT('',#8855);
#8855 = CARTESIAN_POINT('',(-3.,-1.7,0.2));
#8856 = LINE('',#8857,#8858);
#8857 = CARTESIAN_POINT('',(-3.,-1.7,-1.665334536938E-16));
#8858 = VECTOR('',#8859,1.);
#8859 = DIRECTION('',(0.,0.,1.));
#8860 = ORIENTED_EDGE('',*,*,#8861,.T.);
#8861 = EDGE_CURVE('',#8854,#8862,#8864,.T.);
#8862 = VERTEX_POINT('',#8863);
#8863 = CARTESIAN_POINT('',(-2.724938966801,-1.7,0.2));
#8864 = LINE('',#8865,#8866);
#8865 = CARTESIAN_POINT('',(-3.,-1.7,0.2));
#8866 = VECTOR('',#8867,1.);
#8867 = DIRECTION('',(1.,-1.144237745222E-17,0.));
#8868 = ORIENTED_EDGE('',*,*,#8869,.T.);
#8869 = EDGE_CURVE('',#8862,#8870,#8872,.T.);
#8870 = VERTEX_POINT('',#8871);
#8871 = CARTESIAN_POINT('',(-2.6264581915,-1.7,0.282635182233));
#8872 = CIRCLE('',#8873,0.1);
#8873 = AXIS2_PLACEMENT_3D('',#8874,#8875,#8876);
#8874 = CARTESIAN_POINT('',(-2.724938966801,-1.7,0.3));
#8875 = DIRECTION('',(-1.144237745222E-17,-1.,-0.));
#8876 = DIRECTION('',(0.,0.,-1.));
#8877 = ORIENTED_EDGE('',*,*,#8878,.T.);
#8878 = EDGE_CURVE('',#8870,#8879,#8881,.T.);
#8879 = VERTEX_POINT('',#8880);
#8880 = CARTESIAN_POINT('',(-2.545442325904,-1.7,0.7770944533));
#8881 = LINE('',#8882,#8883);
#8882 = CARTESIAN_POINT('',(-2.6264581915,-1.7,0.282635182233));
#8883 = VECTOR('',#8884,1.);
#8884 = DIRECTION('',(0.161691392282,-1.85013394127E-18,0.986841372087)
  );
#8885 = ORIENTED_EDGE('',*,*,#8886,.T.);
#8886 = EDGE_CURVE('',#8879,#8887,#8889,.T.);
#8887 = VERTEX_POINT('',#8888);
#8888 = CARTESIAN_POINT('',(-2.25,-1.7,1.025));
#8889 = CIRCLE('',#8890,0.3);
#8890 = AXIS2_PLACEMENT_3D('',#8891,#8892,#8893);
#8891 = CARTESIAN_POINT('',(-2.25,-1.7,0.725));
#8892 = DIRECTION('',(1.144237745222E-17,1.,7.703719777549E-34));
#8893 = DIRECTION('',(-0.984807753012,1.126854202784E-17,0.173648177667)
  );
#8894 = ORIENTED_EDGE('',*,*,#8895,.T.);
#8895 = EDGE_CURVE('',#8887,#7805,#8896,.T.);
#8896 = LINE('',#8897,#8898);
#8897 = CARTESIAN_POINT('',(-2.25,-1.7,1.025));
#8898 = VECTOR('',#8899,1.);
#8899 = DIRECTION('',(1.,-1.144237745222E-17,0.));
#8900 = PLANE('',#8901);
#8901 = AXIS2_PLACEMENT_3D('',#8902,#8903,#8904);
#8902 = CARTESIAN_POINT('',(-2.42560961319,-1.7,0.548953137803));
#8903 = DIRECTION('',(1.144237745222E-17,1.,0.));
#8904 = DIRECTION('',(0.,-0.,1.));
#8905 = ADVANCED_FACE('',(#8906),#8922,.F.);
#8906 = FACE_BOUND('',#8907,.F.);
#8907 = EDGE_LOOP('',(#8908,#8909,#8915,#8916));
#8908 = ORIENTED_EDGE('',*,*,#7821,.T.);
#8909 = ORIENTED_EDGE('',*,*,#8910,.T.);
#8910 = EDGE_CURVE('',#7814,#8398,#8911,.T.);
#8911 = LINE('',#8912,#8913);
#8912 = CARTESIAN_POINT('',(-2.25,-0.84,1.025));
#8913 = VECTOR('',#8914,1.);
#8914 = DIRECTION('',(1.,-1.144237745222E-17,0.));
#8915 = ORIENTED_EDGE('',*,*,#8397,.F.);
#8916 = ORIENTED_EDGE('',*,*,#8917,.F.);
#8917 = EDGE_CURVE('',#7805,#8390,#8918,.T.);
#8918 = LINE('',#8919,#8920);
#8919 = CARTESIAN_POINT('',(-2.25,-1.7,1.025));
#8920 = VECTOR('',#8921,1.);
#8921 = DIRECTION('',(1.,-1.144237745222E-17,0.));
#8922 = PLANE('',#8923);
#8923 = AXIS2_PLACEMENT_3D('',#8924,#8925,#8926);
#8924 = CARTESIAN_POINT('',(-3.027078129022E-16,2.4125,1.025));
#8925 = DIRECTION('',(2.007919022429E-31,-7.713306628828E-27,-1.));
#8926 = DIRECTION('',(1.,1.112083013911E-16,2.00791902242E-31));
#8927 = ADVANCED_FACE('',(#8928),#9014,.F.);
#8928 = FACE_BOUND('',#8929,.F.);
#8929 = EDGE_LOOP('',(#8930,#8931,#8932,#8941,#8949,#8958,#8966,#8974,
    #8982,#8991,#8999,#9008));
#8930 = ORIENTED_EDGE('',*,*,#7813,.F.);
#8931 = ORIENTED_EDGE('',*,*,#7835,.T.);
#8932 = ORIENTED_EDGE('',*,*,#8933,.T.);
#8933 = EDGE_CURVE('',#7836,#8934,#8936,.T.);
#8934 = VERTEX_POINT('',#8935);
#8935 = CARTESIAN_POINT('',(-2.348480775301,-0.84,0.742364817767));
#8936 = CIRCLE('',#8937,0.1);
#8937 = AXIS2_PLACEMENT_3D('',#8938,#8939,#8940);
#8938 = CARTESIAN_POINT('',(-2.25,-0.84,0.725));
#8939 = DIRECTION('',(-1.144237745222E-17,-1.,3.284293275761E-47));
#8940 = DIRECTION('',(-4.440892098501E-15,5.081436361563E-32,1.));
#8941 = ORIENTED_EDGE('',*,*,#8942,.T.);
#8942 = EDGE_CURVE('',#8934,#8943,#8945,.T.);
#8943 = VERTEX_POINT('',#8944);
#8944 = CARTESIAN_POINT('',(-2.429496640897,-0.84,0.2479055467));
#8945 = LINE('',#8946,#8947);
#8946 = CARTESIAN_POINT('',(-2.348480775301,-0.84,0.742364817767));
#8947 = VECTOR('',#8948,1.);
#8948 = DIRECTION('',(-0.161691392282,1.85013394127E-18,-0.986841372087)
  );
#8949 = ORIENTED_EDGE('',*,*,#8950,.T.);
#8950 = EDGE_CURVE('',#8943,#8951,#8953,.T.);
#8951 = VERTEX_POINT('',#8952);
#8952 = CARTESIAN_POINT('',(-2.724938966801,-0.84,-1.665334536938E-16));
#8953 = CIRCLE('',#8954,0.3);
#8954 = AXIS2_PLACEMENT_3D('',#8955,#8956,#8957);
#8955 = CARTESIAN_POINT('',(-2.724938966801,-0.84,0.3));
#8956 = DIRECTION('',(1.144237745222E-17,1.,7.703719777549E-34));
#8957 = DIRECTION('',(0.984807753012,-1.126854202784E-17,-0.173648177667
    ));
#8958 = ORIENTED_EDGE('',*,*,#8959,.T.);
#8959 = EDGE_CURVE('',#8951,#8960,#8962,.T.);
#8960 = VERTEX_POINT('',#8961);
#8961 = CARTESIAN_POINT('',(-3.,-0.84,-1.665334536938E-16));
#8962 = LINE('',#8963,#8964);
#8963 = CARTESIAN_POINT('',(-2.724938966801,-0.84,-1.665334536938E-16));
#8964 = VECTOR('',#8965,1.);
#8965 = DIRECTION('',(-1.,1.144237745222E-17,0.));
#8966 = ORIENTED_EDGE('',*,*,#8967,.T.);
#8967 = EDGE_CURVE('',#8960,#8968,#8970,.T.);
#8968 = VERTEX_POINT('',#8969);
#8969 = CARTESIAN_POINT('',(-3.,-0.84,0.2));
#8970 = LINE('',#8971,#8972);
#8971 = CARTESIAN_POINT('',(-3.,-0.84,-1.665334536938E-16));
#8972 = VECTOR('',#8973,1.);
#8973 = DIRECTION('',(0.,0.,1.));
#8974 = ORIENTED_EDGE('',*,*,#8975,.T.);
#8975 = EDGE_CURVE('',#8968,#8976,#8978,.T.);
#8976 = VERTEX_POINT('',#8977);
#8977 = CARTESIAN_POINT('',(-2.724938966801,-0.84,0.2));
#8978 = LINE('',#8979,#8980);
#8979 = CARTESIAN_POINT('',(-3.,-0.84,0.2));
#8980 = VECTOR('',#8981,1.);
#8981 = DIRECTION('',(1.,-1.144237745222E-17,0.));
#8982 = ORIENTED_EDGE('',*,*,#8983,.T.);
#8983 = EDGE_CURVE('',#8976,#8984,#8986,.T.);
#8984 = VERTEX_POINT('',#8985);
#8985 = CARTESIAN_POINT('',(-2.6264581915,-0.84,0.282635182233));
#8986 = CIRCLE('',#8987,0.1);
#8987 = AXIS2_PLACEMENT_3D('',#8988,#8989,#8990);
#8988 = CARTESIAN_POINT('',(-2.724938966801,-0.84,0.3));
#8989 = DIRECTION('',(-1.144237745222E-17,-1.,-0.));
#8990 = DIRECTION('',(0.,0.,-1.));
#8991 = ORIENTED_EDGE('',*,*,#8992,.T.);
#8992 = EDGE_CURVE('',#8984,#8993,#8995,.T.);
#8993 = VERTEX_POINT('',#8994);
#8994 = CARTESIAN_POINT('',(-2.545442325904,-0.84,0.7770944533));
#8995 = LINE('',#8996,#8997);
#8996 = CARTESIAN_POINT('',(-2.6264581915,-0.84,0.282635182233));
#8997 = VECTOR('',#8998,1.);
#8998 = DIRECTION('',(0.161691392282,-1.85013394127E-18,0.986841372087)
  );
#8999 = ORIENTED_EDGE('',*,*,#9000,.T.);
#9000 = EDGE_CURVE('',#8993,#9001,#9003,.T.);
#9001 = VERTEX_POINT('',#9002);
#9002 = CARTESIAN_POINT('',(-2.25,-0.84,1.025));
#9003 = CIRCLE('',#9004,0.3);
#9004 = AXIS2_PLACEMENT_3D('',#9005,#9006,#9007);
#9005 = CARTESIAN_POINT('',(-2.25,-0.84,0.725));
#9006 = DIRECTION('',(1.144237745222E-17,1.,7.703719777549E-34));
#9007 = DIRECTION('',(-0.984807753012,1.126854202784E-17,0.173648177667)
  );
#9008 = ORIENTED_EDGE('',*,*,#9009,.T.);
#9009 = EDGE_CURVE('',#9001,#7814,#9010,.T.);
#9010 = LINE('',#9011,#9012);
#9011 = CARTESIAN_POINT('',(-2.25,-0.84,1.025));
#9012 = VECTOR('',#9013,1.);
#9013 = DIRECTION('',(1.,-1.144237745222E-17,0.));
#9014 = PLANE('',#9015);
#9015 = AXIS2_PLACEMENT_3D('',#9016,#9017,#9018);
#9016 = CARTESIAN_POINT('',(-2.42560961319,-0.84,0.548953137803));
#9017 = DIRECTION('',(1.144237745222E-17,1.,0.));
#9018 = DIRECTION('',(0.,-0.,1.));
#9019 = ADVANCED_FACE('',(#9020),#9039,.F.);
#9020 = FACE_BOUND('',#9021,.F.);
#9021 = EDGE_LOOP('',(#9022,#9023,#9032,#9038));
#9022 = ORIENTED_EDGE('',*,*,#7852,.T.);
#9023 = ORIENTED_EDGE('',*,*,#9024,.T.);
#9024 = EDGE_CURVE('',#7845,#9025,#9027,.T.);
#9025 = VERTEX_POINT('',#9026);
#9026 = CARTESIAN_POINT('',(-2.348480775301,-0.43,0.742364817767));
#9027 = CIRCLE('',#9028,0.1);
#9028 = AXIS2_PLACEMENT_3D('',#9029,#9030,#9031);
#9029 = CARTESIAN_POINT('',(-2.25,-0.43,0.725));
#9030 = DIRECTION('',(-1.144237745222E-17,-1.,3.284293275761E-47));
#9031 = DIRECTION('',(-4.440892098501E-15,5.081436361563E-32,1.));
#9032 = ORIENTED_EDGE('',*,*,#9033,.F.);
#9033 = EDGE_CURVE('',#8934,#9025,#9034,.T.);
#9034 = LINE('',#9035,#9036);
#9035 = CARTESIAN_POINT('',(-2.348480775301,-0.84,0.742364817767));
#9036 = VECTOR('',#9037,1.);
#9037 = DIRECTION('',(1.144237745222E-17,1.,0.));
#9038 = ORIENTED_EDGE('',*,*,#8933,.F.);
#9039 = CYLINDRICAL_SURFACE('',#9040,0.1);
#9040 = AXIS2_PLACEMENT_3D('',#9041,#9042,#9043);
#9041 = CARTESIAN_POINT('',(-2.25,-0.84,0.725));
#9042 = DIRECTION('',(-1.144237745222E-17,-1.,0.));
#9043 = DIRECTION('',(-4.440892098501E-15,5.081436361563E-32,1.));
#9044 = ADVANCED_FACE('',(#9045),#9123,.T.);
#9045 = FACE_BOUND('',#9046,.T.);
#9046 = EDGE_LOOP('',(#9047,#9048,#9049,#9050,#9058,#9067,#9075,#9083,
    #9091,#9100,#9108,#9117));
#9047 = ORIENTED_EDGE('',*,*,#7866,.F.);
#9048 = ORIENTED_EDGE('',*,*,#7844,.T.);
#9049 = ORIENTED_EDGE('',*,*,#9024,.T.);
#9050 = ORIENTED_EDGE('',*,*,#9051,.T.);
#9051 = EDGE_CURVE('',#9025,#9052,#9054,.T.);
#9052 = VERTEX_POINT('',#9053);
#9053 = CARTESIAN_POINT('',(-2.429496640897,-0.43,0.2479055467));
#9054 = LINE('',#9055,#9056);
#9055 = CARTESIAN_POINT('',(-2.348480775301,-0.43,0.742364817767));
#9056 = VECTOR('',#9057,1.);
#9057 = DIRECTION('',(-0.161691392282,1.85013394127E-18,-0.986841372087)
  );
#9058 = ORIENTED_EDGE('',*,*,#9059,.T.);
#9059 = EDGE_CURVE('',#9052,#9060,#9062,.T.);
#9060 = VERTEX_POINT('',#9061);
#9061 = CARTESIAN_POINT('',(-2.724938966801,-0.43,-1.665334536938E-16));
#9062 = CIRCLE('',#9063,0.3);
#9063 = AXIS2_PLACEMENT_3D('',#9064,#9065,#9066);
#9064 = CARTESIAN_POINT('',(-2.724938966801,-0.43,0.3));
#9065 = DIRECTION('',(1.144237745222E-17,1.,7.703719777549E-34));
#9066 = DIRECTION('',(0.984807753012,-1.126854202784E-17,-0.173648177667
    ));
#9067 = ORIENTED_EDGE('',*,*,#9068,.T.);
#9068 = EDGE_CURVE('',#9060,#9069,#9071,.T.);
#9069 = VERTEX_POINT('',#9070);
#9070 = CARTESIAN_POINT('',(-3.,-0.43,-1.665334536938E-16));
#9071 = LINE('',#9072,#9073);
#9072 = CARTESIAN_POINT('',(-2.724938966801,-0.43,-1.665334536938E-16));
#9073 = VECTOR('',#9074,1.);
#9074 = DIRECTION('',(-1.,1.144237745222E-17,0.));
#9075 = ORIENTED_EDGE('',*,*,#9076,.T.);
#9076 = EDGE_CURVE('',#9069,#9077,#9079,.T.);
#9077 = VERTEX_POINT('',#9078);
#9078 = CARTESIAN_POINT('',(-3.,-0.43,0.2));
#9079 = LINE('',#9080,#9081);
#9080 = CARTESIAN_POINT('',(-3.,-0.43,-1.665334536938E-16));
#9081 = VECTOR('',#9082,1.);
#9082 = DIRECTION('',(0.,0.,1.));
#9083 = ORIENTED_EDGE('',*,*,#9084,.T.);
#9084 = EDGE_CURVE('',#9077,#9085,#9087,.T.);
#9085 = VERTEX_POINT('',#9086);
#9086 = CARTESIAN_POINT('',(-2.724938966801,-0.43,0.2));
#9087 = LINE('',#9088,#9089);
#9088 = CARTESIAN_POINT('',(-3.,-0.43,0.2));
#9089 = VECTOR('',#9090,1.);
#9090 = DIRECTION('',(1.,-1.144237745222E-17,0.));
#9091 = ORIENTED_EDGE('',*,*,#9092,.T.);
#9092 = EDGE_CURVE('',#9085,#9093,#9095,.T.);
#9093 = VERTEX_POINT('',#9094);
#9094 = CARTESIAN_POINT('',(-2.6264581915,-0.43,0.282635182233));
#9095 = CIRCLE('',#9096,0.1);
#9096 = AXIS2_PLACEMENT_3D('',#9097,#9098,#9099);
#9097 = CARTESIAN_POINT('',(-2.724938966801,-0.43,0.3));
#9098 = DIRECTION('',(-1.144237745222E-17,-1.,-0.));
#9099 = DIRECTION('',(0.,0.,-1.));
#9100 = ORIENTED_EDGE('',*,*,#9101,.T.);
#9101 = EDGE_CURVE('',#9093,#9102,#9104,.T.);
#9102 = VERTEX_POINT('',#9103);
#9103 = CARTESIAN_POINT('',(-2.545442325904,-0.43,0.7770944533));
#9104 = LINE('',#9105,#9106);
#9105 = CARTESIAN_POINT('',(-2.6264581915,-0.43,0.282635182233));
#9106 = VECTOR('',#9107,1.);
#9107 = DIRECTION('',(0.161691392282,-1.85013394127E-18,0.986841372087)
  );
#9108 = ORIENTED_EDGE('',*,*,#9109,.T.);
#9109 = EDGE_CURVE('',#9102,#9110,#9112,.T.);
#9110 = VERTEX_POINT('',#9111);
#9111 = CARTESIAN_POINT('',(-2.25,-0.43,1.025));
#9112 = CIRCLE('',#9113,0.3);
#9113 = AXIS2_PLACEMENT_3D('',#9114,#9115,#9116);
#9114 = CARTESIAN_POINT('',(-2.25,-0.43,0.725));
#9115 = DIRECTION('',(1.144237745222E-17,1.,7.703719777549E-34));
#9116 = DIRECTION('',(-0.984807753012,1.126854202784E-17,0.173648177667)
  );
#9117 = ORIENTED_EDGE('',*,*,#9118,.T.);
#9118 = EDGE_CURVE('',#9110,#7867,#9119,.T.);
#9119 = LINE('',#9120,#9121);
#9120 = CARTESIAN_POINT('',(-2.25,-0.43,1.025));
#9121 = VECTOR('',#9122,1.);
#9122 = DIRECTION('',(1.,-1.144237745222E-17,0.));
#9123 = PLANE('',#9124);
#9124 = AXIS2_PLACEMENT_3D('',#9125,#9126,#9127);
#9125 = CARTESIAN_POINT('',(-2.42560961319,-0.43,0.548953137803));
#9126 = DIRECTION('',(1.144237745222E-17,1.,0.));
#9127 = DIRECTION('',(0.,-0.,1.));
#9128 = ADVANCED_FACE('',(#9129),#9145,.F.);
#9129 = FACE_BOUND('',#9130,.F.);
#9130 = EDGE_LOOP('',(#9131,#9132,#9138,#9139));
#9131 = ORIENTED_EDGE('',*,*,#7883,.T.);
#9132 = ORIENTED_EDGE('',*,*,#9133,.T.);
#9133 = EDGE_CURVE('',#7876,#8414,#9134,.T.);
#9134 = LINE('',#9135,#9136);
#9135 = CARTESIAN_POINT('',(-2.25,0.43,1.025));
#9136 = VECTOR('',#9137,1.);
#9137 = DIRECTION('',(1.,-1.144237745222E-17,0.));
#9138 = ORIENTED_EDGE('',*,*,#8413,.F.);
#9139 = ORIENTED_EDGE('',*,*,#9140,.F.);
#9140 = EDGE_CURVE('',#7867,#8406,#9141,.T.);
#9141 = LINE('',#9142,#9143);
#9142 = CARTESIAN_POINT('',(-2.25,-0.43,1.025));
#9143 = VECTOR('',#9144,1.);
#9144 = DIRECTION('',(1.,-1.144237745222E-17,0.));
#9145 = PLANE('',#9146);
#9146 = AXIS2_PLACEMENT_3D('',#9147,#9148,#9149);
#9147 = CARTESIAN_POINT('',(-3.027078129022E-16,2.4125,1.025));
#9148 = DIRECTION('',(2.007919022429E-31,-7.713306628828E-27,-1.));
#9149 = DIRECTION('',(1.,1.112083013911E-16,2.00791902242E-31));
#9150 = ADVANCED_FACE('',(#9151),#9237,.F.);
#9151 = FACE_BOUND('',#9152,.F.);
#9152 = EDGE_LOOP('',(#9153,#9154,#9155,#9164,#9172,#9181,#9189,#9197,
    #9205,#9214,#9222,#9231));
#9153 = ORIENTED_EDGE('',*,*,#7875,.F.);
#9154 = ORIENTED_EDGE('',*,*,#7897,.T.);
#9155 = ORIENTED_EDGE('',*,*,#9156,.T.);
#9156 = EDGE_CURVE('',#7898,#9157,#9159,.T.);
#9157 = VERTEX_POINT('',#9158);
#9158 = CARTESIAN_POINT('',(-2.348480775301,0.43,0.742364817767));
#9159 = CIRCLE('',#9160,0.1);
#9160 = AXIS2_PLACEMENT_3D('',#9161,#9162,#9163);
#9161 = CARTESIAN_POINT('',(-2.25,0.43,0.725));
#9162 = DIRECTION('',(-1.144237745222E-17,-1.,3.284293275761E-47));
#9163 = DIRECTION('',(-4.440892098501E-15,5.081436361563E-32,1.));
#9164 = ORIENTED_EDGE('',*,*,#9165,.T.);
#9165 = EDGE_CURVE('',#9157,#9166,#9168,.T.);
#9166 = VERTEX_POINT('',#9167);
#9167 = CARTESIAN_POINT('',(-2.429496640897,0.43,0.2479055467));
#9168 = LINE('',#9169,#9170);
#9169 = CARTESIAN_POINT('',(-2.348480775301,0.43,0.742364817767));
#9170 = VECTOR('',#9171,1.);
#9171 = DIRECTION('',(-0.161691392282,1.85013394127E-18,-0.986841372087)
  );
#9172 = ORIENTED_EDGE('',*,*,#9173,.T.);
#9173 = EDGE_CURVE('',#9166,#9174,#9176,.T.);
#9174 = VERTEX_POINT('',#9175);
#9175 = CARTESIAN_POINT('',(-2.724938966801,0.43,-1.665334536938E-16));
#9176 = CIRCLE('',#9177,0.3);
#9177 = AXIS2_PLACEMENT_3D('',#9178,#9179,#9180);
#9178 = CARTESIAN_POINT('',(-2.724938966801,0.43,0.3));
#9179 = DIRECTION('',(1.144237745222E-17,1.,7.703719777549E-34));
#9180 = DIRECTION('',(0.984807753012,-1.126854202784E-17,-0.173648177667
    ));
#9181 = ORIENTED_EDGE('',*,*,#9182,.T.);
#9182 = EDGE_CURVE('',#9174,#9183,#9185,.T.);
#9183 = VERTEX_POINT('',#9184);
#9184 = CARTESIAN_POINT('',(-3.,0.43,-1.665334536938E-16));
#9185 = LINE('',#9186,#9187);
#9186 = CARTESIAN_POINT('',(-2.724938966801,0.43,-1.665334536938E-16));
#9187 = VECTOR('',#9188,1.);
#9188 = DIRECTION('',(-1.,1.144237745222E-17,0.));
#9189 = ORIENTED_EDGE('',*,*,#9190,.T.);
#9190 = EDGE_CURVE('',#9183,#9191,#9193,.T.);
#9191 = VERTEX_POINT('',#9192);
#9192 = CARTESIAN_POINT('',(-3.,0.43,0.2));
#9193 = LINE('',#9194,#9195);
#9194 = CARTESIAN_POINT('',(-3.,0.43,-1.665334536938E-16));
#9195 = VECTOR('',#9196,1.);
#9196 = DIRECTION('',(0.,0.,1.));
#9197 = ORIENTED_EDGE('',*,*,#9198,.T.);
#9198 = EDGE_CURVE('',#9191,#9199,#9201,.T.);
#9199 = VERTEX_POINT('',#9200);
#9200 = CARTESIAN_POINT('',(-2.724938966801,0.43,0.2));
#9201 = LINE('',#9202,#9203);
#9202 = CARTESIAN_POINT('',(-3.,0.43,0.2));
#9203 = VECTOR('',#9204,1.);
#9204 = DIRECTION('',(1.,-1.144237745222E-17,0.));
#9205 = ORIENTED_EDGE('',*,*,#9206,.T.);
#9206 = EDGE_CURVE('',#9199,#9207,#9209,.T.);
#9207 = VERTEX_POINT('',#9208);
#9208 = CARTESIAN_POINT('',(-2.6264581915,0.43,0.282635182233));
#9209 = CIRCLE('',#9210,0.1);
#9210 = AXIS2_PLACEMENT_3D('',#9211,#9212,#9213);
#9211 = CARTESIAN_POINT('',(-2.724938966801,0.43,0.3));
#9212 = DIRECTION('',(-1.144237745222E-17,-1.,-0.));
#9213 = DIRECTION('',(0.,0.,-1.));
#9214 = ORIENTED_EDGE('',*,*,#9215,.T.);
#9215 = EDGE_CURVE('',#9207,#9216,#9218,.T.);
#9216 = VERTEX_POINT('',#9217);
#9217 = CARTESIAN_POINT('',(-2.545442325904,0.43,0.7770944533));
#9218 = LINE('',#9219,#9220);
#9219 = CARTESIAN_POINT('',(-2.6264581915,0.43,0.282635182233));
#9220 = VECTOR('',#9221,1.);
#9221 = DIRECTION('',(0.161691392282,-1.85013394127E-18,0.986841372087)
  );
#9222 = ORIENTED_EDGE('',*,*,#9223,.T.);
#9223 = EDGE_CURVE('',#9216,#9224,#9226,.T.);
#9224 = VERTEX_POINT('',#9225);
#9225 = CARTESIAN_POINT('',(-2.25,0.43,1.025));
#9226 = CIRCLE('',#9227,0.3);
#9227 = AXIS2_PLACEMENT_3D('',#9228,#9229,#9230);
#9228 = CARTESIAN_POINT('',(-2.25,0.43,0.725));
#9229 = DIRECTION('',(1.144237745222E-17,1.,7.703719777549E-34));
#9230 = DIRECTION('',(-0.984807753012,1.126854202784E-17,0.173648177667)
  );
#9231 = ORIENTED_EDGE('',*,*,#9232,.T.);
#9232 = EDGE_CURVE('',#9224,#7876,#9233,.T.);
#9233 = LINE('',#9234,#9235);
#9234 = CARTESIAN_POINT('',(-2.25,0.43,1.025));
#9235 = VECTOR('',#9236,1.);
#9236 = DIRECTION('',(1.,-1.144237745222E-17,0.));
#9237 = PLANE('',#9238);
#9238 = AXIS2_PLACEMENT_3D('',#9239,#9240,#9241);
#9239 = CARTESIAN_POINT('',(-2.42560961319,0.43,0.548953137803));
#9240 = DIRECTION('',(1.144237745222E-17,1.,0.));
#9241 = DIRECTION('',(0.,-0.,1.));
#9242 = ADVANCED_FACE('',(#9243),#9262,.F.);
#9243 = FACE_BOUND('',#9244,.F.);
#9244 = EDGE_LOOP('',(#9245,#9246,#9255,#9261));
#9245 = ORIENTED_EDGE('',*,*,#7914,.T.);
#9246 = ORIENTED_EDGE('',*,*,#9247,.T.);
#9247 = EDGE_CURVE('',#7907,#9248,#9250,.T.);
#9248 = VERTEX_POINT('',#9249);
#9249 = CARTESIAN_POINT('',(-2.348480775301,0.84,0.742364817767));
#9250 = CIRCLE('',#9251,0.1);
#9251 = AXIS2_PLACEMENT_3D('',#9252,#9253,#9254);
#9252 = CARTESIAN_POINT('',(-2.25,0.84,0.725));
#9253 = DIRECTION('',(-1.144237745222E-17,-1.,3.284293275761E-47));
#9254 = DIRECTION('',(-4.440892098501E-15,5.081436361563E-32,1.));
#9255 = ORIENTED_EDGE('',*,*,#9256,.F.);
#9256 = EDGE_CURVE('',#9157,#9248,#9257,.T.);
#9257 = LINE('',#9258,#9259);
#9258 = CARTESIAN_POINT('',(-2.348480775301,0.43,0.742364817767));
#9259 = VECTOR('',#9260,1.);
#9260 = DIRECTION('',(1.144237745222E-17,1.,0.));
#9261 = ORIENTED_EDGE('',*,*,#9156,.F.);
#9262 = CYLINDRICAL_SURFACE('',#9263,0.1);
#9263 = AXIS2_PLACEMENT_3D('',#9264,#9265,#9266);
#9264 = CARTESIAN_POINT('',(-2.25,0.43,0.725));
#9265 = DIRECTION('',(-1.144237745222E-17,-1.,0.));
#9266 = DIRECTION('',(-4.440892098501E-15,5.081436361563E-32,1.));
#9267 = ADVANCED_FACE('',(#9268),#9346,.T.);
#9268 = FACE_BOUND('',#9269,.T.);
#9269 = EDGE_LOOP('',(#9270,#9271,#9272,#9273,#9281,#9290,#9298,#9306,
    #9314,#9323,#9331,#9340));
#9270 = ORIENTED_EDGE('',*,*,#7928,.F.);
#9271 = ORIENTED_EDGE('',*,*,#7906,.T.);
#9272 = ORIENTED_EDGE('',*,*,#9247,.T.);
#9273 = ORIENTED_EDGE('',*,*,#9274,.T.);
#9274 = EDGE_CURVE('',#9248,#9275,#9277,.T.);
#9275 = VERTEX_POINT('',#9276);
#9276 = CARTESIAN_POINT('',(-2.429496640897,0.84,0.2479055467));
#9277 = LINE('',#9278,#9279);
#9278 = CARTESIAN_POINT('',(-2.348480775301,0.84,0.742364817767));
#9279 = VECTOR('',#9280,1.);
#9280 = DIRECTION('',(-0.161691392282,1.85013394127E-18,-0.986841372087)
  );
#9281 = ORIENTED_EDGE('',*,*,#9282,.T.);
#9282 = EDGE_CURVE('',#9275,#9283,#9285,.T.);
#9283 = VERTEX_POINT('',#9284);
#9284 = CARTESIAN_POINT('',(-2.724938966801,0.84,-1.665334536938E-16));
#9285 = CIRCLE('',#9286,0.3);
#9286 = AXIS2_PLACEMENT_3D('',#9287,#9288,#9289);
#9287 = CARTESIAN_POINT('',(-2.724938966801,0.84,0.3));
#9288 = DIRECTION('',(1.144237745222E-17,1.,7.703719777549E-34));
#9289 = DIRECTION('',(0.984807753012,-1.126854202784E-17,-0.173648177667
    ));
#9290 = ORIENTED_EDGE('',*,*,#9291,.T.);
#9291 = EDGE_CURVE('',#9283,#9292,#9294,.T.);
#9292 = VERTEX_POINT('',#9293);
#9293 = CARTESIAN_POINT('',(-3.,0.84,-1.665334536938E-16));
#9294 = LINE('',#9295,#9296);
#9295 = CARTESIAN_POINT('',(-2.724938966801,0.84,-1.665334536938E-16));
#9296 = VECTOR('',#9297,1.);
#9297 = DIRECTION('',(-1.,1.144237745222E-17,0.));
#9298 = ORIENTED_EDGE('',*,*,#9299,.T.);
#9299 = EDGE_CURVE('',#9292,#9300,#9302,.T.);
#9300 = VERTEX_POINT('',#9301);
#9301 = CARTESIAN_POINT('',(-3.,0.84,0.2));
#9302 = LINE('',#9303,#9304);
#9303 = CARTESIAN_POINT('',(-3.,0.84,-1.665334536938E-16));
#9304 = VECTOR('',#9305,1.);
#9305 = DIRECTION('',(0.,0.,1.));
#9306 = ORIENTED_EDGE('',*,*,#9307,.T.);
#9307 = EDGE_CURVE('',#9300,#9308,#9310,.T.);
#9308 = VERTEX_POINT('',#9309);
#9309 = CARTESIAN_POINT('',(-2.724938966801,0.84,0.2));
#9310 = LINE('',#9311,#9312);
#9311 = CARTESIAN_POINT('',(-3.,0.84,0.2));
#9312 = VECTOR('',#9313,1.);
#9313 = DIRECTION('',(1.,-1.144237745222E-17,0.));
#9314 = ORIENTED_EDGE('',*,*,#9315,.T.);
#9315 = EDGE_CURVE('',#9308,#9316,#9318,.T.);
#9316 = VERTEX_POINT('',#9317);
#9317 = CARTESIAN_POINT('',(-2.6264581915,0.84,0.282635182233));
#9318 = CIRCLE('',#9319,0.1);
#9319 = AXIS2_PLACEMENT_3D('',#9320,#9321,#9322);
#9320 = CARTESIAN_POINT('',(-2.724938966801,0.84,0.3));
#9321 = DIRECTION('',(-1.144237745222E-17,-1.,-0.));
#9322 = DIRECTION('',(0.,0.,-1.));
#9323 = ORIENTED_EDGE('',*,*,#9324,.T.);
#9324 = EDGE_CURVE('',#9316,#9325,#9327,.T.);
#9325 = VERTEX_POINT('',#9326);
#9326 = CARTESIAN_POINT('',(-2.545442325904,0.84,0.7770944533));
#9327 = LINE('',#9328,#9329);
#9328 = CARTESIAN_POINT('',(-2.6264581915,0.84,0.282635182233));
#9329 = VECTOR('',#9330,1.);
#9330 = DIRECTION('',(0.161691392282,-1.85013394127E-18,0.986841372087)
  );
#9331 = ORIENTED_EDGE('',*,*,#9332,.T.);
#9332 = EDGE_CURVE('',#9325,#9333,#9335,.T.);
#9333 = VERTEX_POINT('',#9334);
#9334 = CARTESIAN_POINT('',(-2.25,0.84,1.025));
#9335 = CIRCLE('',#9336,0.3);
#9336 = AXIS2_PLACEMENT_3D('',#9337,#9338,#9339);
#9337 = CARTESIAN_POINT('',(-2.25,0.84,0.725));
#9338 = DIRECTION('',(1.144237745222E-17,1.,7.703719777549E-34));
#9339 = DIRECTION('',(-0.984807753012,1.126854202784E-17,0.173648177667)
  );
#9340 = ORIENTED_EDGE('',*,*,#9341,.T.);
#9341 = EDGE_CURVE('',#9333,#7929,#9342,.T.);
#9342 = LINE('',#9343,#9344);
#9343 = CARTESIAN_POINT('',(-2.25,0.84,1.025));
#9344 = VECTOR('',#9345,1.);
#9345 = DIRECTION('',(1.,-1.144237745222E-17,0.));
#9346 = PLANE('',#9347);
#9347 = AXIS2_PLACEMENT_3D('',#9348,#9349,#9350);
#9348 = CARTESIAN_POINT('',(-2.42560961319,0.84,0.548953137803));
#9349 = DIRECTION('',(1.144237745222E-17,1.,0.));
#9350 = DIRECTION('',(0.,-0.,1.));
#9351 = ADVANCED_FACE('',(#9352),#9363,.F.);
#9352 = FACE_BOUND('',#9353,.F.);
#9353 = EDGE_LOOP('',(#9354,#9355,#9356,#9357));
#9354 = ORIENTED_EDGE('',*,*,#7945,.T.);
#9355 = ORIENTED_EDGE('',*,*,#8365,.T.);
#9356 = ORIENTED_EDGE('',*,*,#8429,.F.);
#9357 = ORIENTED_EDGE('',*,*,#9358,.F.);
#9358 = EDGE_CURVE('',#7929,#8422,#9359,.T.);
#9359 = LINE('',#9360,#9361);
#9360 = CARTESIAN_POINT('',(-2.25,0.84,1.025));
#9361 = VECTOR('',#9362,1.);
#9362 = DIRECTION('',(1.,-1.144237745222E-17,0.));
#9363 = PLANE('',#9364);
#9364 = AXIS2_PLACEMENT_3D('',#9365,#9366,#9367);
#9365 = CARTESIAN_POINT('',(-3.027078129022E-16,2.4125,1.025));
#9366 = DIRECTION('',(2.007919022429E-31,-7.713306628828E-27,-1.));
#9367 = DIRECTION('',(1.,1.112083013911E-16,2.00791902242E-31));
#9368 = ADVANCED_FACE('',(#9369),#9448,.F.);
#9369 = FACE_BOUND('',#9370,.F.);
#9370 = EDGE_LOOP('',(#9371,#9372,#9373,#9382,#9390,#9399,#9407,#9415,
    #9423,#9432,#9440,#9447));
#9371 = ORIENTED_EDGE('',*,*,#7937,.F.);
#9372 = ORIENTED_EDGE('',*,*,#7959,.T.);
#9373 = ORIENTED_EDGE('',*,*,#9374,.T.);
#9374 = EDGE_CURVE('',#7960,#9375,#9377,.T.);
#9375 = VERTEX_POINT('',#9376);
#9376 = CARTESIAN_POINT('',(-2.348480775301,1.7,0.742364817767));
#9377 = CIRCLE('',#9378,0.1);
#9378 = AXIS2_PLACEMENT_3D('',#9379,#9380,#9381);
#9379 = CARTESIAN_POINT('',(-2.25,1.7,0.725));
#9380 = DIRECTION('',(-1.144237745222E-17,-1.,3.284293275761E-47));
#9381 = DIRECTION('',(-4.440892098501E-15,5.081436361563E-32,1.));
#9382 = ORIENTED_EDGE('',*,*,#9383,.T.);
#9383 = EDGE_CURVE('',#9375,#9384,#9386,.T.);
#9384 = VERTEX_POINT('',#9385);
#9385 = CARTESIAN_POINT('',(-2.429496640897,1.7,0.2479055467));
#9386 = LINE('',#9387,#9388);
#9387 = CARTESIAN_POINT('',(-2.348480775301,1.7,0.742364817767));
#9388 = VECTOR('',#9389,1.);
#9389 = DIRECTION('',(-0.161691392282,1.85013394127E-18,-0.986841372087)
  );
#9390 = ORIENTED_EDGE('',*,*,#9391,.T.);
#9391 = EDGE_CURVE('',#9384,#9392,#9394,.T.);
#9392 = VERTEX_POINT('',#9393);
#9393 = CARTESIAN_POINT('',(-2.724938966801,1.7,-1.665334536938E-16));
#9394 = CIRCLE('',#9395,0.3);
#9395 = AXIS2_PLACEMENT_3D('',#9396,#9397,#9398);
#9396 = CARTESIAN_POINT('',(-2.724938966801,1.7,0.3));
#9397 = DIRECTION('',(1.144237745222E-17,1.,7.703719777549E-34));
#9398 = DIRECTION('',(0.984807753012,-1.126854202784E-17,-0.173648177667
    ));
#9399 = ORIENTED_EDGE('',*,*,#9400,.T.);
#9400 = EDGE_CURVE('',#9392,#9401,#9403,.T.);
#9401 = VERTEX_POINT('',#9402);
#9402 = CARTESIAN_POINT('',(-3.,1.7,-1.665334536938E-16));
#9403 = LINE('',#9404,#9405);
#9404 = CARTESIAN_POINT('',(-2.724938966801,1.7,-1.665334536938E-16));
#9405 = VECTOR('',#9406,1.);
#9406 = DIRECTION('',(-1.,1.144237745222E-17,0.));
#9407 = ORIENTED_EDGE('',*,*,#9408,.T.);
#9408 = EDGE_CURVE('',#9401,#9409,#9411,.T.);
#9409 = VERTEX_POINT('',#9410);
#9410 = CARTESIAN_POINT('',(-3.,1.7,0.2));
#9411 = LINE('',#9412,#9413);
#9412 = CARTESIAN_POINT('',(-3.,1.7,-1.665334536938E-16));
#9413 = VECTOR('',#9414,1.);
#9414 = DIRECTION('',(0.,0.,1.));
#9415 = ORIENTED_EDGE('',*,*,#9416,.T.);
#9416 = EDGE_CURVE('',#9409,#9417,#9419,.T.);
#9417 = VERTEX_POINT('',#9418);
#9418 = CARTESIAN_POINT('',(-2.724938966801,1.7,0.2));
#9419 = LINE('',#9420,#9421);
#9420 = CARTESIAN_POINT('',(-3.,1.7,0.2));
#9421 = VECTOR('',#9422,1.);
#9422 = DIRECTION('',(1.,-1.144237745222E-17,0.));
#9423 = ORIENTED_EDGE('',*,*,#9424,.T.);
#9424 = EDGE_CURVE('',#9417,#9425,#9427,.T.);
#9425 = VERTEX_POINT('',#9426);
#9426 = CARTESIAN_POINT('',(-2.6264581915,1.7,0.282635182233));
#9427 = CIRCLE('',#9428,0.1);
#9428 = AXIS2_PLACEMENT_3D('',#9429,#9430,#9431);
#9429 = CARTESIAN_POINT('',(-2.724938966801,1.7,0.3));
#9430 = DIRECTION('',(-1.144237745222E-17,-1.,-0.));
#9431 = DIRECTION('',(0.,0.,-1.));
#9432 = ORIENTED_EDGE('',*,*,#9433,.T.);
#9433 = EDGE_CURVE('',#9425,#9434,#9436,.T.);
#9434 = VERTEX_POINT('',#9435);
#9435 = CARTESIAN_POINT('',(-2.545442325904,1.7,0.7770944533));
#9436 = LINE('',#9437,#9438);
#9437 = CARTESIAN_POINT('',(-2.6264581915,1.7,0.282635182233));
#9438 = VECTOR('',#9439,1.);
#9439 = DIRECTION('',(0.161691392282,-1.85013394127E-18,0.986841372087)
  );
#9440 = ORIENTED_EDGE('',*,*,#9441,.T.);
#9441 = EDGE_CURVE('',#9434,#8335,#9442,.T.);
#9442 = CIRCLE('',#9443,0.3);
#9443 = AXIS2_PLACEMENT_3D('',#9444,#9445,#9446);
#9444 = CARTESIAN_POINT('',(-2.25,1.7,0.725));
#9445 = DIRECTION('',(1.144237745222E-17,1.,7.703719777549E-34));
#9446 = DIRECTION('',(-0.984807753012,1.126854202784E-17,0.173648177667)
  );
#9447 = ORIENTED_EDGE('',*,*,#8334,.T.);
#9448 = PLANE('',#9449);
#9449 = AXIS2_PLACEMENT_3D('',#9450,#9451,#9452);
#9450 = CARTESIAN_POINT('',(-2.42560961319,1.7,0.548953137803));
#9451 = DIRECTION('',(1.144237745222E-17,1.,0.));
#9452 = DIRECTION('',(0.,-0.,1.));
#9453 = ADVANCED_FACE('',(#9454),#9473,.F.);
#9454 = FACE_BOUND('',#9455,.F.);
#9455 = EDGE_LOOP('',(#9456,#9457,#9466,#9472));
#9456 = ORIENTED_EDGE('',*,*,#7976,.T.);
#9457 = ORIENTED_EDGE('',*,*,#9458,.T.);
#9458 = EDGE_CURVE('',#7969,#9459,#9461,.T.);
#9459 = VERTEX_POINT('',#9460);
#9460 = CARTESIAN_POINT('',(-2.348480775301,2.11,0.742364817767));
#9461 = CIRCLE('',#9462,0.1);
#9462 = AXIS2_PLACEMENT_3D('',#9463,#9464,#9465);
#9463 = CARTESIAN_POINT('',(-2.25,2.11,0.725));
#9464 = DIRECTION('',(-1.144237745222E-17,-1.,3.284293275761E-47));
#9465 = DIRECTION('',(-4.440892098501E-15,5.081436361563E-32,1.));
#9466 = ORIENTED_EDGE('',*,*,#9467,.F.);
#9467 = EDGE_CURVE('',#9375,#9459,#9468,.T.);
#9468 = LINE('',#9469,#9470);
#9469 = CARTESIAN_POINT('',(-2.348480775301,1.7,0.742364817767));
#9470 = VECTOR('',#9471,1.);
#9471 = DIRECTION('',(1.144237745222E-17,1.,0.));
#9472 = ORIENTED_EDGE('',*,*,#9374,.F.);
#9473 = CYLINDRICAL_SURFACE('',#9474,0.1);
#9474 = AXIS2_PLACEMENT_3D('',#9475,#9476,#9477);
#9475 = CARTESIAN_POINT('',(-2.25,1.7,0.725));
#9476 = DIRECTION('',(-1.144237745222E-17,-1.,0.));
#9477 = DIRECTION('',(-4.440892098501E-15,5.081436361563E-32,1.));
#9478 = ADVANCED_FACE('',(#9479),#9550,.T.);
#9479 = FACE_BOUND('',#9480,.T.);
#9480 = EDGE_LOOP('',(#9481,#9482,#9483,#9484,#9492,#9501,#9509,#9517,
    #9525,#9534,#9542,#9549));
#9481 = ORIENTED_EDGE('',*,*,#7990,.F.);
#9482 = ORIENTED_EDGE('',*,*,#7968,.T.);
#9483 = ORIENTED_EDGE('',*,*,#9458,.T.);
#9484 = ORIENTED_EDGE('',*,*,#9485,.T.);
#9485 = EDGE_CURVE('',#9459,#9486,#9488,.T.);
#9486 = VERTEX_POINT('',#9487);
#9487 = CARTESIAN_POINT('',(-2.429496640897,2.11,0.2479055467));
#9488 = LINE('',#9489,#9490);
#9489 = CARTESIAN_POINT('',(-2.348480775301,2.11,0.742364817767));
#9490 = VECTOR('',#9491,1.);
#9491 = DIRECTION('',(-0.161691392282,1.85013394127E-18,-0.986841372087)
  );
#9492 = ORIENTED_EDGE('',*,*,#9493,.T.);
#9493 = EDGE_CURVE('',#9486,#9494,#9496,.T.);
#9494 = VERTEX_POINT('',#9495);
#9495 = CARTESIAN_POINT('',(-2.724938966801,2.11,-1.665334536938E-16));
#9496 = CIRCLE('',#9497,0.3);
#9497 = AXIS2_PLACEMENT_3D('',#9498,#9499,#9500);
#9498 = CARTESIAN_POINT('',(-2.724938966801,2.11,0.3));
#9499 = DIRECTION('',(1.144237745222E-17,1.,7.703719777549E-34));
#9500 = DIRECTION('',(0.984807753012,-1.126854202784E-17,-0.173648177667
    ));
#9501 = ORIENTED_EDGE('',*,*,#9502,.T.);
#9502 = EDGE_CURVE('',#9494,#9503,#9505,.T.);
#9503 = VERTEX_POINT('',#9504);
#9504 = CARTESIAN_POINT('',(-3.,2.11,-1.665334536938E-16));
#9505 = LINE('',#9506,#9507);
#9506 = CARTESIAN_POINT('',(-2.724938966801,2.11,-1.665334536938E-16));
#9507 = VECTOR('',#9508,1.);
#9508 = DIRECTION('',(-1.,1.144237745222E-17,0.));
#9509 = ORIENTED_EDGE('',*,*,#9510,.T.);
#9510 = EDGE_CURVE('',#9503,#9511,#9513,.T.);
#9511 = VERTEX_POINT('',#9512);
#9512 = CARTESIAN_POINT('',(-3.,2.11,0.2));
#9513 = LINE('',#9514,#9515);
#9514 = CARTESIAN_POINT('',(-3.,2.11,-1.665334536938E-16));
#9515 = VECTOR('',#9516,1.);
#9516 = DIRECTION('',(0.,0.,1.));
#9517 = ORIENTED_EDGE('',*,*,#9518,.T.);
#9518 = EDGE_CURVE('',#9511,#9519,#9521,.T.);
#9519 = VERTEX_POINT('',#9520);
#9520 = CARTESIAN_POINT('',(-2.724938966801,2.11,0.2));
#9521 = LINE('',#9522,#9523);
#9522 = CARTESIAN_POINT('',(-3.,2.11,0.2));
#9523 = VECTOR('',#9524,1.);
#9524 = DIRECTION('',(1.,-1.144237745222E-17,0.));
#9525 = ORIENTED_EDGE('',*,*,#9526,.T.);
#9526 = EDGE_CURVE('',#9519,#9527,#9529,.T.);
#9527 = VERTEX_POINT('',#9528);
#9528 = CARTESIAN_POINT('',(-2.6264581915,2.11,0.282635182233));
#9529 = CIRCLE('',#9530,0.1);
#9530 = AXIS2_PLACEMENT_3D('',#9531,#9532,#9533);
#9531 = CARTESIAN_POINT('',(-2.724938966801,2.11,0.3));
#9532 = DIRECTION('',(-1.144237745222E-17,-1.,-0.));
#9533 = DIRECTION('',(0.,0.,-1.));
#9534 = ORIENTED_EDGE('',*,*,#9535,.T.);
#9535 = EDGE_CURVE('',#9527,#9536,#9538,.T.);
#9536 = VERTEX_POINT('',#9537);
#9537 = CARTESIAN_POINT('',(-2.545442325904,2.11,0.7770944533));
#9538 = LINE('',#9539,#9540);
#9539 = CARTESIAN_POINT('',(-2.6264581915,2.11,0.282635182233));
#9540 = VECTOR('',#9541,1.);
#9541 = DIRECTION('',(0.161691392282,-1.85013394127E-18,0.986841372087)
  );
#9542 = ORIENTED_EDGE('',*,*,#9543,.T.);
#9543 = EDGE_CURVE('',#9536,#8343,#9544,.T.);
#9544 = CIRCLE('',#9545,0.3);
#9545 = AXIS2_PLACEMENT_3D('',#9546,#9547,#9548);
#9546 = CARTESIAN_POINT('',(-2.25,2.11,0.725));
#9547 = DIRECTION('',(1.144237745222E-17,1.,7.703719777549E-34));
#9548 = DIRECTION('',(-0.984807753012,1.126854202784E-17,0.173648177667)
  );
#9549 = ORIENTED_EDGE('',*,*,#8350,.T.);
#9550 = PLANE('',#9551);
#9551 = AXIS2_PLACEMENT_3D('',#9552,#9553,#9554);
#9552 = CARTESIAN_POINT('',(-2.42560961319,2.11,0.548953137803));
#9553 = DIRECTION('',(1.144237745222E-17,1.,0.));
#9554 = DIRECTION('',(0.,-0.,1.));
#9555 = ADVANCED_FACE('',(#9556),#9635,.F.);
#9556 = FACE_BOUND('',#9557,.F.);
#9557 = EDGE_LOOP('',(#9558,#9559,#9560,#9569,#9577,#9586,#9594,#9602,
    #9610,#9619,#9627,#9634));
#9558 = ORIENTED_EDGE('',*,*,#8009,.F.);
#9559 = ORIENTED_EDGE('',*,*,#8024,.T.);
#9560 = ORIENTED_EDGE('',*,*,#9561,.T.);
#9561 = EDGE_CURVE('',#8025,#9562,#9564,.T.);
#9562 = VERTEX_POINT('',#9563);
#9563 = CARTESIAN_POINT('',(2.348480775301,2.11,0.742364817767));
#9564 = CIRCLE('',#9565,0.1);
#9565 = AXIS2_PLACEMENT_3D('',#9566,#9567,#9568);
#9566 = CARTESIAN_POINT('',(2.25,2.11,0.725));
#9567 = DIRECTION('',(-1.110223024625E-16,1.,0.));
#9568 = DIRECTION('',(4.440892098501E-15,4.930380657631E-31,1.));
#9569 = ORIENTED_EDGE('',*,*,#9570,.T.);
#9570 = EDGE_CURVE('',#9562,#9571,#9573,.T.);
#9571 = VERTEX_POINT('',#9572);
#9572 = CARTESIAN_POINT('',(2.429496640897,2.11,0.2479055467));
#9573 = LINE('',#9574,#9575);
#9574 = CARTESIAN_POINT('',(2.348480775301,2.11,0.742364817767));
#9575 = VECTOR('',#9576,1.);
#9576 = DIRECTION('',(0.161691392282,1.795135065956E-17,-0.986841372087)
  );
#9577 = ORIENTED_EDGE('',*,*,#9578,.T.);
#9578 = EDGE_CURVE('',#9571,#9579,#9581,.T.);
#9579 = VERTEX_POINT('',#9580);
#9580 = CARTESIAN_POINT('',(2.724938966801,2.11,-1.665334536938E-16));
#9581 = CIRCLE('',#9582,0.3);
#9582 = AXIS2_PLACEMENT_3D('',#9583,#9584,#9585);
#9583 = CARTESIAN_POINT('',(2.724938966801,2.11,0.3));
#9584 = DIRECTION('',(1.110223024625E-16,-1.,0.));
#9585 = DIRECTION('',(-0.984807753012,-1.093356242223E-16,
    -0.173648177667));
#9586 = ORIENTED_EDGE('',*,*,#9587,.T.);
#9587 = EDGE_CURVE('',#9579,#9588,#9590,.T.);
#9588 = VERTEX_POINT('',#9589);
#9589 = CARTESIAN_POINT('',(3.,2.11,-1.665334536938E-16));
#9590 = LINE('',#9591,#9592);
#9591 = CARTESIAN_POINT('',(2.724938966801,2.11,-1.665334536938E-16));
#9592 = VECTOR('',#9593,1.);
#9593 = DIRECTION('',(1.,1.110223024625E-16,0.));
#9594 = ORIENTED_EDGE('',*,*,#9595,.T.);
#9595 = EDGE_CURVE('',#9588,#9596,#9598,.T.);
#9596 = VERTEX_POINT('',#9597);
#9597 = CARTESIAN_POINT('',(3.,2.11,0.2));
#9598 = LINE('',#9599,#9600);
#9599 = CARTESIAN_POINT('',(3.,2.11,-1.665334536938E-16));
#9600 = VECTOR('',#9601,1.);
#9601 = DIRECTION('',(0.,0.,1.));
#9602 = ORIENTED_EDGE('',*,*,#9603,.T.);
#9603 = EDGE_CURVE('',#9596,#9604,#9606,.T.);
#9604 = VERTEX_POINT('',#9605);
#9605 = CARTESIAN_POINT('',(2.724938966801,2.11,0.2));
#9606 = LINE('',#9607,#9608);
#9607 = CARTESIAN_POINT('',(3.,2.11,0.2));
#9608 = VECTOR('',#9609,1.);
#9609 = DIRECTION('',(-1.,-1.110223024625E-16,0.));
#9610 = ORIENTED_EDGE('',*,*,#9611,.T.);
#9611 = EDGE_CURVE('',#9604,#9612,#9614,.T.);
#9612 = VERTEX_POINT('',#9613);
#9613 = CARTESIAN_POINT('',(2.6264581915,2.11,0.282635182233));
#9614 = CIRCLE('',#9615,0.1);
#9615 = AXIS2_PLACEMENT_3D('',#9616,#9617,#9618);
#9616 = CARTESIAN_POINT('',(2.724938966801,2.11,0.3));
#9617 = DIRECTION('',(-1.110223024625E-16,1.,0.));
#9618 = DIRECTION('',(0.,0.,-1.));
#9619 = ORIENTED_EDGE('',*,*,#9620,.T.);
#9620 = EDGE_CURVE('',#9612,#9621,#9623,.T.);
#9621 = VERTEX_POINT('',#9622);
#9622 = CARTESIAN_POINT('',(2.545442325904,2.11,0.7770944533));
#9623 = LINE('',#9624,#9625);
#9624 = CARTESIAN_POINT('',(2.6264581915,2.11,0.282635182233));
#9625 = VECTOR('',#9626,1.);
#9626 = DIRECTION('',(-0.161691392282,-1.795135065956E-17,0.986841372087
    ));
#9627 = ORIENTED_EDGE('',*,*,#9628,.T.);
#9628 = EDGE_CURVE('',#9621,#8622,#9629,.T.);
#9629 = CIRCLE('',#9630,0.3);
#9630 = AXIS2_PLACEMENT_3D('',#9631,#9632,#9633);
#9631 = CARTESIAN_POINT('',(2.25,2.11,0.725));
#9632 = DIRECTION('',(1.110223024625E-16,-1.,0.));
#9633 = DIRECTION('',(0.984807753012,1.093356242223E-16,0.173648177667)
  );
#9634 = ORIENTED_EDGE('',*,*,#8621,.T.);
#9635 = PLANE('',#9636);
#9636 = AXIS2_PLACEMENT_3D('',#9637,#9638,#9639);
#9637 = CARTESIAN_POINT('',(2.42560961319,2.11,0.548953137803));
#9638 = DIRECTION('',(1.110223024625E-16,-1.,0.));
#9639 = DIRECTION('',(0.,0.,1.));
#9640 = ADVANCED_FACE('',(#9641),#9660,.F.);
#9641 = FACE_BOUND('',#9642,.F.);
#9642 = EDGE_LOOP('',(#9643,#9644,#9653,#9659));
#9643 = ORIENTED_EDGE('',*,*,#8041,.T.);
#9644 = ORIENTED_EDGE('',*,*,#9645,.T.);
#9645 = EDGE_CURVE('',#8034,#9646,#9648,.T.);
#9646 = VERTEX_POINT('',#9647);
#9647 = CARTESIAN_POINT('',(2.348480775301,1.7,0.742364817767));
#9648 = CIRCLE('',#9649,0.1);
#9649 = AXIS2_PLACEMENT_3D('',#9650,#9651,#9652);
#9650 = CARTESIAN_POINT('',(2.25,1.7,0.725));
#9651 = DIRECTION('',(-1.110223024625E-16,1.,0.));
#9652 = DIRECTION('',(4.440892098501E-15,4.930380657631E-31,1.));
#9653 = ORIENTED_EDGE('',*,*,#9654,.F.);
#9654 = EDGE_CURVE('',#9562,#9646,#9655,.T.);
#9655 = LINE('',#9656,#9657);
#9656 = CARTESIAN_POINT('',(2.348480775301,2.11,0.742364817767));
#9657 = VECTOR('',#9658,1.);
#9658 = DIRECTION('',(1.110223024625E-16,-1.,0.));
#9659 = ORIENTED_EDGE('',*,*,#9561,.F.);
#9660 = CYLINDRICAL_SURFACE('',#9661,0.1);
#9661 = AXIS2_PLACEMENT_3D('',#9662,#9663,#9664);
#9662 = CARTESIAN_POINT('',(2.25,2.11,0.725));
#9663 = DIRECTION('',(-1.110223024625E-16,1.,0.));
#9664 = DIRECTION('',(4.440892098501E-15,4.930380657631E-31,1.));
#9665 = ADVANCED_FACE('',(#9666),#9737,.T.);
#9666 = FACE_BOUND('',#9667,.T.);
#9667 = EDGE_LOOP('',(#9668,#9669,#9670,#9671,#9679,#9688,#9696,#9704,
    #9712,#9721,#9729,#9736));
#9668 = ORIENTED_EDGE('',*,*,#8055,.F.);
#9669 = ORIENTED_EDGE('',*,*,#8033,.T.);
#9670 = ORIENTED_EDGE('',*,*,#9645,.T.);
#9671 = ORIENTED_EDGE('',*,*,#9672,.T.);
#9672 = EDGE_CURVE('',#9646,#9673,#9675,.T.);
#9673 = VERTEX_POINT('',#9674);
#9674 = CARTESIAN_POINT('',(2.429496640897,1.7,0.2479055467));
#9675 = LINE('',#9676,#9677);
#9676 = CARTESIAN_POINT('',(2.348480775301,1.7,0.742364817767));
#9677 = VECTOR('',#9678,1.);
#9678 = DIRECTION('',(0.161691392282,1.795135065956E-17,-0.986841372087)
  );
#9679 = ORIENTED_EDGE('',*,*,#9680,.T.);
#9680 = EDGE_CURVE('',#9673,#9681,#9683,.T.);
#9681 = VERTEX_POINT('',#9682);
#9682 = CARTESIAN_POINT('',(2.724938966801,1.7,-1.665334536938E-16));
#9683 = CIRCLE('',#9684,0.3);
#9684 = AXIS2_PLACEMENT_3D('',#9685,#9686,#9687);
#9685 = CARTESIAN_POINT('',(2.724938966801,1.7,0.3));
#9686 = DIRECTION('',(1.110223024625E-16,-1.,0.));
#9687 = DIRECTION('',(-0.984807753012,-1.093356242223E-16,
    -0.173648177667));
#9688 = ORIENTED_EDGE('',*,*,#9689,.T.);
#9689 = EDGE_CURVE('',#9681,#9690,#9692,.T.);
#9690 = VERTEX_POINT('',#9691);
#9691 = CARTESIAN_POINT('',(3.,1.7,-1.665334536938E-16));
#9692 = LINE('',#9693,#9694);
#9693 = CARTESIAN_POINT('',(2.724938966801,1.7,-1.665334536938E-16));
#9694 = VECTOR('',#9695,1.);
#9695 = DIRECTION('',(1.,1.110223024625E-16,0.));
#9696 = ORIENTED_EDGE('',*,*,#9697,.T.);
#9697 = EDGE_CURVE('',#9690,#9698,#9700,.T.);
#9698 = VERTEX_POINT('',#9699);
#9699 = CARTESIAN_POINT('',(3.,1.7,0.2));
#9700 = LINE('',#9701,#9702);
#9701 = CARTESIAN_POINT('',(3.,1.7,-1.665334536938E-16));
#9702 = VECTOR('',#9703,1.);
#9703 = DIRECTION('',(0.,0.,1.));
#9704 = ORIENTED_EDGE('',*,*,#9705,.T.);
#9705 = EDGE_CURVE('',#9698,#9706,#9708,.T.);
#9706 = VERTEX_POINT('',#9707);
#9707 = CARTESIAN_POINT('',(2.724938966801,1.7,0.2));
#9708 = LINE('',#9709,#9710);
#9709 = CARTESIAN_POINT('',(3.,1.7,0.2));
#9710 = VECTOR('',#9711,1.);
#9711 = DIRECTION('',(-1.,-1.110223024625E-16,0.));
#9712 = ORIENTED_EDGE('',*,*,#9713,.T.);
#9713 = EDGE_CURVE('',#9706,#9714,#9716,.T.);
#9714 = VERTEX_POINT('',#9715);
#9715 = CARTESIAN_POINT('',(2.6264581915,1.7,0.282635182233));
#9716 = CIRCLE('',#9717,0.1);
#9717 = AXIS2_PLACEMENT_3D('',#9718,#9719,#9720);
#9718 = CARTESIAN_POINT('',(2.724938966801,1.7,0.3));
#9719 = DIRECTION('',(-1.110223024625E-16,1.,0.));
#9720 = DIRECTION('',(0.,0.,-1.));
#9721 = ORIENTED_EDGE('',*,*,#9722,.T.);
#9722 = EDGE_CURVE('',#9714,#9723,#9725,.T.);
#9723 = VERTEX_POINT('',#9724);
#9724 = CARTESIAN_POINT('',(2.545442325904,1.7,0.7770944533));
#9725 = LINE('',#9726,#9727);
#9726 = CARTESIAN_POINT('',(2.6264581915,1.7,0.282635182233));
#9727 = VECTOR('',#9728,1.);
#9728 = DIRECTION('',(-0.161691392282,-1.795135065956E-17,0.986841372087
    ));
#9729 = ORIENTED_EDGE('',*,*,#9730,.T.);
#9730 = EDGE_CURVE('',#9723,#8630,#9731,.T.);
#9731 = CIRCLE('',#9732,0.3);
#9732 = AXIS2_PLACEMENT_3D('',#9733,#9734,#9735);
#9733 = CARTESIAN_POINT('',(2.25,1.7,0.725));
#9734 = DIRECTION('',(1.110223024625E-16,-1.,0.));
#9735 = DIRECTION('',(0.984807753012,1.093356242223E-16,0.173648177667)
  );
#9736 = ORIENTED_EDGE('',*,*,#8637,.T.);
#9737 = PLANE('',#9738);
#9738 = AXIS2_PLACEMENT_3D('',#9739,#9740,#9741);
#9739 = CARTESIAN_POINT('',(2.42560961319,1.7,0.548953137803));
#9740 = DIRECTION('',(1.110223024625E-16,-1.,0.));
#9741 = DIRECTION('',(0.,0.,1.));
#9742 = ADVANCED_FACE('',(#9743),#9754,.F.);
#9743 = FACE_BOUND('',#9744,.F.);
#9744 = EDGE_LOOP('',(#9745,#9746,#9747,#9753));
#9745 = ORIENTED_EDGE('',*,*,#8643,.F.);
#9746 = ORIENTED_EDGE('',*,*,#8072,.T.);
#9747 = ORIENTED_EDGE('',*,*,#9748,.T.);
#9748 = EDGE_CURVE('',#8065,#8544,#9749,.T.);
#9749 = LINE('',#9750,#9751);
#9750 = CARTESIAN_POINT('',(2.25,0.84,1.025));
#9751 = VECTOR('',#9752,1.);
#9752 = DIRECTION('',(-1.,-1.110223024625E-16,0.));
#9753 = ORIENTED_EDGE('',*,*,#8543,.F.);
#9754 = PLANE('',#9755);
#9755 = AXIS2_PLACEMENT_3D('',#9756,#9757,#9758);
#9756 = CARTESIAN_POINT('',(-3.027078129022E-16,2.4125,1.025));
#9757 = DIRECTION('',(2.007919022429E-31,-7.713306628828E-27,-1.));
#9758 = DIRECTION('',(1.,1.112083013911E-16,2.00791902242E-31));
#9759 = ADVANCED_FACE('',(#9760),#9846,.F.);
#9760 = FACE_BOUND('',#9761,.F.);
#9761 = EDGE_LOOP('',(#9762,#9763,#9764,#9773,#9781,#9790,#9798,#9806,
    #9814,#9823,#9831,#9840));
#9762 = ORIENTED_EDGE('',*,*,#8064,.F.);
#9763 = ORIENTED_EDGE('',*,*,#8086,.T.);
#9764 = ORIENTED_EDGE('',*,*,#9765,.T.);
#9765 = EDGE_CURVE('',#8087,#9766,#9768,.T.);
#9766 = VERTEX_POINT('',#9767);
#9767 = CARTESIAN_POINT('',(2.348480775301,0.84,0.742364817767));
#9768 = CIRCLE('',#9769,0.1);
#9769 = AXIS2_PLACEMENT_3D('',#9770,#9771,#9772);
#9770 = CARTESIAN_POINT('',(2.25,0.84,0.725));
#9771 = DIRECTION('',(-1.110223024625E-16,1.,0.));
#9772 = DIRECTION('',(4.440892098501E-15,4.930380657631E-31,1.));
#9773 = ORIENTED_EDGE('',*,*,#9774,.T.);
#9774 = EDGE_CURVE('',#9766,#9775,#9777,.T.);
#9775 = VERTEX_POINT('',#9776);
#9776 = CARTESIAN_POINT('',(2.429496640897,0.84,0.2479055467));
#9777 = LINE('',#9778,#9779);
#9778 = CARTESIAN_POINT('',(2.348480775301,0.84,0.742364817767));
#9779 = VECTOR('',#9780,1.);
#9780 = DIRECTION('',(0.161691392282,1.795135065956E-17,-0.986841372087)
  );
#9781 = ORIENTED_EDGE('',*,*,#9782,.T.);
#9782 = EDGE_CURVE('',#9775,#9783,#9785,.T.);
#9783 = VERTEX_POINT('',#9784);
#9784 = CARTESIAN_POINT('',(2.724938966801,0.84,-1.665334536938E-16));
#9785 = CIRCLE('',#9786,0.3);
#9786 = AXIS2_PLACEMENT_3D('',#9787,#9788,#9789);
#9787 = CARTESIAN_POINT('',(2.724938966801,0.84,0.3));
#9788 = DIRECTION('',(1.110223024625E-16,-1.,0.));
#9789 = DIRECTION('',(-0.984807753012,-1.093356242223E-16,
    -0.173648177667));
#9790 = ORIENTED_EDGE('',*,*,#9791,.T.);
#9791 = EDGE_CURVE('',#9783,#9792,#9794,.T.);
#9792 = VERTEX_POINT('',#9793);
#9793 = CARTESIAN_POINT('',(3.,0.84,-1.665334536938E-16));
#9794 = LINE('',#9795,#9796);
#9795 = CARTESIAN_POINT('',(2.724938966801,0.84,-1.665334536938E-16));
#9796 = VECTOR('',#9797,1.);
#9797 = DIRECTION('',(1.,1.110223024625E-16,0.));
#9798 = ORIENTED_EDGE('',*,*,#9799,.T.);
#9799 = EDGE_CURVE('',#9792,#9800,#9802,.T.);
#9800 = VERTEX_POINT('',#9801);
#9801 = CARTESIAN_POINT('',(3.,0.84,0.2));
#9802 = LINE('',#9803,#9804);
#9803 = CARTESIAN_POINT('',(3.,0.84,-1.665334536938E-16));
#9804 = VECTOR('',#9805,1.);
#9805 = DIRECTION('',(0.,0.,1.));
#9806 = ORIENTED_EDGE('',*,*,#9807,.T.);
#9807 = EDGE_CURVE('',#9800,#9808,#9810,.T.);
#9808 = VERTEX_POINT('',#9809);
#9809 = CARTESIAN_POINT('',(2.724938966801,0.84,0.2));
#9810 = LINE('',#9811,#9812);
#9811 = CARTESIAN_POINT('',(3.,0.84,0.2));
#9812 = VECTOR('',#9813,1.);
#9813 = DIRECTION('',(-1.,-1.110223024625E-16,0.));
#9814 = ORIENTED_EDGE('',*,*,#9815,.T.);
#9815 = EDGE_CURVE('',#9808,#9816,#9818,.T.);
#9816 = VERTEX_POINT('',#9817);
#9817 = CARTESIAN_POINT('',(2.6264581915,0.84,0.282635182233));
#9818 = CIRCLE('',#9819,0.1);
#9819 = AXIS2_PLACEMENT_3D('',#9820,#9821,#9822);
#9820 = CARTESIAN_POINT('',(2.724938966801,0.84,0.3));
#9821 = DIRECTION('',(-1.110223024625E-16,1.,0.));
#9822 = DIRECTION('',(0.,0.,-1.));
#9823 = ORIENTED_EDGE('',*,*,#9824,.T.);
#9824 = EDGE_CURVE('',#9816,#9825,#9827,.T.);
#9825 = VERTEX_POINT('',#9826);
#9826 = CARTESIAN_POINT('',(2.545442325904,0.84,0.7770944533));
#9827 = LINE('',#9828,#9829);
#9828 = CARTESIAN_POINT('',(2.6264581915,0.84,0.282635182233));
#9829 = VECTOR('',#9830,1.);
#9830 = DIRECTION('',(-0.161691392282,-1.795135065956E-17,0.986841372087
    ));
#9831 = ORIENTED_EDGE('',*,*,#9832,.T.);
#9832 = EDGE_CURVE('',#9825,#9833,#9835,.T.);
#9833 = VERTEX_POINT('',#9834);
#9834 = CARTESIAN_POINT('',(2.25,0.84,1.025));
#9835 = CIRCLE('',#9836,0.3);
#9836 = AXIS2_PLACEMENT_3D('',#9837,#9838,#9839);
#9837 = CARTESIAN_POINT('',(2.25,0.84,0.725));
#9838 = DIRECTION('',(1.110223024625E-16,-1.,0.));
#9839 = DIRECTION('',(0.984807753012,1.093356242223E-16,0.173648177667)
  );
#9840 = ORIENTED_EDGE('',*,*,#9841,.T.);
#9841 = EDGE_CURVE('',#9833,#8065,#9842,.T.);
#9842 = LINE('',#9843,#9844);
#9843 = CARTESIAN_POINT('',(2.25,0.84,1.025));
#9844 = VECTOR('',#9845,1.);
#9845 = DIRECTION('',(-1.,-1.110223024625E-16,0.));
#9846 = PLANE('',#9847);
#9847 = AXIS2_PLACEMENT_3D('',#9848,#9849,#9850);
#9848 = CARTESIAN_POINT('',(2.42560961319,0.84,0.548953137803));
#9849 = DIRECTION('',(1.110223024625E-16,-1.,0.));
#9850 = DIRECTION('',(0.,0.,1.));
#9851 = ADVANCED_FACE('',(#9852),#9871,.F.);
#9852 = FACE_BOUND('',#9853,.F.);
#9853 = EDGE_LOOP('',(#9854,#9855,#9864,#9870));
#9854 = ORIENTED_EDGE('',*,*,#8103,.T.);
#9855 = ORIENTED_EDGE('',*,*,#9856,.T.);
#9856 = EDGE_CURVE('',#8096,#9857,#9859,.T.);
#9857 = VERTEX_POINT('',#9858);
#9858 = CARTESIAN_POINT('',(2.348480775301,0.43,0.742364817767));
#9859 = CIRCLE('',#9860,0.1);
#9860 = AXIS2_PLACEMENT_3D('',#9861,#9862,#9863);
#9861 = CARTESIAN_POINT('',(2.25,0.43,0.725));
#9862 = DIRECTION('',(-1.110223024625E-16,1.,0.));
#9863 = DIRECTION('',(4.440892098501E-15,4.930380657631E-31,1.));
#9864 = ORIENTED_EDGE('',*,*,#9865,.F.);
#9865 = EDGE_CURVE('',#9766,#9857,#9866,.T.);
#9866 = LINE('',#9867,#9868);
#9867 = CARTESIAN_POINT('',(2.348480775301,0.84,0.742364817767));
#9868 = VECTOR('',#9869,1.);
#9869 = DIRECTION('',(1.110223024625E-16,-1.,0.));
#9870 = ORIENTED_EDGE('',*,*,#9765,.F.);
#9871 = CYLINDRICAL_SURFACE('',#9872,0.1);
#9872 = AXIS2_PLACEMENT_3D('',#9873,#9874,#9875);
#9873 = CARTESIAN_POINT('',(2.25,0.84,0.725));
#9874 = DIRECTION('',(-1.110223024625E-16,1.,0.));
#9875 = DIRECTION('',(4.440892098501E-15,4.930380657631E-31,1.));
#9876 = ADVANCED_FACE('',(#9877),#9955,.T.);
#9877 = FACE_BOUND('',#9878,.T.);
#9878 = EDGE_LOOP('',(#9879,#9880,#9881,#9882,#9890,#9899,#9907,#9915,
    #9923,#9932,#9940,#9949));
#9879 = ORIENTED_EDGE('',*,*,#8117,.F.);
#9880 = ORIENTED_EDGE('',*,*,#8095,.T.);
#9881 = ORIENTED_EDGE('',*,*,#9856,.T.);
#9882 = ORIENTED_EDGE('',*,*,#9883,.T.);
#9883 = EDGE_CURVE('',#9857,#9884,#9886,.T.);
#9884 = VERTEX_POINT('',#9885);
#9885 = CARTESIAN_POINT('',(2.429496640897,0.43,0.2479055467));
#9886 = LINE('',#9887,#9888);
#9887 = CARTESIAN_POINT('',(2.348480775301,0.43,0.742364817767));
#9888 = VECTOR('',#9889,1.);
#9889 = DIRECTION('',(0.161691392282,1.795135065956E-17,-0.986841372087)
  );
#9890 = ORIENTED_EDGE('',*,*,#9891,.T.);
#9891 = EDGE_CURVE('',#9884,#9892,#9894,.T.);
#9892 = VERTEX_POINT('',#9893);
#9893 = CARTESIAN_POINT('',(2.724938966801,0.43,-1.665334536938E-16));
#9894 = CIRCLE('',#9895,0.3);
#9895 = AXIS2_PLACEMENT_3D('',#9896,#9897,#9898);
#9896 = CARTESIAN_POINT('',(2.724938966801,0.43,0.3));
#9897 = DIRECTION('',(1.110223024625E-16,-1.,0.));
#9898 = DIRECTION('',(-0.984807753012,-1.093356242223E-16,
    -0.173648177667));
#9899 = ORIENTED_EDGE('',*,*,#9900,.T.);
#9900 = EDGE_CURVE('',#9892,#9901,#9903,.T.);
#9901 = VERTEX_POINT('',#9902);
#9902 = CARTESIAN_POINT('',(3.,0.43,-1.665334536938E-16));
#9903 = LINE('',#9904,#9905);
#9904 = CARTESIAN_POINT('',(2.724938966801,0.43,-1.665334536938E-16));
#9905 = VECTOR('',#9906,1.);
#9906 = DIRECTION('',(1.,1.110223024625E-16,0.));
#9907 = ORIENTED_EDGE('',*,*,#9908,.T.);
#9908 = EDGE_CURVE('',#9901,#9909,#9911,.T.);
#9909 = VERTEX_POINT('',#9910);
#9910 = CARTESIAN_POINT('',(3.,0.43,0.2));
#9911 = LINE('',#9912,#9913);
#9912 = CARTESIAN_POINT('',(3.,0.43,-1.665334536938E-16));
#9913 = VECTOR('',#9914,1.);
#9914 = DIRECTION('',(0.,0.,1.));
#9915 = ORIENTED_EDGE('',*,*,#9916,.T.);
#9916 = EDGE_CURVE('',#9909,#9917,#9919,.T.);
#9917 = VERTEX_POINT('',#9918);
#9918 = CARTESIAN_POINT('',(2.724938966801,0.43,0.2));
#9919 = LINE('',#9920,#9921);
#9920 = CARTESIAN_POINT('',(3.,0.43,0.2));
#9921 = VECTOR('',#9922,1.);
#9922 = DIRECTION('',(-1.,-1.110223024625E-16,0.));
#9923 = ORIENTED_EDGE('',*,*,#9924,.T.);
#9924 = EDGE_CURVE('',#9917,#9925,#9927,.T.);
#9925 = VERTEX_POINT('',#9926);
#9926 = CARTESIAN_POINT('',(2.6264581915,0.43,0.282635182233));
#9927 = CIRCLE('',#9928,0.1);
#9928 = AXIS2_PLACEMENT_3D('',#9929,#9930,#9931);
#9929 = CARTESIAN_POINT('',(2.724938966801,0.43,0.3));
#9930 = DIRECTION('',(-1.110223024625E-16,1.,0.));
#9931 = DIRECTION('',(0.,0.,-1.));
#9932 = ORIENTED_EDGE('',*,*,#9933,.T.);
#9933 = EDGE_CURVE('',#9925,#9934,#9936,.T.);
#9934 = VERTEX_POINT('',#9935);
#9935 = CARTESIAN_POINT('',(2.545442325904,0.43,0.7770944533));
#9936 = LINE('',#9937,#9938);
#9937 = CARTESIAN_POINT('',(2.6264581915,0.43,0.282635182233));
#9938 = VECTOR('',#9939,1.);
#9939 = DIRECTION('',(-0.161691392282,-1.795135065956E-17,0.986841372087
    ));
#9940 = ORIENTED_EDGE('',*,*,#9941,.T.);
#9941 = EDGE_CURVE('',#9934,#9942,#9944,.T.);
#9942 = VERTEX_POINT('',#9943);
#9943 = CARTESIAN_POINT('',(2.25,0.43,1.025));
#9944 = CIRCLE('',#9945,0.3);
#9945 = AXIS2_PLACEMENT_3D('',#9946,#9947,#9948);
#9946 = CARTESIAN_POINT('',(2.25,0.43,0.725));
#9947 = DIRECTION('',(1.110223024625E-16,-1.,0.));
#9948 = DIRECTION('',(0.984807753012,1.093356242223E-16,0.173648177667)
  );
#9949 = ORIENTED_EDGE('',*,*,#9950,.T.);
#9950 = EDGE_CURVE('',#9942,#8118,#9951,.T.);
#9951 = LINE('',#9952,#9953);
#9952 = CARTESIAN_POINT('',(2.25,0.43,1.025));
#9953 = VECTOR('',#9954,1.);
#9954 = DIRECTION('',(-1.,-1.110223024625E-16,0.));
#9955 = PLANE('',#9956);
#9956 = AXIS2_PLACEMENT_3D('',#9957,#9958,#9959);
#9957 = CARTESIAN_POINT('',(2.42560961319,0.43,0.548953137803));
#9958 = DIRECTION('',(1.110223024625E-16,-1.,0.));
#9959 = DIRECTION('',(0.,0.,1.));
#9960 = ADVANCED_FACE('',(#9961),#9977,.F.);
#9961 = FACE_BOUND('',#9962,.F.);
#9962 = EDGE_LOOP('',(#9963,#9969,#9970,#9976));
#9963 = ORIENTED_EDGE('',*,*,#9964,.F.);
#9964 = EDGE_CURVE('',#8118,#8552,#9965,.T.);
#9965 = LINE('',#9966,#9967);
#9966 = CARTESIAN_POINT('',(2.25,0.43,1.025));
#9967 = VECTOR('',#9968,1.);
#9968 = DIRECTION('',(-1.,-1.110223024625E-16,0.));
#9969 = ORIENTED_EDGE('',*,*,#8134,.T.);
#9970 = ORIENTED_EDGE('',*,*,#9971,.T.);
#9971 = EDGE_CURVE('',#8127,#8560,#9972,.T.);
#9972 = LINE('',#9973,#9974);
#9973 = CARTESIAN_POINT('',(2.25,-0.43,1.025));
#9974 = VECTOR('',#9975,1.);
#9975 = DIRECTION('',(-1.,-1.110223024625E-16,0.));
#9976 = ORIENTED_EDGE('',*,*,#8559,.F.);
#9977 = PLANE('',#9978);
#9978 = AXIS2_PLACEMENT_3D('',#9979,#9980,#9981);
#9979 = CARTESIAN_POINT('',(-3.027078129022E-16,2.4125,1.025));
#9980 = DIRECTION('',(2.007919022429E-31,-7.713306628828E-27,-1.));
#9981 = DIRECTION('',(1.,1.112083013911E-16,2.00791902242E-31));
#9982 = ADVANCED_FACE('',(#9983),#10069,.F.);
#9983 = FACE_BOUND('',#9984,.F.);
#9984 = EDGE_LOOP('',(#9985,#9986,#9987,#9996,#10004,#10013,#10021,
    #10029,#10037,#10046,#10054,#10063));
#9985 = ORIENTED_EDGE('',*,*,#8126,.F.);
#9986 = ORIENTED_EDGE('',*,*,#8148,.T.);
#9987 = ORIENTED_EDGE('',*,*,#9988,.T.);
#9988 = EDGE_CURVE('',#8149,#9989,#9991,.T.);
#9989 = VERTEX_POINT('',#9990);
#9990 = CARTESIAN_POINT('',(2.348480775301,-0.43,0.742364817767));
#9991 = CIRCLE('',#9992,0.1);
#9992 = AXIS2_PLACEMENT_3D('',#9993,#9994,#9995);
#9993 = CARTESIAN_POINT('',(2.25,-0.43,0.725));
#9994 = DIRECTION('',(-1.110223024625E-16,1.,0.));
#9995 = DIRECTION('',(4.440892098501E-15,4.930380657631E-31,1.));
#9996 = ORIENTED_EDGE('',*,*,#9997,.T.);
#9997 = EDGE_CURVE('',#9989,#9998,#10000,.T.);
#9998 = VERTEX_POINT('',#9999);
#9999 = CARTESIAN_POINT('',(2.429496640897,-0.43,0.2479055467));
#10000 = LINE('',#10001,#10002);
#10001 = CARTESIAN_POINT('',(2.348480775301,-0.43,0.742364817767));
#10002 = VECTOR('',#10003,1.);
#10003 = DIRECTION('',(0.161691392282,1.795135065956E-17,-0.986841372087
    ));
#10004 = ORIENTED_EDGE('',*,*,#10005,.T.);
#10005 = EDGE_CURVE('',#9998,#10006,#10008,.T.);
#10006 = VERTEX_POINT('',#10007);
#10007 = CARTESIAN_POINT('',(2.724938966801,-0.43,-1.665334536938E-16));
#10008 = CIRCLE('',#10009,0.3);
#10009 = AXIS2_PLACEMENT_3D('',#10010,#10011,#10012);
#10010 = CARTESIAN_POINT('',(2.724938966801,-0.43,0.3));
#10011 = DIRECTION('',(1.110223024625E-16,-1.,0.));
#10012 = DIRECTION('',(-0.984807753012,-1.093356242223E-16,
    -0.173648177667));
#10013 = ORIENTED_EDGE('',*,*,#10014,.T.);
#10014 = EDGE_CURVE('',#10006,#10015,#10017,.T.);
#10015 = VERTEX_POINT('',#10016);
#10016 = CARTESIAN_POINT('',(3.,-0.43,-1.665334536938E-16));
#10017 = LINE('',#10018,#10019);
#10018 = CARTESIAN_POINT('',(2.724938966801,-0.43,-1.665334536938E-16));
#10019 = VECTOR('',#10020,1.);
#10020 = DIRECTION('',(1.,1.110223024625E-16,0.));
#10021 = ORIENTED_EDGE('',*,*,#10022,.T.);
#10022 = EDGE_CURVE('',#10015,#10023,#10025,.T.);
#10023 = VERTEX_POINT('',#10024);
#10024 = CARTESIAN_POINT('',(3.,-0.43,0.2));
#10025 = LINE('',#10026,#10027);
#10026 = CARTESIAN_POINT('',(3.,-0.43,-1.665334536938E-16));
#10027 = VECTOR('',#10028,1.);
#10028 = DIRECTION('',(0.,0.,1.));
#10029 = ORIENTED_EDGE('',*,*,#10030,.T.);
#10030 = EDGE_CURVE('',#10023,#10031,#10033,.T.);
#10031 = VERTEX_POINT('',#10032);
#10032 = CARTESIAN_POINT('',(2.724938966801,-0.43,0.2));
#10033 = LINE('',#10034,#10035);
#10034 = CARTESIAN_POINT('',(3.,-0.43,0.2));
#10035 = VECTOR('',#10036,1.);
#10036 = DIRECTION('',(-1.,-1.110223024625E-16,0.));
#10037 = ORIENTED_EDGE('',*,*,#10038,.T.);
#10038 = EDGE_CURVE('',#10031,#10039,#10041,.T.);
#10039 = VERTEX_POINT('',#10040);
#10040 = CARTESIAN_POINT('',(2.6264581915,-0.43,0.282635182233));
#10041 = CIRCLE('',#10042,0.1);
#10042 = AXIS2_PLACEMENT_3D('',#10043,#10044,#10045);
#10043 = CARTESIAN_POINT('',(2.724938966801,-0.43,0.3));
#10044 = DIRECTION('',(-1.110223024625E-16,1.,0.));
#10045 = DIRECTION('',(0.,0.,-1.));
#10046 = ORIENTED_EDGE('',*,*,#10047,.T.);
#10047 = EDGE_CURVE('',#10039,#10048,#10050,.T.);
#10048 = VERTEX_POINT('',#10049);
#10049 = CARTESIAN_POINT('',(2.545442325904,-0.43,0.7770944533));
#10050 = LINE('',#10051,#10052);
#10051 = CARTESIAN_POINT('',(2.6264581915,-0.43,0.282635182233));
#10052 = VECTOR('',#10053,1.);
#10053 = DIRECTION('',(-0.161691392282,-1.795135065956E-17,
    0.986841372087));
#10054 = ORIENTED_EDGE('',*,*,#10055,.T.);
#10055 = EDGE_CURVE('',#10048,#10056,#10058,.T.);
#10056 = VERTEX_POINT('',#10057);
#10057 = CARTESIAN_POINT('',(2.25,-0.43,1.025));
#10058 = CIRCLE('',#10059,0.3);
#10059 = AXIS2_PLACEMENT_3D('',#10060,#10061,#10062);
#10060 = CARTESIAN_POINT('',(2.25,-0.43,0.725));
#10061 = DIRECTION('',(1.110223024625E-16,-1.,0.));
#10062 = DIRECTION('',(0.984807753012,1.093356242223E-16,0.173648177667)
  );
#10063 = ORIENTED_EDGE('',*,*,#10064,.T.);
#10064 = EDGE_CURVE('',#10056,#8127,#10065,.T.);
#10065 = LINE('',#10066,#10067);
#10066 = CARTESIAN_POINT('',(2.25,-0.43,1.025));
#10067 = VECTOR('',#10068,1.);
#10068 = DIRECTION('',(-1.,-1.110223024625E-16,0.));
#10069 = PLANE('',#10070);
#10070 = AXIS2_PLACEMENT_3D('',#10071,#10072,#10073);
#10071 = CARTESIAN_POINT('',(2.42560961319,-0.43,0.548953137803));
#10072 = DIRECTION('',(1.110223024625E-16,-1.,0.));
#10073 = DIRECTION('',(0.,0.,1.));
#10074 = ADVANCED_FACE('',(#10075),#10094,.F.);
#10075 = FACE_BOUND('',#10076,.F.);
#10076 = EDGE_LOOP('',(#10077,#10078,#10087,#10093));
#10077 = ORIENTED_EDGE('',*,*,#8165,.T.);
#10078 = ORIENTED_EDGE('',*,*,#10079,.T.);
#10079 = EDGE_CURVE('',#8158,#10080,#10082,.T.);
#10080 = VERTEX_POINT('',#10081);
#10081 = CARTESIAN_POINT('',(2.348480775301,-0.84,0.742364817767));
#10082 = CIRCLE('',#10083,0.1);
#10083 = AXIS2_PLACEMENT_3D('',#10084,#10085,#10086);
#10084 = CARTESIAN_POINT('',(2.25,-0.84,0.725));
#10085 = DIRECTION('',(-1.110223024625E-16,1.,0.));
#10086 = DIRECTION('',(4.440892098501E-15,4.930380657631E-31,1.));
#10087 = ORIENTED_EDGE('',*,*,#10088,.F.);
#10088 = EDGE_CURVE('',#9989,#10080,#10089,.T.);
#10089 = LINE('',#10090,#10091);
#10090 = CARTESIAN_POINT('',(2.348480775301,-0.43,0.742364817767));
#10091 = VECTOR('',#10092,1.);
#10092 = DIRECTION('',(1.110223024625E-16,-1.,0.));
#10093 = ORIENTED_EDGE('',*,*,#9988,.F.);
#10094 = CYLINDRICAL_SURFACE('',#10095,0.1);
#10095 = AXIS2_PLACEMENT_3D('',#10096,#10097,#10098);
#10096 = CARTESIAN_POINT('',(2.25,-0.43,0.725));
#10097 = DIRECTION('',(-1.110223024625E-16,1.,0.));
#10098 = DIRECTION('',(4.440892098501E-15,4.930380657631E-31,1.));
#10099 = ADVANCED_FACE('',(#10100),#10178,.T.);
#10100 = FACE_BOUND('',#10101,.T.);
#10101 = EDGE_LOOP('',(#10102,#10103,#10104,#10105,#10113,#10122,#10130,
    #10138,#10146,#10155,#10163,#10172));
#10102 = ORIENTED_EDGE('',*,*,#8179,.F.);
#10103 = ORIENTED_EDGE('',*,*,#8157,.T.);
#10104 = ORIENTED_EDGE('',*,*,#10079,.T.);
#10105 = ORIENTED_EDGE('',*,*,#10106,.T.);
#10106 = EDGE_CURVE('',#10080,#10107,#10109,.T.);
#10107 = VERTEX_POINT('',#10108);
#10108 = CARTESIAN_POINT('',(2.429496640897,-0.84,0.2479055467));
#10109 = LINE('',#10110,#10111);
#10110 = CARTESIAN_POINT('',(2.348480775301,-0.84,0.742364817767));
#10111 = VECTOR('',#10112,1.);
#10112 = DIRECTION('',(0.161691392282,1.795135065956E-17,-0.986841372087
    ));
#10113 = ORIENTED_EDGE('',*,*,#10114,.T.);
#10114 = EDGE_CURVE('',#10107,#10115,#10117,.T.);
#10115 = VERTEX_POINT('',#10116);
#10116 = CARTESIAN_POINT('',(2.724938966801,-0.84,-1.665334536938E-16));
#10117 = CIRCLE('',#10118,0.3);
#10118 = AXIS2_PLACEMENT_3D('',#10119,#10120,#10121);
#10119 = CARTESIAN_POINT('',(2.724938966801,-0.84,0.3));
#10120 = DIRECTION('',(1.110223024625E-16,-1.,0.));
#10121 = DIRECTION('',(-0.984807753012,-1.093356242223E-16,
    -0.173648177667));
#10122 = ORIENTED_EDGE('',*,*,#10123,.T.);
#10123 = EDGE_CURVE('',#10115,#10124,#10126,.T.);
#10124 = VERTEX_POINT('',#10125);
#10125 = CARTESIAN_POINT('',(3.,-0.84,-1.665334536938E-16));
#10126 = LINE('',#10127,#10128);
#10127 = CARTESIAN_POINT('',(2.724938966801,-0.84,-1.665334536938E-16));
#10128 = VECTOR('',#10129,1.);
#10129 = DIRECTION('',(1.,1.110223024625E-16,0.));
#10130 = ORIENTED_EDGE('',*,*,#10131,.T.);
#10131 = EDGE_CURVE('',#10124,#10132,#10134,.T.);
#10132 = VERTEX_POINT('',#10133);
#10133 = CARTESIAN_POINT('',(3.,-0.84,0.2));
#10134 = LINE('',#10135,#10136);
#10135 = CARTESIAN_POINT('',(3.,-0.84,-1.665334536938E-16));
#10136 = VECTOR('',#10137,1.);
#10137 = DIRECTION('',(0.,0.,1.));
#10138 = ORIENTED_EDGE('',*,*,#10139,.T.);
#10139 = EDGE_CURVE('',#10132,#10140,#10142,.T.);
#10140 = VERTEX_POINT('',#10141);
#10141 = CARTESIAN_POINT('',(2.724938966801,-0.84,0.2));
#10142 = LINE('',#10143,#10144);
#10143 = CARTESIAN_POINT('',(3.,-0.84,0.2));
#10144 = VECTOR('',#10145,1.);
#10145 = DIRECTION('',(-1.,-1.110223024625E-16,0.));
#10146 = ORIENTED_EDGE('',*,*,#10147,.T.);
#10147 = EDGE_CURVE('',#10140,#10148,#10150,.T.);
#10148 = VERTEX_POINT('',#10149);
#10149 = CARTESIAN_POINT('',(2.6264581915,-0.84,0.282635182233));
#10150 = CIRCLE('',#10151,0.1);
#10151 = AXIS2_PLACEMENT_3D('',#10152,#10153,#10154);
#10152 = CARTESIAN_POINT('',(2.724938966801,-0.84,0.3));
#10153 = DIRECTION('',(-1.110223024625E-16,1.,0.));
#10154 = DIRECTION('',(0.,0.,-1.));
#10155 = ORIENTED_EDGE('',*,*,#10156,.T.);
#10156 = EDGE_CURVE('',#10148,#10157,#10159,.T.);
#10157 = VERTEX_POINT('',#10158);
#10158 = CARTESIAN_POINT('',(2.545442325904,-0.84,0.7770944533));
#10159 = LINE('',#10160,#10161);
#10160 = CARTESIAN_POINT('',(2.6264581915,-0.84,0.282635182233));
#10161 = VECTOR('',#10162,1.);
#10162 = DIRECTION('',(-0.161691392282,-1.795135065956E-17,
    0.986841372087));
#10163 = ORIENTED_EDGE('',*,*,#10164,.T.);
#10164 = EDGE_CURVE('',#10157,#10165,#10167,.T.);
#10165 = VERTEX_POINT('',#10166);
#10166 = CARTESIAN_POINT('',(2.25,-0.84,1.025));
#10167 = CIRCLE('',#10168,0.3);
#10168 = AXIS2_PLACEMENT_3D('',#10169,#10170,#10171);
#10169 = CARTESIAN_POINT('',(2.25,-0.84,0.725));
#10170 = DIRECTION('',(1.110223024625E-16,-1.,0.));
#10171 = DIRECTION('',(0.984807753012,1.093356242223E-16,0.173648177667)
  );
#10172 = ORIENTED_EDGE('',*,*,#10173,.T.);
#10173 = EDGE_CURVE('',#10165,#8180,#10174,.T.);
#10174 = LINE('',#10175,#10176);
#10175 = CARTESIAN_POINT('',(2.25,-0.84,1.025));
#10176 = VECTOR('',#10177,1.);
#10177 = DIRECTION('',(-1.,-1.110223024625E-16,0.));
#10178 = PLANE('',#10179);
#10179 = AXIS2_PLACEMENT_3D('',#10180,#10181,#10182);
#10180 = CARTESIAN_POINT('',(2.42560961319,-0.84,0.548953137803));
#10181 = DIRECTION('',(1.110223024625E-16,-1.,0.));
#10182 = DIRECTION('',(0.,0.,1.));
#10183 = ADVANCED_FACE('',(#10184),#10200,.F.);
#10184 = FACE_BOUND('',#10185,.F.);
#10185 = EDGE_LOOP('',(#10186,#10192,#10193,#10199));
#10186 = ORIENTED_EDGE('',*,*,#10187,.F.);
#10187 = EDGE_CURVE('',#8180,#8568,#10188,.T.);
#10188 = LINE('',#10189,#10190);
#10189 = CARTESIAN_POINT('',(2.25,-0.84,1.025));
#10190 = VECTOR('',#10191,1.);
#10191 = DIRECTION('',(-1.,-1.110223024625E-16,0.));
#10192 = ORIENTED_EDGE('',*,*,#8196,.T.);
#10193 = ORIENTED_EDGE('',*,*,#10194,.T.);
#10194 = EDGE_CURVE('',#8189,#8576,#10195,.T.);
#10195 = LINE('',#10196,#10197);
#10196 = CARTESIAN_POINT('',(2.25,-1.7,1.025));
#10197 = VECTOR('',#10198,1.);
#10198 = DIRECTION('',(-1.,-1.110223024625E-16,0.));
#10199 = ORIENTED_EDGE('',*,*,#8575,.F.);
#10200 = PLANE('',#10201);
#10201 = AXIS2_PLACEMENT_3D('',#10202,#10203,#10204);
#10202 = CARTESIAN_POINT('',(-3.027078129022E-16,2.4125,1.025));
#10203 = DIRECTION('',(2.007919022429E-31,-7.713306628828E-27,-1.));
#10204 = DIRECTION('',(1.,1.112083013911E-16,2.00791902242E-31));
#10205 = ADVANCED_FACE('',(#10206),#10292,.F.);
#10206 = FACE_BOUND('',#10207,.F.);
#10207 = EDGE_LOOP('',(#10208,#10209,#10210,#10219,#10227,#10236,#10244,
    #10252,#10260,#10269,#10277,#10286));
#10208 = ORIENTED_EDGE('',*,*,#8188,.F.);
#10209 = ORIENTED_EDGE('',*,*,#8210,.T.);
#10210 = ORIENTED_EDGE('',*,*,#10211,.T.);
#10211 = EDGE_CURVE('',#8211,#10212,#10214,.T.);
#10212 = VERTEX_POINT('',#10213);
#10213 = CARTESIAN_POINT('',(2.348480775301,-1.7,0.742364817767));
#10214 = CIRCLE('',#10215,0.1);
#10215 = AXIS2_PLACEMENT_3D('',#10216,#10217,#10218);
#10216 = CARTESIAN_POINT('',(2.25,-1.7,0.725));
#10217 = DIRECTION('',(-1.110223024625E-16,1.,0.));
#10218 = DIRECTION('',(4.440892098501E-15,4.930380657631E-31,1.));
#10219 = ORIENTED_EDGE('',*,*,#10220,.T.);
#10220 = EDGE_CURVE('',#10212,#10221,#10223,.T.);
#10221 = VERTEX_POINT('',#10222);
#10222 = CARTESIAN_POINT('',(2.429496640897,-1.7,0.2479055467));
#10223 = LINE('',#10224,#10225);
#10224 = CARTESIAN_POINT('',(2.348480775301,-1.7,0.742364817767));
#10225 = VECTOR('',#10226,1.);
#10226 = DIRECTION('',(0.161691392282,1.795135065956E-17,-0.986841372087
    ));
#10227 = ORIENTED_EDGE('',*,*,#10228,.T.);
#10228 = EDGE_CURVE('',#10221,#10229,#10231,.T.);
#10229 = VERTEX_POINT('',#10230);
#10230 = CARTESIAN_POINT('',(2.724938966801,-1.7,-1.665334536938E-16));
#10231 = CIRCLE('',#10232,0.3);
#10232 = AXIS2_PLACEMENT_3D('',#10233,#10234,#10235);
#10233 = CARTESIAN_POINT('',(2.724938966801,-1.7,0.3));
#10234 = DIRECTION('',(1.110223024625E-16,-1.,0.));
#10235 = DIRECTION('',(-0.984807753012,-1.093356242223E-16,
    -0.173648177667));
#10236 = ORIENTED_EDGE('',*,*,#10237,.T.);
#10237 = EDGE_CURVE('',#10229,#10238,#10240,.T.);
#10238 = VERTEX_POINT('',#10239);
#10239 = CARTESIAN_POINT('',(3.,-1.7,-1.665334536938E-16));
#10240 = LINE('',#10241,#10242);
#10241 = CARTESIAN_POINT('',(2.724938966801,-1.7,-1.665334536938E-16));
#10242 = VECTOR('',#10243,1.);
#10243 = DIRECTION('',(1.,1.110223024625E-16,0.));
#10244 = ORIENTED_EDGE('',*,*,#10245,.T.);
#10245 = EDGE_CURVE('',#10238,#10246,#10248,.T.);
#10246 = VERTEX_POINT('',#10247);
#10247 = CARTESIAN_POINT('',(3.,-1.7,0.2));
#10248 = LINE('',#10249,#10250);
#10249 = CARTESIAN_POINT('',(3.,-1.7,-1.665334536938E-16));
#10250 = VECTOR('',#10251,1.);
#10251 = DIRECTION('',(0.,0.,1.));
#10252 = ORIENTED_EDGE('',*,*,#10253,.T.);
#10253 = EDGE_CURVE('',#10246,#10254,#10256,.T.);
#10254 = VERTEX_POINT('',#10255);
#10255 = CARTESIAN_POINT('',(2.724938966801,-1.7,0.2));
#10256 = LINE('',#10257,#10258);
#10257 = CARTESIAN_POINT('',(3.,-1.7,0.2));
#10258 = VECTOR('',#10259,1.);
#10259 = DIRECTION('',(-1.,-1.110223024625E-16,0.));
#10260 = ORIENTED_EDGE('',*,*,#10261,.T.);
#10261 = EDGE_CURVE('',#10254,#10262,#10264,.T.);
#10262 = VERTEX_POINT('',#10263);
#10263 = CARTESIAN_POINT('',(2.6264581915,-1.7,0.282635182233));
#10264 = CIRCLE('',#10265,0.1);
#10265 = AXIS2_PLACEMENT_3D('',#10266,#10267,#10268);
#10266 = CARTESIAN_POINT('',(2.724938966801,-1.7,0.3));
#10267 = DIRECTION('',(-1.110223024625E-16,1.,0.));
#10268 = DIRECTION('',(0.,0.,-1.));
#10269 = ORIENTED_EDGE('',*,*,#10270,.T.);
#10270 = EDGE_CURVE('',#10262,#10271,#10273,.T.);
#10271 = VERTEX_POINT('',#10272);
#10272 = CARTESIAN_POINT('',(2.545442325904,-1.7,0.7770944533));
#10273 = LINE('',#10274,#10275);
#10274 = CARTESIAN_POINT('',(2.6264581915,-1.7,0.282635182233));
#10275 = VECTOR('',#10276,1.);
#10276 = DIRECTION('',(-0.161691392282,-1.795135065956E-17,
    0.986841372087));
#10277 = ORIENTED_EDGE('',*,*,#10278,.T.);
#10278 = EDGE_CURVE('',#10271,#10279,#10281,.T.);
#10279 = VERTEX_POINT('',#10280);
#10280 = CARTESIAN_POINT('',(2.25,-1.7,1.025));
#10281 = CIRCLE('',#10282,0.3);
#10282 = AXIS2_PLACEMENT_3D('',#10283,#10284,#10285);
#10283 = CARTESIAN_POINT('',(2.25,-1.7,0.725));
#10284 = DIRECTION('',(1.110223024625E-16,-1.,0.));
#10285 = DIRECTION('',(0.984807753012,1.093356242223E-16,0.173648177667)
  );
#10286 = ORIENTED_EDGE('',*,*,#10287,.T.);
#10287 = EDGE_CURVE('',#10279,#8189,#10288,.T.);
#10288 = LINE('',#10289,#10290);
#10289 = CARTESIAN_POINT('',(2.25,-1.7,1.025));
#10290 = VECTOR('',#10291,1.);
#10291 = DIRECTION('',(-1.,-1.110223024625E-16,0.));
#10292 = PLANE('',#10293);
#10293 = AXIS2_PLACEMENT_3D('',#10294,#10295,#10296);
#10294 = CARTESIAN_POINT('',(2.42560961319,-1.7,0.548953137803));
#10295 = DIRECTION('',(1.110223024625E-16,-1.,0.));
#10296 = DIRECTION('',(0.,0.,1.));
#10297 = ADVANCED_FACE('',(#10298),#10317,.F.);
#10298 = FACE_BOUND('',#10299,.F.);
#10299 = EDGE_LOOP('',(#10300,#10301,#10310,#10316));
#10300 = ORIENTED_EDGE('',*,*,#8227,.T.);
#10301 = ORIENTED_EDGE('',*,*,#10302,.T.);
#10302 = EDGE_CURVE('',#8220,#10303,#10305,.T.);
#10303 = VERTEX_POINT('',#10304);
#10304 = CARTESIAN_POINT('',(2.348480775301,-2.11,0.742364817767));
#10305 = CIRCLE('',#10306,0.1);
#10306 = AXIS2_PLACEMENT_3D('',#10307,#10308,#10309);
#10307 = CARTESIAN_POINT('',(2.25,-2.11,0.725));
#10308 = DIRECTION('',(-1.110223024625E-16,1.,0.));
#10309 = DIRECTION('',(4.440892098501E-15,4.930380657631E-31,1.));
#10310 = ORIENTED_EDGE('',*,*,#10311,.F.);
#10311 = EDGE_CURVE('',#10212,#10303,#10312,.T.);
#10312 = LINE('',#10313,#10314);
#10313 = CARTESIAN_POINT('',(2.348480775301,-1.7,0.742364817767));
#10314 = VECTOR('',#10315,1.);
#10315 = DIRECTION('',(1.110223024625E-16,-1.,0.));
#10316 = ORIENTED_EDGE('',*,*,#10211,.F.);
#10317 = CYLINDRICAL_SURFACE('',#10318,0.1);
#10318 = AXIS2_PLACEMENT_3D('',#10319,#10320,#10321);
#10319 = CARTESIAN_POINT('',(2.25,-1.7,0.725));
#10320 = DIRECTION('',(-1.110223024625E-16,1.,0.));
#10321 = DIRECTION('',(4.440892098501E-15,4.930380657631E-31,1.));
#10322 = ADVANCED_FACE('',(#10323),#10401,.T.);
#10323 = FACE_BOUND('',#10324,.T.);
#10324 = EDGE_LOOP('',(#10325,#10326,#10327,#10328,#10336,#10345,#10353,
    #10361,#10369,#10378,#10386,#10395));
#10325 = ORIENTED_EDGE('',*,*,#8241,.F.);
#10326 = ORIENTED_EDGE('',*,*,#8219,.T.);
#10327 = ORIENTED_EDGE('',*,*,#10302,.T.);
#10328 = ORIENTED_EDGE('',*,*,#10329,.T.);
#10329 = EDGE_CURVE('',#10303,#10330,#10332,.T.);
#10330 = VERTEX_POINT('',#10331);
#10331 = CARTESIAN_POINT('',(2.429496640897,-2.11,0.2479055467));
#10332 = LINE('',#10333,#10334);
#10333 = CARTESIAN_POINT('',(2.348480775301,-2.11,0.742364817767));
#10334 = VECTOR('',#10335,1.);
#10335 = DIRECTION('',(0.161691392282,1.795135065956E-17,-0.986841372087
    ));
#10336 = ORIENTED_EDGE('',*,*,#10337,.T.);
#10337 = EDGE_CURVE('',#10330,#10338,#10340,.T.);
#10338 = VERTEX_POINT('',#10339);
#10339 = CARTESIAN_POINT('',(2.724938966801,-2.11,-1.665334536938E-16));
#10340 = CIRCLE('',#10341,0.3);
#10341 = AXIS2_PLACEMENT_3D('',#10342,#10343,#10344);
#10342 = CARTESIAN_POINT('',(2.724938966801,-2.11,0.3));
#10343 = DIRECTION('',(1.110223024625E-16,-1.,0.));
#10344 = DIRECTION('',(-0.984807753012,-1.093356242223E-16,
    -0.173648177667));
#10345 = ORIENTED_EDGE('',*,*,#10346,.T.);
#10346 = EDGE_CURVE('',#10338,#10347,#10349,.T.);
#10347 = VERTEX_POINT('',#10348);
#10348 = CARTESIAN_POINT('',(3.,-2.11,-1.665334536938E-16));
#10349 = LINE('',#10350,#10351);
#10350 = CARTESIAN_POINT('',(2.724938966801,-2.11,-1.665334536938E-16));
#10351 = VECTOR('',#10352,1.);
#10352 = DIRECTION('',(1.,1.110223024625E-16,0.));
#10353 = ORIENTED_EDGE('',*,*,#10354,.T.);
#10354 = EDGE_CURVE('',#10347,#10355,#10357,.T.);
#10355 = VERTEX_POINT('',#10356);
#10356 = CARTESIAN_POINT('',(3.,-2.11,0.2));
#10357 = LINE('',#10358,#10359);
#10358 = CARTESIAN_POINT('',(3.,-2.11,-1.665334536938E-16));
#10359 = VECTOR('',#10360,1.);
#10360 = DIRECTION('',(0.,0.,1.));
#10361 = ORIENTED_EDGE('',*,*,#10362,.T.);
#10362 = EDGE_CURVE('',#10355,#10363,#10365,.T.);
#10363 = VERTEX_POINT('',#10364);
#10364 = CARTESIAN_POINT('',(2.724938966801,-2.11,0.2));
#10365 = LINE('',#10366,#10367);
#10366 = CARTESIAN_POINT('',(3.,-2.11,0.2));
#10367 = VECTOR('',#10368,1.);
#10368 = DIRECTION('',(-1.,-1.110223024625E-16,0.));
#10369 = ORIENTED_EDGE('',*,*,#10370,.T.);
#10370 = EDGE_CURVE('',#10363,#10371,#10373,.T.);
#10371 = VERTEX_POINT('',#10372);
#10372 = CARTESIAN_POINT('',(2.6264581915,-2.11,0.282635182233));
#10373 = CIRCLE('',#10374,0.1);
#10374 = AXIS2_PLACEMENT_3D('',#10375,#10376,#10377);
#10375 = CARTESIAN_POINT('',(2.724938966801,-2.11,0.3));
#10376 = DIRECTION('',(-1.110223024625E-16,1.,0.));
#10377 = DIRECTION('',(0.,0.,-1.));
#10378 = ORIENTED_EDGE('',*,*,#10379,.T.);
#10379 = EDGE_CURVE('',#10371,#10380,#10382,.T.);
#10380 = VERTEX_POINT('',#10381);
#10381 = CARTESIAN_POINT('',(2.545442325904,-2.11,0.7770944533));
#10382 = LINE('',#10383,#10384);
#10383 = CARTESIAN_POINT('',(2.6264581915,-2.11,0.282635182233));
#10384 = VECTOR('',#10385,1.);
#10385 = DIRECTION('',(-0.161691392282,-1.795135065956E-17,
    0.986841372087));
#10386 = ORIENTED_EDGE('',*,*,#10387,.T.);
#10387 = EDGE_CURVE('',#10380,#10388,#10390,.T.);
#10388 = VERTEX_POINT('',#10389);
#10389 = CARTESIAN_POINT('',(2.25,-2.11,1.025));
#10390 = CIRCLE('',#10391,0.3);
#10391 = AXIS2_PLACEMENT_3D('',#10392,#10393,#10394);
#10392 = CARTESIAN_POINT('',(2.25,-2.11,0.725));
#10393 = DIRECTION('',(1.110223024625E-16,-1.,0.));
#10394 = DIRECTION('',(0.984807753012,1.093356242223E-16,0.173648177667)
  );
#10395 = ORIENTED_EDGE('',*,*,#10396,.T.);
#10396 = EDGE_CURVE('',#10388,#8242,#10397,.T.);
#10397 = LINE('',#10398,#10399);
#10398 = CARTESIAN_POINT('',(2.25,-2.11,1.025));
#10399 = VECTOR('',#10400,1.);
#10400 = DIRECTION('',(-1.,-1.110223024625E-16,0.));
#10401 = PLANE('',#10402);
#10402 = AXIS2_PLACEMENT_3D('',#10403,#10404,#10405);
#10403 = CARTESIAN_POINT('',(2.42560961319,-2.11,0.548953137803));
#10404 = DIRECTION('',(1.110223024625E-16,-1.,0.));
#10405 = DIRECTION('',(0.,0.,1.));
#10406 = ADVANCED_FACE('',(#10407),#10418,.T.);
#10407 = FACE_BOUND('',#10408,.T.);
#10408 = EDGE_LOOP('',(#10409,#10410,#10411,#10412));
#10409 = ORIENTED_EDGE('',*,*,#9441,.T.);
#10410 = ORIENTED_EDGE('',*,*,#8342,.T.);
#10411 = ORIENTED_EDGE('',*,*,#9543,.F.);
#10412 = ORIENTED_EDGE('',*,*,#10413,.F.);
#10413 = EDGE_CURVE('',#9434,#9536,#10414,.T.);
#10414 = LINE('',#10415,#10416);
#10415 = CARTESIAN_POINT('',(-2.545442325904,1.7,0.7770944533));
#10416 = VECTOR('',#10417,1.);
#10417 = DIRECTION('',(1.144237745222E-17,1.,0.));
#10418 = CYLINDRICAL_SURFACE('',#10419,0.3);
#10419 = AXIS2_PLACEMENT_3D('',#10420,#10421,#10422);
#10420 = CARTESIAN_POINT('',(-2.25,1.7,0.725));
#10421 = DIRECTION('',(-1.144237745222E-17,-1.,0.));
#10422 = DIRECTION('',(-0.984807753012,1.126854202784E-17,0.173648177667
    ));
#10423 = ADVANCED_FACE('',(#10424),#10437,.F.);
#10424 = FACE_BOUND('',#10425,.F.);
#10425 = EDGE_LOOP('',(#10426,#10427,#10433,#10434,#10435,#10436));
#10426 = ORIENTED_EDGE('',*,*,#8786,.F.);
#10427 = ORIENTED_EDGE('',*,*,#10428,.T.);
#10428 = EDGE_CURVE('',#8778,#8887,#10429,.T.);
#10429 = LINE('',#10430,#10431);
#10430 = CARTESIAN_POINT('',(-2.25,-2.11,1.025));
#10431 = VECTOR('',#10432,1.);
#10432 = DIRECTION('',(1.144237745222E-17,1.,0.));
#10433 = ORIENTED_EDGE('',*,*,#8895,.T.);
#10434 = ORIENTED_EDGE('',*,*,#8917,.T.);
#10435 = ORIENTED_EDGE('',*,*,#8389,.F.);
#10436 = ORIENTED_EDGE('',*,*,#8660,.F.);
#10437 = PLANE('',#10438);
#10438 = AXIS2_PLACEMENT_3D('',#10439,#10440,#10441);
#10439 = CARTESIAN_POINT('',(-2.25,-2.11,1.025));
#10440 = DIRECTION('',(0.,0.,-1.));
#10441 = DIRECTION('',(1.,-1.144237745222E-17,0.));
#10442 = ADVANCED_FACE('',(#10443),#10456,.F.);
#10443 = FACE_BOUND('',#10444,.F.);
#10444 = EDGE_LOOP('',(#10445,#10446,#10452,#10453,#10454,#10455));
#10445 = ORIENTED_EDGE('',*,*,#9009,.F.);
#10446 = ORIENTED_EDGE('',*,*,#10447,.T.);
#10447 = EDGE_CURVE('',#9001,#9110,#10448,.T.);
#10448 = LINE('',#10449,#10450);
#10449 = CARTESIAN_POINT('',(-2.25,-0.84,1.025));
#10450 = VECTOR('',#10451,1.);
#10451 = DIRECTION('',(1.144237745222E-17,1.,0.));
#10452 = ORIENTED_EDGE('',*,*,#9118,.T.);
#10453 = ORIENTED_EDGE('',*,*,#9140,.T.);
#10454 = ORIENTED_EDGE('',*,*,#8405,.F.);
#10455 = ORIENTED_EDGE('',*,*,#8910,.F.);
#10456 = PLANE('',#10457);
#10457 = AXIS2_PLACEMENT_3D('',#10458,#10459,#10460);
#10458 = CARTESIAN_POINT('',(-2.25,-0.84,1.025));
#10459 = DIRECTION('',(0.,0.,-1.));
#10460 = DIRECTION('',(1.,-1.144237745222E-17,0.));
#10461 = ADVANCED_FACE('',(#10462),#10475,.F.);
#10462 = FACE_BOUND('',#10463,.F.);
#10463 = EDGE_LOOP('',(#10464,#10465,#10471,#10472,#10473,#10474));
#10464 = ORIENTED_EDGE('',*,*,#9232,.F.);
#10465 = ORIENTED_EDGE('',*,*,#10466,.T.);
#10466 = EDGE_CURVE('',#9224,#9333,#10467,.T.);
#10467 = LINE('',#10468,#10469);
#10468 = CARTESIAN_POINT('',(-2.25,0.43,1.025));
#10469 = VECTOR('',#10470,1.);
#10470 = DIRECTION('',(1.144237745222E-17,1.,0.));
#10471 = ORIENTED_EDGE('',*,*,#9341,.T.);
#10472 = ORIENTED_EDGE('',*,*,#9358,.T.);
#10473 = ORIENTED_EDGE('',*,*,#8421,.F.);
#10474 = ORIENTED_EDGE('',*,*,#9133,.F.);
#10475 = PLANE('',#10476);
#10476 = AXIS2_PLACEMENT_3D('',#10477,#10478,#10479);
#10477 = CARTESIAN_POINT('',(-2.25,0.43,1.025));
#10478 = DIRECTION('',(0.,0.,-1.));
#10479 = DIRECTION('',(1.,-1.144237745222E-17,0.));
#10480 = ADVANCED_FACE('',(#10481,#10510),#10521,.F.);
#10481 = FACE_BOUND('',#10482,.F.);
#10482 = EDGE_LOOP('',(#10483,#10484,#10485,#10486,#10494,#10502,#10508,
    #10509));
#10483 = ORIENTED_EDGE('',*,*,#8496,.T.);
#10484 = ORIENTED_EDGE('',*,*,#8519,.T.);
#10485 = ORIENTED_EDGE('',*,*,#8606,.T.);
#10486 = ORIENTED_EDGE('',*,*,#10487,.T.);
#10487 = EDGE_CURVE('',#8600,#10488,#10490,.T.);
#10488 = VERTEX_POINT('',#10489);
#10489 = CARTESIAN_POINT('',(1.680085640382,-2.260171280765,1.75));
#10490 = LINE('',#10491,#10492);
#10491 = CARTESIAN_POINT('',(1.760171280765,-2.180085640382,1.75));
#10492 = VECTOR('',#10493,1.);
#10493 = DIRECTION('',(-0.707106781187,-0.707106781187,0.));
#10494 = ORIENTED_EDGE('',*,*,#10495,.T.);
#10495 = EDGE_CURVE('',#10488,#10496,#10498,.T.);
#10496 = VERTEX_POINT('',#10497);
#10497 = CARTESIAN_POINT('',(-1.680085640382,-2.260171280765,1.75));
#10498 = LINE('',#10499,#10500);
#10499 = CARTESIAN_POINT('',(1.680085640382,-2.260171280765,1.75));
#10500 = VECTOR('',#10501,1.);
#10501 = DIRECTION('',(-1.,-1.110223024625E-16,0.));
#10502 = ORIENTED_EDGE('',*,*,#10503,.T.);
#10503 = EDGE_CURVE('',#10496,#8445,#10504,.T.);
#10504 = LINE('',#10505,#10506);
#10505 = CARTESIAN_POINT('',(-1.680085640382,-2.260171280765,1.75));
#10506 = VECTOR('',#10507,1.);
#10507 = DIRECTION('',(-0.707106781187,0.707106781187,0.));
#10508 = ORIENTED_EDGE('',*,*,#8444,.T.);
#10509 = ORIENTED_EDGE('',*,*,#8473,.T.);
#10510 = FACE_BOUND('',#10511,.F.);
#10511 = EDGE_LOOP('',(#10512));
#10512 = ORIENTED_EDGE('',*,*,#10513,.F.);
#10513 = EDGE_CURVE('',#10514,#10514,#10516,.T.);
#10514 = VERTEX_POINT('',#10515);
#10515 = CARTESIAN_POINT('',(-1.110171280765,1.310171280765,1.75));
#10516 = CIRCLE('',#10517,0.3);
#10517 = AXIS2_PLACEMENT_3D('',#10518,#10519,#10520);
#10518 = CARTESIAN_POINT('',(-1.110171280765,1.610171280765,1.75));
#10519 = DIRECTION('',(0.,-0.,-1.));
#10520 = DIRECTION('',(1.110223024625E-16,-1.,0.));
#10521 = PLANE('',#10522);
#10522 = AXIS2_PLACEMENT_3D('',#10523,#10524,#10525);
#10523 = CARTESIAN_POINT('',(-1.680085640382,2.260171280765,1.75));
#10524 = DIRECTION('',(0.,0.,-1.));
#10525 = DIRECTION('',(0.596575959062,-0.802556617983,0.));
#10526 = ADVANCED_FACE('',(#10527),#10537,.F.);
#10527 = FACE_BOUND('',#10528,.F.);
#10528 = EDGE_LOOP('',(#10529,#10530,#10531,#10532));
#10529 = ORIENTED_EDGE('',*,*,#8667,.T.);
#10530 = ORIENTED_EDGE('',*,*,#8452,.T.);
#10531 = ORIENTED_EDGE('',*,*,#10503,.F.);
#10532 = ORIENTED_EDGE('',*,*,#10533,.F.);
#10533 = EDGE_CURVE('',#8668,#10496,#10534,.T.);
#10534 = B_SPLINE_CURVE_WITH_KNOTS('',1,(#10535,#10536),.UNSPECIFIED.,
  .F.,.F.,(2,2),(0.,1.),.PIECEWISE_BEZIER_KNOTS.);
#10535 = CARTESIAN_POINT('',(-1.7375,-2.375,1.025));
#10536 = CARTESIAN_POINT('',(-1.680085640382,-2.260171280765,1.75));
#10537 = B_SPLINE_SURFACE_WITH_KNOTS('',1,1,(
    (#10538,#10539)
    ,(#10540,#10541
    )),.UNSPECIFIED.,.F.,.F.,.F.,(2,2),(2,2),(0.,0.194454364826),(0.,1.)
  ,.PIECEWISE_BEZIER_KNOTS.);
#10538 = CARTESIAN_POINT('',(-1.7375,-2.375,1.025));
#10539 = CARTESIAN_POINT('',(-1.680085640382,-2.260171280765,1.75));
#10540 = CARTESIAN_POINT('',(-1.875,-2.2375,1.025));
#10541 = CARTESIAN_POINT('',(-1.760171280765,-2.180085640382,1.75));
#10542 = ADVANCED_FACE('',(#10543),#10556,.F.);
#10543 = FACE_BOUND('',#10544,.F.);
#10544 = EDGE_LOOP('',(#10545,#10546,#10552,#10553,#10554,#10555));
#10545 = ORIENTED_EDGE('',*,*,#9841,.F.);
#10546 = ORIENTED_EDGE('',*,*,#10547,.T.);
#10547 = EDGE_CURVE('',#9833,#9942,#10548,.T.);
#10548 = LINE('',#10549,#10550);
#10549 = CARTESIAN_POINT('',(2.25,0.84,1.025));
#10550 = VECTOR('',#10551,1.);
#10551 = DIRECTION('',(1.110223024625E-16,-1.,0.));
#10552 = ORIENTED_EDGE('',*,*,#9950,.T.);
#10553 = ORIENTED_EDGE('',*,*,#9964,.T.);
#10554 = ORIENTED_EDGE('',*,*,#8551,.F.);
#10555 = ORIENTED_EDGE('',*,*,#9748,.F.);
#10556 = PLANE('',#10557);
#10557 = AXIS2_PLACEMENT_3D('',#10558,#10559,#10560);
#10558 = CARTESIAN_POINT('',(2.25,0.84,1.025));
#10559 = DIRECTION('',(0.,0.,-1.));
#10560 = DIRECTION('',(-1.,-1.110223024625E-16,-0.));
#10561 = ADVANCED_FACE('',(#10562),#10575,.F.);
#10562 = FACE_BOUND('',#10563,.F.);
#10563 = EDGE_LOOP('',(#10564,#10565,#10571,#10572,#10573,#10574));
#10564 = ORIENTED_EDGE('',*,*,#10064,.F.);
#10565 = ORIENTED_EDGE('',*,*,#10566,.T.);
#10566 = EDGE_CURVE('',#10056,#10165,#10567,.T.);
#10567 = LINE('',#10568,#10569);
#10568 = CARTESIAN_POINT('',(2.25,-0.43,1.025));
#10569 = VECTOR('',#10570,1.);
#10570 = DIRECTION('',(1.110223024625E-16,-1.,0.));
#10571 = ORIENTED_EDGE('',*,*,#10173,.T.);
#10572 = ORIENTED_EDGE('',*,*,#10187,.T.);
#10573 = ORIENTED_EDGE('',*,*,#8567,.F.);
#10574 = ORIENTED_EDGE('',*,*,#9971,.F.);
#10575 = PLANE('',#10576);
#10576 = AXIS2_PLACEMENT_3D('',#10577,#10578,#10579);
#10577 = CARTESIAN_POINT('',(2.25,-0.43,1.025));
#10578 = DIRECTION('',(0.,0.,-1.));
#10579 = DIRECTION('',(-1.,-1.110223024625E-16,-0.));
#10580 = ADVANCED_FACE('',(#10581),#10594,.F.);
#10581 = FACE_BOUND('',#10582,.F.);
#10582 = EDGE_LOOP('',(#10583,#10584,#10590,#10591,#10592,#10593));
#10583 = ORIENTED_EDGE('',*,*,#10287,.F.);
#10584 = ORIENTED_EDGE('',*,*,#10585,.T.);
#10585 = EDGE_CURVE('',#10279,#10388,#10586,.T.);
#10586 = LINE('',#10587,#10588);
#10587 = CARTESIAN_POINT('',(2.25,-1.7,1.025));
#10588 = VECTOR('',#10589,1.);
#10589 = DIRECTION('',(1.110223024625E-16,-1.,0.));
#10590 = ORIENTED_EDGE('',*,*,#10396,.T.);
#10591 = ORIENTED_EDGE('',*,*,#8690,.T.);
#10592 = ORIENTED_EDGE('',*,*,#8583,.F.);
#10593 = ORIENTED_EDGE('',*,*,#10194,.F.);
#10594 = PLANE('',#10595);
#10595 = AXIS2_PLACEMENT_3D('',#10596,#10597,#10598);
#10596 = CARTESIAN_POINT('',(2.25,-1.7,1.025));
#10597 = DIRECTION('',(0.,0.,-1.));
#10598 = DIRECTION('',(-1.,-1.110223024625E-16,-0.));
#10599 = ADVANCED_FACE('',(#10600),#10610,.F.);
#10600 = FACE_BOUND('',#10601,.F.);
#10601 = EDGE_LOOP('',(#10602,#10603,#10608,#10609));
#10602 = ORIENTED_EDGE('',*,*,#8683,.T.);
#10603 = ORIENTED_EDGE('',*,*,#10604,.T.);
#10604 = EDGE_CURVE('',#8676,#10488,#10605,.T.);
#10605 = B_SPLINE_CURVE_WITH_KNOTS('',1,(#10606,#10607),.UNSPECIFIED.,
  .F.,.F.,(2,2),(0.,1.),.PIECEWISE_BEZIER_KNOTS.);
#10606 = CARTESIAN_POINT('',(1.7375,-2.375,1.025));
#10607 = CARTESIAN_POINT('',(1.680085640382,-2.260171280765,1.75));
#10608 = ORIENTED_EDGE('',*,*,#10487,.F.);
#10609 = ORIENTED_EDGE('',*,*,#8599,.F.);
#10610 = B_SPLINE_SURFACE_WITH_KNOTS('',1,1,(
    (#10611,#10612)
    ,(#10613,#10614
    )),.UNSPECIFIED.,.F.,.F.,.F.,(2,2),(2,2),(0.,0.194454364826),(0.,1.)
  ,.PIECEWISE_BEZIER_KNOTS.);
#10611 = CARTESIAN_POINT('',(1.875,-2.2375,1.025));
#10612 = CARTESIAN_POINT('',(1.760171280765,-2.180085640382,1.75));
#10613 = CARTESIAN_POINT('',(1.7375,-2.375,1.025));
#10614 = CARTESIAN_POINT('',(1.680085640382,-2.260171280765,1.75));
#10615 = ADVANCED_FACE('',(#10616),#10627,.T.);
#10616 = FACE_BOUND('',#10617,.T.);
#10617 = EDGE_LOOP('',(#10618,#10619,#10620,#10621));
#10618 = ORIENTED_EDGE('',*,*,#9628,.T.);
#10619 = ORIENTED_EDGE('',*,*,#8629,.T.);
#10620 = ORIENTED_EDGE('',*,*,#9730,.F.);
#10621 = ORIENTED_EDGE('',*,*,#10622,.F.);
#10622 = EDGE_CURVE('',#9621,#9723,#10623,.T.);
#10623 = LINE('',#10624,#10625);
#10624 = CARTESIAN_POINT('',(2.545442325904,2.11,0.7770944533));
#10625 = VECTOR('',#10626,1.);
#10626 = DIRECTION('',(1.110223024625E-16,-1.,0.));
#10627 = CYLINDRICAL_SURFACE('',#10628,0.3);
#10628 = AXIS2_PLACEMENT_3D('',#10629,#10630,#10631);
#10629 = CARTESIAN_POINT('',(2.25,2.11,0.725));
#10630 = DIRECTION('',(-1.110223024625E-16,1.,0.));
#10631 = DIRECTION('',(0.984807753012,1.093356242223E-16,0.173648177667)
  );
#10632 = ADVANCED_FACE('',(#10633),#10639,.F.);
#10633 = FACE_BOUND('',#10634,.F.);
#10634 = EDGE_LOOP('',(#10635,#10636,#10637,#10638));
#10635 = ORIENTED_EDGE('',*,*,#8675,.T.);
#10636 = ORIENTED_EDGE('',*,*,#10533,.T.);
#10637 = ORIENTED_EDGE('',*,*,#10495,.F.);
#10638 = ORIENTED_EDGE('',*,*,#10604,.F.);
#10639 = B_SPLINE_SURFACE_WITH_KNOTS('',1,1,(
    (#10640,#10641)
    ,(#10642,#10643
    )),.UNSPECIFIED.,.F.,.F.,.F.,(2,2),(2,2),(0.,3.475),(0.,1.),
  .PIECEWISE_BEZIER_KNOTS.);
#10640 = CARTESIAN_POINT('',(1.7375,-2.375,1.025));
#10641 = CARTESIAN_POINT('',(1.680085640382,-2.260171280765,1.75));
#10642 = CARTESIAN_POINT('',(-1.7375,-2.375,1.025));
#10643 = CARTESIAN_POINT('',(-1.680085640382,-2.260171280765,1.75));
#10644 = ADVANCED_FACE('',(#10645),#10656,.T.);
#10645 = FACE_BOUND('',#10646,.T.);
#10646 = EDGE_LOOP('',(#10647,#10648,#10649,#10650));
#10647 = ORIENTED_EDGE('',*,*,#8777,.T.);
#10648 = ORIENTED_EDGE('',*,*,#10428,.T.);
#10649 = ORIENTED_EDGE('',*,*,#8886,.F.);
#10650 = ORIENTED_EDGE('',*,*,#10651,.F.);
#10651 = EDGE_CURVE('',#8770,#8879,#10652,.T.);
#10652 = LINE('',#10653,#10654);
#10653 = CARTESIAN_POINT('',(-2.545442325904,-2.11,0.7770944533));
#10654 = VECTOR('',#10655,1.);
#10655 = DIRECTION('',(1.144237745222E-17,1.,0.));
#10656 = CYLINDRICAL_SURFACE('',#10657,0.3);
#10657 = AXIS2_PLACEMENT_3D('',#10658,#10659,#10660);
#10658 = CARTESIAN_POINT('',(-2.25,-2.11,0.725));
#10659 = DIRECTION('',(-1.144237745222E-17,-1.,0.));
#10660 = DIRECTION('',(-0.984807753012,1.126854202784E-17,0.173648177667
    ));
#10661 = ADVANCED_FACE('',(#10662),#10673,.F.);
#10662 = FACE_BOUND('',#10663,.F.);
#10663 = EDGE_LOOP('',(#10664,#10670,#10671,#10672));
#10664 = ORIENTED_EDGE('',*,*,#10665,.T.);
#10665 = EDGE_CURVE('',#8761,#8870,#10666,.T.);
#10666 = LINE('',#10667,#10668);
#10667 = CARTESIAN_POINT('',(-2.6264581915,-2.11,0.282635182233));
#10668 = VECTOR('',#10669,1.);
#10669 = DIRECTION('',(1.144237745222E-17,1.,0.));
#10670 = ORIENTED_EDGE('',*,*,#8878,.T.);
#10671 = ORIENTED_EDGE('',*,*,#10651,.F.);
#10672 = ORIENTED_EDGE('',*,*,#8769,.F.);
#10673 = PLANE('',#10674);
#10674 = AXIS2_PLACEMENT_3D('',#10675,#10676,#10677);
#10675 = CARTESIAN_POINT('',(-2.6264581915,-2.11,0.282635182233));
#10676 = DIRECTION('',(0.986841372087,-1.129181146488E-17,
    -0.161691392282));
#10677 = DIRECTION('',(0.161691392282,-1.85013394127E-18,0.986841372087)
  );
#10678 = ADVANCED_FACE('',(#10679),#10690,.F.);
#10679 = FACE_BOUND('',#10680,.F.);
#10680 = EDGE_LOOP('',(#10681,#10687,#10688,#10689));
#10681 = ORIENTED_EDGE('',*,*,#10682,.T.);
#10682 = EDGE_CURVE('',#8753,#8862,#10683,.T.);
#10683 = LINE('',#10684,#10685);
#10684 = CARTESIAN_POINT('',(-2.724938966801,-2.11,0.2));
#10685 = VECTOR('',#10686,1.);
#10686 = DIRECTION('',(1.144237745222E-17,1.,0.));
#10687 = ORIENTED_EDGE('',*,*,#8869,.T.);
#10688 = ORIENTED_EDGE('',*,*,#10665,.F.);
#10689 = ORIENTED_EDGE('',*,*,#8760,.F.);
#10690 = CYLINDRICAL_SURFACE('',#10691,0.1);
#10691 = AXIS2_PLACEMENT_3D('',#10692,#10693,#10694);
#10692 = CARTESIAN_POINT('',(-2.724938966801,-2.11,0.3));
#10693 = DIRECTION('',(-1.144237745222E-17,-1.,0.));
#10694 = DIRECTION('',(-0.,0.,-1.));
#10695 = ADVANCED_FACE('',(#10696),#10707,.F.);
#10696 = FACE_BOUND('',#10697,.F.);
#10697 = EDGE_LOOP('',(#10698,#10704,#10705,#10706));
#10698 = ORIENTED_EDGE('',*,*,#10699,.T.);
#10699 = EDGE_CURVE('',#8745,#8854,#10700,.T.);
#10700 = LINE('',#10701,#10702);
#10701 = CARTESIAN_POINT('',(-3.,-2.11,0.2));
#10702 = VECTOR('',#10703,1.);
#10703 = DIRECTION('',(1.144237745222E-17,1.,0.));
#10704 = ORIENTED_EDGE('',*,*,#8861,.T.);
#10705 = ORIENTED_EDGE('',*,*,#10682,.F.);
#10706 = ORIENTED_EDGE('',*,*,#8752,.F.);
#10707 = PLANE('',#10708);
#10708 = AXIS2_PLACEMENT_3D('',#10709,#10710,#10711);
#10709 = CARTESIAN_POINT('',(-3.,-2.11,0.2));
#10710 = DIRECTION('',(0.,0.,-1.));
#10711 = DIRECTION('',(1.,-1.144237745222E-17,0.));
#10712 = ADVANCED_FACE('',(#10713),#10724,.F.);
#10713 = FACE_BOUND('',#10714,.F.);
#10714 = EDGE_LOOP('',(#10715,#10721,#10722,#10723));
#10715 = ORIENTED_EDGE('',*,*,#10716,.T.);
#10716 = EDGE_CURVE('',#8737,#8846,#10717,.T.);
#10717 = LINE('',#10718,#10719);
#10718 = CARTESIAN_POINT('',(-3.,-2.11,-1.665334536938E-16));
#10719 = VECTOR('',#10720,1.);
#10720 = DIRECTION('',(1.144237745222E-17,1.,0.));
#10721 = ORIENTED_EDGE('',*,*,#8853,.T.);
#10722 = ORIENTED_EDGE('',*,*,#10699,.F.);
#10723 = ORIENTED_EDGE('',*,*,#8744,.F.);
#10724 = PLANE('',#10725);
#10725 = AXIS2_PLACEMENT_3D('',#10726,#10727,#10728);
#10726 = CARTESIAN_POINT('',(-3.,-2.11,-1.665334536938E-16));
#10727 = DIRECTION('',(1.,-1.144237745222E-17,0.));
#10728 = DIRECTION('',(0.,0.,1.));
#10729 = ADVANCED_FACE('',(#10730),#10741,.F.);
#10730 = FACE_BOUND('',#10731,.F.);
#10731 = EDGE_LOOP('',(#10732,#10738,#10739,#10740));
#10732 = ORIENTED_EDGE('',*,*,#10733,.T.);
#10733 = EDGE_CURVE('',#8728,#8837,#10734,.T.);
#10734 = LINE('',#10735,#10736);
#10735 = CARTESIAN_POINT('',(-2.724938966801,-2.11,-1.665334536938E-16)
  );
#10736 = VECTOR('',#10737,1.);
#10737 = DIRECTION('',(1.144237745222E-17,1.,0.));
#10738 = ORIENTED_EDGE('',*,*,#8845,.T.);
#10739 = ORIENTED_EDGE('',*,*,#10716,.F.);
#10740 = ORIENTED_EDGE('',*,*,#8736,.F.);
#10741 = PLANE('',#10742);
#10742 = AXIS2_PLACEMENT_3D('',#10743,#10744,#10745);
#10743 = CARTESIAN_POINT('',(-2.724938966801,-2.11,-1.665334536938E-16)
  );
#10744 = DIRECTION('',(0.,0.,1.));
#10745 = DIRECTION('',(-1.,1.144237745222E-17,0.));
#10746 = ADVANCED_FACE('',(#10747),#10758,.T.);
#10747 = FACE_BOUND('',#10748,.T.);
#10748 = EDGE_LOOP('',(#10749,#10750,#10751,#10752));
#10749 = ORIENTED_EDGE('',*,*,#8727,.T.);
#10750 = ORIENTED_EDGE('',*,*,#10733,.T.);
#10751 = ORIENTED_EDGE('',*,*,#8836,.F.);
#10752 = ORIENTED_EDGE('',*,*,#10753,.F.);
#10753 = EDGE_CURVE('',#8720,#8829,#10754,.T.);
#10754 = LINE('',#10755,#10756);
#10755 = CARTESIAN_POINT('',(-2.429496640897,-2.11,0.2479055467));
#10756 = VECTOR('',#10757,1.);
#10757 = DIRECTION('',(1.144237745222E-17,1.,0.));
#10758 = CYLINDRICAL_SURFACE('',#10759,0.3);
#10759 = AXIS2_PLACEMENT_3D('',#10760,#10761,#10762);
#10760 = CARTESIAN_POINT('',(-2.724938966801,-2.11,0.3));
#10761 = DIRECTION('',(-1.144237745222E-17,-1.,0.));
#10762 = DIRECTION('',(0.984807753012,-1.126854202784E-17,
    -0.173648177667));
#10763 = ADVANCED_FACE('',(#10764),#10770,.F.);
#10764 = FACE_BOUND('',#10765,.F.);
#10765 = EDGE_LOOP('',(#10766,#10767,#10768,#10769));
#10766 = ORIENTED_EDGE('',*,*,#8810,.T.);
#10767 = ORIENTED_EDGE('',*,*,#8828,.T.);
#10768 = ORIENTED_EDGE('',*,*,#10753,.F.);
#10769 = ORIENTED_EDGE('',*,*,#8719,.F.);
#10770 = PLANE('',#10771);
#10771 = AXIS2_PLACEMENT_3D('',#10772,#10773,#10774);
#10772 = CARTESIAN_POINT('',(-2.348480775301,-2.11,0.742364817767));
#10773 = DIRECTION('',(-0.986841372087,1.129181146488E-17,0.161691392282
    ));
#10774 = DIRECTION('',(-0.161691392282,1.85013394127E-18,-0.986841372087
    ));
#10775 = ADVANCED_FACE('',(#10776),#10787,.T.);
#10776 = FACE_BOUND('',#10777,.T.);
#10777 = EDGE_LOOP('',(#10778,#10779,#10780,#10781));
#10778 = ORIENTED_EDGE('',*,*,#9000,.T.);
#10779 = ORIENTED_EDGE('',*,*,#10447,.T.);
#10780 = ORIENTED_EDGE('',*,*,#9109,.F.);
#10781 = ORIENTED_EDGE('',*,*,#10782,.F.);
#10782 = EDGE_CURVE('',#8993,#9102,#10783,.T.);
#10783 = LINE('',#10784,#10785);
#10784 = CARTESIAN_POINT('',(-2.545442325904,-0.84,0.7770944533));
#10785 = VECTOR('',#10786,1.);
#10786 = DIRECTION('',(1.144237745222E-17,1.,0.));
#10787 = CYLINDRICAL_SURFACE('',#10788,0.3);
#10788 = AXIS2_PLACEMENT_3D('',#10789,#10790,#10791);
#10789 = CARTESIAN_POINT('',(-2.25,-0.84,0.725));
#10790 = DIRECTION('',(-1.144237745222E-17,-1.,0.));
#10791 = DIRECTION('',(-0.984807753012,1.126854202784E-17,0.173648177667
    ));
#10792 = ADVANCED_FACE('',(#10793),#10804,.F.);
#10793 = FACE_BOUND('',#10794,.F.);
#10794 = EDGE_LOOP('',(#10795,#10801,#10802,#10803));
#10795 = ORIENTED_EDGE('',*,*,#10796,.T.);
#10796 = EDGE_CURVE('',#8984,#9093,#10797,.T.);
#10797 = LINE('',#10798,#10799);
#10798 = CARTESIAN_POINT('',(-2.6264581915,-0.84,0.282635182233));
#10799 = VECTOR('',#10800,1.);
#10800 = DIRECTION('',(1.144237745222E-17,1.,0.));
#10801 = ORIENTED_EDGE('',*,*,#9101,.T.);
#10802 = ORIENTED_EDGE('',*,*,#10782,.F.);
#10803 = ORIENTED_EDGE('',*,*,#8992,.F.);
#10804 = PLANE('',#10805);
#10805 = AXIS2_PLACEMENT_3D('',#10806,#10807,#10808);
#10806 = CARTESIAN_POINT('',(-2.6264581915,-0.84,0.282635182233));
#10807 = DIRECTION('',(0.986841372087,-1.129181146488E-17,
    -0.161691392282));
#10808 = DIRECTION('',(0.161691392282,-1.85013394127E-18,0.986841372087)
  );
#10809 = ADVANCED_FACE('',(#10810),#10821,.F.);
#10810 = FACE_BOUND('',#10811,.F.);
#10811 = EDGE_LOOP('',(#10812,#10818,#10819,#10820));
#10812 = ORIENTED_EDGE('',*,*,#10813,.T.);
#10813 = EDGE_CURVE('',#8976,#9085,#10814,.T.);
#10814 = LINE('',#10815,#10816);
#10815 = CARTESIAN_POINT('',(-2.724938966801,-0.84,0.2));
#10816 = VECTOR('',#10817,1.);
#10817 = DIRECTION('',(1.144237745222E-17,1.,0.));
#10818 = ORIENTED_EDGE('',*,*,#9092,.T.);
#10819 = ORIENTED_EDGE('',*,*,#10796,.F.);
#10820 = ORIENTED_EDGE('',*,*,#8983,.F.);
#10821 = CYLINDRICAL_SURFACE('',#10822,0.1);
#10822 = AXIS2_PLACEMENT_3D('',#10823,#10824,#10825);
#10823 = CARTESIAN_POINT('',(-2.724938966801,-0.84,0.3));
#10824 = DIRECTION('',(-1.144237745222E-17,-1.,0.));
#10825 = DIRECTION('',(-0.,0.,-1.));
#10826 = ADVANCED_FACE('',(#10827),#10838,.F.);
#10827 = FACE_BOUND('',#10828,.F.);
#10828 = EDGE_LOOP('',(#10829,#10835,#10836,#10837));
#10829 = ORIENTED_EDGE('',*,*,#10830,.T.);
#10830 = EDGE_CURVE('',#8968,#9077,#10831,.T.);
#10831 = LINE('',#10832,#10833);
#10832 = CARTESIAN_POINT('',(-3.,-0.84,0.2));
#10833 = VECTOR('',#10834,1.);
#10834 = DIRECTION('',(1.144237745222E-17,1.,0.));
#10835 = ORIENTED_EDGE('',*,*,#9084,.T.);
#10836 = ORIENTED_EDGE('',*,*,#10813,.F.);
#10837 = ORIENTED_EDGE('',*,*,#8975,.F.);
#10838 = PLANE('',#10839);
#10839 = AXIS2_PLACEMENT_3D('',#10840,#10841,#10842);
#10840 = CARTESIAN_POINT('',(-3.,-0.84,0.2));
#10841 = DIRECTION('',(0.,0.,-1.));
#10842 = DIRECTION('',(1.,-1.144237745222E-17,0.));
#10843 = ADVANCED_FACE('',(#10844),#10855,.F.);
#10844 = FACE_BOUND('',#10845,.F.);
#10845 = EDGE_LOOP('',(#10846,#10852,#10853,#10854));
#10846 = ORIENTED_EDGE('',*,*,#10847,.T.);
#10847 = EDGE_CURVE('',#8960,#9069,#10848,.T.);
#10848 = LINE('',#10849,#10850);
#10849 = CARTESIAN_POINT('',(-3.,-0.84,-1.665334536938E-16));
#10850 = VECTOR('',#10851,1.);
#10851 = DIRECTION('',(1.144237745222E-17,1.,0.));
#10852 = ORIENTED_EDGE('',*,*,#9076,.T.);
#10853 = ORIENTED_EDGE('',*,*,#10830,.F.);
#10854 = ORIENTED_EDGE('',*,*,#8967,.F.);
#10855 = PLANE('',#10856);
#10856 = AXIS2_PLACEMENT_3D('',#10857,#10858,#10859);
#10857 = CARTESIAN_POINT('',(-3.,-0.84,-1.665334536938E-16));
#10858 = DIRECTION('',(1.,-1.144237745222E-17,0.));
#10859 = DIRECTION('',(0.,0.,1.));
#10860 = ADVANCED_FACE('',(#10861),#10872,.F.);
#10861 = FACE_BOUND('',#10862,.F.);
#10862 = EDGE_LOOP('',(#10863,#10869,#10870,#10871));
#10863 = ORIENTED_EDGE('',*,*,#10864,.T.);
#10864 = EDGE_CURVE('',#8951,#9060,#10865,.T.);
#10865 = LINE('',#10866,#10867);
#10866 = CARTESIAN_POINT('',(-2.724938966801,-0.84,-1.665334536938E-16)
  );
#10867 = VECTOR('',#10868,1.);
#10868 = DIRECTION('',(1.144237745222E-17,1.,0.));
#10869 = ORIENTED_EDGE('',*,*,#9068,.T.);
#10870 = ORIENTED_EDGE('',*,*,#10847,.F.);
#10871 = ORIENTED_EDGE('',*,*,#8959,.F.);
#10872 = PLANE('',#10873);
#10873 = AXIS2_PLACEMENT_3D('',#10874,#10875,#10876);
#10874 = CARTESIAN_POINT('',(-2.724938966801,-0.84,-1.665334536938E-16)
  );
#10875 = DIRECTION('',(0.,0.,1.));
#10876 = DIRECTION('',(-1.,1.144237745222E-17,0.));
#10877 = ADVANCED_FACE('',(#10878),#10889,.T.);
#10878 = FACE_BOUND('',#10879,.T.);
#10879 = EDGE_LOOP('',(#10880,#10881,#10882,#10883));
#10880 = ORIENTED_EDGE('',*,*,#8950,.T.);
#10881 = ORIENTED_EDGE('',*,*,#10864,.T.);
#10882 = ORIENTED_EDGE('',*,*,#9059,.F.);
#10883 = ORIENTED_EDGE('',*,*,#10884,.F.);
#10884 = EDGE_CURVE('',#8943,#9052,#10885,.T.);
#10885 = LINE('',#10886,#10887);
#10886 = CARTESIAN_POINT('',(-2.429496640897,-0.84,0.2479055467));
#10887 = VECTOR('',#10888,1.);
#10888 = DIRECTION('',(1.144237745222E-17,1.,0.));
#10889 = CYLINDRICAL_SURFACE('',#10890,0.3);
#10890 = AXIS2_PLACEMENT_3D('',#10891,#10892,#10893);
#10891 = CARTESIAN_POINT('',(-2.724938966801,-0.84,0.3));
#10892 = DIRECTION('',(-1.144237745222E-17,-1.,0.));
#10893 = DIRECTION('',(0.984807753012,-1.126854202784E-17,
    -0.173648177667));
#10894 = ADVANCED_FACE('',(#10895),#10901,.F.);
#10895 = FACE_BOUND('',#10896,.F.);
#10896 = EDGE_LOOP('',(#10897,#10898,#10899,#10900));
#10897 = ORIENTED_EDGE('',*,*,#9033,.T.);
#10898 = ORIENTED_EDGE('',*,*,#9051,.T.);
#10899 = ORIENTED_EDGE('',*,*,#10884,.F.);
#10900 = ORIENTED_EDGE('',*,*,#8942,.F.);
#10901 = PLANE('',#10902);
#10902 = AXIS2_PLACEMENT_3D('',#10903,#10904,#10905);
#10903 = CARTESIAN_POINT('',(-2.348480775301,-0.84,0.742364817767));
#10904 = DIRECTION('',(-0.986841372087,1.129181146488E-17,0.161691392282
    ));
#10905 = DIRECTION('',(-0.161691392282,1.85013394127E-18,-0.986841372087
    ));
#10906 = ADVANCED_FACE('',(#10907),#10918,.T.);
#10907 = FACE_BOUND('',#10908,.T.);
#10908 = EDGE_LOOP('',(#10909,#10910,#10911,#10912));
#10909 = ORIENTED_EDGE('',*,*,#9223,.T.);
#10910 = ORIENTED_EDGE('',*,*,#10466,.T.);
#10911 = ORIENTED_EDGE('',*,*,#9332,.F.);
#10912 = ORIENTED_EDGE('',*,*,#10913,.F.);
#10913 = EDGE_CURVE('',#9216,#9325,#10914,.T.);
#10914 = LINE('',#10915,#10916);
#10915 = CARTESIAN_POINT('',(-2.545442325904,0.43,0.7770944533));
#10916 = VECTOR('',#10917,1.);
#10917 = DIRECTION('',(1.144237745222E-17,1.,0.));
#10918 = CYLINDRICAL_SURFACE('',#10919,0.3);
#10919 = AXIS2_PLACEMENT_3D('',#10920,#10921,#10922);
#10920 = CARTESIAN_POINT('',(-2.25,0.43,0.725));
#10921 = DIRECTION('',(-1.144237745222E-17,-1.,0.));
#10922 = DIRECTION('',(-0.984807753012,1.126854202784E-17,0.173648177667
    ));
#10923 = ADVANCED_FACE('',(#10924),#10935,.F.);
#10924 = FACE_BOUND('',#10925,.F.);
#10925 = EDGE_LOOP('',(#10926,#10932,#10933,#10934));
#10926 = ORIENTED_EDGE('',*,*,#10927,.T.);
#10927 = EDGE_CURVE('',#9207,#9316,#10928,.T.);
#10928 = LINE('',#10929,#10930);
#10929 = CARTESIAN_POINT('',(-2.6264581915,0.43,0.282635182233));
#10930 = VECTOR('',#10931,1.);
#10931 = DIRECTION('',(1.144237745222E-17,1.,0.));
#10932 = ORIENTED_EDGE('',*,*,#9324,.T.);
#10933 = ORIENTED_EDGE('',*,*,#10913,.F.);
#10934 = ORIENTED_EDGE('',*,*,#9215,.F.);
#10935 = PLANE('',#10936);
#10936 = AXIS2_PLACEMENT_3D('',#10937,#10938,#10939);
#10937 = CARTESIAN_POINT('',(-2.6264581915,0.43,0.282635182233));
#10938 = DIRECTION('',(0.986841372087,-1.129181146488E-17,
    -0.161691392282));
#10939 = DIRECTION('',(0.161691392282,-1.85013394127E-18,0.986841372087)
  );
#10940 = ADVANCED_FACE('',(#10941),#10952,.F.);
#10941 = FACE_BOUND('',#10942,.F.);
#10942 = EDGE_LOOP('',(#10943,#10949,#10950,#10951));
#10943 = ORIENTED_EDGE('',*,*,#10944,.T.);
#10944 = EDGE_CURVE('',#9199,#9308,#10945,.T.);
#10945 = LINE('',#10946,#10947);
#10946 = CARTESIAN_POINT('',(-2.724938966801,0.43,0.2));
#10947 = VECTOR('',#10948,1.);
#10948 = DIRECTION('',(1.144237745222E-17,1.,0.));
#10949 = ORIENTED_EDGE('',*,*,#9315,.T.);
#10950 = ORIENTED_EDGE('',*,*,#10927,.F.);
#10951 = ORIENTED_EDGE('',*,*,#9206,.F.);
#10952 = CYLINDRICAL_SURFACE('',#10953,0.1);
#10953 = AXIS2_PLACEMENT_3D('',#10954,#10955,#10956);
#10954 = CARTESIAN_POINT('',(-2.724938966801,0.43,0.3));
#10955 = DIRECTION('',(-1.144237745222E-17,-1.,0.));
#10956 = DIRECTION('',(-0.,0.,-1.));
#10957 = ADVANCED_FACE('',(#10958),#10969,.F.);
#10958 = FACE_BOUND('',#10959,.F.);
#10959 = EDGE_LOOP('',(#10960,#10966,#10967,#10968));
#10960 = ORIENTED_EDGE('',*,*,#10961,.T.);
#10961 = EDGE_CURVE('',#9191,#9300,#10962,.T.);
#10962 = LINE('',#10963,#10964);
#10963 = CARTESIAN_POINT('',(-3.,0.43,0.2));
#10964 = VECTOR('',#10965,1.);
#10965 = DIRECTION('',(1.144237745222E-17,1.,0.));
#10966 = ORIENTED_EDGE('',*,*,#9307,.T.);
#10967 = ORIENTED_EDGE('',*,*,#10944,.F.);
#10968 = ORIENTED_EDGE('',*,*,#9198,.F.);
#10969 = PLANE('',#10970);
#10970 = AXIS2_PLACEMENT_3D('',#10971,#10972,#10973);
#10971 = CARTESIAN_POINT('',(-3.,0.43,0.2));
#10972 = DIRECTION('',(0.,0.,-1.));
#10973 = DIRECTION('',(1.,-1.144237745222E-17,0.));
#10974 = ADVANCED_FACE('',(#10975),#10986,.F.);
#10975 = FACE_BOUND('',#10976,.F.);
#10976 = EDGE_LOOP('',(#10977,#10983,#10984,#10985));
#10977 = ORIENTED_EDGE('',*,*,#10978,.T.);
#10978 = EDGE_CURVE('',#9183,#9292,#10979,.T.);
#10979 = LINE('',#10980,#10981);
#10980 = CARTESIAN_POINT('',(-3.,0.43,-1.665334536938E-16));
#10981 = VECTOR('',#10982,1.);
#10982 = DIRECTION('',(1.144237745222E-17,1.,0.));
#10983 = ORIENTED_EDGE('',*,*,#9299,.T.);
#10984 = ORIENTED_EDGE('',*,*,#10961,.F.);
#10985 = ORIENTED_EDGE('',*,*,#9190,.F.);
#10986 = PLANE('',#10987);
#10987 = AXIS2_PLACEMENT_3D('',#10988,#10989,#10990);
#10988 = CARTESIAN_POINT('',(-3.,0.43,-1.665334536938E-16));
#10989 = DIRECTION('',(1.,-1.144237745222E-17,0.));
#10990 = DIRECTION('',(0.,0.,1.));
#10991 = ADVANCED_FACE('',(#10992),#11003,.F.);
#10992 = FACE_BOUND('',#10993,.F.);
#10993 = EDGE_LOOP('',(#10994,#11000,#11001,#11002));
#10994 = ORIENTED_EDGE('',*,*,#10995,.T.);
#10995 = EDGE_CURVE('',#9174,#9283,#10996,.T.);
#10996 = LINE('',#10997,#10998);
#10997 = CARTESIAN_POINT('',(-2.724938966801,0.43,-1.665334536938E-16));
#10998 = VECTOR('',#10999,1.);
#10999 = DIRECTION('',(1.144237745222E-17,1.,0.));
#11000 = ORIENTED_EDGE('',*,*,#9291,.T.);
#11001 = ORIENTED_EDGE('',*,*,#10978,.F.);
#11002 = ORIENTED_EDGE('',*,*,#9182,.F.);
#11003 = PLANE('',#11004);
#11004 = AXIS2_PLACEMENT_3D('',#11005,#11006,#11007);
#11005 = CARTESIAN_POINT('',(-2.724938966801,0.43,-1.665334536938E-16));
#11006 = DIRECTION('',(0.,0.,1.));
#11007 = DIRECTION('',(-1.,1.144237745222E-17,0.));
#11008 = ADVANCED_FACE('',(#11009),#11020,.T.);
#11009 = FACE_BOUND('',#11010,.T.);
#11010 = EDGE_LOOP('',(#11011,#11012,#11013,#11014));
#11011 = ORIENTED_EDGE('',*,*,#9173,.T.);
#11012 = ORIENTED_EDGE('',*,*,#10995,.T.);
#11013 = ORIENTED_EDGE('',*,*,#9282,.F.);
#11014 = ORIENTED_EDGE('',*,*,#11015,.F.);
#11015 = EDGE_CURVE('',#9166,#9275,#11016,.T.);
#11016 = LINE('',#11017,#11018);
#11017 = CARTESIAN_POINT('',(-2.429496640897,0.43,0.2479055467));
#11018 = VECTOR('',#11019,1.);
#11019 = DIRECTION('',(1.144237745222E-17,1.,0.));
#11020 = CYLINDRICAL_SURFACE('',#11021,0.3);
#11021 = AXIS2_PLACEMENT_3D('',#11022,#11023,#11024);
#11022 = CARTESIAN_POINT('',(-2.724938966801,0.43,0.3));
#11023 = DIRECTION('',(-1.144237745222E-17,-1.,0.));
#11024 = DIRECTION('',(0.984807753012,-1.126854202784E-17,
    -0.173648177667));
#11025 = ADVANCED_FACE('',(#11026),#11032,.F.);
#11026 = FACE_BOUND('',#11027,.F.);
#11027 = EDGE_LOOP('',(#11028,#11029,#11030,#11031));
#11028 = ORIENTED_EDGE('',*,*,#9256,.T.);
#11029 = ORIENTED_EDGE('',*,*,#9274,.T.);
#11030 = ORIENTED_EDGE('',*,*,#11015,.F.);
#11031 = ORIENTED_EDGE('',*,*,#9165,.F.);
#11032 = PLANE('',#11033);
#11033 = AXIS2_PLACEMENT_3D('',#11034,#11035,#11036);
#11034 = CARTESIAN_POINT('',(-2.348480775301,0.43,0.742364817767));
#11035 = DIRECTION('',(-0.986841372087,1.129181146488E-17,0.161691392282
    ));
#11036 = DIRECTION('',(-0.161691392282,1.85013394127E-18,-0.986841372087
    ));
#11037 = ADVANCED_FACE('',(#11038),#11049,.F.);
#11038 = FACE_BOUND('',#11039,.F.);
#11039 = EDGE_LOOP('',(#11040,#11046,#11047,#11048));
#11040 = ORIENTED_EDGE('',*,*,#11041,.T.);
#11041 = EDGE_CURVE('',#9425,#9527,#11042,.T.);
#11042 = LINE('',#11043,#11044);
#11043 = CARTESIAN_POINT('',(-2.6264581915,1.7,0.282635182233));
#11044 = VECTOR('',#11045,1.);
#11045 = DIRECTION('',(1.144237745222E-17,1.,0.));
#11046 = ORIENTED_EDGE('',*,*,#9535,.T.);
#11047 = ORIENTED_EDGE('',*,*,#10413,.F.);
#11048 = ORIENTED_EDGE('',*,*,#9433,.F.);
#11049 = PLANE('',#11050);
#11050 = AXIS2_PLACEMENT_3D('',#11051,#11052,#11053);
#11051 = CARTESIAN_POINT('',(-2.6264581915,1.7,0.282635182233));
#11052 = DIRECTION('',(0.986841372087,-1.129181146488E-17,
    -0.161691392282));
#11053 = DIRECTION('',(0.161691392282,-1.85013394127E-18,0.986841372087)
  );
#11054 = ADVANCED_FACE('',(#11055),#11066,.F.);
#11055 = FACE_BOUND('',#11056,.F.);
#11056 = EDGE_LOOP('',(#11057,#11063,#11064,#11065));
#11057 = ORIENTED_EDGE('',*,*,#11058,.T.);
#11058 = EDGE_CURVE('',#9417,#9519,#11059,.T.);
#11059 = LINE('',#11060,#11061);
#11060 = CARTESIAN_POINT('',(-2.724938966801,1.7,0.2));
#11061 = VECTOR('',#11062,1.);
#11062 = DIRECTION('',(1.144237745222E-17,1.,0.));
#11063 = ORIENTED_EDGE('',*,*,#9526,.T.);
#11064 = ORIENTED_EDGE('',*,*,#11041,.F.);
#11065 = ORIENTED_EDGE('',*,*,#9424,.F.);
#11066 = CYLINDRICAL_SURFACE('',#11067,0.1);
#11067 = AXIS2_PLACEMENT_3D('',#11068,#11069,#11070);
#11068 = CARTESIAN_POINT('',(-2.724938966801,1.7,0.3));
#11069 = DIRECTION('',(-1.144237745222E-17,-1.,0.));
#11070 = DIRECTION('',(-0.,0.,-1.));
#11071 = ADVANCED_FACE('',(#11072),#11083,.F.);
#11072 = FACE_BOUND('',#11073,.F.);
#11073 = EDGE_LOOP('',(#11074,#11080,#11081,#11082));
#11074 = ORIENTED_EDGE('',*,*,#11075,.T.);
#11075 = EDGE_CURVE('',#9409,#9511,#11076,.T.);
#11076 = LINE('',#11077,#11078);
#11077 = CARTESIAN_POINT('',(-3.,1.7,0.2));
#11078 = VECTOR('',#11079,1.);
#11079 = DIRECTION('',(1.144237745222E-17,1.,0.));
#11080 = ORIENTED_EDGE('',*,*,#9518,.T.);
#11081 = ORIENTED_EDGE('',*,*,#11058,.F.);
#11082 = ORIENTED_EDGE('',*,*,#9416,.F.);
#11083 = PLANE('',#11084);
#11084 = AXIS2_PLACEMENT_3D('',#11085,#11086,#11087);
#11085 = CARTESIAN_POINT('',(-3.,1.7,0.2));
#11086 = DIRECTION('',(0.,0.,-1.));
#11087 = DIRECTION('',(1.,-1.144237745222E-17,0.));
#11088 = ADVANCED_FACE('',(#11089),#11100,.F.);
#11089 = FACE_BOUND('',#11090,.F.);
#11090 = EDGE_LOOP('',(#11091,#11097,#11098,#11099));
#11091 = ORIENTED_EDGE('',*,*,#11092,.T.);
#11092 = EDGE_CURVE('',#9401,#9503,#11093,.T.);
#11093 = LINE('',#11094,#11095);
#11094 = CARTESIAN_POINT('',(-3.,1.7,-1.665334536938E-16));
#11095 = VECTOR('',#11096,1.);
#11096 = DIRECTION('',(1.144237745222E-17,1.,0.));
#11097 = ORIENTED_EDGE('',*,*,#9510,.T.);
#11098 = ORIENTED_EDGE('',*,*,#11075,.F.);
#11099 = ORIENTED_EDGE('',*,*,#9408,.F.);
#11100 = PLANE('',#11101);
#11101 = AXIS2_PLACEMENT_3D('',#11102,#11103,#11104);
#11102 = CARTESIAN_POINT('',(-3.,1.7,-1.665334536938E-16));
#11103 = DIRECTION('',(1.,-1.144237745222E-17,0.));
#11104 = DIRECTION('',(0.,0.,1.));
#11105 = ADVANCED_FACE('',(#11106),#11117,.F.);
#11106 = FACE_BOUND('',#11107,.F.);
#11107 = EDGE_LOOP('',(#11108,#11114,#11115,#11116));
#11108 = ORIENTED_EDGE('',*,*,#11109,.T.);
#11109 = EDGE_CURVE('',#9392,#9494,#11110,.T.);
#11110 = LINE('',#11111,#11112);
#11111 = CARTESIAN_POINT('',(-2.724938966801,1.7,-1.665334536938E-16));
#11112 = VECTOR('',#11113,1.);
#11113 = DIRECTION('',(1.144237745222E-17,1.,0.));
#11114 = ORIENTED_EDGE('',*,*,#9502,.T.);
#11115 = ORIENTED_EDGE('',*,*,#11092,.F.);
#11116 = ORIENTED_EDGE('',*,*,#9400,.F.);
#11117 = PLANE('',#11118);
#11118 = AXIS2_PLACEMENT_3D('',#11119,#11120,#11121);
#11119 = CARTESIAN_POINT('',(-2.724938966801,1.7,-1.665334536938E-16));
#11120 = DIRECTION('',(0.,0.,1.));
#11121 = DIRECTION('',(-1.,1.144237745222E-17,0.));
#11122 = ADVANCED_FACE('',(#11123),#11134,.T.);
#11123 = FACE_BOUND('',#11124,.T.);
#11124 = EDGE_LOOP('',(#11125,#11126,#11127,#11128));
#11125 = ORIENTED_EDGE('',*,*,#9391,.T.);
#11126 = ORIENTED_EDGE('',*,*,#11109,.T.);
#11127 = ORIENTED_EDGE('',*,*,#9493,.F.);
#11128 = ORIENTED_EDGE('',*,*,#11129,.F.);
#11129 = EDGE_CURVE('',#9384,#9486,#11130,.T.);
#11130 = LINE('',#11131,#11132);
#11131 = CARTESIAN_POINT('',(-2.429496640897,1.7,0.2479055467));
#11132 = VECTOR('',#11133,1.);
#11133 = DIRECTION('',(1.144237745222E-17,1.,0.));
#11134 = CYLINDRICAL_SURFACE('',#11135,0.3);
#11135 = AXIS2_PLACEMENT_3D('',#11136,#11137,#11138);
#11136 = CARTESIAN_POINT('',(-2.724938966801,1.7,0.3));
#11137 = DIRECTION('',(-1.144237745222E-17,-1.,0.));
#11138 = DIRECTION('',(0.984807753012,-1.126854202784E-17,
    -0.173648177667));
#11139 = ADVANCED_FACE('',(#11140),#11146,.F.);
#11140 = FACE_BOUND('',#11141,.F.);
#11141 = EDGE_LOOP('',(#11142,#11143,#11144,#11145));
#11142 = ORIENTED_EDGE('',*,*,#9467,.T.);
#11143 = ORIENTED_EDGE('',*,*,#9485,.T.);
#11144 = ORIENTED_EDGE('',*,*,#11129,.F.);
#11145 = ORIENTED_EDGE('',*,*,#9383,.F.);
#11146 = PLANE('',#11147);
#11147 = AXIS2_PLACEMENT_3D('',#11148,#11149,#11150);
#11148 = CARTESIAN_POINT('',(-2.348480775301,1.7,0.742364817767));
#11149 = DIRECTION('',(-0.986841372087,1.129181146488E-17,0.161691392282
    ));
#11150 = DIRECTION('',(-0.161691392282,1.85013394127E-18,-0.986841372087
    ));
#11151 = ADVANCED_FACE('',(#11152),#11163,.F.);
#11152 = FACE_BOUND('',#11153,.F.);
#11153 = EDGE_LOOP('',(#11154,#11160,#11161,#11162));
#11154 = ORIENTED_EDGE('',*,*,#11155,.T.);
#11155 = EDGE_CURVE('',#9612,#9714,#11156,.T.);
#11156 = LINE('',#11157,#11158);
#11157 = CARTESIAN_POINT('',(2.6264581915,2.11,0.282635182233));
#11158 = VECTOR('',#11159,1.);
#11159 = DIRECTION('',(1.110223024625E-16,-1.,0.));
#11160 = ORIENTED_EDGE('',*,*,#9722,.T.);
#11161 = ORIENTED_EDGE('',*,*,#10622,.F.);
#11162 = ORIENTED_EDGE('',*,*,#9620,.F.);
#11163 = PLANE('',#11164);
#11164 = AXIS2_PLACEMENT_3D('',#11165,#11166,#11167);
#11165 = CARTESIAN_POINT('',(2.6264581915,2.11,0.282635182233));
#11166 = DIRECTION('',(-0.986841372087,-1.095614012943E-16,
    -0.161691392282));
#11167 = DIRECTION('',(-0.161691392282,-1.795135065956E-17,
    0.986841372087));
#11168 = ADVANCED_FACE('',(#11169),#11180,.F.);
#11169 = FACE_BOUND('',#11170,.F.);
#11170 = EDGE_LOOP('',(#11171,#11177,#11178,#11179));
#11171 = ORIENTED_EDGE('',*,*,#11172,.T.);
#11172 = EDGE_CURVE('',#9604,#9706,#11173,.T.);
#11173 = LINE('',#11174,#11175);
#11174 = CARTESIAN_POINT('',(2.724938966801,2.11,0.2));
#11175 = VECTOR('',#11176,1.);
#11176 = DIRECTION('',(1.110223024625E-16,-1.,0.));
#11177 = ORIENTED_EDGE('',*,*,#9713,.T.);
#11178 = ORIENTED_EDGE('',*,*,#11155,.F.);
#11179 = ORIENTED_EDGE('',*,*,#9611,.F.);
#11180 = CYLINDRICAL_SURFACE('',#11181,0.1);
#11181 = AXIS2_PLACEMENT_3D('',#11182,#11183,#11184);
#11182 = CARTESIAN_POINT('',(2.724938966801,2.11,0.3));
#11183 = DIRECTION('',(-1.110223024625E-16,1.,0.));
#11184 = DIRECTION('',(0.,0.,-1.));
#11185 = ADVANCED_FACE('',(#11186),#11197,.F.);
#11186 = FACE_BOUND('',#11187,.F.);
#11187 = EDGE_LOOP('',(#11188,#11194,#11195,#11196));
#11188 = ORIENTED_EDGE('',*,*,#11189,.T.);
#11189 = EDGE_CURVE('',#9596,#9698,#11190,.T.);
#11190 = LINE('',#11191,#11192);
#11191 = CARTESIAN_POINT('',(3.,2.11,0.2));
#11192 = VECTOR('',#11193,1.);
#11193 = DIRECTION('',(1.110223024625E-16,-1.,0.));
#11194 = ORIENTED_EDGE('',*,*,#9705,.T.);
#11195 = ORIENTED_EDGE('',*,*,#11172,.F.);
#11196 = ORIENTED_EDGE('',*,*,#9603,.F.);
#11197 = PLANE('',#11198);
#11198 = AXIS2_PLACEMENT_3D('',#11199,#11200,#11201);
#11199 = CARTESIAN_POINT('',(3.,2.11,0.2));
#11200 = DIRECTION('',(0.,0.,-1.));
#11201 = DIRECTION('',(-1.,-1.110223024625E-16,-0.));
#11202 = ADVANCED_FACE('',(#11203),#11214,.F.);
#11203 = FACE_BOUND('',#11204,.F.);
#11204 = EDGE_LOOP('',(#11205,#11211,#11212,#11213));
#11205 = ORIENTED_EDGE('',*,*,#11206,.T.);
#11206 = EDGE_CURVE('',#9588,#9690,#11207,.T.);
#11207 = LINE('',#11208,#11209);
#11208 = CARTESIAN_POINT('',(3.,2.11,-1.665334536938E-16));
#11209 = VECTOR('',#11210,1.);
#11210 = DIRECTION('',(1.110223024625E-16,-1.,0.));
#11211 = ORIENTED_EDGE('',*,*,#9697,.T.);
#11212 = ORIENTED_EDGE('',*,*,#11189,.F.);
#11213 = ORIENTED_EDGE('',*,*,#9595,.F.);
#11214 = PLANE('',#11215);
#11215 = AXIS2_PLACEMENT_3D('',#11216,#11217,#11218);
#11216 = CARTESIAN_POINT('',(3.,2.11,-1.665334536938E-16));
#11217 = DIRECTION('',(-1.,-1.110223024625E-16,0.));
#11218 = DIRECTION('',(0.,0.,1.));
#11219 = ADVANCED_FACE('',(#11220),#11231,.F.);
#11220 = FACE_BOUND('',#11221,.F.);
#11221 = EDGE_LOOP('',(#11222,#11228,#11229,#11230));
#11222 = ORIENTED_EDGE('',*,*,#11223,.T.);
#11223 = EDGE_CURVE('',#9579,#9681,#11224,.T.);
#11224 = LINE('',#11225,#11226);
#11225 = CARTESIAN_POINT('',(2.724938966801,2.11,-1.665334536938E-16));
#11226 = VECTOR('',#11227,1.);
#11227 = DIRECTION('',(1.110223024625E-16,-1.,0.));
#11228 = ORIENTED_EDGE('',*,*,#9689,.T.);
#11229 = ORIENTED_EDGE('',*,*,#11206,.F.);
#11230 = ORIENTED_EDGE('',*,*,#9587,.F.);
#11231 = PLANE('',#11232);
#11232 = AXIS2_PLACEMENT_3D('',#11233,#11234,#11235);
#11233 = CARTESIAN_POINT('',(2.724938966801,2.11,-1.665334536938E-16));
#11234 = DIRECTION('',(0.,0.,1.));
#11235 = DIRECTION('',(1.,1.110223024625E-16,-0.));
#11236 = ADVANCED_FACE('',(#11237),#11248,.T.);
#11237 = FACE_BOUND('',#11238,.T.);
#11238 = EDGE_LOOP('',(#11239,#11240,#11241,#11242));
#11239 = ORIENTED_EDGE('',*,*,#9578,.T.);
#11240 = ORIENTED_EDGE('',*,*,#11223,.T.);
#11241 = ORIENTED_EDGE('',*,*,#9680,.F.);
#11242 = ORIENTED_EDGE('',*,*,#11243,.F.);
#11243 = EDGE_CURVE('',#9571,#9673,#11244,.T.);
#11244 = LINE('',#11245,#11246);
#11245 = CARTESIAN_POINT('',(2.429496640897,2.11,0.2479055467));
#11246 = VECTOR('',#11247,1.);
#11247 = DIRECTION('',(1.110223024625E-16,-1.,0.));
#11248 = CYLINDRICAL_SURFACE('',#11249,0.3);
#11249 = AXIS2_PLACEMENT_3D('',#11250,#11251,#11252);
#11250 = CARTESIAN_POINT('',(2.724938966801,2.11,0.3));
#11251 = DIRECTION('',(-1.110223024625E-16,1.,0.));
#11252 = DIRECTION('',(-0.984807753012,-1.093356242223E-16,
    -0.173648177667));
#11253 = ADVANCED_FACE('',(#11254),#11260,.F.);
#11254 = FACE_BOUND('',#11255,.F.);
#11255 = EDGE_LOOP('',(#11256,#11257,#11258,#11259));
#11256 = ORIENTED_EDGE('',*,*,#9654,.T.);
#11257 = ORIENTED_EDGE('',*,*,#9672,.T.);
#11258 = ORIENTED_EDGE('',*,*,#11243,.F.);
#11259 = ORIENTED_EDGE('',*,*,#9570,.F.);
#11260 = PLANE('',#11261);
#11261 = AXIS2_PLACEMENT_3D('',#11262,#11263,#11264);
#11262 = CARTESIAN_POINT('',(2.348480775301,2.11,0.742364817767));
#11263 = DIRECTION('',(0.986841372087,1.095614012943E-16,0.161691392282)
  );
#11264 = DIRECTION('',(0.161691392282,1.795135065956E-17,-0.986841372087
    ));
#11265 = ADVANCED_FACE('',(#11266),#11277,.T.);
#11266 = FACE_BOUND('',#11267,.T.);
#11267 = EDGE_LOOP('',(#11268,#11269,#11270,#11271));
#11268 = ORIENTED_EDGE('',*,*,#9832,.T.);
#11269 = ORIENTED_EDGE('',*,*,#10547,.T.);
#11270 = ORIENTED_EDGE('',*,*,#9941,.F.);
#11271 = ORIENTED_EDGE('',*,*,#11272,.F.);
#11272 = EDGE_CURVE('',#9825,#9934,#11273,.T.);
#11273 = LINE('',#11274,#11275);
#11274 = CARTESIAN_POINT('',(2.545442325904,0.84,0.7770944533));
#11275 = VECTOR('',#11276,1.);
#11276 = DIRECTION('',(1.110223024625E-16,-1.,0.));
#11277 = CYLINDRICAL_SURFACE('',#11278,0.3);
#11278 = AXIS2_PLACEMENT_3D('',#11279,#11280,#11281);
#11279 = CARTESIAN_POINT('',(2.25,0.84,0.725));
#11280 = DIRECTION('',(-1.110223024625E-16,1.,0.));
#11281 = DIRECTION('',(0.984807753012,1.093356242223E-16,0.173648177667)
  );
#11282 = ADVANCED_FACE('',(#11283),#11294,.F.);
#11283 = FACE_BOUND('',#11284,.F.);
#11284 = EDGE_LOOP('',(#11285,#11291,#11292,#11293));
#11285 = ORIENTED_EDGE('',*,*,#11286,.T.);
#11286 = EDGE_CURVE('',#9816,#9925,#11287,.T.);
#11287 = LINE('',#11288,#11289);
#11288 = CARTESIAN_POINT('',(2.6264581915,0.84,0.282635182233));
#11289 = VECTOR('',#11290,1.);
#11290 = DIRECTION('',(1.110223024625E-16,-1.,0.));
#11291 = ORIENTED_EDGE('',*,*,#9933,.T.);
#11292 = ORIENTED_EDGE('',*,*,#11272,.F.);
#11293 = ORIENTED_EDGE('',*,*,#9824,.F.);
#11294 = PLANE('',#11295);
#11295 = AXIS2_PLACEMENT_3D('',#11296,#11297,#11298);
#11296 = CARTESIAN_POINT('',(2.6264581915,0.84,0.282635182233));
#11297 = DIRECTION('',(-0.986841372087,-1.095614012943E-16,
    -0.161691392282));
#11298 = DIRECTION('',(-0.161691392282,-1.795135065956E-17,
    0.986841372087));
#11299 = ADVANCED_FACE('',(#11300),#11311,.F.);
#11300 = FACE_BOUND('',#11301,.F.);
#11301 = EDGE_LOOP('',(#11302,#11308,#11309,#11310));
#11302 = ORIENTED_EDGE('',*,*,#11303,.T.);
#11303 = EDGE_CURVE('',#9808,#9917,#11304,.T.);
#11304 = LINE('',#11305,#11306);
#11305 = CARTESIAN_POINT('',(2.724938966801,0.84,0.2));
#11306 = VECTOR('',#11307,1.);
#11307 = DIRECTION('',(1.110223024625E-16,-1.,0.));
#11308 = ORIENTED_EDGE('',*,*,#9924,.T.);
#11309 = ORIENTED_EDGE('',*,*,#11286,.F.);
#11310 = ORIENTED_EDGE('',*,*,#9815,.F.);
#11311 = CYLINDRICAL_SURFACE('',#11312,0.1);
#11312 = AXIS2_PLACEMENT_3D('',#11313,#11314,#11315);
#11313 = CARTESIAN_POINT('',(2.724938966801,0.84,0.3));
#11314 = DIRECTION('',(-1.110223024625E-16,1.,0.));
#11315 = DIRECTION('',(0.,0.,-1.));
#11316 = ADVANCED_FACE('',(#11317),#11328,.F.);
#11317 = FACE_BOUND('',#11318,.F.);
#11318 = EDGE_LOOP('',(#11319,#11325,#11326,#11327));
#11319 = ORIENTED_EDGE('',*,*,#11320,.T.);
#11320 = EDGE_CURVE('',#9800,#9909,#11321,.T.);
#11321 = LINE('',#11322,#11323);
#11322 = CARTESIAN_POINT('',(3.,0.84,0.2));
#11323 = VECTOR('',#11324,1.);
#11324 = DIRECTION('',(1.110223024625E-16,-1.,0.));
#11325 = ORIENTED_EDGE('',*,*,#9916,.T.);
#11326 = ORIENTED_EDGE('',*,*,#11303,.F.);
#11327 = ORIENTED_EDGE('',*,*,#9807,.F.);
#11328 = PLANE('',#11329);
#11329 = AXIS2_PLACEMENT_3D('',#11330,#11331,#11332);
#11330 = CARTESIAN_POINT('',(3.,0.84,0.2));
#11331 = DIRECTION('',(0.,0.,-1.));
#11332 = DIRECTION('',(-1.,-1.110223024625E-16,-0.));
#11333 = ADVANCED_FACE('',(#11334),#11345,.F.);
#11334 = FACE_BOUND('',#11335,.F.);
#11335 = EDGE_LOOP('',(#11336,#11342,#11343,#11344));
#11336 = ORIENTED_EDGE('',*,*,#11337,.T.);
#11337 = EDGE_CURVE('',#9792,#9901,#11338,.T.);
#11338 = LINE('',#11339,#11340);
#11339 = CARTESIAN_POINT('',(3.,0.84,-1.665334536938E-16));
#11340 = VECTOR('',#11341,1.);
#11341 = DIRECTION('',(1.110223024625E-16,-1.,0.));
#11342 = ORIENTED_EDGE('',*,*,#9908,.T.);
#11343 = ORIENTED_EDGE('',*,*,#11320,.F.);
#11344 = ORIENTED_EDGE('',*,*,#9799,.F.);
#11345 = PLANE('',#11346);
#11346 = AXIS2_PLACEMENT_3D('',#11347,#11348,#11349);
#11347 = CARTESIAN_POINT('',(3.,0.84,-1.665334536938E-16));
#11348 = DIRECTION('',(-1.,-1.110223024625E-16,0.));
#11349 = DIRECTION('',(0.,0.,1.));
#11350 = ADVANCED_FACE('',(#11351),#11362,.F.);
#11351 = FACE_BOUND('',#11352,.F.);
#11352 = EDGE_LOOP('',(#11353,#11359,#11360,#11361));
#11353 = ORIENTED_EDGE('',*,*,#11354,.T.);
#11354 = EDGE_CURVE('',#9783,#9892,#11355,.T.);
#11355 = LINE('',#11356,#11357);
#11356 = CARTESIAN_POINT('',(2.724938966801,0.84,-1.665334536938E-16));
#11357 = VECTOR('',#11358,1.);
#11358 = DIRECTION('',(1.110223024625E-16,-1.,0.));
#11359 = ORIENTED_EDGE('',*,*,#9900,.T.);
#11360 = ORIENTED_EDGE('',*,*,#11337,.F.);
#11361 = ORIENTED_EDGE('',*,*,#9791,.F.);
#11362 = PLANE('',#11363);
#11363 = AXIS2_PLACEMENT_3D('',#11364,#11365,#11366);
#11364 = CARTESIAN_POINT('',(2.724938966801,0.84,-1.665334536938E-16));
#11365 = DIRECTION('',(0.,0.,1.));
#11366 = DIRECTION('',(1.,1.110223024625E-16,-0.));
#11367 = ADVANCED_FACE('',(#11368),#11379,.T.);
#11368 = FACE_BOUND('',#11369,.T.);
#11369 = EDGE_LOOP('',(#11370,#11371,#11372,#11373));
#11370 = ORIENTED_EDGE('',*,*,#9782,.T.);
#11371 = ORIENTED_EDGE('',*,*,#11354,.T.);
#11372 = ORIENTED_EDGE('',*,*,#9891,.F.);
#11373 = ORIENTED_EDGE('',*,*,#11374,.F.);
#11374 = EDGE_CURVE('',#9775,#9884,#11375,.T.);
#11375 = LINE('',#11376,#11377);
#11376 = CARTESIAN_POINT('',(2.429496640897,0.84,0.2479055467));
#11377 = VECTOR('',#11378,1.);
#11378 = DIRECTION('',(1.110223024625E-16,-1.,0.));
#11379 = CYLINDRICAL_SURFACE('',#11380,0.3);
#11380 = AXIS2_PLACEMENT_3D('',#11381,#11382,#11383);
#11381 = CARTESIAN_POINT('',(2.724938966801,0.84,0.3));
#11382 = DIRECTION('',(-1.110223024625E-16,1.,0.));
#11383 = DIRECTION('',(-0.984807753012,-1.093356242223E-16,
    -0.173648177667));
#11384 = ADVANCED_FACE('',(#11385),#11391,.F.);
#11385 = FACE_BOUND('',#11386,.F.);
#11386 = EDGE_LOOP('',(#11387,#11388,#11389,#11390));
#11387 = ORIENTED_EDGE('',*,*,#9865,.T.);
#11388 = ORIENTED_EDGE('',*,*,#9883,.T.);
#11389 = ORIENTED_EDGE('',*,*,#11374,.F.);
#11390 = ORIENTED_EDGE('',*,*,#9774,.F.);
#11391 = PLANE('',#11392);
#11392 = AXIS2_PLACEMENT_3D('',#11393,#11394,#11395);
#11393 = CARTESIAN_POINT('',(2.348480775301,0.84,0.742364817767));
#11394 = DIRECTION('',(0.986841372087,1.095614012943E-16,0.161691392282)
  );
#11395 = DIRECTION('',(0.161691392282,1.795135065956E-17,-0.986841372087
    ));
#11396 = ADVANCED_FACE('',(#11397),#11408,.T.);
#11397 = FACE_BOUND('',#11398,.T.);
#11398 = EDGE_LOOP('',(#11399,#11400,#11401,#11402));
#11399 = ORIENTED_EDGE('',*,*,#10055,.T.);
#11400 = ORIENTED_EDGE('',*,*,#10566,.T.);
#11401 = ORIENTED_EDGE('',*,*,#10164,.F.);
#11402 = ORIENTED_EDGE('',*,*,#11403,.F.);
#11403 = EDGE_CURVE('',#10048,#10157,#11404,.T.);
#11404 = LINE('',#11405,#11406);
#11405 = CARTESIAN_POINT('',(2.545442325904,-0.43,0.7770944533));
#11406 = VECTOR('',#11407,1.);
#11407 = DIRECTION('',(1.110223024625E-16,-1.,0.));
#11408 = CYLINDRICAL_SURFACE('',#11409,0.3);
#11409 = AXIS2_PLACEMENT_3D('',#11410,#11411,#11412);
#11410 = CARTESIAN_POINT('',(2.25,-0.43,0.725));
#11411 = DIRECTION('',(-1.110223024625E-16,1.,0.));
#11412 = DIRECTION('',(0.984807753012,1.093356242223E-16,0.173648177667)
  );
#11413 = ADVANCED_FACE('',(#11414),#11425,.F.);
#11414 = FACE_BOUND('',#11415,.F.);
#11415 = EDGE_LOOP('',(#11416,#11422,#11423,#11424));
#11416 = ORIENTED_EDGE('',*,*,#11417,.T.);
#11417 = EDGE_CURVE('',#10039,#10148,#11418,.T.);
#11418 = LINE('',#11419,#11420);
#11419 = CARTESIAN_POINT('',(2.6264581915,-0.43,0.282635182233));
#11420 = VECTOR('',#11421,1.);
#11421 = DIRECTION('',(1.110223024625E-16,-1.,0.));
#11422 = ORIENTED_EDGE('',*,*,#10156,.T.);
#11423 = ORIENTED_EDGE('',*,*,#11403,.F.);
#11424 = ORIENTED_EDGE('',*,*,#10047,.F.);
#11425 = PLANE('',#11426);
#11426 = AXIS2_PLACEMENT_3D('',#11427,#11428,#11429);
#11427 = CARTESIAN_POINT('',(2.6264581915,-0.43,0.282635182233));
#11428 = DIRECTION('',(-0.986841372087,-1.095614012943E-16,
    -0.161691392282));
#11429 = DIRECTION('',(-0.161691392282,-1.795135065956E-17,
    0.986841372087));
#11430 = ADVANCED_FACE('',(#11431),#11442,.F.);
#11431 = FACE_BOUND('',#11432,.F.);
#11432 = EDGE_LOOP('',(#11433,#11439,#11440,#11441));
#11433 = ORIENTED_EDGE('',*,*,#11434,.T.);
#11434 = EDGE_CURVE('',#10031,#10140,#11435,.T.);
#11435 = LINE('',#11436,#11437);
#11436 = CARTESIAN_POINT('',(2.724938966801,-0.43,0.2));
#11437 = VECTOR('',#11438,1.);
#11438 = DIRECTION('',(1.110223024625E-16,-1.,0.));
#11439 = ORIENTED_EDGE('',*,*,#10147,.T.);
#11440 = ORIENTED_EDGE('',*,*,#11417,.F.);
#11441 = ORIENTED_EDGE('',*,*,#10038,.F.);
#11442 = CYLINDRICAL_SURFACE('',#11443,0.1);
#11443 = AXIS2_PLACEMENT_3D('',#11444,#11445,#11446);
#11444 = CARTESIAN_POINT('',(2.724938966801,-0.43,0.3));
#11445 = DIRECTION('',(-1.110223024625E-16,1.,0.));
#11446 = DIRECTION('',(0.,0.,-1.));
#11447 = ADVANCED_FACE('',(#11448),#11459,.F.);
#11448 = FACE_BOUND('',#11449,.F.);
#11449 = EDGE_LOOP('',(#11450,#11456,#11457,#11458));
#11450 = ORIENTED_EDGE('',*,*,#11451,.T.);
#11451 = EDGE_CURVE('',#10023,#10132,#11452,.T.);
#11452 = LINE('',#11453,#11454);
#11453 = CARTESIAN_POINT('',(3.,-0.43,0.2));
#11454 = VECTOR('',#11455,1.);
#11455 = DIRECTION('',(1.110223024625E-16,-1.,0.));
#11456 = ORIENTED_EDGE('',*,*,#10139,.T.);
#11457 = ORIENTED_EDGE('',*,*,#11434,.F.);
#11458 = ORIENTED_EDGE('',*,*,#10030,.F.);
#11459 = PLANE('',#11460);
#11460 = AXIS2_PLACEMENT_3D('',#11461,#11462,#11463);
#11461 = CARTESIAN_POINT('',(3.,-0.43,0.2));
#11462 = DIRECTION('',(0.,0.,-1.));
#11463 = DIRECTION('',(-1.,-1.110223024625E-16,-0.));
#11464 = ADVANCED_FACE('',(#11465),#11476,.F.);
#11465 = FACE_BOUND('',#11466,.F.);
#11466 = EDGE_LOOP('',(#11467,#11473,#11474,#11475));
#11467 = ORIENTED_EDGE('',*,*,#11468,.T.);
#11468 = EDGE_CURVE('',#10015,#10124,#11469,.T.);
#11469 = LINE('',#11470,#11471);
#11470 = CARTESIAN_POINT('',(3.,-0.43,-1.665334536938E-16));
#11471 = VECTOR('',#11472,1.);
#11472 = DIRECTION('',(1.110223024625E-16,-1.,0.));
#11473 = ORIENTED_EDGE('',*,*,#10131,.T.);
#11474 = ORIENTED_EDGE('',*,*,#11451,.F.);
#11475 = ORIENTED_EDGE('',*,*,#10022,.F.);
#11476 = PLANE('',#11477);
#11477 = AXIS2_PLACEMENT_3D('',#11478,#11479,#11480);
#11478 = CARTESIAN_POINT('',(3.,-0.43,-1.665334536938E-16));
#11479 = DIRECTION('',(-1.,-1.110223024625E-16,0.));
#11480 = DIRECTION('',(0.,0.,1.));
#11481 = ADVANCED_FACE('',(#11482),#11493,.F.);
#11482 = FACE_BOUND('',#11483,.F.);
#11483 = EDGE_LOOP('',(#11484,#11490,#11491,#11492));
#11484 = ORIENTED_EDGE('',*,*,#11485,.T.);
#11485 = EDGE_CURVE('',#10006,#10115,#11486,.T.);
#11486 = LINE('',#11487,#11488);
#11487 = CARTESIAN_POINT('',(2.724938966801,-0.43,-1.665334536938E-16));
#11488 = VECTOR('',#11489,1.);
#11489 = DIRECTION('',(1.110223024625E-16,-1.,0.));
#11490 = ORIENTED_EDGE('',*,*,#10123,.T.);
#11491 = ORIENTED_EDGE('',*,*,#11468,.F.);
#11492 = ORIENTED_EDGE('',*,*,#10014,.F.);
#11493 = PLANE('',#11494);
#11494 = AXIS2_PLACEMENT_3D('',#11495,#11496,#11497);
#11495 = CARTESIAN_POINT('',(2.724938966801,-0.43,-1.665334536938E-16));
#11496 = DIRECTION('',(0.,0.,1.));
#11497 = DIRECTION('',(1.,1.110223024625E-16,-0.));
#11498 = ADVANCED_FACE('',(#11499),#11510,.T.);
#11499 = FACE_BOUND('',#11500,.T.);
#11500 = EDGE_LOOP('',(#11501,#11502,#11503,#11504));
#11501 = ORIENTED_EDGE('',*,*,#10005,.T.);
#11502 = ORIENTED_EDGE('',*,*,#11485,.T.);
#11503 = ORIENTED_EDGE('',*,*,#10114,.F.);
#11504 = ORIENTED_EDGE('',*,*,#11505,.F.);
#11505 = EDGE_CURVE('',#9998,#10107,#11506,.T.);
#11506 = LINE('',#11507,#11508);
#11507 = CARTESIAN_POINT('',(2.429496640897,-0.43,0.2479055467));
#11508 = VECTOR('',#11509,1.);
#11509 = DIRECTION('',(1.110223024625E-16,-1.,0.));
#11510 = CYLINDRICAL_SURFACE('',#11511,0.3);
#11511 = AXIS2_PLACEMENT_3D('',#11512,#11513,#11514);
#11512 = CARTESIAN_POINT('',(2.724938966801,-0.43,0.3));
#11513 = DIRECTION('',(-1.110223024625E-16,1.,0.));
#11514 = DIRECTION('',(-0.984807753012,-1.093356242223E-16,
    -0.173648177667));
#11515 = ADVANCED_FACE('',(#11516),#11522,.F.);
#11516 = FACE_BOUND('',#11517,.F.);
#11517 = EDGE_LOOP('',(#11518,#11519,#11520,#11521));
#11518 = ORIENTED_EDGE('',*,*,#10088,.T.);
#11519 = ORIENTED_EDGE('',*,*,#10106,.T.);
#11520 = ORIENTED_EDGE('',*,*,#11505,.F.);
#11521 = ORIENTED_EDGE('',*,*,#9997,.F.);
#11522 = PLANE('',#11523);
#11523 = AXIS2_PLACEMENT_3D('',#11524,#11525,#11526);
#11524 = CARTESIAN_POINT('',(2.348480775301,-0.43,0.742364817767));
#11525 = DIRECTION('',(0.986841372087,1.095614012943E-16,0.161691392282)
  );
#11526 = DIRECTION('',(0.161691392282,1.795135065956E-17,-0.986841372087
    ));
#11527 = ADVANCED_FACE('',(#11528),#11539,.T.);
#11528 = FACE_BOUND('',#11529,.T.);
#11529 = EDGE_LOOP('',(#11530,#11531,#11532,#11533));
#11530 = ORIENTED_EDGE('',*,*,#10278,.T.);
#11531 = ORIENTED_EDGE('',*,*,#10585,.T.);
#11532 = ORIENTED_EDGE('',*,*,#10387,.F.);
#11533 = ORIENTED_EDGE('',*,*,#11534,.F.);
#11534 = EDGE_CURVE('',#10271,#10380,#11535,.T.);
#11535 = LINE('',#11536,#11537);
#11536 = CARTESIAN_POINT('',(2.545442325904,-1.7,0.7770944533));
#11537 = VECTOR('',#11538,1.);
#11538 = DIRECTION('',(1.110223024625E-16,-1.,0.));
#11539 = CYLINDRICAL_SURFACE('',#11540,0.3);
#11540 = AXIS2_PLACEMENT_3D('',#11541,#11542,#11543);
#11541 = CARTESIAN_POINT('',(2.25,-1.7,0.725));
#11542 = DIRECTION('',(-1.110223024625E-16,1.,0.));
#11543 = DIRECTION('',(0.984807753012,1.093356242223E-16,0.173648177667)
  );
#11544 = ADVANCED_FACE('',(#11545),#11556,.F.);
#11545 = FACE_BOUND('',#11546,.F.);
#11546 = EDGE_LOOP('',(#11547,#11553,#11554,#11555));
#11547 = ORIENTED_EDGE('',*,*,#11548,.T.);
#11548 = EDGE_CURVE('',#10262,#10371,#11549,.T.);
#11549 = LINE('',#11550,#11551);
#11550 = CARTESIAN_POINT('',(2.6264581915,-1.7,0.282635182233));
#11551 = VECTOR('',#11552,1.);
#11552 = DIRECTION('',(1.110223024625E-16,-1.,0.));
#11553 = ORIENTED_EDGE('',*,*,#10379,.T.);
#11554 = ORIENTED_EDGE('',*,*,#11534,.F.);
#11555 = ORIENTED_EDGE('',*,*,#10270,.F.);
#11556 = PLANE('',#11557);
#11557 = AXIS2_PLACEMENT_3D('',#11558,#11559,#11560);
#11558 = CARTESIAN_POINT('',(2.6264581915,-1.7,0.282635182233));
#11559 = DIRECTION('',(-0.986841372087,-1.095614012943E-16,
    -0.161691392282));
#11560 = DIRECTION('',(-0.161691392282,-1.795135065956E-17,
    0.986841372087));
#11561 = ADVANCED_FACE('',(#11562),#11573,.F.);
#11562 = FACE_BOUND('',#11563,.F.);
#11563 = EDGE_LOOP('',(#11564,#11570,#11571,#11572));
#11564 = ORIENTED_EDGE('',*,*,#11565,.T.);
#11565 = EDGE_CURVE('',#10254,#10363,#11566,.T.);
#11566 = LINE('',#11567,#11568);
#11567 = CARTESIAN_POINT('',(2.724938966801,-1.7,0.2));
#11568 = VECTOR('',#11569,1.);
#11569 = DIRECTION('',(1.110223024625E-16,-1.,0.));
#11570 = ORIENTED_EDGE('',*,*,#10370,.T.);
#11571 = ORIENTED_EDGE('',*,*,#11548,.F.);
#11572 = ORIENTED_EDGE('',*,*,#10261,.F.);
#11573 = CYLINDRICAL_SURFACE('',#11574,0.1);
#11574 = AXIS2_PLACEMENT_3D('',#11575,#11576,#11577);
#11575 = CARTESIAN_POINT('',(2.724938966801,-1.7,0.3));
#11576 = DIRECTION('',(-1.110223024625E-16,1.,0.));
#11577 = DIRECTION('',(0.,0.,-1.));
#11578 = ADVANCED_FACE('',(#11579),#11590,.F.);
#11579 = FACE_BOUND('',#11580,.F.);
#11580 = EDGE_LOOP('',(#11581,#11587,#11588,#11589));
#11581 = ORIENTED_EDGE('',*,*,#11582,.T.);
#11582 = EDGE_CURVE('',#10246,#10355,#11583,.T.);
#11583 = LINE('',#11584,#11585);
#11584 = CARTESIAN_POINT('',(3.,-1.7,0.2));
#11585 = VECTOR('',#11586,1.);
#11586 = DIRECTION('',(1.110223024625E-16,-1.,0.));
#11587 = ORIENTED_EDGE('',*,*,#10362,.T.);
#11588 = ORIENTED_EDGE('',*,*,#11565,.F.);
#11589 = ORIENTED_EDGE('',*,*,#10253,.F.);
#11590 = PLANE('',#11591);
#11591 = AXIS2_PLACEMENT_3D('',#11592,#11593,#11594);
#11592 = CARTESIAN_POINT('',(3.,-1.7,0.2));
#11593 = DIRECTION('',(0.,0.,-1.));
#11594 = DIRECTION('',(-1.,-1.110223024625E-16,-0.));
#11595 = ADVANCED_FACE('',(#11596),#11607,.F.);
#11596 = FACE_BOUND('',#11597,.F.);
#11597 = EDGE_LOOP('',(#11598,#11604,#11605,#11606));
#11598 = ORIENTED_EDGE('',*,*,#11599,.T.);
#11599 = EDGE_CURVE('',#10238,#10347,#11600,.T.);
#11600 = LINE('',#11601,#11602);
#11601 = CARTESIAN_POINT('',(3.,-1.7,-1.665334536938E-16));
#11602 = VECTOR('',#11603,1.);
#11603 = DIRECTION('',(1.110223024625E-16,-1.,0.));
#11604 = ORIENTED_EDGE('',*,*,#10354,.T.);
#11605 = ORIENTED_EDGE('',*,*,#11582,.F.);
#11606 = ORIENTED_EDGE('',*,*,#10245,.F.);
#11607 = PLANE('',#11608);
#11608 = AXIS2_PLACEMENT_3D('',#11609,#11610,#11611);
#11609 = CARTESIAN_POINT('',(3.,-1.7,-1.665334536938E-16));
#11610 = DIRECTION('',(-1.,-1.110223024625E-16,0.));
#11611 = DIRECTION('',(0.,0.,1.));
#11612 = ADVANCED_FACE('',(#11613),#11624,.F.);
#11613 = FACE_BOUND('',#11614,.F.);
#11614 = EDGE_LOOP('',(#11615,#11621,#11622,#11623));
#11615 = ORIENTED_EDGE('',*,*,#11616,.T.);
#11616 = EDGE_CURVE('',#10229,#10338,#11617,.T.);
#11617 = LINE('',#11618,#11619);
#11618 = CARTESIAN_POINT('',(2.724938966801,-1.7,-1.665334536938E-16));
#11619 = VECTOR('',#11620,1.);
#11620 = DIRECTION('',(1.110223024625E-16,-1.,0.));
#11621 = ORIENTED_EDGE('',*,*,#10346,.T.);
#11622 = ORIENTED_EDGE('',*,*,#11599,.F.);
#11623 = ORIENTED_EDGE('',*,*,#10237,.F.);
#11624 = PLANE('',#11625);
#11625 = AXIS2_PLACEMENT_3D('',#11626,#11627,#11628);
#11626 = CARTESIAN_POINT('',(2.724938966801,-1.7,-1.665334536938E-16));
#11627 = DIRECTION('',(0.,0.,1.));
#11628 = DIRECTION('',(1.,1.110223024625E-16,-0.));
#11629 = ADVANCED_FACE('',(#11630),#11641,.T.);
#11630 = FACE_BOUND('',#11631,.T.);
#11631 = EDGE_LOOP('',(#11632,#11633,#11634,#11635));
#11632 = ORIENTED_EDGE('',*,*,#10228,.T.);
#11633 = ORIENTED_EDGE('',*,*,#11616,.T.);
#11634 = ORIENTED_EDGE('',*,*,#10337,.F.);
#11635 = ORIENTED_EDGE('',*,*,#11636,.F.);
#11636 = EDGE_CURVE('',#10221,#10330,#11637,.T.);
#11637 = LINE('',#11638,#11639);
#11638 = CARTESIAN_POINT('',(2.429496640897,-1.7,0.2479055467));
#11639 = VECTOR('',#11640,1.);
#11640 = DIRECTION('',(1.110223024625E-16,-1.,0.));
#11641 = CYLINDRICAL_SURFACE('',#11642,0.3);
#11642 = AXIS2_PLACEMENT_3D('',#11643,#11644,#11645);
#11643 = CARTESIAN_POINT('',(2.724938966801,-1.7,0.3));
#11644 = DIRECTION('',(-1.110223024625E-16,1.,0.));
#11645 = DIRECTION('',(-0.984807753012,-1.093356242223E-16,
    -0.173648177667));
#11646 = ADVANCED_FACE('',(#11647),#11653,.F.);
#11647 = FACE_BOUND('',#11648,.F.);
#11648 = EDGE_LOOP('',(#11649,#11650,#11651,#11652));
#11649 = ORIENTED_EDGE('',*,*,#10311,.T.);
#11650 = ORIENTED_EDGE('',*,*,#10329,.T.);
#11651 = ORIENTED_EDGE('',*,*,#11636,.F.);
#11652 = ORIENTED_EDGE('',*,*,#10220,.F.);
#11653 = PLANE('',#11654);
#11654 = AXIS2_PLACEMENT_3D('',#11655,#11656,#11657);
#11655 = CARTESIAN_POINT('',(2.348480775301,-1.7,0.742364817767));
#11656 = DIRECTION('',(0.986841372087,1.095614012943E-16,0.161691392282)
  );
#11657 = DIRECTION('',(0.161691392282,1.795135065956E-17,-0.986841372087
    ));
#11658 = ADVANCED_FACE('',(#11659),#11660,.F.);
#11659 = FACE_BOUND('',#10511,.T.);
#11660 = PLANE('',#11661);
#11661 = AXIS2_PLACEMENT_3D('',#11662,#11663,#11664);
#11662 = CARTESIAN_POINT('',(-1.110171280765,1.610171280765,1.75));
#11663 = DIRECTION('',(0.,0.,-1.));
#11664 = DIRECTION('',(1.110223024625E-16,-1.,0.));
#11665 = ( GEOMETRIC_REPRESENTATION_CONTEXT(3) 
GLOBAL_UNCERTAINTY_ASSIGNED_CONTEXT((#11669)) 
GLOBAL_UNIT_ASSIGNED_CONTEXT((#11666,#11667,#11668)) 
REPRESENTATION_CONTEXT('Context #1',
  '3D Context with UNIT and UNCERTAINTY') );
#11666 = ( LENGTH_UNIT() NAMED_UNIT(*) SI_UNIT(.MILLI.,.METRE.) );
#11667 = ( NAMED_UNIT(*) PLANE_ANGLE_UNIT() SI_UNIT($,.RADIAN.) );
#11668 = ( NAMED_UNIT(*) SI_UNIT($,.STERADIAN.) SOLID_ANGLE_UNIT() );
#11669 = UNCERTAINTY_MEASURE_WITH_UNIT(LENGTH_MEASURE(1.E-07),#11666,
  'distance_accuracy_value','confusion accuracy');
#11670 = CONTEXT_DEPENDENT_SHAPE_REPRESENTATION(#11671,#11673);
#11671 = ( REPRESENTATION_RELATIONSHIP('','',#7196,#10) 
REPRESENTATION_RELATIONSHIP_WITH_TRANSFORMATION(#11672) 
SHAPE_REPRESENTATION_RELATIONSHIP() );
#11672 = ITEM_DEFINED_TRANSFORMATION('','',#11,#39);
#11673 = PRODUCT_DEFINITION_SHAPE('Placement','Placement of an item',
  #11674);
#11674 = NEXT_ASSEMBLY_USAGE_OCCURRENCE('7','U1','',#5,#7191,$);
#11675 = PRODUCT_RELATED_PRODUCT_CATEGORY('part',$,(#7193));
#11676 = SHAPE_DEFINITION_REPRESENTATION(#11677,#11683);
#11677 = PRODUCT_DEFINITION_SHAPE('','',#11678);
#11678 = PRODUCT_DEFINITION('design','',#11679,#11682);
#11679 = PRODUCT_DEFINITION_FORMATION('','',#11680);
#11680 = PRODUCT('elec_angle_sensor_PCB','elec_angle_sensor_PCB','',(
    #11681));
#11681 = PRODUCT_CONTEXT('',#2,'mechanical');
#11682 = PRODUCT_DEFINITION_CONTEXT('part definition',#2,'design');
#11683 = ADVANCED_BREP_SHAPE_REPRESENTATION('',(#11,#11684),#11990);
#11684 = MANIFOLD_SOLID_BREP('',#11685);
#11685 = CLOSED_SHELL('',(#11686,#11726,#11757,#11788,#11849,#11910,
    #11922,#11939,#11956,#11973));
#11686 = ADVANCED_FACE('',(#11687),#11721,.T.);
#11687 = FACE_BOUND('',#11688,.T.);
#11688 = EDGE_LOOP('',(#11689,#11699,#11707,#11715));
#11689 = ORIENTED_EDGE('',*,*,#11690,.T.);
#11690 = EDGE_CURVE('',#11691,#11693,#11695,.T.);
#11691 = VERTEX_POINT('',#11692);
#11692 = CARTESIAN_POINT('',(20.,-20.,0.));
#11693 = VERTEX_POINT('',#11694);
#11694 = CARTESIAN_POINT('',(20.,-20.,0.84));
#11695 = LINE('',#11696,#11697);
#11696 = CARTESIAN_POINT('',(20.,-20.,0.));
#11697 = VECTOR('',#11698,1.);
#11698 = DIRECTION('',(0.,0.,1.));
#11699 = ORIENTED_EDGE('',*,*,#11700,.T.);
#11700 = EDGE_CURVE('',#11693,#11701,#11703,.T.);
#11701 = VERTEX_POINT('',#11702);
#11702 = CARTESIAN_POINT('',(0.,-20.,0.84));
#11703 = LINE('',#11704,#11705);
#11704 = CARTESIAN_POINT('',(20.,-20.,0.84));
#11705 = VECTOR('',#11706,1.);
#11706 = DIRECTION('',(-1.,0.,0.));
#11707 = ORIENTED_EDGE('',*,*,#11708,.F.);
#11708 = EDGE_CURVE('',#11709,#11701,#11711,.T.);
#11709 = VERTEX_POINT('',#11710);
#11710 = CARTESIAN_POINT('',(0.,-20.,0.));
#11711 = LINE('',#11712,#11713);
#11712 = CARTESIAN_POINT('',(0.,-20.,0.));
#11713 = VECTOR('',#11714,1.);
#11714 = DIRECTION('',(0.,0.,1.));
#11715 = ORIENTED_EDGE('',*,*,#11716,.F.);
#11716 = EDGE_CURVE('',#11691,#11709,#11717,.T.);
#11717 = LINE('',#11718,#11719);
#11718 = CARTESIAN_POINT('',(20.,-20.,0.));
#11719 = VECTOR('',#11720,1.);
#11720 = DIRECTION('',(-1.,0.,0.));
#11721 = PLANE('',#11722);
#11722 = AXIS2_PLACEMENT_3D('',#11723,#11724,#11725);
#11723 = CARTESIAN_POINT('',(20.,-20.,0.));
#11724 = DIRECTION('',(0.,-1.,0.));
#11725 = DIRECTION('',(-1.,0.,0.));
#11726 = ADVANCED_FACE('',(#11727),#11752,.T.);
#11727 = FACE_BOUND('',#11728,.T.);
#11728 = EDGE_LOOP('',(#11729,#11739,#11745,#11746));
#11729 = ORIENTED_EDGE('',*,*,#11730,.T.);
#11730 = EDGE_CURVE('',#11731,#11733,#11735,.T.);
#11731 = VERTEX_POINT('',#11732);
#11732 = CARTESIAN_POINT('',(20.,-0.,0.));
#11733 = VERTEX_POINT('',#11734);
#11734 = CARTESIAN_POINT('',(20.,0.,0.84));
#11735 = LINE('',#11736,#11737);
#11736 = CARTESIAN_POINT('',(20.,-0.,0.));
#11737 = VECTOR('',#11738,1.);
#11738 = DIRECTION('',(0.,0.,1.));
#11739 = ORIENTED_EDGE('',*,*,#11740,.T.);
#11740 = EDGE_CURVE('',#11733,#11693,#11741,.T.);
#11741 = LINE('',#11742,#11743);
#11742 = CARTESIAN_POINT('',(20.,0.,0.84));
#11743 = VECTOR('',#11744,1.);
#11744 = DIRECTION('',(0.,-1.,0.));
#11745 = ORIENTED_EDGE('',*,*,#11690,.F.);
#11746 = ORIENTED_EDGE('',*,*,#11747,.F.);
#11747 = EDGE_CURVE('',#11731,#11691,#11748,.T.);
#11748 = LINE('',#11749,#11750);
#11749 = CARTESIAN_POINT('',(20.,-0.,0.));
#11750 = VECTOR('',#11751,1.);
#11751 = DIRECTION('',(0.,-1.,0.));
#11752 = PLANE('',#11753);
#11753 = AXIS2_PLACEMENT_3D('',#11754,#11755,#11756);
#11754 = CARTESIAN_POINT('',(20.,-0.,0.));
#11755 = DIRECTION('',(1.,0.,-0.));
#11756 = DIRECTION('',(0.,-1.,0.));
#11757 = ADVANCED_FACE('',(#11758),#11783,.T.);
#11758 = FACE_BOUND('',#11759,.T.);
#11759 = EDGE_LOOP('',(#11760,#11761,#11769,#11777));
#11760 = ORIENTED_EDGE('',*,*,#11708,.T.);
#11761 = ORIENTED_EDGE('',*,*,#11762,.T.);
#11762 = EDGE_CURVE('',#11701,#11763,#11765,.T.);
#11763 = VERTEX_POINT('',#11764);
#11764 = CARTESIAN_POINT('',(0.,0.,0.84));
#11765 = LINE('',#11766,#11767);
#11766 = CARTESIAN_POINT('',(0.,-20.,0.84));
#11767 = VECTOR('',#11768,1.);
#11768 = DIRECTION('',(0.,1.,0.));
#11769 = ORIENTED_EDGE('',*,*,#11770,.F.);
#11770 = EDGE_CURVE('',#11771,#11763,#11773,.T.);
#11771 = VERTEX_POINT('',#11772);
#11772 = CARTESIAN_POINT('',(0.,-0.,0.));
#11773 = LINE('',#11774,#11775);
#11774 = CARTESIAN_POINT('',(0.,-0.,0.));
#11775 = VECTOR('',#11776,1.);
#11776 = DIRECTION('',(0.,0.,1.));
#11777 = ORIENTED_EDGE('',*,*,#11778,.F.);
#11778 = EDGE_CURVE('',#11709,#11771,#11779,.T.);
#11779 = LINE('',#11780,#11781);
#11780 = CARTESIAN_POINT('',(0.,-20.,0.));
#11781 = VECTOR('',#11782,1.);
#11782 = DIRECTION('',(0.,1.,0.));
#11783 = PLANE('',#11784);
#11784 = AXIS2_PLACEMENT_3D('',#11785,#11786,#11787);
#11785 = CARTESIAN_POINT('',(0.,-20.,0.));
#11786 = DIRECTION('',(-1.,0.,0.));
#11787 = DIRECTION('',(0.,1.,0.));
#11788 = ADVANCED_FACE('',(#11789,#11800,#11811,#11822,#11833),#11844,
  .F.);
#11789 = FACE_BOUND('',#11790,.F.);
#11790 = EDGE_LOOP('',(#11791,#11792,#11793,#11799));
#11791 = ORIENTED_EDGE('',*,*,#11716,.F.);
#11792 = ORIENTED_EDGE('',*,*,#11747,.F.);
#11793 = ORIENTED_EDGE('',*,*,#11794,.F.);
#11794 = EDGE_CURVE('',#11771,#11731,#11795,.T.);
#11795 = LINE('',#11796,#11797);
#11796 = CARTESIAN_POINT('',(0.,-0.,0.));
#11797 = VECTOR('',#11798,1.);
#11798 = DIRECTION('',(1.,0.,0.));
#11799 = ORIENTED_EDGE('',*,*,#11778,.F.);
#11800 = FACE_BOUND('',#11801,.F.);
#11801 = EDGE_LOOP('',(#11802));
#11802 = ORIENTED_EDGE('',*,*,#11803,.T.);
#11803 = EDGE_CURVE('',#11804,#11804,#11806,.T.);
#11804 = VERTEX_POINT('',#11805);
#11805 = CARTESIAN_POINT('',(3.,-18.35,0.));
#11806 = CIRCLE('',#11807,1.35);
#11807 = AXIS2_PLACEMENT_3D('',#11808,#11809,#11810);
#11808 = CARTESIAN_POINT('',(3.,-17.,0.));
#11809 = DIRECTION('',(-0.,0.,-1.));
#11810 = DIRECTION('',(-0.,-1.,0.));
#11811 = FACE_BOUND('',#11812,.F.);
#11812 = EDGE_LOOP('',(#11813));
#11813 = ORIENTED_EDGE('',*,*,#11814,.T.);
#11814 = EDGE_CURVE('',#11815,#11815,#11817,.T.);
#11815 = VERTEX_POINT('',#11816);
#11816 = CARTESIAN_POINT('',(17.,-18.,0.));
#11817 = CIRCLE('',#11818,1.);
#11818 = AXIS2_PLACEMENT_3D('',#11819,#11820,#11821);
#11819 = CARTESIAN_POINT('',(17.,-17.,0.));
#11820 = DIRECTION('',(-0.,0.,-1.));
#11821 = DIRECTION('',(-0.,-1.,0.));
#11822 = FACE_BOUND('',#11823,.F.);
#11823 = EDGE_LOOP('',(#11824));
#11824 = ORIENTED_EDGE('',*,*,#11825,.T.);
#11825 = EDGE_CURVE('',#11826,#11826,#11828,.T.);
#11826 = VERTEX_POINT('',#11827);
#11827 = CARTESIAN_POINT('',(3.,-4.,0.));
#11828 = CIRCLE('',#11829,1.);
#11829 = AXIS2_PLACEMENT_3D('',#11830,#11831,#11832);
#11830 = CARTESIAN_POINT('',(3.,-3.,0.));
#11831 = DIRECTION('',(-0.,0.,-1.));
#11832 = DIRECTION('',(-0.,-1.,0.));
#11833 = FACE_BOUND('',#11834,.F.);
#11834 = EDGE_LOOP('',(#11835));
#11835 = ORIENTED_EDGE('',*,*,#11836,.T.);
#11836 = EDGE_CURVE('',#11837,#11837,#11839,.T.);
#11837 = VERTEX_POINT('',#11838);
#11838 = CARTESIAN_POINT('',(17.,-4.35,0.));
#11839 = CIRCLE('',#11840,1.35);
#11840 = AXIS2_PLACEMENT_3D('',#11841,#11842,#11843);
#11841 = CARTESIAN_POINT('',(17.,-3.,0.));
#11842 = DIRECTION('',(-0.,0.,-1.));
#11843 = DIRECTION('',(-0.,-1.,0.));
#11844 = PLANE('',#11845);
#11845 = AXIS2_PLACEMENT_3D('',#11846,#11847,#11848);
#11846 = CARTESIAN_POINT('',(0.,0.,0.));
#11847 = DIRECTION('',(0.,0.,1.));
#11848 = DIRECTION('',(1.,0.,-0.));
#11849 = ADVANCED_FACE('',(#11850,#11861,#11872,#11883,#11894),#11905,
  .T.);
#11850 = FACE_BOUND('',#11851,.T.);
#11851 = EDGE_LOOP('',(#11852,#11853,#11854,#11860));
#11852 = ORIENTED_EDGE('',*,*,#11700,.F.);
#11853 = ORIENTED_EDGE('',*,*,#11740,.F.);
#11854 = ORIENTED_EDGE('',*,*,#11855,.F.);
#11855 = EDGE_CURVE('',#11763,#11733,#11856,.T.);
#11856 = LINE('',#11857,#11858);
#11857 = CARTESIAN_POINT('',(0.,0.,0.84));
#11858 = VECTOR('',#11859,1.);
#11859 = DIRECTION('',(1.,0.,0.));
#11860 = ORIENTED_EDGE('',*,*,#11762,.F.);
#11861 = FACE_BOUND('',#11862,.T.);
#11862 = EDGE_LOOP('',(#11863));
#11863 = ORIENTED_EDGE('',*,*,#11864,.T.);
#11864 = EDGE_CURVE('',#11865,#11865,#11867,.T.);
#11865 = VERTEX_POINT('',#11866);
#11866 = CARTESIAN_POINT('',(3.,-18.35,0.84));
#11867 = CIRCLE('',#11868,1.35);
#11868 = AXIS2_PLACEMENT_3D('',#11869,#11870,#11871);
#11869 = CARTESIAN_POINT('',(3.,-17.,0.84));
#11870 = DIRECTION('',(-0.,0.,-1.));
#11871 = DIRECTION('',(-0.,-1.,0.));
#11872 = FACE_BOUND('',#11873,.T.);
#11873 = EDGE_LOOP('',(#11874));
#11874 = ORIENTED_EDGE('',*,*,#11875,.T.);
#11875 = EDGE_CURVE('',#11876,#11876,#11878,.T.);
#11876 = VERTEX_POINT('',#11877);
#11877 = CARTESIAN_POINT('',(17.,-18.,0.84));
#11878 = CIRCLE('',#11879,1.);
#11879 = AXIS2_PLACEMENT_3D('',#11880,#11881,#11882);
#11880 = CARTESIAN_POINT('',(17.,-17.,0.84));
#11881 = DIRECTION('',(-0.,0.,-1.));
#11882 = DIRECTION('',(-0.,-1.,0.));
#11883 = FACE_BOUND('',#11884,.T.);
#11884 = EDGE_LOOP('',(#11885));
#11885 = ORIENTED_EDGE('',*,*,#11886,.T.);
#11886 = EDGE_CURVE('',#11887,#11887,#11889,.T.);
#11887 = VERTEX_POINT('',#11888);
#11888 = CARTESIAN_POINT('',(3.,-4.,0.84));
#11889 = CIRCLE('',#11890,1.);
#11890 = AXIS2_PLACEMENT_3D('',#11891,#11892,#11893);
#11891 = CARTESIAN_POINT('',(3.,-3.,0.84));
#11892 = DIRECTION('',(-0.,0.,-1.));
#11893 = DIRECTION('',(-0.,-1.,0.));
#11894 = FACE_BOUND('',#11895,.T.);
#11895 = EDGE_LOOP('',(#11896));
#11896 = ORIENTED_EDGE('',*,*,#11897,.T.);
#11897 = EDGE_CURVE('',#11898,#11898,#11900,.T.);
#11898 = VERTEX_POINT('',#11899);
#11899 = CARTESIAN_POINT('',(17.,-4.35,0.84));
#11900 = CIRCLE('',#11901,1.35);
#11901 = AXIS2_PLACEMENT_3D('',#11902,#11903,#11904);
#11902 = CARTESIAN_POINT('',(17.,-3.,0.84));
#11903 = DIRECTION('',(-0.,0.,-1.));
#11904 = DIRECTION('',(-0.,-1.,0.));
#11905 = PLANE('',#11906);
#11906 = AXIS2_PLACEMENT_3D('',#11907,#11908,#11909);
#11907 = CARTESIAN_POINT('',(0.,0.,0.84));
#11908 = DIRECTION('',(0.,0.,1.));
#11909 = DIRECTION('',(1.,0.,-0.));
#11910 = ADVANCED_FACE('',(#11911),#11917,.T.);
#11911 = FACE_BOUND('',#11912,.T.);
#11912 = EDGE_LOOP('',(#11913,#11914,#11915,#11916));
#11913 = ORIENTED_EDGE('',*,*,#11770,.T.);
#11914 = ORIENTED_EDGE('',*,*,#11855,.T.);
#11915 = ORIENTED_EDGE('',*,*,#11730,.F.);
#11916 = ORIENTED_EDGE('',*,*,#11794,.F.);
#11917 = PLANE('',#11918);
#11918 = AXIS2_PLACEMENT_3D('',#11919,#11920,#11921);
#11919 = CARTESIAN_POINT('',(0.,0.,0.));
#11920 = DIRECTION('',(0.,1.,0.));
#11921 = DIRECTION('',(1.,0.,0.));
#11922 = ADVANCED_FACE('',(#11923),#11934,.F.);
#11923 = FACE_BOUND('',#11924,.T.);
#11924 = EDGE_LOOP('',(#11925,#11926,#11932,#11933));
#11925 = ORIENTED_EDGE('',*,*,#11803,.T.);
#11926 = ORIENTED_EDGE('',*,*,#11927,.T.);
#11927 = EDGE_CURVE('',#11804,#11865,#11928,.T.);
#11928 = LINE('',#11929,#11930);
#11929 = CARTESIAN_POINT('',(3.,-18.35,-8.1E-02));
#11930 = VECTOR('',#11931,1.);
#11931 = DIRECTION('',(0.,0.,1.));
#11932 = ORIENTED_EDGE('',*,*,#11864,.F.);
#11933 = ORIENTED_EDGE('',*,*,#11927,.F.);
#11934 = CYLINDRICAL_SURFACE('',#11935,1.35);
#11935 = AXIS2_PLACEMENT_3D('',#11936,#11937,#11938);
#11936 = CARTESIAN_POINT('',(3.,-17.,-8.1E-02));
#11937 = DIRECTION('',(-0.,-0.,-1.));
#11938 = DIRECTION('',(-0.,-1.,0.));
#11939 = ADVANCED_FACE('',(#11940),#11951,.F.);
#11940 = FACE_BOUND('',#11941,.T.);
#11941 = EDGE_LOOP('',(#11942,#11943,#11949,#11950));
#11942 = ORIENTED_EDGE('',*,*,#11814,.T.);
#11943 = ORIENTED_EDGE('',*,*,#11944,.T.);
#11944 = EDGE_CURVE('',#11815,#11876,#11945,.T.);
#11945 = LINE('',#11946,#11947);
#11946 = CARTESIAN_POINT('',(17.,-18.,-8.1E-02));
#11947 = VECTOR('',#11948,1.);
#11948 = DIRECTION('',(0.,0.,1.));
#11949 = ORIENTED_EDGE('',*,*,#11875,.F.);
#11950 = ORIENTED_EDGE('',*,*,#11944,.F.);
#11951 = CYLINDRICAL_SURFACE('',#11952,1.);
#11952 = AXIS2_PLACEMENT_3D('',#11953,#11954,#11955);
#11953 = CARTESIAN_POINT('',(17.,-17.,-8.1E-02));
#11954 = DIRECTION('',(-0.,-0.,-1.));
#11955 = DIRECTION('',(-0.,-1.,0.));
#11956 = ADVANCED_FACE('',(#11957),#11968,.F.);
#11957 = FACE_BOUND('',#11958,.T.);
#11958 = EDGE_LOOP('',(#11959,#11960,#11966,#11967));
#11959 = ORIENTED_EDGE('',*,*,#11825,.T.);
#11960 = ORIENTED_EDGE('',*,*,#11961,.T.);
#11961 = EDGE_CURVE('',#11826,#11887,#11962,.T.);
#11962 = LINE('',#11963,#11964);
#11963 = CARTESIAN_POINT('',(3.,-4.,-8.1E-02));
#11964 = VECTOR('',#11965,1.);
#11965 = DIRECTION('',(0.,0.,1.));
#11966 = ORIENTED_EDGE('',*,*,#11886,.F.);
#11967 = ORIENTED_EDGE('',*,*,#11961,.F.);
#11968 = CYLINDRICAL_SURFACE('',#11969,1.);
#11969 = AXIS2_PLACEMENT_3D('',#11970,#11971,#11972);
#11970 = CARTESIAN_POINT('',(3.,-3.,-8.1E-02));
#11971 = DIRECTION('',(-0.,-0.,-1.));
#11972 = DIRECTION('',(-0.,-1.,0.));
#11973 = ADVANCED_FACE('',(#11974),#11985,.F.);
#11974 = FACE_BOUND('',#11975,.T.);
#11975 = EDGE_LOOP('',(#11976,#11977,#11983,#11984));
#11976 = ORIENTED_EDGE('',*,*,#11836,.T.);
#11977 = ORIENTED_EDGE('',*,*,#11978,.T.);
#11978 = EDGE_CURVE('',#11837,#11898,#11979,.T.);
#11979 = LINE('',#11980,#11981);
#11980 = CARTESIAN_POINT('',(17.,-4.35,-8.1E-02));
#11981 = VECTOR('',#11982,1.);
#11982 = DIRECTION('',(0.,0.,1.));
#11983 = ORIENTED_EDGE('',*,*,#11897,.F.);
#11984 = ORIENTED_EDGE('',*,*,#11978,.F.);
#11985 = CYLINDRICAL_SURFACE('',#11986,1.35);
#11986 = AXIS2_PLACEMENT_3D('',#11987,#11988,#11989);
#11987 = CARTESIAN_POINT('',(17.,-3.,-8.1E-02));
#11988 = DIRECTION('',(-0.,-0.,-1.));
#11989 = DIRECTION('',(-0.,-1.,0.));
#11990 = ( GEOMETRIC_REPRESENTATION_CONTEXT(3) 
GLOBAL_UNCERTAINTY_ASSIGNED_CONTEXT((#11994)) 
GLOBAL_UNIT_ASSIGNED_CONTEXT((#11991,#11992,#11993)) 
REPRESENTATION_CONTEXT('Context #1',
  '3D Context with UNIT and UNCERTAINTY') );
#11991 = ( LENGTH_UNIT() NAMED_UNIT(*) SI_UNIT(.MILLI.,.METRE.) );
#11992 = ( NAMED_UNIT(*) PLANE_ANGLE_UNIT() SI_UNIT($,.RADIAN.) );
#11993 = ( NAMED_UNIT(*) SI_UNIT($,.STERADIAN.) SOLID_ANGLE_UNIT() );
#11994 = UNCERTAINTY_MEASURE_WITH_UNIT(LENGTH_MEASURE(1.E-07),#11991,
  'distance_accuracy_value','confusion accuracy');
#11995 = CONTEXT_DEPENDENT_SHAPE_REPRESENTATION(#11996,#11998);
#11996 = ( REPRESENTATION_RELATIONSHIP('','',#11683,#10) 
REPRESENTATION_RELATIONSHIP_WITH_TRANSFORMATION(#11997) 
SHAPE_REPRESENTATION_RELATIONSHIP() );
#11997 = ITEM_DEFINED_TRANSFORMATION('','',#11,#43);
#11998 = PRODUCT_DEFINITION_SHAPE('Placement','Placement of an item',
  #11999);
#11999 = NEXT_ASSEMBLY_USAGE_OCCURRENCE('8','=>[0:1:1:7]','',#5,#11678,$
  );
#12000 = PRODUCT_RELATED_PRODUCT_CATEGORY('part',$,(#11680));
#12001 = MECHANICAL_DESIGN_GEOMETRIC_PRESENTATION_REPRESENTATION('',(
    #12002),#11990);
#12002 = STYLED_ITEM('color',(#12003),#11684);
#12003 = PRESENTATION_STYLE_ASSIGNMENT((#12004));
#12004 = SURFACE_STYLE_USAGE(.BOTH.,#12005);
#12005 = SURFACE_SIDE_STYLE('',(#12006));
#12006 = SURFACE_STYLE_FILL_AREA(#12007);
#12007 = FILL_AREA_STYLE('',(#12008));
#12008 = FILL_AREA_STYLE_COLOUR('',#12009);
#12009 = COLOUR_RGB('',0.313304153717,0.484529207832,0.410020903123);
ENDSEC;
END-ISO-10303-21;
