ISO-10303-21;
HEADER;
FILE_DESCRIPTION(('KiCad electronic assembly'),'2;1');
FILE_NAME('ASE01191-A1_Grabette_elec_IMU.step','2026-03-25T13:59:44',(
    'Pcbnew'),('Kicad'),'Open CASCADE STEP processor 7.6',
  'KiCad to STEP converter','Unknown');
FILE_SCHEMA(('AUTOMOTIVE_DESIGN { 1 0 10303 214 1 1 1 1 }'));
ENDSEC;
DATA;
#1 = APPLICATION_PROTOCOL_DEFINITION('international standard',
  'automotive_design',2000,#2);
#2 = APPLICATION_CONTEXT(
  'core data for automotive mechanical design processes');
#3 = SHAPE_DEFINITION_REPRESENTATION(#4,#10);
#4 = PRODUCT_DEFINITION_SHAPE('','',#5);
#5 = PRODUCT_DEFINITION('design','',#6,#9);
#6 = PRODUCT_DEFINITION_FORMATION('','',#7);
#7 = PRODUCT('ASE01191-A1_Grabette_elec_IMU 1',
  'ASE01191-A1_Grabette_elec_IMU 1','',(#8));
#8 = PRODUCT_CONTEXT('',#2,'mechanical');
#9 = PRODUCT_DEFINITION_CONTEXT('part definition',#2,'design');
#10 = SHAPE_REPRESENTATION('',(#11,#15,#19,#23,#27,#31,#35,#39,#43,#47,
    #51,#55,#59),#63);
#11 = AXIS2_PLACEMENT_3D('',#12,#13,#14);
#12 = CARTESIAN_POINT('',(0.,0.,0.));
#13 = DIRECTION('',(0.,0.,1.));
#14 = DIRECTION('',(1.,0.,-0.));
#15 = AXIS2_PLACEMENT_3D('',#16,#17,#18);
#16 = CARTESIAN_POINT('',(11.4875,-18.6,0.96));
#17 = DIRECTION('',(0.,0.,1.));
#18 = DIRECTION('',(-1.,1.224646799147E-16,0.));
#19 = AXIS2_PLACEMENT_3D('',#20,#21,#22);
#20 = CARTESIAN_POINT('',(10.5,-6.,0.96));
#21 = DIRECTION('',(0.,0.,1.));
#22 = DIRECTION('',(1.,0.,0.));
#23 = AXIS2_PLACEMENT_3D('',#24,#25,#26);
#24 = CARTESIAN_POINT('',(11.4675,-13.625,0.96));
#25 = DIRECTION('',(0.,0.,1.));
#26 = DIRECTION('',(-1.,1.224646799147E-16,0.));
#27 = AXIS2_PLACEMENT_3D('',#28,#29,#30);
#28 = CARTESIAN_POINT('',(10.,-10.,0.96));
#29 = DIRECTION('',(0.,0.,1.));
#30 = DIRECTION('',(1.,0.,0.));
#31 = AXIS2_PLACEMENT_3D('',#32,#33,#34);
#32 = CARTESIAN_POINT('',(8.8675,-13.2,0.96));
#33 = DIRECTION('',(0.,0.,1.));
#34 = DIRECTION('',(1.,0.,0.));
#35 = AXIS2_PLACEMENT_3D('',#36,#37,#38);
#36 = CARTESIAN_POINT('',(3.8,-10.,0.96));
#37 = DIRECTION('',(-0.,0.,1.));
#38 = DIRECTION('',(1.110223024625E-16,-1.,0.));
#39 = AXIS2_PLACEMENT_3D('',#40,#41,#42);
#40 = CARTESIAN_POINT('',(16.2,-10.,0.96));
#41 = DIRECTION('',(0.,-0.,1.));
#42 = DIRECTION('',(1.110223024625E-16,1.,0.));
#43 = AXIS2_PLACEMENT_3D('',#44,#45,#46);
#44 = CARTESIAN_POINT('',(13.1675,-17.415,0.96));
#45 = DIRECTION('',(-0.,0.,1.));
#46 = DIRECTION('',(1.110223024625E-16,-1.,0.));
#47 = AXIS2_PLACEMENT_3D('',#48,#49,#50);
#48 = CARTESIAN_POINT('',(9.9875,-15.9875,0.96));
#49 = DIRECTION('',(0.,0.,1.));
#50 = DIRECTION('',(1.,0.,0.));
#51 = AXIS2_PLACEMENT_3D('',#52,#53,#54);
#52 = CARTESIAN_POINT('',(7.9675,-18.4,0.96));
#53 = DIRECTION('',(0.,0.,1.));
#54 = DIRECTION('',(1.,0.,0.));
#55 = AXIS2_PLACEMENT_3D('',#56,#57,#58);
#56 = CARTESIAN_POINT('',(13.1675,-15.5,0.96));
#57 = DIRECTION('',(-0.,0.,1.));
#58 = DIRECTION('',(1.110223024625E-16,-1.,0.));
#59 = AXIS2_PLACEMENT_3D('',#60,#61,#62);
#60 = CARTESIAN_POINT('',(0.,0.,0.));
#61 = DIRECTION('',(0.,0.,1.));
#62 = DIRECTION('',(1.,0.,-0.));
#63 = ( GEOMETRIC_REPRESENTATION_CONTEXT(3) 
GLOBAL_UNCERTAINTY_ASSIGNED_CONTEXT((#67)) GLOBAL_UNIT_ASSIGNED_CONTEXT(
(#64,#65,#66)) REPRESENTATION_CONTEXT('Context #1',
  '3D Context with UNIT and UNCERTAINTY') );
#64 = ( LENGTH_UNIT() NAMED_UNIT(*) SI_UNIT(.MILLI.,.METRE.) );
#65 = ( NAMED_UNIT(*) PLANE_ANGLE_UNIT() SI_UNIT($,.RADIAN.) );
#66 = ( NAMED_UNIT(*) SI_UNIT($,.STERADIAN.) SOLID_ANGLE_UNIT() );
#67 = UNCERTAINTY_MEASURE_WITH_UNIT(LENGTH_MEASURE(1.E-07),#64,
  'distance_accuracy_value','confusion accuracy');
#68 = PRODUCT_RELATED_PRODUCT_CATEGORY('part',$,(#7));
#69 = SHAPE_DEFINITION_REPRESENTATION(#70,#76);
#70 = PRODUCT_DEFINITION_SHAPE('','',#71);
#71 = PRODUCT_DEFINITION('design','',#72,#75);
#72 = PRODUCT_DEFINITION_FORMATION('','',#73);
#73 = PRODUCT('R_0402_1005Metric','R_0402_1005Metric','',(#74));
#74 = PRODUCT_CONTEXT('',#2,'mechanical');
#75 = PRODUCT_DEFINITION_CONTEXT('part definition',#2,'design');
#76 = ADVANCED_BREP_SHAPE_REPRESENTATION('',(#11,#77),#867);
#77 = MANIFOLD_SOLID_BREP('',#78);
#78 = CLOSED_SHELL('',(#79,#119,#202,#227,#252,#319,#336,#353,#402,#419,
    #436,#485,#502,#571,#602,#626,#695,#719,#736,#753,#770,#787,#804,
    #821,#838,#855));
#79 = ADVANCED_FACE('',(#80),#114,.F.);
#80 = FACE_BOUND('',#81,.F.);
#81 = EDGE_LOOP('',(#82,#92,#100,#108));
#82 = ORIENTED_EDGE('',*,*,#83,.F.);
#83 = EDGE_CURVE('',#84,#86,#88,.T.);
#84 = VERTEX_POINT('',#85);
#85 = CARTESIAN_POINT('',(-0.5,-0.25,3.5E-02));
#86 = VERTEX_POINT('',#87);
#87 = CARTESIAN_POINT('',(-0.5,-0.25,0.315));
#88 = LINE('',#89,#90);
#89 = CARTESIAN_POINT('',(-0.5,-0.25,0.));
#90 = VECTOR('',#91,1.);
#91 = DIRECTION('',(0.,0.,1.));
#92 = ORIENTED_EDGE('',*,*,#93,.T.);
#93 = EDGE_CURVE('',#84,#94,#96,.T.);
#94 = VERTEX_POINT('',#95);
#95 = CARTESIAN_POINT('',(-0.5,0.25,3.5E-02));
#96 = LINE('',#97,#98);
#97 = CARTESIAN_POINT('',(-0.5,-0.25,3.5E-02));
#98 = VECTOR('',#99,1.);
#99 = DIRECTION('',(0.,1.,0.));
#100 = ORIENTED_EDGE('',*,*,#101,.T.);
#101 = EDGE_CURVE('',#94,#102,#104,.T.);
#102 = VERTEX_POINT('',#103);
#103 = CARTESIAN_POINT('',(-0.5,0.25,0.315));
#104 = LINE('',#105,#106);
#105 = CARTESIAN_POINT('',(-0.5,0.25,0.));
#106 = VECTOR('',#107,1.);
#107 = DIRECTION('',(0.,0.,1.));
#108 = ORIENTED_EDGE('',*,*,#109,.F.);
#109 = EDGE_CURVE('',#86,#102,#110,.T.);
#110 = LINE('',#111,#112);
#111 = CARTESIAN_POINT('',(-0.5,-0.25,0.315));
#112 = VECTOR('',#113,1.);
#113 = DIRECTION('',(0.,1.,0.));
#114 = PLANE('',#115);
#115 = AXIS2_PLACEMENT_3D('',#116,#117,#118);
#116 = CARTESIAN_POINT('',(-0.5,-0.25,0.));
#117 = DIRECTION('',(1.,0.,0.));
#118 = DIRECTION('',(0.,0.,1.));
#119 = ADVANCED_FACE('',(#120),#197,.F.);
#120 = FACE_BOUND('',#121,.F.);
#121 = EDGE_LOOP('',(#122,#132,#139,#140,#149,#157,#166,#174,#182,#190)
  );
#122 = ORIENTED_EDGE('',*,*,#123,.F.);
#123 = EDGE_CURVE('',#124,#126,#128,.T.);
#124 = VERTEX_POINT('',#125);
#125 = CARTESIAN_POINT('',(-0.465,-0.25,-2.775557561563E-17));
#126 = VERTEX_POINT('',#127);
#127 = CARTESIAN_POINT('',(-0.335,-0.25,-2.775557561563E-17));
#128 = LINE('',#129,#130);
#129 = CARTESIAN_POINT('',(-0.5,-0.25,0.));
#130 = VECTOR('',#131,1.);
#131 = DIRECTION('',(1.,0.,0.));
#132 = ORIENTED_EDGE('',*,*,#133,.F.);
#133 = EDGE_CURVE('',#84,#124,#134,.T.);
#134 = CIRCLE('',#135,3.5E-02);
#135 = AXIS2_PLACEMENT_3D('',#136,#137,#138);
#136 = CARTESIAN_POINT('',(-0.465,-0.25,3.5E-02));
#137 = DIRECTION('',(0.,-1.,0.));
#138 = DIRECTION('',(0.,0.,1.));
#139 = ORIENTED_EDGE('',*,*,#83,.T.);
#140 = ORIENTED_EDGE('',*,*,#141,.T.);
#141 = EDGE_CURVE('',#86,#142,#144,.T.);
#142 = VERTEX_POINT('',#143);
#143 = CARTESIAN_POINT('',(-0.465,-0.25,0.35));
#144 = CIRCLE('',#145,3.5E-02);
#145 = AXIS2_PLACEMENT_3D('',#146,#147,#148);
#146 = CARTESIAN_POINT('',(-0.465,-0.25,0.315));
#147 = DIRECTION('',(0.,1.,0.));
#148 = DIRECTION('',(0.,-0.,1.));
#149 = ORIENTED_EDGE('',*,*,#150,.T.);
#150 = EDGE_CURVE('',#142,#151,#153,.T.);
#151 = VERTEX_POINT('',#152);
#152 = CARTESIAN_POINT('',(-0.335,-0.25,0.35));
#153 = LINE('',#154,#155);
#154 = CARTESIAN_POINT('',(-0.5,-0.25,0.35));
#155 = VECTOR('',#156,1.);
#156 = DIRECTION('',(1.,0.,0.));
#157 = ORIENTED_EDGE('',*,*,#158,.F.);
#158 = EDGE_CURVE('',#159,#151,#161,.T.);
#159 = VERTEX_POINT('',#160);
#160 = CARTESIAN_POINT('',(-0.3,-0.25,0.315));
#161 = CIRCLE('',#162,3.5E-02);
#162 = AXIS2_PLACEMENT_3D('',#163,#164,#165);
#163 = CARTESIAN_POINT('',(-0.335,-0.25,0.315));
#164 = DIRECTION('',(0.,-1.,0.));
#165 = DIRECTION('',(0.,0.,1.));
#166 = ORIENTED_EDGE('',*,*,#167,.F.);
#167 = EDGE_CURVE('',#168,#159,#170,.T.);
#168 = VERTEX_POINT('',#169);
#169 = CARTESIAN_POINT('',(-0.465,-0.25,0.315));
#170 = LINE('',#171,#172);
#171 = CARTESIAN_POINT('',(-0.465,-0.25,0.315));
#172 = VECTOR('',#173,1.);
#173 = DIRECTION('',(1.,0.,0.));
#174 = ORIENTED_EDGE('',*,*,#175,.F.);
#175 = EDGE_CURVE('',#176,#168,#178,.T.);
#176 = VERTEX_POINT('',#177);
#177 = CARTESIAN_POINT('',(-0.465,-0.25,3.5E-02));
#178 = LINE('',#179,#180);
#179 = CARTESIAN_POINT('',(-0.465,-0.25,3.5E-02));
#180 = VECTOR('',#181,1.);
#181 = DIRECTION('',(0.,0.,1.));
#182 = ORIENTED_EDGE('',*,*,#183,.T.);
#183 = EDGE_CURVE('',#176,#184,#186,.T.);
#184 = VERTEX_POINT('',#185);
#185 = CARTESIAN_POINT('',(-0.3,-0.25,3.5E-02));
#186 = LINE('',#187,#188);
#187 = CARTESIAN_POINT('',(-0.465,-0.25,3.5E-02));
#188 = VECTOR('',#189,1.);
#189 = DIRECTION('',(1.,0.,0.));
#190 = ORIENTED_EDGE('',*,*,#191,.T.);
#191 = EDGE_CURVE('',#184,#126,#192,.T.);
#192 = CIRCLE('',#193,3.5E-02);
#193 = AXIS2_PLACEMENT_3D('',#194,#195,#196);
#194 = CARTESIAN_POINT('',(-0.335,-0.25,3.5E-02));
#195 = DIRECTION('',(0.,1.,0.));
#196 = DIRECTION('',(0.,-0.,1.));
#197 = PLANE('',#198);
#198 = AXIS2_PLACEMENT_3D('',#199,#200,#201);
#199 = CARTESIAN_POINT('',(-0.5,-0.25,0.));
#200 = DIRECTION('',(0.,1.,0.));
#201 = DIRECTION('',(0.,-0.,1.));
#202 = ADVANCED_FACE('',(#203),#222,.T.);
#203 = FACE_BOUND('',#204,.T.);
#204 = EDGE_LOOP('',(#205,#206,#215,#221));
#205 = ORIENTED_EDGE('',*,*,#93,.T.);
#206 = ORIENTED_EDGE('',*,*,#207,.T.);
#207 = EDGE_CURVE('',#94,#208,#210,.T.);
#208 = VERTEX_POINT('',#209);
#209 = CARTESIAN_POINT('',(-0.465,0.25,-2.775557561563E-17));
#210 = CIRCLE('',#211,3.5E-02);
#211 = AXIS2_PLACEMENT_3D('',#212,#213,#214);
#212 = CARTESIAN_POINT('',(-0.465,0.25,3.5E-02));
#213 = DIRECTION('',(0.,-1.,0.));
#214 = DIRECTION('',(0.,0.,1.));
#215 = ORIENTED_EDGE('',*,*,#216,.F.);
#216 = EDGE_CURVE('',#124,#208,#217,.T.);
#217 = LINE('',#218,#219);
#218 = CARTESIAN_POINT('',(-0.465,-0.25,-2.775557561563E-17));
#219 = VECTOR('',#220,1.);
#220 = DIRECTION('',(0.,1.,0.));
#221 = ORIENTED_EDGE('',*,*,#133,.F.);
#222 = CYLINDRICAL_SURFACE('',#223,3.5E-02);
#223 = AXIS2_PLACEMENT_3D('',#224,#225,#226);
#224 = CARTESIAN_POINT('',(-0.465,-0.25,3.5E-02));
#225 = DIRECTION('',(0.,1.,0.));
#226 = DIRECTION('',(-1.,0.,0.));
#227 = ADVANCED_FACE('',(#228),#247,.T.);
#228 = FACE_BOUND('',#229,.T.);
#229 = EDGE_LOOP('',(#230,#231,#239,#246));
#230 = ORIENTED_EDGE('',*,*,#141,.T.);
#231 = ORIENTED_EDGE('',*,*,#232,.T.);
#232 = EDGE_CURVE('',#142,#233,#235,.T.);
#233 = VERTEX_POINT('',#234);
#234 = CARTESIAN_POINT('',(-0.465,0.25,0.35));
#235 = LINE('',#236,#237);
#236 = CARTESIAN_POINT('',(-0.465,-0.25,0.35));
#237 = VECTOR('',#238,1.);
#238 = DIRECTION('',(0.,1.,0.));
#239 = ORIENTED_EDGE('',*,*,#240,.F.);
#240 = EDGE_CURVE('',#102,#233,#241,.T.);
#241 = CIRCLE('',#242,3.5E-02);
#242 = AXIS2_PLACEMENT_3D('',#243,#244,#245);
#243 = CARTESIAN_POINT('',(-0.465,0.25,0.315));
#244 = DIRECTION('',(0.,1.,0.));
#245 = DIRECTION('',(0.,-0.,1.));
#246 = ORIENTED_EDGE('',*,*,#109,.F.);
#247 = CYLINDRICAL_SURFACE('',#248,3.5E-02);
#248 = AXIS2_PLACEMENT_3D('',#249,#250,#251);
#249 = CARTESIAN_POINT('',(-0.465,-0.25,0.315));
#250 = DIRECTION('',(0.,1.,0.));
#251 = DIRECTION('',(-1.,0.,0.));
#252 = ADVANCED_FACE('',(#253),#314,.T.);
#253 = FACE_BOUND('',#254,.T.);
#254 = EDGE_LOOP('',(#255,#263,#264,#265,#266,#274,#283,#291,#299,#307)
  );
#255 = ORIENTED_EDGE('',*,*,#256,.F.);
#256 = EDGE_CURVE('',#208,#257,#259,.T.);
#257 = VERTEX_POINT('',#258);
#258 = CARTESIAN_POINT('',(-0.335,0.25,-2.775557561563E-17));
#259 = LINE('',#260,#261);
#260 = CARTESIAN_POINT('',(-0.5,0.25,0.));
#261 = VECTOR('',#262,1.);
#262 = DIRECTION('',(1.,0.,0.));
#263 = ORIENTED_EDGE('',*,*,#207,.F.);
#264 = ORIENTED_EDGE('',*,*,#101,.T.);
#265 = ORIENTED_EDGE('',*,*,#240,.T.);
#266 = ORIENTED_EDGE('',*,*,#267,.T.);
#267 = EDGE_CURVE('',#233,#268,#270,.T.);
#268 = VERTEX_POINT('',#269);
#269 = CARTESIAN_POINT('',(-0.335,0.25,0.35));
#270 = LINE('',#271,#272);
#271 = CARTESIAN_POINT('',(-0.5,0.25,0.35));
#272 = VECTOR('',#273,1.);
#273 = DIRECTION('',(1.,0.,0.));
#274 = ORIENTED_EDGE('',*,*,#275,.F.);
#275 = EDGE_CURVE('',#276,#268,#278,.T.);
#276 = VERTEX_POINT('',#277);
#277 = CARTESIAN_POINT('',(-0.3,0.25,0.315));
#278 = CIRCLE('',#279,3.5E-02);
#279 = AXIS2_PLACEMENT_3D('',#280,#281,#282);
#280 = CARTESIAN_POINT('',(-0.335,0.25,0.315));
#281 = DIRECTION('',(0.,-1.,0.));
#282 = DIRECTION('',(0.,0.,1.));
#283 = ORIENTED_EDGE('',*,*,#284,.F.);
#284 = EDGE_CURVE('',#285,#276,#287,.T.);
#285 = VERTEX_POINT('',#286);
#286 = CARTESIAN_POINT('',(-0.465,0.25,0.315));
#287 = LINE('',#288,#289);
#288 = CARTESIAN_POINT('',(-0.465,0.25,0.315));
#289 = VECTOR('',#290,1.);
#290 = DIRECTION('',(1.,0.,0.));
#291 = ORIENTED_EDGE('',*,*,#292,.F.);
#292 = EDGE_CURVE('',#293,#285,#295,.T.);
#293 = VERTEX_POINT('',#294);
#294 = CARTESIAN_POINT('',(-0.465,0.25,3.5E-02));
#295 = LINE('',#296,#297);
#296 = CARTESIAN_POINT('',(-0.465,0.25,3.5E-02));
#297 = VECTOR('',#298,1.);
#298 = DIRECTION('',(0.,0.,1.));
#299 = ORIENTED_EDGE('',*,*,#300,.T.);
#300 = EDGE_CURVE('',#293,#301,#303,.T.);
#301 = VERTEX_POINT('',#302);
#302 = CARTESIAN_POINT('',(-0.3,0.25,3.5E-02));
#303 = LINE('',#304,#305);
#304 = CARTESIAN_POINT('',(-0.465,0.25,3.5E-02));
#305 = VECTOR('',#306,1.);
#306 = DIRECTION('',(1.,0.,0.));
#307 = ORIENTED_EDGE('',*,*,#308,.T.);
#308 = EDGE_CURVE('',#301,#257,#309,.T.);
#309 = CIRCLE('',#310,3.5E-02);
#310 = AXIS2_PLACEMENT_3D('',#311,#312,#313);
#311 = CARTESIAN_POINT('',(-0.335,0.25,3.5E-02));
#312 = DIRECTION('',(0.,1.,0.));
#313 = DIRECTION('',(0.,-0.,1.));
#314 = PLANE('',#315);
#315 = AXIS2_PLACEMENT_3D('',#316,#317,#318);
#316 = CARTESIAN_POINT('',(-0.5,0.25,0.));
#317 = DIRECTION('',(0.,1.,0.));
#318 = DIRECTION('',(0.,-0.,1.));
#319 = ADVANCED_FACE('',(#320),#331,.F.);
#320 = FACE_BOUND('',#321,.F.);
#321 = EDGE_LOOP('',(#322,#323,#324,#325));
#322 = ORIENTED_EDGE('',*,*,#256,.F.);
#323 = ORIENTED_EDGE('',*,*,#216,.F.);
#324 = ORIENTED_EDGE('',*,*,#123,.T.);
#325 = ORIENTED_EDGE('',*,*,#326,.T.);
#326 = EDGE_CURVE('',#126,#257,#327,.T.);
#327 = LINE('',#328,#329);
#328 = CARTESIAN_POINT('',(-0.335,-0.25,-2.775557561563E-17));
#329 = VECTOR('',#330,1.);
#330 = DIRECTION('',(0.,1.,0.));
#331 = PLANE('',#332);
#332 = AXIS2_PLACEMENT_3D('',#333,#334,#335);
#333 = CARTESIAN_POINT('',(-0.5,-0.25,0.));
#334 = DIRECTION('',(0.,0.,1.));
#335 = DIRECTION('',(1.,0.,-0.));
#336 = ADVANCED_FACE('',(#337),#348,.T.);
#337 = FACE_BOUND('',#338,.T.);
#338 = EDGE_LOOP('',(#339,#340,#341,#342));
#339 = ORIENTED_EDGE('',*,*,#191,.T.);
#340 = ORIENTED_EDGE('',*,*,#326,.T.);
#341 = ORIENTED_EDGE('',*,*,#308,.F.);
#342 = ORIENTED_EDGE('',*,*,#343,.F.);
#343 = EDGE_CURVE('',#184,#301,#344,.T.);
#344 = LINE('',#345,#346);
#345 = CARTESIAN_POINT('',(-0.3,-0.25,3.5E-02));
#346 = VECTOR('',#347,1.);
#347 = DIRECTION('',(0.,1.,0.));
#348 = CYLINDRICAL_SURFACE('',#349,3.5E-02);
#349 = AXIS2_PLACEMENT_3D('',#350,#351,#352);
#350 = CARTESIAN_POINT('',(-0.335,-0.25,3.5E-02));
#351 = DIRECTION('',(0.,1.,0.));
#352 = DIRECTION('',(1.,0.,0.));
#353 = ADVANCED_FACE('',(#354),#397,.F.);
#354 = FACE_BOUND('',#355,.F.);
#355 = EDGE_LOOP('',(#356,#357,#358,#359,#367,#375,#383,#391));
#356 = ORIENTED_EDGE('',*,*,#183,.F.);
#357 = ORIENTED_EDGE('',*,*,#175,.T.);
#358 = ORIENTED_EDGE('',*,*,#167,.T.);
#359 = ORIENTED_EDGE('',*,*,#360,.T.);
#360 = EDGE_CURVE('',#159,#361,#363,.T.);
#361 = VERTEX_POINT('',#362);
#362 = CARTESIAN_POINT('',(0.3,-0.25,0.315));
#363 = LINE('',#364,#365);
#364 = CARTESIAN_POINT('',(-0.3,-0.25,0.315));
#365 = VECTOR('',#366,1.);
#366 = DIRECTION('',(1.,0.,0.));
#367 = ORIENTED_EDGE('',*,*,#368,.T.);
#368 = EDGE_CURVE('',#361,#369,#371,.T.);
#369 = VERTEX_POINT('',#370);
#370 = CARTESIAN_POINT('',(0.465,-0.25,0.315));
#371 = LINE('',#372,#373);
#372 = CARTESIAN_POINT('',(-0.465,-0.25,0.315));
#373 = VECTOR('',#374,1.);
#374 = DIRECTION('',(1.,0.,0.));
#375 = ORIENTED_EDGE('',*,*,#376,.F.);
#376 = EDGE_CURVE('',#377,#369,#379,.T.);
#377 = VERTEX_POINT('',#378);
#378 = CARTESIAN_POINT('',(0.465,-0.25,3.5E-02));
#379 = LINE('',#380,#381);
#380 = CARTESIAN_POINT('',(0.465,-0.25,3.5E-02));
#381 = VECTOR('',#382,1.);
#382 = DIRECTION('',(0.,0.,1.));
#383 = ORIENTED_EDGE('',*,*,#384,.F.);
#384 = EDGE_CURVE('',#385,#377,#387,.T.);
#385 = VERTEX_POINT('',#386);
#386 = CARTESIAN_POINT('',(0.3,-0.25,3.5E-02));
#387 = LINE('',#388,#389);
#388 = CARTESIAN_POINT('',(-0.465,-0.25,3.5E-02));
#389 = VECTOR('',#390,1.);
#390 = DIRECTION('',(1.,0.,0.));
#391 = ORIENTED_EDGE('',*,*,#392,.F.);
#392 = EDGE_CURVE('',#184,#385,#393,.T.);
#393 = LINE('',#394,#395);
#394 = CARTESIAN_POINT('',(-0.465,-0.25,3.5E-02));
#395 = VECTOR('',#396,1.);
#396 = DIRECTION('',(1.,0.,0.));
#397 = PLANE('',#398);
#398 = AXIS2_PLACEMENT_3D('',#399,#400,#401);
#399 = CARTESIAN_POINT('',(-0.465,-0.25,3.5E-02));
#400 = DIRECTION('',(0.,1.,0.));
#401 = DIRECTION('',(0.,-0.,1.));
#402 = ADVANCED_FACE('',(#403),#414,.T.);
#403 = FACE_BOUND('',#404,.T.);
#404 = EDGE_LOOP('',(#405,#406,#407,#408));
#405 = ORIENTED_EDGE('',*,*,#267,.F.);
#406 = ORIENTED_EDGE('',*,*,#232,.F.);
#407 = ORIENTED_EDGE('',*,*,#150,.T.);
#408 = ORIENTED_EDGE('',*,*,#409,.T.);
#409 = EDGE_CURVE('',#151,#268,#410,.T.);
#410 = LINE('',#411,#412);
#411 = CARTESIAN_POINT('',(-0.335,-0.25,0.35));
#412 = VECTOR('',#413,1.);
#413 = DIRECTION('',(0.,1.,0.));
#414 = PLANE('',#415);
#415 = AXIS2_PLACEMENT_3D('',#416,#417,#418);
#416 = CARTESIAN_POINT('',(-0.5,-0.25,0.35));
#417 = DIRECTION('',(0.,0.,1.));
#418 = DIRECTION('',(1.,0.,-0.));
#419 = ADVANCED_FACE('',(#420),#431,.T.);
#420 = FACE_BOUND('',#421,.T.);
#421 = EDGE_LOOP('',(#422,#428,#429,#430));
#422 = ORIENTED_EDGE('',*,*,#423,.T.);
#423 = EDGE_CURVE('',#159,#276,#424,.T.);
#424 = LINE('',#425,#426);
#425 = CARTESIAN_POINT('',(-0.3,-0.25,0.315));
#426 = VECTOR('',#427,1.);
#427 = DIRECTION('',(0.,1.,0.));
#428 = ORIENTED_EDGE('',*,*,#275,.T.);
#429 = ORIENTED_EDGE('',*,*,#409,.F.);
#430 = ORIENTED_EDGE('',*,*,#158,.F.);
#431 = CYLINDRICAL_SURFACE('',#432,3.5E-02);
#432 = AXIS2_PLACEMENT_3D('',#433,#434,#435);
#433 = CARTESIAN_POINT('',(-0.335,-0.25,0.315));
#434 = DIRECTION('',(0.,1.,0.));
#435 = DIRECTION('',(1.,0.,0.));
#436 = ADVANCED_FACE('',(#437),#480,.T.);
#437 = FACE_BOUND('',#438,.T.);
#438 = EDGE_LOOP('',(#439,#440,#441,#442,#450,#458,#466,#474));
#439 = ORIENTED_EDGE('',*,*,#300,.F.);
#440 = ORIENTED_EDGE('',*,*,#292,.T.);
#441 = ORIENTED_EDGE('',*,*,#284,.T.);
#442 = ORIENTED_EDGE('',*,*,#443,.T.);
#443 = EDGE_CURVE('',#276,#444,#446,.T.);
#444 = VERTEX_POINT('',#445);
#445 = CARTESIAN_POINT('',(0.3,0.25,0.315));
#446 = LINE('',#447,#448);
#447 = CARTESIAN_POINT('',(-0.3,0.25,0.315));
#448 = VECTOR('',#449,1.);
#449 = DIRECTION('',(1.,0.,0.));
#450 = ORIENTED_EDGE('',*,*,#451,.T.);
#451 = EDGE_CURVE('',#444,#452,#454,.T.);
#452 = VERTEX_POINT('',#453);
#453 = CARTESIAN_POINT('',(0.465,0.25,0.315));
#454 = LINE('',#455,#456);
#455 = CARTESIAN_POINT('',(-0.465,0.25,0.315));
#456 = VECTOR('',#457,1.);
#457 = DIRECTION('',(1.,0.,0.));
#458 = ORIENTED_EDGE('',*,*,#459,.F.);
#459 = EDGE_CURVE('',#460,#452,#462,.T.);
#460 = VERTEX_POINT('',#461);
#461 = CARTESIAN_POINT('',(0.465,0.25,3.5E-02));
#462 = LINE('',#463,#464);
#463 = CARTESIAN_POINT('',(0.465,0.25,3.5E-02));
#464 = VECTOR('',#465,1.);
#465 = DIRECTION('',(0.,0.,1.));
#466 = ORIENTED_EDGE('',*,*,#467,.F.);
#467 = EDGE_CURVE('',#468,#460,#470,.T.);
#468 = VERTEX_POINT('',#469);
#469 = CARTESIAN_POINT('',(0.3,0.25,3.5E-02));
#470 = LINE('',#471,#472);
#471 = CARTESIAN_POINT('',(-0.465,0.25,3.5E-02));
#472 = VECTOR('',#473,1.);
#473 = DIRECTION('',(1.,0.,0.));
#474 = ORIENTED_EDGE('',*,*,#475,.F.);
#475 = EDGE_CURVE('',#301,#468,#476,.T.);
#476 = LINE('',#477,#478);
#477 = CARTESIAN_POINT('',(-0.465,0.25,3.5E-02));
#478 = VECTOR('',#479,1.);
#479 = DIRECTION('',(1.,0.,0.));
#480 = PLANE('',#481);
#481 = AXIS2_PLACEMENT_3D('',#482,#483,#484);
#482 = CARTESIAN_POINT('',(-0.465,0.25,3.5E-02));
#483 = DIRECTION('',(0.,1.,0.));
#484 = DIRECTION('',(0.,-0.,1.));
#485 = ADVANCED_FACE('',(#486),#497,.F.);
#486 = FACE_BOUND('',#487,.F.);
#487 = EDGE_LOOP('',(#488,#489,#490,#496));
#488 = ORIENTED_EDGE('',*,*,#343,.F.);
#489 = ORIENTED_EDGE('',*,*,#392,.T.);
#490 = ORIENTED_EDGE('',*,*,#491,.T.);
#491 = EDGE_CURVE('',#385,#468,#492,.T.);
#492 = LINE('',#493,#494);
#493 = CARTESIAN_POINT('',(0.3,-0.25,3.5E-02));
#494 = VECTOR('',#495,1.);
#495 = DIRECTION('',(0.,1.,0.));
#496 = ORIENTED_EDGE('',*,*,#475,.F.);
#497 = PLANE('',#498);
#498 = AXIS2_PLACEMENT_3D('',#499,#500,#501);
#499 = CARTESIAN_POINT('',(-0.465,-0.25,3.5E-02));
#500 = DIRECTION('',(0.,0.,1.));
#501 = DIRECTION('',(1.,0.,-0.));
#502 = ADVANCED_FACE('',(#503),#566,.F.);
#503 = FACE_BOUND('',#504,.F.);
#504 = EDGE_LOOP('',(#505,#515,#522,#523,#524,#525,#534,#542,#551,#559)
  );
#505 = ORIENTED_EDGE('',*,*,#506,.F.);
#506 = EDGE_CURVE('',#507,#509,#511,.T.);
#507 = VERTEX_POINT('',#508);
#508 = CARTESIAN_POINT('',(0.335,-0.25,-2.775557561563E-17));
#509 = VERTEX_POINT('',#510);
#510 = CARTESIAN_POINT('',(0.465,-0.25,-2.775557561563E-17));
#511 = LINE('',#512,#513);
#512 = CARTESIAN_POINT('',(0.3,-0.25,0.));
#513 = VECTOR('',#514,1.);
#514 = DIRECTION('',(1.,0.,0.));
#515 = ORIENTED_EDGE('',*,*,#516,.F.);
#516 = EDGE_CURVE('',#385,#507,#517,.T.);
#517 = CIRCLE('',#518,3.5E-02);
#518 = AXIS2_PLACEMENT_3D('',#519,#520,#521);
#519 = CARTESIAN_POINT('',(0.335,-0.25,3.5E-02));
#520 = DIRECTION('',(0.,-1.,0.));
#521 = DIRECTION('',(0.,0.,1.));
#522 = ORIENTED_EDGE('',*,*,#384,.T.);
#523 = ORIENTED_EDGE('',*,*,#376,.T.);
#524 = ORIENTED_EDGE('',*,*,#368,.F.);
#525 = ORIENTED_EDGE('',*,*,#526,.T.);
#526 = EDGE_CURVE('',#361,#527,#529,.T.);
#527 = VERTEX_POINT('',#528);
#528 = CARTESIAN_POINT('',(0.335,-0.25,0.35));
#529 = CIRCLE('',#530,3.5E-02);
#530 = AXIS2_PLACEMENT_3D('',#531,#532,#533);
#531 = CARTESIAN_POINT('',(0.335,-0.25,0.315));
#532 = DIRECTION('',(0.,1.,0.));
#533 = DIRECTION('',(0.,-0.,1.));
#534 = ORIENTED_EDGE('',*,*,#535,.T.);
#535 = EDGE_CURVE('',#527,#536,#538,.T.);
#536 = VERTEX_POINT('',#537);
#537 = CARTESIAN_POINT('',(0.465,-0.25,0.35));
#538 = LINE('',#539,#540);
#539 = CARTESIAN_POINT('',(0.3,-0.25,0.35));
#540 = VECTOR('',#541,1.);
#541 = DIRECTION('',(1.,0.,0.));
#542 = ORIENTED_EDGE('',*,*,#543,.F.);
#543 = EDGE_CURVE('',#544,#536,#546,.T.);
#544 = VERTEX_POINT('',#545);
#545 = CARTESIAN_POINT('',(0.5,-0.25,0.315));
#546 = CIRCLE('',#547,3.5E-02);
#547 = AXIS2_PLACEMENT_3D('',#548,#549,#550);
#548 = CARTESIAN_POINT('',(0.465,-0.25,0.315));
#549 = DIRECTION('',(0.,-1.,0.));
#550 = DIRECTION('',(0.,0.,1.));
#551 = ORIENTED_EDGE('',*,*,#552,.F.);
#552 = EDGE_CURVE('',#553,#544,#555,.T.);
#553 = VERTEX_POINT('',#554);
#554 = CARTESIAN_POINT('',(0.5,-0.25,3.5E-02));
#555 = LINE('',#556,#557);
#556 = CARTESIAN_POINT('',(0.5,-0.25,0.));
#557 = VECTOR('',#558,1.);
#558 = DIRECTION('',(0.,0.,1.));
#559 = ORIENTED_EDGE('',*,*,#560,.T.);
#560 = EDGE_CURVE('',#553,#509,#561,.T.);
#561 = CIRCLE('',#562,3.5E-02);
#562 = AXIS2_PLACEMENT_3D('',#563,#564,#565);
#563 = CARTESIAN_POINT('',(0.465,-0.25,3.5E-02));
#564 = DIRECTION('',(0.,1.,0.));
#565 = DIRECTION('',(0.,-0.,1.));
#566 = PLANE('',#567);
#567 = AXIS2_PLACEMENT_3D('',#568,#569,#570);
#568 = CARTESIAN_POINT('',(0.3,-0.25,0.));
#569 = DIRECTION('',(0.,1.,0.));
#570 = DIRECTION('',(0.,-0.,1.));
#571 = ADVANCED_FACE('',(#572),#597,.F.);
#572 = FACE_BOUND('',#573,.F.);
#573 = EDGE_LOOP('',(#574,#575,#583,#591));
#574 = ORIENTED_EDGE('',*,*,#360,.F.);
#575 = ORIENTED_EDGE('',*,*,#576,.T.);
#576 = EDGE_CURVE('',#159,#577,#579,.T.);
#577 = VERTEX_POINT('',#578);
#578 = CARTESIAN_POINT('',(-0.3,-0.25,0.35));
#579 = LINE('',#580,#581);
#580 = CARTESIAN_POINT('',(-0.3,-0.25,0.315));
#581 = VECTOR('',#582,1.);
#582 = DIRECTION('',(0.,0.,1.));
#583 = ORIENTED_EDGE('',*,*,#584,.T.);
#584 = EDGE_CURVE('',#577,#585,#587,.T.);
#585 = VERTEX_POINT('',#586);
#586 = CARTESIAN_POINT('',(0.3,-0.25,0.35));
#587 = LINE('',#588,#589);
#588 = CARTESIAN_POINT('',(-0.3,-0.25,0.35));
#589 = VECTOR('',#590,1.);
#590 = DIRECTION('',(1.,0.,0.));
#591 = ORIENTED_EDGE('',*,*,#592,.F.);
#592 = EDGE_CURVE('',#361,#585,#593,.T.);
#593 = LINE('',#594,#595);
#594 = CARTESIAN_POINT('',(0.3,-0.25,0.315));
#595 = VECTOR('',#596,1.);
#596 = DIRECTION('',(0.,0.,1.));
#597 = PLANE('',#598);
#598 = AXIS2_PLACEMENT_3D('',#599,#600,#601);
#599 = CARTESIAN_POINT('',(-0.3,-0.25,0.315));
#600 = DIRECTION('',(0.,1.,0.));
#601 = DIRECTION('',(0.,-0.,1.));
#602 = ADVANCED_FACE('',(#603),#621,.F.);
#603 = FACE_BOUND('',#604,.F.);
#604 = EDGE_LOOP('',(#605,#606,#607,#615));
#605 = ORIENTED_EDGE('',*,*,#576,.F.);
#606 = ORIENTED_EDGE('',*,*,#423,.T.);
#607 = ORIENTED_EDGE('',*,*,#608,.T.);
#608 = EDGE_CURVE('',#276,#609,#611,.T.);
#609 = VERTEX_POINT('',#610);
#610 = CARTESIAN_POINT('',(-0.3,0.25,0.35));
#611 = LINE('',#612,#613);
#612 = CARTESIAN_POINT('',(-0.3,0.25,0.315));
#613 = VECTOR('',#614,1.);
#614 = DIRECTION('',(0.,0.,1.));
#615 = ORIENTED_EDGE('',*,*,#616,.F.);
#616 = EDGE_CURVE('',#577,#609,#617,.T.);
#617 = LINE('',#618,#619);
#618 = CARTESIAN_POINT('',(-0.3,-0.25,0.35));
#619 = VECTOR('',#620,1.);
#620 = DIRECTION('',(0.,1.,0.));
#621 = PLANE('',#622);
#622 = AXIS2_PLACEMENT_3D('',#623,#624,#625);
#623 = CARTESIAN_POINT('',(-0.3,-0.25,0.315));
#624 = DIRECTION('',(1.,0.,0.));
#625 = DIRECTION('',(0.,0.,1.));
#626 = ADVANCED_FACE('',(#627),#690,.T.);
#627 = FACE_BOUND('',#628,.T.);
#628 = EDGE_LOOP('',(#629,#639,#646,#647,#648,#649,#658,#666,#675,#683)
  );
#629 = ORIENTED_EDGE('',*,*,#630,.F.);
#630 = EDGE_CURVE('',#631,#633,#635,.T.);
#631 = VERTEX_POINT('',#632);
#632 = CARTESIAN_POINT('',(0.335,0.25,-2.775557561563E-17));
#633 = VERTEX_POINT('',#634);
#634 = CARTESIAN_POINT('',(0.465,0.25,-2.775557561563E-17));
#635 = LINE('',#636,#637);
#636 = CARTESIAN_POINT('',(0.3,0.25,0.));
#637 = VECTOR('',#638,1.);
#638 = DIRECTION('',(1.,0.,0.));
#639 = ORIENTED_EDGE('',*,*,#640,.F.);
#640 = EDGE_CURVE('',#468,#631,#641,.T.);
#641 = CIRCLE('',#642,3.5E-02);
#642 = AXIS2_PLACEMENT_3D('',#643,#644,#645);
#643 = CARTESIAN_POINT('',(0.335,0.25,3.5E-02));
#644 = DIRECTION('',(0.,-1.,0.));
#645 = DIRECTION('',(0.,0.,1.));
#646 = ORIENTED_EDGE('',*,*,#467,.T.);
#647 = ORIENTED_EDGE('',*,*,#459,.T.);
#648 = ORIENTED_EDGE('',*,*,#451,.F.);
#649 = ORIENTED_EDGE('',*,*,#650,.T.);
#650 = EDGE_CURVE('',#444,#651,#653,.T.);
#651 = VERTEX_POINT('',#652);
#652 = CARTESIAN_POINT('',(0.335,0.25,0.35));
#653 = CIRCLE('',#654,3.5E-02);
#654 = AXIS2_PLACEMENT_3D('',#655,#656,#657);
#655 = CARTESIAN_POINT('',(0.335,0.25,0.315));
#656 = DIRECTION('',(0.,1.,0.));
#657 = DIRECTION('',(0.,-0.,1.));
#658 = ORIENTED_EDGE('',*,*,#659,.T.);
#659 = EDGE_CURVE('',#651,#660,#662,.T.);
#660 = VERTEX_POINT('',#661);
#661 = CARTESIAN_POINT('',(0.465,0.25,0.35));
#662 = LINE('',#663,#664);
#663 = CARTESIAN_POINT('',(0.3,0.25,0.35));
#664 = VECTOR('',#665,1.);
#665 = DIRECTION('',(1.,0.,0.));
#666 = ORIENTED_EDGE('',*,*,#667,.F.);
#667 = EDGE_CURVE('',#668,#660,#670,.T.);
#668 = VERTEX_POINT('',#669);
#669 = CARTESIAN_POINT('',(0.5,0.25,0.315));
#670 = CIRCLE('',#671,3.5E-02);
#671 = AXIS2_PLACEMENT_3D('',#672,#673,#674);
#672 = CARTESIAN_POINT('',(0.465,0.25,0.315));
#673 = DIRECTION('',(0.,-1.,0.));
#674 = DIRECTION('',(0.,0.,1.));
#675 = ORIENTED_EDGE('',*,*,#676,.F.);
#676 = EDGE_CURVE('',#677,#668,#679,.T.);
#677 = VERTEX_POINT('',#678);
#678 = CARTESIAN_POINT('',(0.5,0.25,3.5E-02));
#679 = LINE('',#680,#681);
#680 = CARTESIAN_POINT('',(0.5,0.25,0.));
#681 = VECTOR('',#682,1.);
#682 = DIRECTION('',(0.,0.,1.));
#683 = ORIENTED_EDGE('',*,*,#684,.T.);
#684 = EDGE_CURVE('',#677,#633,#685,.T.);
#685 = CIRCLE('',#686,3.5E-02);
#686 = AXIS2_PLACEMENT_3D('',#687,#688,#689);
#687 = CARTESIAN_POINT('',(0.465,0.25,3.5E-02));
#688 = DIRECTION('',(0.,1.,0.));
#689 = DIRECTION('',(0.,-0.,1.));
#690 = PLANE('',#691);
#691 = AXIS2_PLACEMENT_3D('',#692,#693,#694);
#692 = CARTESIAN_POINT('',(0.3,0.25,0.));
#693 = DIRECTION('',(0.,1.,0.));
#694 = DIRECTION('',(0.,-0.,1.));
#695 = ADVANCED_FACE('',(#696),#714,.T.);
#696 = FACE_BOUND('',#697,.T.);
#697 = EDGE_LOOP('',(#698,#699,#700,#708));
#698 = ORIENTED_EDGE('',*,*,#443,.F.);
#699 = ORIENTED_EDGE('',*,*,#608,.T.);
#700 = ORIENTED_EDGE('',*,*,#701,.T.);
#701 = EDGE_CURVE('',#609,#702,#704,.T.);
#702 = VERTEX_POINT('',#703);
#703 = CARTESIAN_POINT('',(0.3,0.25,0.35));
#704 = LINE('',#705,#706);
#705 = CARTESIAN_POINT('',(-0.3,0.25,0.35));
#706 = VECTOR('',#707,1.);
#707 = DIRECTION('',(1.,0.,0.));
#708 = ORIENTED_EDGE('',*,*,#709,.F.);
#709 = EDGE_CURVE('',#444,#702,#710,.T.);
#710 = LINE('',#711,#712);
#711 = CARTESIAN_POINT('',(0.3,0.25,0.315));
#712 = VECTOR('',#713,1.);
#713 = DIRECTION('',(0.,0.,1.));
#714 = PLANE('',#715);
#715 = AXIS2_PLACEMENT_3D('',#716,#717,#718);
#716 = CARTESIAN_POINT('',(-0.3,0.25,0.315));
#717 = DIRECTION('',(0.,1.,0.));
#718 = DIRECTION('',(0.,-0.,1.));
#719 = ADVANCED_FACE('',(#720),#731,.T.);
#720 = FACE_BOUND('',#721,.T.);
#721 = EDGE_LOOP('',(#722,#723,#724,#730));
#722 = ORIENTED_EDGE('',*,*,#491,.T.);
#723 = ORIENTED_EDGE('',*,*,#640,.T.);
#724 = ORIENTED_EDGE('',*,*,#725,.F.);
#725 = EDGE_CURVE('',#507,#631,#726,.T.);
#726 = LINE('',#727,#728);
#727 = CARTESIAN_POINT('',(0.335,-0.25,-2.775557561563E-17));
#728 = VECTOR('',#729,1.);
#729 = DIRECTION('',(0.,1.,0.));
#730 = ORIENTED_EDGE('',*,*,#516,.F.);
#731 = CYLINDRICAL_SURFACE('',#732,3.5E-02);
#732 = AXIS2_PLACEMENT_3D('',#733,#734,#735);
#733 = CARTESIAN_POINT('',(0.335,-0.25,3.5E-02));
#734 = DIRECTION('',(0.,1.,0.));
#735 = DIRECTION('',(-1.,0.,0.));
#736 = ADVANCED_FACE('',(#737),#748,.F.);
#737 = FACE_BOUND('',#738,.F.);
#738 = EDGE_LOOP('',(#739,#740,#741,#742));
#739 = ORIENTED_EDGE('',*,*,#630,.F.);
#740 = ORIENTED_EDGE('',*,*,#725,.F.);
#741 = ORIENTED_EDGE('',*,*,#506,.T.);
#742 = ORIENTED_EDGE('',*,*,#743,.T.);
#743 = EDGE_CURVE('',#509,#633,#744,.T.);
#744 = LINE('',#745,#746);
#745 = CARTESIAN_POINT('',(0.465,-0.25,-2.775557561563E-17));
#746 = VECTOR('',#747,1.);
#747 = DIRECTION('',(0.,1.,0.));
#748 = PLANE('',#749);
#749 = AXIS2_PLACEMENT_3D('',#750,#751,#752);
#750 = CARTESIAN_POINT('',(0.3,-0.25,0.));
#751 = DIRECTION('',(0.,0.,1.));
#752 = DIRECTION('',(1.,0.,-0.));
#753 = ADVANCED_FACE('',(#754),#765,.T.);
#754 = FACE_BOUND('',#755,.T.);
#755 = EDGE_LOOP('',(#756,#757,#758,#759));
#756 = ORIENTED_EDGE('',*,*,#560,.T.);
#757 = ORIENTED_EDGE('',*,*,#743,.T.);
#758 = ORIENTED_EDGE('',*,*,#684,.F.);
#759 = ORIENTED_EDGE('',*,*,#760,.F.);
#760 = EDGE_CURVE('',#553,#677,#761,.T.);
#761 = LINE('',#762,#763);
#762 = CARTESIAN_POINT('',(0.5,-0.25,3.5E-02));
#763 = VECTOR('',#764,1.);
#764 = DIRECTION('',(0.,1.,0.));
#765 = CYLINDRICAL_SURFACE('',#766,3.5E-02);
#766 = AXIS2_PLACEMENT_3D('',#767,#768,#769);
#767 = CARTESIAN_POINT('',(0.465,-0.25,3.5E-02));
#768 = DIRECTION('',(0.,1.,0.));
#769 = DIRECTION('',(1.,0.,0.));
#770 = ADVANCED_FACE('',(#771),#782,.T.);
#771 = FACE_BOUND('',#772,.T.);
#772 = EDGE_LOOP('',(#773,#774,#775,#776));
#773 = ORIENTED_EDGE('',*,*,#552,.F.);
#774 = ORIENTED_EDGE('',*,*,#760,.T.);
#775 = ORIENTED_EDGE('',*,*,#676,.T.);
#776 = ORIENTED_EDGE('',*,*,#777,.F.);
#777 = EDGE_CURVE('',#544,#668,#778,.T.);
#778 = LINE('',#779,#780);
#779 = CARTESIAN_POINT('',(0.5,-0.25,0.315));
#780 = VECTOR('',#781,1.);
#781 = DIRECTION('',(0.,1.,0.));
#782 = PLANE('',#783);
#783 = AXIS2_PLACEMENT_3D('',#784,#785,#786);
#784 = CARTESIAN_POINT('',(0.5,-0.25,0.));
#785 = DIRECTION('',(1.,0.,0.));
#786 = DIRECTION('',(0.,0.,1.));
#787 = ADVANCED_FACE('',(#788),#799,.T.);
#788 = FACE_BOUND('',#789,.T.);
#789 = EDGE_LOOP('',(#790,#791,#792,#798));
#790 = ORIENTED_EDGE('',*,*,#777,.T.);
#791 = ORIENTED_EDGE('',*,*,#667,.T.);
#792 = ORIENTED_EDGE('',*,*,#793,.F.);
#793 = EDGE_CURVE('',#536,#660,#794,.T.);
#794 = LINE('',#795,#796);
#795 = CARTESIAN_POINT('',(0.465,-0.25,0.35));
#796 = VECTOR('',#797,1.);
#797 = DIRECTION('',(0.,1.,0.));
#798 = ORIENTED_EDGE('',*,*,#543,.F.);
#799 = CYLINDRICAL_SURFACE('',#800,3.5E-02);
#800 = AXIS2_PLACEMENT_3D('',#801,#802,#803);
#801 = CARTESIAN_POINT('',(0.465,-0.25,0.315));
#802 = DIRECTION('',(0.,1.,0.));
#803 = DIRECTION('',(1.,0.,0.));
#804 = ADVANCED_FACE('',(#805),#816,.T.);
#805 = FACE_BOUND('',#806,.T.);
#806 = EDGE_LOOP('',(#807,#808,#814,#815));
#807 = ORIENTED_EDGE('',*,*,#659,.F.);
#808 = ORIENTED_EDGE('',*,*,#809,.F.);
#809 = EDGE_CURVE('',#527,#651,#810,.T.);
#810 = LINE('',#811,#812);
#811 = CARTESIAN_POINT('',(0.335,-0.25,0.35));
#812 = VECTOR('',#813,1.);
#813 = DIRECTION('',(0.,1.,0.));
#814 = ORIENTED_EDGE('',*,*,#535,.T.);
#815 = ORIENTED_EDGE('',*,*,#793,.T.);
#816 = PLANE('',#817);
#817 = AXIS2_PLACEMENT_3D('',#818,#819,#820);
#818 = CARTESIAN_POINT('',(0.3,-0.25,0.35));
#819 = DIRECTION('',(0.,0.,1.));
#820 = DIRECTION('',(1.,0.,-0.));
#821 = ADVANCED_FACE('',(#822),#833,.T.);
#822 = FACE_BOUND('',#823,.T.);
#823 = EDGE_LOOP('',(#824,#825,#826,#827));
#824 = ORIENTED_EDGE('',*,*,#526,.T.);
#825 = ORIENTED_EDGE('',*,*,#809,.T.);
#826 = ORIENTED_EDGE('',*,*,#650,.F.);
#827 = ORIENTED_EDGE('',*,*,#828,.F.);
#828 = EDGE_CURVE('',#361,#444,#829,.T.);
#829 = LINE('',#830,#831);
#830 = CARTESIAN_POINT('',(0.3,-0.25,0.315));
#831 = VECTOR('',#832,1.);
#832 = DIRECTION('',(0.,1.,0.));
#833 = CYLINDRICAL_SURFACE('',#834,3.5E-02);
#834 = AXIS2_PLACEMENT_3D('',#835,#836,#837);
#835 = CARTESIAN_POINT('',(0.335,-0.25,0.315));
#836 = DIRECTION('',(0.,1.,0.));
#837 = DIRECTION('',(-1.,0.,0.));
#838 = ADVANCED_FACE('',(#839),#850,.T.);
#839 = FACE_BOUND('',#840,.T.);
#840 = EDGE_LOOP('',(#841,#842,#843,#844));
#841 = ORIENTED_EDGE('',*,*,#592,.F.);
#842 = ORIENTED_EDGE('',*,*,#828,.T.);
#843 = ORIENTED_EDGE('',*,*,#709,.T.);
#844 = ORIENTED_EDGE('',*,*,#845,.F.);
#845 = EDGE_CURVE('',#585,#702,#846,.T.);
#846 = LINE('',#847,#848);
#847 = CARTESIAN_POINT('',(0.3,-0.25,0.35));
#848 = VECTOR('',#849,1.);
#849 = DIRECTION('',(0.,1.,0.));
#850 = PLANE('',#851);
#851 = AXIS2_PLACEMENT_3D('',#852,#853,#854);
#852 = CARTESIAN_POINT('',(0.3,-0.25,0.315));
#853 = DIRECTION('',(1.,0.,0.));
#854 = DIRECTION('',(0.,0.,1.));
#855 = ADVANCED_FACE('',(#856),#862,.T.);
#856 = FACE_BOUND('',#857,.T.);
#857 = EDGE_LOOP('',(#858,#859,#860,#861));
#858 = ORIENTED_EDGE('',*,*,#616,.F.);
#859 = ORIENTED_EDGE('',*,*,#584,.T.);
#860 = ORIENTED_EDGE('',*,*,#845,.T.);
#861 = ORIENTED_EDGE('',*,*,#701,.F.);
#862 = PLANE('',#863);
#863 = AXIS2_PLACEMENT_3D('',#864,#865,#866);
#864 = CARTESIAN_POINT('',(-0.3,-0.25,0.35));
#865 = DIRECTION('',(0.,0.,1.));
#866 = DIRECTION('',(1.,0.,-0.));
#867 = ( GEOMETRIC_REPRESENTATION_CONTEXT(3) 
GLOBAL_UNCERTAINTY_ASSIGNED_CONTEXT((#871)) GLOBAL_UNIT_ASSIGNED_CONTEXT
((#868,#869,#870)) REPRESENTATION_CONTEXT('Context #1',
  '3D Context with UNIT and UNCERTAINTY') );
#868 = ( LENGTH_UNIT() NAMED_UNIT(*) SI_UNIT(.MILLI.,.METRE.) );
#869 = ( NAMED_UNIT(*) PLANE_ANGLE_UNIT() SI_UNIT($,.RADIAN.) );
#870 = ( NAMED_UNIT(*) SI_UNIT($,.STERADIAN.) SOLID_ANGLE_UNIT() );
#871 = UNCERTAINTY_MEASURE_WITH_UNIT(LENGTH_MEASURE(1.E-07),#868,
  'distance_accuracy_value','confusion accuracy');
#872 = CONTEXT_DEPENDENT_SHAPE_REPRESENTATION(#873,#875);
#873 = ( REPRESENTATION_RELATIONSHIP('','',#76,#10) 
REPRESENTATION_RELATIONSHIP_WITH_TRANSFORMATION(#874) 
SHAPE_REPRESENTATION_RELATIONSHIP() );
#874 = ITEM_DEFINED_TRANSFORMATION('','',#11,#15);
#875 = PRODUCT_DEFINITION_SHAPE('Placement','Placement of an item',#876
  );
#876 = NEXT_ASSEMBLY_USAGE_OCCURRENCE('1','R2','',#5,#71,$);
#877 = PRODUCT_RELATED_PRODUCT_CATEGORY('part',$,(#73));
#878 = SHAPE_DEFINITION_REPRESENTATION(#879,#885);
#879 = PRODUCT_DEFINITION_SHAPE('','',#880);
#880 = PRODUCT_DEFINITION('design','',#881,#884);
#881 = PRODUCT_DEFINITION_FORMATION('','',#882);
#882 = PRODUCT('TestPoint_Loop_D2.50mm_Drill1.0mm_LowProfile',
  'TestPoint_Loop_D2.50mm_Drill1.0mm_LowProfile','',(#883));
#883 = PRODUCT_CONTEXT('',#2,'mechanical');
#884 = PRODUCT_DEFINITION_CONTEXT('part definition',#2,'design');
#885 = ADVANCED_BREP_SHAPE_REPRESENTATION('',(#11,#886),#1592);
#886 = MANIFOLD_SOLID_BREP('',#887);
#887 = CLOSED_SHELL('',(#888,#905,#930,#1231,#1257,#1558,#1583));
#888 = ADVANCED_FACE('',(#889),#900,.F.);
#889 = FACE_BOUND('',#890,.F.);
#890 = EDGE_LOOP('',(#891));
#891 = ORIENTED_EDGE('',*,*,#892,.T.);
#892 = EDGE_CURVE('',#893,#893,#895,.T.);
#893 = VERTEX_POINT('',#894);
#894 = CARTESIAN_POINT('',(0.,-6.123241567125E-17,-3.000000340985));
#895 = CIRCLE('',#896,0.25);
#896 = AXIS2_PLACEMENT_3D('',#897,#898,#899);
#897 = CARTESIAN_POINT('',(-0.25,-7.571388498749E-23,-3.000000340985));
#898 = DIRECTION('',(0.,0.,1.));
#899 = DIRECTION('',(1.,0.,-0.));
#900 = PLANE('',#901);
#901 = AXIS2_PLACEMENT_3D('',#902,#903,#904);
#902 = CARTESIAN_POINT('',(-0.25,2.184397549452E-17,-3.000000340985));
#903 = DIRECTION('',(0.,0.,1.));
#904 = DIRECTION('',(1.,0.,-0.));
#905 = ADVANCED_FACE('',(#906),#925,.T.);
#906 = FACE_BOUND('',#907,.T.);
#907 = EDGE_LOOP('',(#908,#916,#923,#924));
#908 = ORIENTED_EDGE('',*,*,#909,.T.);
#909 = EDGE_CURVE('',#893,#910,#912,.T.);
#910 = VERTEX_POINT('',#911);
#911 = CARTESIAN_POINT('',(0.,6.661337961905E-16,-8.369736681502E-08));
#912 = LINE('',#913,#914);
#913 = CARTESIAN_POINT('',(0.,-7.571388498749E-23,-3.000000340985));
#914 = VECTOR('',#915,1.);
#915 = DIRECTION('',(0.,2.22044604925E-16,1.));
#916 = ORIENTED_EDGE('',*,*,#917,.F.);
#917 = EDGE_CURVE('',#910,#910,#918,.T.);
#918 = CIRCLE('',#919,0.25);
#919 = AXIS2_PLACEMENT_3D('',#920,#921,#922);
#920 = CARTESIAN_POINT('',(-0.25,6.661337961905E-16,-8.369736681502E-08)
  );
#921 = DIRECTION('',(-0.,2.22044604925E-16,1.));
#922 = DIRECTION('',(1.,0.,0.));
#923 = ORIENTED_EDGE('',*,*,#909,.F.);
#924 = ORIENTED_EDGE('',*,*,#892,.T.);
#925 = CYLINDRICAL_SURFACE('',#926,0.25);
#926 = AXIS2_PLACEMENT_3D('',#927,#928,#929);
#927 = CARTESIAN_POINT('',(-0.25,-7.571388498749E-23,-3.000000340985));
#928 = DIRECTION('',(0.,2.22044604925E-16,1.));
#929 = DIRECTION('',(1.,0.,-0.));
#930 = ADVANCED_FACE('',(#931),#985,.T.);
#931 = FACE_BOUND('',#932,.T.);
#932 = EDGE_LOOP('',(#933,#973,#983,#984));
#933 = ORIENTED_EDGE('',*,*,#934,.T.);
#934 = EDGE_CURVE('',#910,#935,#937,.T.);
#935 = VERTEX_POINT('',#936);
#936 = CARTESIAN_POINT('',(-0.750000101797,8.797665003916E-16,
    1.099999054481));
#937 = ( BOUNDED_CURVE() B_SPLINE_CURVE(10,(#938,#939,#940,#941,#942,
    #943,#944,#945,#946,#947,#948,#949,#950,#951,#952,#953,#954,#955,
    #956,#957,#958,#959,#960,#961,#962,#963,#964,#965,#966,#967,#968,
    #969,#970,#971,#972),.UNSPECIFIED.,.F.,.F.) 
B_SPLINE_CURVE_WITH_KNOTS((11,8,8,8,11),(0.,0.249999916901,
0.499999833802,0.749999916901,1.),.UNSPECIFIED.) CURVE() 
GEOMETRIC_REPRESENTATION_ITEM() RATIONAL_B_SPLINE_CURVE((1.669078461068,
    1.669078461068,1.669078461068,1.669078461069,1.669078461068,
    1.669078461069,1.669078461068,1.669078461068,1.669078461068,
    1.669078461068,1.669078461068,1.669078461068,1.669078461068,
    1.669078461069,1.669078461068,1.669078461068,1.669078461068,
    1.669078461068,1.669078461068,1.669078461068,1.669078461068,
    1.669078461068,1.669078461068,1.669078461068,1.669078461068,
    1.669078461068,1.669078461068,1.669078461068,1.669078461069,
    1.669078461067,1.669078461069,1.669078461068,1.669078461069,
1.669078461068,1.669078461068)) REPRESENTATION_ITEM('') );
#938 = CARTESIAN_POINT('',(1.110223024625E-16,6.355176262119E-16,
    -8.369736681502E-08));
#939 = CARTESIAN_POINT('',(-1.110223024625E-15,6.483320192074E-16,
    5.829531876673E-02));
#940 = CARTESIAN_POINT('',(-4.416324248061E-03,6.616605422146E-16,
    0.115246030142));
#941 = CARTESIAN_POINT('',(-1.329632943722E-02,6.7199922518E-16,
    0.170665479109));
#942 = CARTESIAN_POINT('',(-2.660350594367E-02,6.879302680997E-16,
    0.224196613737));
#943 = CARTESIAN_POINT('',(-4.414593276078E-02,6.928603507474E-16,
    0.275347791971));
#944 = CARTESIAN_POINT('',(-6.540752522543E-02,7.116972758409E-16,
    0.323526868642));
#945 = CARTESIAN_POINT('',(-8.962938051776E-02,7.134245431987E-16,
    0.368501932984));
#946 = CARTESIAN_POINT('',(-0.116138262205,7.292859391235E-16,
    0.410266073593));
#947 = CARTESIAN_POINT('',(-0.172518710935,7.38798201269E-16,
    0.487684182439));
#948 = CARTESIAN_POINT('',(-0.233617167313,7.658405691554E-16,
    0.553851241791));
#949 = CARTESIAN_POINT('',(-0.264843465153,7.312209314615E-16,
    0.584364185211));
#950 = CARTESIAN_POINT('',(-0.296342716761,8.496481648437E-16,
    0.612636705406));
#951 = CARTESIAN_POINT('',(-0.327818926696,6.541247607346E-16,
    0.639009814072));
#952 = CARTESIAN_POINT('',(-0.35903396148,9.277252063801E-16,
    0.663787850767));
#953 = CARTESIAN_POINT('',(-0.389774708562,6.61469124315E-16,
    0.687232054549));
#954 = CARTESIAN_POINT('',(-0.419840846461,8.6784174698E-16,
    0.709567082377));
#955 = CARTESIAN_POINT('',(-0.478227282772,7.002695739577E-16,
    0.752383763729));
#956 = CARTESIAN_POINT('',(-0.532340864427,8.187802672761E-16,
    0.792067021158));
#957 = CARTESIAN_POINT('',(-0.55813410856,7.305110940088E-16,
    0.811268419415));
#958 = CARTESIAN_POINT('',(-0.582471492451,8.475025537354E-16,
    0.829933557083));
#959 = CARTESIAN_POINT('',(-0.605162712781,7.452253083097E-16,
    0.848124235289));
#960 = CARTESIAN_POINT('',(-0.626030257318,8.269962405692E-16,
    0.865865673043));
#961 = CARTESIAN_POINT('',(-0.644921634833,7.881368782202E-16,
    0.883139988869));
#962 = CARTESIAN_POINT('',(-0.661742216182,8.07470645206E-16,
    0.899892629248));
#963 = CARTESIAN_POINT('',(-0.691268769227,8.100292883542E-16,
    0.932267149973));
#964 = CARTESIAN_POINT('',(-0.713013333111,8.196334143361E-16,
    0.962557280842));
#965 = CARTESIAN_POINT('',(-0.722051333807,8.204206894956E-16,
    0.977225383666));
#966 = CARTESIAN_POINT('',(-0.729470112063,8.266970049019E-16,
    0.991547145247));
#967 = CARTESIAN_POINT('',(-0.735552279062,8.268141217118E-16,
    1.005815935905));
#968 = CARTESIAN_POINT('',(-0.740666111707,8.324954355207E-16,
    1.020550125622));
#969 = CARTESIAN_POINT('',(-0.744937067831,8.345492004714E-16,
    1.036628317155));
#970 = CARTESIAN_POINT('',(-0.748166442675,8.393278396213E-16,
    1.054828609496));
#971 = CARTESIAN_POINT('',(-0.750000120504,8.437271872748E-16,
    1.075794511539));
#972 = CARTESIAN_POINT('',(-0.750000119661,8.491503298123E-16,
    1.099999051776));
#973 = ORIENTED_EDGE('',*,*,#974,.F.);
#974 = EDGE_CURVE('',#935,#935,#975,.T.);
#975 = ( BOUNDED_CURVE() B_SPLINE_CURVE(6,(#976,#977,#978,#979,#980,#981
,#982),.UNSPECIFIED.,.T.,.F.) B_SPLINE_CURVE_WITH_KNOTS((1,6,6,1),(
-6.28318530718,0.,6.28318530718,12.56637061436),.UNSPECIFIED.) CURVE() 
GEOMETRIC_REPRESENTATION_ITEM() RATIONAL_B_SPLINE_CURVE((1.669078461068,
    1.03672962321,1.038346699848,0.853534330196,1.038346699848,
1.03672962321,1.669078461068)) REPRESENTATION_ITEM('') );
#976 = CARTESIAN_POINT('',(-0.750000119661,8.491503298123E-16,
    1.099999051776));
#977 = CARTESIAN_POINT('',(-0.750000119661,0.415385768893,1.099999051776
    ));
#978 = CARTESIAN_POINT('',(-1.263637167298,0.475028095811,1.099999069669
    ));
#979 = CARTESIAN_POINT('',(-1.687279349913,1.859159275356E-15,
    1.099999084428));
#980 = CARTESIAN_POINT('',(-1.263637167298,-0.475028095811,
    1.099999069669));
#981 = CARTESIAN_POINT('',(-0.750000119661,-0.415385768893,
    1.099999051776));
#982 = CARTESIAN_POINT('',(-0.750000119661,8.491503298123E-16,
    1.099999051776));
#983 = ORIENTED_EDGE('',*,*,#934,.F.);
#984 = ORIENTED_EDGE('',*,*,#917,.T.);
#985 = ( BOUNDED_SURFACE() B_SPLINE_SURFACE(6,10,(
    (#986,#987,#988,#989,#990,#991,#992,#993,#994,#995,#996,#997,#998
      ,#999,#1000,#1001,#1002,#1003,#1004,#1005,#1006,#1007,#1008,#1009
      ,#1010,#1011,#1012,#1013,#1014,#1015,#1016,#1017,#1018,#1019,#1020
      )
    ,(#1021,#1022,#1023,#1024,#1025,#1026,#1027,#1028,#1029,#1030,#1031
      ,#1032,#1033,#1034,#1035,#1036,#1037,#1038,#1039,#1040,#1041,#1042
      ,#1043,#1044,#1045,#1046,#1047,#1048,#1049,#1050,#1051,#1052,#1053
      ,#1054,#1055)
    ,(#1056,#1057,#1058,#1059,#1060,#1061,#1062,#1063,#1064,#1065,#1066
      ,#1067,#1068,#1069,#1070,#1071,#1072,#1073,#1074,#1075,#1076,#1077
      ,#1078,#1079,#1080,#1081,#1082,#1083,#1084,#1085,#1086,#1087,#1088
      ,#1089,#1090)
    ,(#1091,#1092,#1093,#1094,#1095,#1096,#1097,#1098,#1099,#1100,#1101
      ,#1102,#1103,#1104,#1105,#1106,#1107,#1108,#1109,#1110,#1111,#1112
      ,#1113,#1114,#1115,#1116,#1117,#1118,#1119,#1120,#1121,#1122,#1123
      ,#1124,#1125)
    ,(#1126,#1127,#1128,#1129,#1130,#1131,#1132,#1133,#1134,#1135,#1136
      ,#1137,#1138,#1139,#1140,#1141,#1142,#1143,#1144,#1145,#1146,#1147
      ,#1148,#1149,#1150,#1151,#1152,#1153,#1154,#1155,#1156,#1157,#1158
      ,#1159,#1160)
    ,(#1161,#1162,#1163,#1164,#1165,#1166,#1167,#1168,#1169,#1170,#1171
      ,#1172,#1173,#1174,#1175,#1176,#1177,#1178,#1179,#1180,#1181,#1182
      ,#1183,#1184,#1185,#1186,#1187,#1188,#1189,#1190,#1191,#1192,#1193
      ,#1194,#1195)
    ,(#1196,#1197,#1198,#1199,#1200,#1201,#1202,#1203,#1204,#1205,#1206
      ,#1207,#1208,#1209,#1210,#1211,#1212,#1213,#1214,#1215,#1216,#1217
      ,#1218,#1219,#1220,#1221,#1222,#1223,#1224,#1225,#1226,#1227,#1228
      ,#1229,#1230
)),.UNSPECIFIED.,.T.,.F.,.F.) B_SPLINE_SURFACE_WITH_KNOTS((1,6,6,1),(11,
    8,8,8,11),(-6.28318530718,0.,6.28318530718,12.56637061436),(0.,
    0.249999916901,0.499999833802,0.749999916901,1.),.UNSPECIFIED.) 
GEOMETRIC_REPRESENTATION_ITEM() RATIONAL_B_SPLINE_SURFACE((
    (1.669078461068,1.669078461068,1.669078461068,1.669078461069
      ,1.669078461068,1.669078461069,1.669078461068,1.669078461068
      ,1.669078461068,1.669078461068,1.669078461068,1.669078461068
      ,1.669078461068,1.669078461069,1.669078461068,1.669078461068
      ,1.669078461068,1.669078461068,1.669078461068,1.669078461068
      ,1.669078461068,1.669078461068,1.669078461068,1.669078461068
      ,1.669078461068,1.669078461068,1.669078461068,1.669078461068
      ,1.669078461069,1.669078461067,1.669078461069,1.669078461068
      ,1.669078461069,1.669078461068,1.669078461068)
    ,(1.03672962321,1.03672962321,1.036729623209,1.03672962321
      ,1.036729623209,1.03672962321,1.036729623209,1.03672962321
      ,1.03672962321,1.03672962321,1.03672962321,1.03672962321
      ,1.036729623209,1.03672962321,1.036729623209,1.03672962321
      ,1.03672962321,1.03672962321,1.03672962321,1.03672962321
      ,1.03672962321,1.03672962321,1.03672962321,1.03672962321
      ,1.03672962321,1.03672962321,1.03672962321,1.036729623209
      ,1.03672962321,1.036729623209,1.03672962321,1.036729623209
      ,1.03672962321,1.03672962321,1.03672962321)
    ,(1.038346699848,1.038346699848,1.038346699847,1.038346699848
      ,1.038346699847,1.038346699848,1.038346699847,1.038346699848
      ,1.038346699847,1.038346699848,1.038346699847,1.038346699848
      ,1.038346699847,1.038346699848,1.038346699847,1.038346699848
      ,1.038346699847,1.038346699848,1.038346699848,1.038346699847
      ,1.038346699848,1.038346699847,1.038346699848,1.038346699847
      ,1.038346699848,1.038346699847,1.038346699848,1.038346699847
      ,1.038346699848,1.038346699847,1.038346699848,1.038346699847
      ,1.038346699848,1.038346699847,1.038346699848)
    ,(0.853534330196,0.853534330196,0.853534330196,0.853534330196
      ,0.853534330196,0.853534330196,0.853534330196,0.853534330196
      ,0.853534330196,0.853534330196,0.853534330196,0.853534330196
      ,0.853534330196,0.853534330196,0.853534330196,0.853534330196
      ,0.853534330196,0.853534330196,0.853534330196,0.853534330196
      ,0.853534330196,0.853534330196,0.853534330196,0.853534330196
      ,0.853534330196,0.853534330196,0.853534330196,0.853534330196
      ,0.853534330196,0.853534330196,0.853534330196,0.853534330196
      ,0.853534330196,0.853534330196,0.853534330196)
    ,(1.038346699848,1.038346699848,1.038346699847,1.038346699848
      ,1.038346699847,1.038346699848,1.038346699847,1.038346699848
      ,1.038346699847,1.038346699848,1.038346699847,1.038346699848
      ,1.038346699847,1.038346699848,1.038346699847,1.038346699848
      ,1.038346699848,1.038346699848,1.038346699848,1.038346699848
      ,1.038346699848,1.038346699847,1.038346699848,1.038346699847
      ,1.038346699848,1.038346699847,1.038346699848,1.038346699847
      ,1.038346699848,1.038346699847,1.038346699848,1.038346699847
      ,1.038346699848,1.038346699847,1.038346699848)
    ,(1.03672962321,1.03672962321,1.036729623209,1.03672962321
      ,1.036729623209,1.03672962321,1.036729623209,1.03672962321
      ,1.03672962321,1.03672962321,1.03672962321,1.03672962321
      ,1.036729623209,1.03672962321,1.036729623209,1.03672962321
      ,1.03672962321,1.03672962321,1.03672962321,1.03672962321
      ,1.03672962321,1.03672962321,1.03672962321,1.03672962321
      ,1.03672962321,1.03672962321,1.03672962321,1.036729623209
      ,1.03672962321,1.036729623209,1.03672962321,1.036729623209
      ,1.03672962321,1.03672962321,1.03672962321)
    ,(1.669078461068,1.669078461068,1.669078461068,1.669078461069
      ,1.669078461068,1.669078461069,1.669078461068,1.669078461068
      ,1.669078461068,1.669078461068,1.669078461068,1.669078461068
      ,1.669078461068,1.669078461069,1.669078461068,1.669078461068
      ,1.669078461068,1.669078461068,1.669078461068,1.669078461068
      ,1.669078461068,1.669078461068,1.669078461068,1.669078461068
      ,1.669078461068,1.669078461068,1.669078461068,1.669078461068
      ,1.669078461069,1.669078461067,1.669078461069,1.669078461068
      ,1.669078461069,1.669078461068,1.669078461068
))) REPRESENTATION_ITEM('') SURFACE() );
#986 = CARTESIAN_POINT('',(1.110223024625E-16,6.355176262119E-16,
    -8.369736681502E-08));
#987 = CARTESIAN_POINT('',(-1.110223024625E-15,6.483320192074E-16,
    5.829531876673E-02));
#988 = CARTESIAN_POINT('',(-4.416324248061E-03,6.616605422146E-16,
    0.115246030142));
#989 = CARTESIAN_POINT('',(-1.329632943722E-02,6.7199922518E-16,
    0.170665479109));
#990 = CARTESIAN_POINT('',(-2.660350594367E-02,6.879302680997E-16,
    0.224196613737));
#991 = CARTESIAN_POINT('',(-4.414593276078E-02,6.928603507474E-16,
    0.275347791971));
#992 = CARTESIAN_POINT('',(-6.540752522543E-02,7.116972758409E-16,
    0.323526868642));
#993 = CARTESIAN_POINT('',(-8.962938051776E-02,7.134245431987E-16,
    0.368501932984));
#994 = CARTESIAN_POINT('',(-0.116138262205,7.292859391235E-16,
    0.410266073593));
#995 = CARTESIAN_POINT('',(-0.172518710935,7.38798201269E-16,
    0.487684182439));
#996 = CARTESIAN_POINT('',(-0.233617167313,7.658405691554E-16,
    0.553851241791));
#997 = CARTESIAN_POINT('',(-0.264843465153,7.312209314615E-16,
    0.584364185211));
#998 = CARTESIAN_POINT('',(-0.296342716761,8.496481648437E-16,
    0.612636705406));
#999 = CARTESIAN_POINT('',(-0.327818926696,6.541247607346E-16,
    0.639009814072));
#1000 = CARTESIAN_POINT('',(-0.35903396148,9.277252063801E-16,
    0.663787850767));
#1001 = CARTESIAN_POINT('',(-0.389774708562,6.61469124315E-16,
    0.687232054549));
#1002 = CARTESIAN_POINT('',(-0.419840846461,8.6784174698E-16,
    0.709567082377));
#1003 = CARTESIAN_POINT('',(-0.478227282772,7.002695739577E-16,
    0.752383763729));
#1004 = CARTESIAN_POINT('',(-0.532340864427,8.187802672761E-16,
    0.792067021158));
#1005 = CARTESIAN_POINT('',(-0.55813410856,7.305110940088E-16,
    0.811268419415));
#1006 = CARTESIAN_POINT('',(-0.582471492451,8.475025537354E-16,
    0.829933557083));
#1007 = CARTESIAN_POINT('',(-0.605162712781,7.452253083097E-16,
    0.848124235289));
#1008 = CARTESIAN_POINT('',(-0.626030257318,8.269962405692E-16,
    0.865865673043));
#1009 = CARTESIAN_POINT('',(-0.644921634833,7.881368782202E-16,
    0.883139988869));
#1010 = CARTESIAN_POINT('',(-0.661742216182,8.07470645206E-16,
    0.899892629248));
#1011 = CARTESIAN_POINT('',(-0.691268769227,8.100292883542E-16,
    0.932267149973));
#1012 = CARTESIAN_POINT('',(-0.713013333111,8.196334143361E-16,
    0.962557280842));
#1013 = CARTESIAN_POINT('',(-0.722051333807,8.204206894956E-16,
    0.977225383666));
#1014 = CARTESIAN_POINT('',(-0.729470112063,8.266970049019E-16,
    0.991547145247));
#1015 = CARTESIAN_POINT('',(-0.735552279062,8.268141217118E-16,
    1.005815935905));
#1016 = CARTESIAN_POINT('',(-0.740666111707,8.324954355207E-16,
    1.020550125622));
#1017 = CARTESIAN_POINT('',(-0.744937067831,8.345492004714E-16,
    1.036628317155));
#1018 = CARTESIAN_POINT('',(-0.748166442675,8.393278396213E-16,
    1.054828609496));
#1019 = CARTESIAN_POINT('',(-0.750000120504,8.437271872748E-16,
    1.075794511539));
#1020 = CARTESIAN_POINT('',(-0.750000119661,8.491503298123E-16,
    1.099999051776));
#1021 = CARTESIAN_POINT('',(-5.551115123126E-16,0.415385768893,
    -8.369736681502E-08));
#1022 = CARTESIAN_POINT('',(-5.551115123126E-16,0.415385768893,
    5.829531876674E-02));
#1023 = CARTESIAN_POINT('',(-4.416324248067E-03,0.415385768893,
    0.115246030142));
#1024 = CARTESIAN_POINT('',(-1.329632943721E-02,0.415385768893,
    0.170665479109));
#1025 = CARTESIAN_POINT('',(-2.660350594369E-02,0.415385768893,
    0.224196613737));
#1026 = CARTESIAN_POINT('',(-4.414593276076E-02,0.415385768893,
    0.275347791971));
#1027 = CARTESIAN_POINT('',(-6.540752522545E-02,0.415385768893,
    0.323526868642));
#1028 = CARTESIAN_POINT('',(-8.962938051775E-02,0.415385768893,
    0.368501932984));
#1029 = CARTESIAN_POINT('',(-0.116138262205,0.415385768893,
    0.410266073593));
#1030 = CARTESIAN_POINT('',(-0.172518710935,0.415385768893,
    0.487684182439));
#1031 = CARTESIAN_POINT('',(-0.233617167313,0.415385768893,
    0.553851241791));
#1032 = CARTESIAN_POINT('',(-0.264843465153,0.415385768893,
    0.584364185211));
#1033 = CARTESIAN_POINT('',(-0.296342716761,0.415385768893,
    0.612636705406));
#1034 = CARTESIAN_POINT('',(-0.327818926696,0.415385768893,
    0.639009814072));
#1035 = CARTESIAN_POINT('',(-0.359033961479,0.415385768893,
    0.663787850767));
#1036 = CARTESIAN_POINT('',(-0.389774708562,0.415385768893,
    0.687232054549));
#1037 = CARTESIAN_POINT('',(-0.419840846461,0.415385768893,
    0.709567082377));
#1038 = CARTESIAN_POINT('',(-0.478227282772,0.415385768893,
    0.752383763729));
#1039 = CARTESIAN_POINT('',(-0.532340864427,0.415385768893,
    0.792067021158));
#1040 = CARTESIAN_POINT('',(-0.55813410856,0.415385768893,0.811268419415
    ));
#1041 = CARTESIAN_POINT('',(-0.582471492451,0.415385768893,
    0.829933557083));
#1042 = CARTESIAN_POINT('',(-0.605162712781,0.415385768893,
    0.848124235289));
#1043 = CARTESIAN_POINT('',(-0.626030257318,0.415385768893,
    0.865865673043));
#1044 = CARTESIAN_POINT('',(-0.644921634833,0.415385768893,
    0.883139988869));
#1045 = CARTESIAN_POINT('',(-0.661742216182,0.415385768893,
    0.899892629248));
#1046 = CARTESIAN_POINT('',(-0.691268769227,0.415385768893,
    0.932267149973));
#1047 = CARTESIAN_POINT('',(-0.713013333111,0.415385768893,
    0.962557280842));
#1048 = CARTESIAN_POINT('',(-0.722051333807,0.415385768893,
    0.977225383666));
#1049 = CARTESIAN_POINT('',(-0.729470112063,0.415385768893,
    0.991547145247));
#1050 = CARTESIAN_POINT('',(-0.735552279062,0.415385768893,
    1.005815935905));
#1051 = CARTESIAN_POINT('',(-0.740666111707,0.415385768893,
    1.020550125622));
#1052 = CARTESIAN_POINT('',(-0.744937067831,0.415385768893,
    1.036628317155));
#1053 = CARTESIAN_POINT('',(-0.748166442675,0.415385768893,
    1.054828609496));
#1054 = CARTESIAN_POINT('',(-0.750000120504,0.415385768893,
    1.075794511539));
#1055 = CARTESIAN_POINT('',(-0.750000119661,0.415385768893,
    1.099999051776));
#1056 = CARTESIAN_POINT('',(-0.513637047637,0.475028095811,
    -8.369736681502E-08));
#1057 = CARTESIAN_POINT('',(-0.513637047637,0.475028095811,
    2.327456434921E-02));
#1058 = CARTESIAN_POINT('',(-0.515400280897,0.475028095811,
    4.325892488884E-02));
#1059 = CARTESIAN_POINT('',(-0.518475528878,0.475028095811,
    6.04440170307E-02));
#1060 = CARTESIAN_POINT('',(-0.522500014112,0.475028095811,
    7.55006399077E-02));
#1061 = CARTESIAN_POINT('',(-0.527274847928,0.475028095811,
    8.924152442357E-02));
#1062 = CARTESIAN_POINT('',(-0.532942987853,0.475028095811,
    0.102585386861));
#1063 = CARTESIAN_POINT('',(-0.539903454865,0.475028095811,
    0.116071058962));
#1064 = CARTESIAN_POINT('',(-0.548464930607,0.475028095811,
    0.130000099796));
#1065 = CARTESIAN_POINT('',(-0.569264787648,0.475028095811,
    0.159004783846));
#1066 = CARTESIAN_POINT('',(-0.597930202409,0.475028095811,
    0.190457586738));
#1067 = CARTESIAN_POINT('',(-0.614357859632,0.475028095811,
    0.206834902167));
#1068 = CARTESIAN_POINT('',(-0.632905347748,0.475028095811,
    0.223809229413));
#1069 = CARTESIAN_POINT('',(-0.653483529593,0.475028095811,
    0.241315225864));
#1070 = CARTESIAN_POINT('',(-0.675942249772,0.475028095811,0.25932622145
    ));
#1071 = CARTESIAN_POINT('',(-0.700104967118,0.475028095811,
    0.277860997653));
#1072 = CARTESIAN_POINT('',(-0.725781651665,0.475028095811,
    0.296976913543));
#1073 = CARTESIAN_POINT('',(-0.779778692411,0.475028095811,
    0.336574707716));
#1074 = CARTESIAN_POINT('',(-0.838281672549,0.475028095811,
    0.379476854464));
#1075 = CARTESIAN_POINT('',(-0.868464375343,0.475028095811,
    0.401897368553));
#1076 = CARTESIAN_POINT('',(-0.899379796136,0.475028095811,
    0.425471939279));
#1077 = CARTESIAN_POINT('',(-0.930827339525,0.475028095811,
    0.450429665626));
#1078 = CARTESIAN_POINT('',(-0.962592921292,0.475028095811,0.47703822418
    ));
#1079 = CARTESIAN_POINT('',(-0.99443607136,0.475028095811,0.505610743067
    ));
#1080 = CARTESIAN_POINT('',(-1.026055301301,0.475028095811,
    0.536499022849));
#1081 = CARTESIAN_POINT('',(-1.08801490754,0.475028095811,0.603587823852
    ));
#1082 = CARTESIAN_POINT('',(-1.145340063052,0.475028095811,
    0.682291400379));
#1083 = CARTESIAN_POINT('',(-1.172325466022,0.475028095811,
    0.724794611442));
#1084 = CARTESIAN_POINT('',(-1.197005624906,0.475028095811,
    0.770605770023));
#1085 = CARTESIAN_POINT('',(-1.218681233164,0.475028095811,0.81970977423
    ));
#1086 = CARTESIAN_POINT('',(-1.236562645629,0.475028095811,
    0.871854249177));
#1087 = CARTESIAN_POINT('',(-1.25011628154,0.475028095811,0.926406937159
    ));
#1088 = CARTESIAN_POINT('',(-1.259150405223,0.475028095811,
    0.982841566533));
#1089 = CARTESIAN_POINT('',(-1.263637169361,0.475028095811,
    1.040773797402));
#1090 = CARTESIAN_POINT('',(-1.263637167298,0.475028095811,
    1.099999069669));
#1091 = CARTESIAN_POINT('',(-0.937279230252,1.530742963582E-15,
    -8.369736681502E-08));
#1092 = CARTESIAN_POINT('',(-0.937279230252,1.529854073124E-15,
    -5.610168375044E-03));
#1093 = CARTESIAN_POINT('',(-0.936854223271,1.525644036942E-15,
    -1.611524706739E-02));
#1094 = CARTESIAN_POINT('',(-0.935141771407,1.527864912383E-15,
    -3.046543153958E-02));
#1095 = CARTESIAN_POINT('',(-0.931509995067,1.51304246201E-15,
    -4.714216241516E-02));
#1096 = CARTESIAN_POINT('',(-0.925754258725,1.526912897413E-15,
    -6.425687633395E-02));
#1097 = CARTESIAN_POINT('',(-0.918561090653,1.50112099022E-15,
    -7.964471511915E-02));
#1098 = CARTESIAN_POINT('',(-0.91128455463,1.521053960311E-15,
    -9.213114709357E-02));
#1099 = CARTESIAN_POINT('',(-0.90504320752,1.500938219531E-15,
    -0.101160190136));
#1100 = CARTESIAN_POINT('',(-0.896496584217,1.519619871905E-15,
    -0.112086365909));
#1101 = CARTESIAN_POINT('',(-0.898411583285,1.48629373051E-15,
    -0.109265499598));
#1102 = CARTESIAN_POINT('',(-0.902633484634,1.601140771035E-15,
    -0.104547094528));
#1103 = CARTESIAN_POINT('',(-0.910498500801,1.294528663287E-15,
    -9.689139245287E-02));
#1104 = CARTESIAN_POINT('',(-0.922088109046,1.850407401222E-15,
    -8.669889254532E-02));
#1105 = CARTESIAN_POINT('',(-0.937324717332,1.116132883465E-15,
    -7.426927797213E-02));
#1106 = CARTESIAN_POINT('',(-0.956061948163,1.86562938806E-15,
    -5.978374359173E-02));
#1107 = CARTESIAN_POINT('',(-0.978118259905,1.315575848643E-15,
    -4.332291579109E-02));
#1108 = CARTESIAN_POINT('',(-1.028494975509,1.810590757834E-15,
    -6.38002432804E-03));
#1109 = CARTESIAN_POINT('',(-1.090618283196,1.519130416411E-15,
    3.917702689489E-02));
#1110 = CARTESIAN_POINT('',(-1.124421363173,1.779081642434E-15,
    6.425263228519E-02));
#1111 = CARTESIAN_POINT('',(-1.160762276389,1.474985854868E-15,
    9.18764493529E-02));
#1112 = CARTESIAN_POINT('',(-1.199431938646,1.774043081345E-15,
    0.122415562514));
#1113 = CARTESIAN_POINT('',(-1.240186101551,1.567607282708E-15,
    0.15633762469));
#1114 = CARTESIAN_POINT('',(-1.282711731044,1.693394441442E-15,
    0.194228777089));
#1115 = CARTESIAN_POINT('',(-1.326536723435,1.659917288333E-15,
    0.236775976642));
#1116 = CARTESIAN_POINT('',(-1.415246754916,1.693899824939E-15,
    0.332496733871));
#1117 = CARTESIAN_POINT('',(-1.50191839072,1.712329001029E-15,
    0.451131187428));
#1118 = CARTESIAN_POINT('',(-1.543706613516,1.733653818379E-15,
    0.516592489348));
#1119 = CARTESIAN_POINT('',(-1.582623769124,1.741080964465E-15,
    0.58837575593));
#1120 = CARTESIAN_POINT('',(-1.617160676074,1.766752044135E-15,
    0.666211460794));
#1121 = CARTESIAN_POINT('',(-1.645572647824,1.778557306167E-15,
    0.749211527175));
#1122 = CARTESIAN_POINT('',(-1.666782535838,1.801885168938E-15,
    0.835497556289));
#1123 = CARTESIAN_POINT('',(-1.680604352464,1.819391312796E-15,
    0.923467445953));
#1124 = CARTESIAN_POINT('',(-1.687279352982,1.839728686391E-15,
    1.0118890979));
#1125 = CARTESIAN_POINT('',(-1.687279349913,1.859159275356E-15,
    1.099999084428));
#1126 = CARTESIAN_POINT('',(-0.513637047637,-0.475028095811,
    -8.369736681502E-08));
#1127 = CARTESIAN_POINT('',(-0.513637047637,-0.475028095811,
    2.327456434921E-02));
#1128 = CARTESIAN_POINT('',(-0.515400280897,-0.475028095811,
    4.325892488884E-02));
#1129 = CARTESIAN_POINT('',(-0.518475528878,-0.475028095811,
    6.044401703071E-02));
#1130 = CARTESIAN_POINT('',(-0.522500014112,-0.475028095811,
    7.550063990769E-02));
#1131 = CARTESIAN_POINT('',(-0.527274847928,-0.475028095811,
    8.924152442357E-02));
#1132 = CARTESIAN_POINT('',(-0.532942987853,-0.475028095811,
    0.102585386861));
#1133 = CARTESIAN_POINT('',(-0.539903454865,-0.475028095811,
    0.116071058962));
#1134 = CARTESIAN_POINT('',(-0.548464930607,-0.475028095811,
    0.130000099796));
#1135 = CARTESIAN_POINT('',(-0.569264787648,-0.475028095811,
    0.159004783846));
#1136 = CARTESIAN_POINT('',(-0.597930202409,-0.475028095811,
    0.190457586738));
#1137 = CARTESIAN_POINT('',(-0.614357859632,-0.475028095811,
    0.206834902167));
#1138 = CARTESIAN_POINT('',(-0.632905347748,-0.475028095811,
    0.223809229413));
#1139 = CARTESIAN_POINT('',(-0.653483529593,-0.475028095811,
    0.241315225864));
#1140 = CARTESIAN_POINT('',(-0.675942249772,-0.475028095811,
    0.25932622145));
#1141 = CARTESIAN_POINT('',(-0.700104967118,-0.475028095811,
    0.277860997653));
#1142 = CARTESIAN_POINT('',(-0.725781651665,-0.475028095811,
    0.296976913543));
#1143 = CARTESIAN_POINT('',(-0.779778692411,-0.475028095811,
    0.336574707716));
#1144 = CARTESIAN_POINT('',(-0.838281672549,-0.475028095811,
    0.379476854464));
#1145 = CARTESIAN_POINT('',(-0.868464375343,-0.475028095811,
    0.401897368553));
#1146 = CARTESIAN_POINT('',(-0.899379796136,-0.475028095811,
    0.425471939279));
#1147 = CARTESIAN_POINT('',(-0.930827339525,-0.475028095811,
    0.450429665626));
#1148 = CARTESIAN_POINT('',(-0.962592921292,-0.475028095811,
    0.47703822418));
#1149 = CARTESIAN_POINT('',(-0.99443607136,-0.475028095811,
    0.505610743067));
#1150 = CARTESIAN_POINT('',(-1.026055301301,-0.475028095811,
    0.536499022849));
#1151 = CARTESIAN_POINT('',(-1.08801490754,-0.475028095811,
    0.603587823852));
#1152 = CARTESIAN_POINT('',(-1.145340063052,-0.475028095811,
    0.682291400379));
#1153 = CARTESIAN_POINT('',(-1.172325466022,-0.475028095811,
    0.724794611442));
#1154 = CARTESIAN_POINT('',(-1.197005624906,-0.475028095811,
    0.770605770024));
#1155 = CARTESIAN_POINT('',(-1.218681233164,-0.475028095811,
    0.81970977423));
#1156 = CARTESIAN_POINT('',(-1.236562645629,-0.475028095811,
    0.871854249177));
#1157 = CARTESIAN_POINT('',(-1.25011628154,-0.475028095811,
    0.926406937159));
#1158 = CARTESIAN_POINT('',(-1.259150405223,-0.475028095811,
    0.982841566533));
#1159 = CARTESIAN_POINT('',(-1.263637169361,-0.475028095811,
    1.040773797402));
#1160 = CARTESIAN_POINT('',(-1.263637167298,-0.475028095811,
    1.099999069669));
#1161 = CARTESIAN_POINT('',(-5.551115123126E-16,-0.415385768893,
    -8.369736681502E-08));
#1162 = CARTESIAN_POINT('',(2.775557561563E-15,-0.415385768893,
    5.829531876673E-02));
#1163 = CARTESIAN_POINT('',(-4.41632424808E-03,-0.415385768893,
    0.115246030142));
#1164 = CARTESIAN_POINT('',(-1.329632943718E-02,-0.415385768893,
    0.170665479109));
#1165 = CARTESIAN_POINT('',(-2.660350594374E-02,-0.415385768893,
    0.224196613737));
#1166 = CARTESIAN_POINT('',(-4.41459327607E-02,-0.415385768893,
    0.275347791971));
#1167 = CARTESIAN_POINT('',(-6.540752522549E-02,-0.415385768893,
    0.323526868642));
#1168 = CARTESIAN_POINT('',(-8.962938051773E-02,-0.415385768893,
    0.368501932984));
#1169 = CARTESIAN_POINT('',(-0.116138262205,-0.415385768893,
    0.410266073593));
#1170 = CARTESIAN_POINT('',(-0.172518710935,-0.415385768893,
    0.487684182439));
#1171 = CARTESIAN_POINT('',(-0.233617167313,-0.415385768893,
    0.553851241791));
#1172 = CARTESIAN_POINT('',(-0.264843465153,-0.415385768893,
    0.584364185211));
#1173 = CARTESIAN_POINT('',(-0.296342716761,-0.415385768893,
    0.612636705406));
#1174 = CARTESIAN_POINT('',(-0.327818926696,-0.415385768893,
    0.639009814072));
#1175 = CARTESIAN_POINT('',(-0.359033961479,-0.415385768893,
    0.663787850767));
#1176 = CARTESIAN_POINT('',(-0.389774708562,-0.415385768893,
    0.687232054549));
#1177 = CARTESIAN_POINT('',(-0.419840846461,-0.415385768893,
    0.709567082377));
#1178 = CARTESIAN_POINT('',(-0.478227282772,-0.415385768893,
    0.752383763729));
#1179 = CARTESIAN_POINT('',(-0.532340864427,-0.415385768893,
    0.792067021158));
#1180 = CARTESIAN_POINT('',(-0.55813410856,-0.415385768893,
    0.811268419415));
#1181 = CARTESIAN_POINT('',(-0.582471492451,-0.415385768893,
    0.829933557083));
#1182 = CARTESIAN_POINT('',(-0.605162712781,-0.415385768893,
    0.848124235289));
#1183 = CARTESIAN_POINT('',(-0.626030257318,-0.415385768893,
    0.865865673043));
#1184 = CARTESIAN_POINT('',(-0.644921634833,-0.415385768893,
    0.883139988869));
#1185 = CARTESIAN_POINT('',(-0.661742216182,-0.415385768893,
    0.899892629248));
#1186 = CARTESIAN_POINT('',(-0.691268769227,-0.415385768893,
    0.932267149973));
#1187 = CARTESIAN_POINT('',(-0.713013333111,-0.415385768893,
    0.962557280842));
#1188 = CARTESIAN_POINT('',(-0.722051333807,-0.415385768893,
    0.977225383666));
#1189 = CARTESIAN_POINT('',(-0.729470112063,-0.415385768893,
    0.991547145247));
#1190 = CARTESIAN_POINT('',(-0.735552279062,-0.415385768893,
    1.005815935905));
#1191 = CARTESIAN_POINT('',(-0.740666111707,-0.415385768893,
    1.020550125622));
#1192 = CARTESIAN_POINT('',(-0.744937067831,-0.415385768893,
    1.036628317155));
#1193 = CARTESIAN_POINT('',(-0.748166442675,-0.415385768893,
    1.054828609496));
#1194 = CARTESIAN_POINT('',(-0.750000120504,-0.415385768893,
    1.075794511539));
#1195 = CARTESIAN_POINT('',(-0.750000119661,-0.415385768893,
    1.099999051776));
#1196 = CARTESIAN_POINT('',(1.110223024625E-16,6.355176262119E-16,
    -8.369736681502E-08));
#1197 = CARTESIAN_POINT('',(-1.110223024625E-15,6.483320192074E-16,
    5.829531876673E-02));
#1198 = CARTESIAN_POINT('',(-4.416324248061E-03,6.616605422146E-16,
    0.115246030142));
#1199 = CARTESIAN_POINT('',(-1.329632943722E-02,6.7199922518E-16,
    0.170665479109));
#1200 = CARTESIAN_POINT('',(-2.660350594367E-02,6.879302680997E-16,
    0.224196613737));
#1201 = CARTESIAN_POINT('',(-4.414593276078E-02,6.928603507474E-16,
    0.275347791971));
#1202 = CARTESIAN_POINT('',(-6.540752522543E-02,7.116972758409E-16,
    0.323526868642));
#1203 = CARTESIAN_POINT('',(-8.962938051776E-02,7.134245431987E-16,
    0.368501932984));
#1204 = CARTESIAN_POINT('',(-0.116138262205,7.292859391235E-16,
    0.410266073593));
#1205 = CARTESIAN_POINT('',(-0.172518710935,7.38798201269E-16,
    0.487684182439));
#1206 = CARTESIAN_POINT('',(-0.233617167313,7.658405691554E-16,
    0.553851241791));
#1207 = CARTESIAN_POINT('',(-0.264843465153,7.312209314615E-16,
    0.584364185211));
#1208 = CARTESIAN_POINT('',(-0.296342716761,8.496481648437E-16,
    0.612636705406));
#1209 = CARTESIAN_POINT('',(-0.327818926696,6.541247607346E-16,
    0.639009814072));
#1210 = CARTESIAN_POINT('',(-0.35903396148,9.277252063801E-16,
    0.663787850767));
#1211 = CARTESIAN_POINT('',(-0.389774708562,6.61469124315E-16,
    0.687232054549));
#1212 = CARTESIAN_POINT('',(-0.419840846461,8.6784174698E-16,
    0.709567082377));
#1213 = CARTESIAN_POINT('',(-0.478227282772,7.002695739577E-16,
    0.752383763729));
#1214 = CARTESIAN_POINT('',(-0.532340864427,8.187802672761E-16,
    0.792067021158));
#1215 = CARTESIAN_POINT('',(-0.55813410856,7.305110940088E-16,
    0.811268419415));
#1216 = CARTESIAN_POINT('',(-0.582471492451,8.475025537354E-16,
    0.829933557083));
#1217 = CARTESIAN_POINT('',(-0.605162712781,7.452253083097E-16,
    0.848124235289));
#1218 = CARTESIAN_POINT('',(-0.626030257318,8.269962405692E-16,
    0.865865673043));
#1219 = CARTESIAN_POINT('',(-0.644921634833,7.881368782202E-16,
    0.883139988869));
#1220 = CARTESIAN_POINT('',(-0.661742216182,8.07470645206E-16,
    0.899892629248));
#1221 = CARTESIAN_POINT('',(-0.691268769227,8.100292883542E-16,
    0.932267149973));
#1222 = CARTESIAN_POINT('',(-0.713013333111,8.196334143361E-16,
    0.962557280842));
#1223 = CARTESIAN_POINT('',(-0.722051333807,8.204206894956E-16,
    0.977225383666));
#1224 = CARTESIAN_POINT('',(-0.729470112063,8.266970049019E-16,
    0.991547145247));
#1225 = CARTESIAN_POINT('',(-0.735552279062,8.268141217118E-16,
    1.005815935905));
#1226 = CARTESIAN_POINT('',(-0.740666111707,8.324954355207E-16,
    1.020550125622));
#1227 = CARTESIAN_POINT('',(-0.744937067831,8.345492004714E-16,
    1.036628317155));
#1228 = CARTESIAN_POINT('',(-0.748166442675,8.393278396213E-16,
    1.054828609496));
#1229 = CARTESIAN_POINT('',(-0.750000120504,8.437271872748E-16,
    1.075794511539));
#1230 = CARTESIAN_POINT('',(-0.750000119661,8.491503298123E-16,
    1.099999051776));
#1231 = ADVANCED_FACE('',(#1232),#1252,.T.);
#1232 = FACE_BOUND('',#1233,.T.);
#1233 = EDGE_LOOP('',(#1234,#1243,#1250,#1251));
#1234 = ORIENTED_EDGE('',*,*,#1235,.T.);
#1235 = EDGE_CURVE('',#935,#1236,#1238,.T.);
#1236 = VERTEX_POINT('',#1237);
#1237 = CARTESIAN_POINT('',(0.750000101797,8.797664954859E-16,
    1.099999032387));
#1238 = CIRCLE('',#1239,0.750000083934);
#1239 = AXIS2_PLACEMENT_3D('',#1240,#1241,#1242);
#1240 = CARTESIAN_POINT('',(-1.504510063806E-19,-1.104667546022E-08,
    1.099998986871));
#1241 = DIRECTION('',(0.,1.,-2.22044604925E-16));
#1242 = DIRECTION('',(1.,0.,0.));
#1243 = ORIENTED_EDGE('',*,*,#1244,.T.);
#1244 = EDGE_CURVE('',#1236,#1236,#1245,.T.);
#1245 = CIRCLE('',#1246,0.25);
#1246 = AXIS2_PLACEMENT_3D('',#1247,#1248,#1249);
#1247 = CARTESIAN_POINT('',(1.000000083934,9.103826729047E-16,
    1.099999065895));
#1248 = DIRECTION('',(-7.90234751198E-08,2.22044604925E-16,1.));
#1249 = DIRECTION('',(1.,1.754673631278E-23,7.90234751198E-08));
#1250 = ORIENTED_EDGE('',*,*,#1235,.F.);
#1251 = ORIENTED_EDGE('',*,*,#974,.T.);
#1252 = TOROIDAL_SURFACE('',#1253,1.000000083934,0.25);
#1253 = AXIS2_PLACEMENT_3D('',#1254,#1255,#1256);
#1254 = CARTESIAN_POINT('',(-1.504510063806E-19,9.10382655358E-16,
    1.099998986871));
#1255 = DIRECTION('',(0.,1.,-2.22044604925E-16));
#1256 = DIRECTION('',(1.,0.,0.));
#1257 = ADVANCED_FACE('',(#1258),#1312,.T.);
#1258 = FACE_BOUND('',#1259,.T.);
#1259 = EDGE_LOOP('',(#1260,#1300,#1310,#1311));
#1260 = ORIENTED_EDGE('',*,*,#1261,.T.);
#1261 = EDGE_CURVE('',#1236,#1262,#1264,.T.);
#1262 = VERTEX_POINT('',#1263);
#1263 = CARTESIAN_POINT('',(2.725872277898E-09,5.856770673821E-16,
    -2.567221888405E-07));
#1264 = ( BOUNDED_CURVE() B_SPLINE_CURVE(10,(#1265,#1266,#1267,#1268,
    #1269,#1270,#1271,#1272,#1273,#1274,#1275,#1276,#1277,#1278,#1279,
    #1280,#1281,#1282,#1283,#1284,#1285,#1286,#1287,#1288,#1289,#1290,
    #1291,#1292,#1293,#1294,#1295,#1296,#1297,#1298,#1299),
.UNSPECIFIED.,.F.,.F.) B_SPLINE_CURVE_WITH_KNOTS((11,8,8,8,11),(0.,
    0.250000048074,0.500000096149,0.750000048074,1.),.UNSPECIFIED.) 
CURVE() GEOMETRIC_REPRESENTATION_ITEM() RATIONAL_B_SPLINE_CURVE((
    1.669078461068,1.669078461068,1.669078461068,1.669078461069,
    1.669078461068,1.669078461069,1.669078461068,1.669078461068,
    1.669078461068,1.669078461068,1.669078461068,1.669078461068,
    1.669078461068,1.669078461069,1.669078461068,1.669078461068,
    1.669078461068,1.669078461068,1.669078461068,1.669078461068,
    1.669078461069,1.669078461068,1.669078461069,1.669078461068,
    1.669078461068,1.669078461068,1.669078461068,1.669078461068,
    1.669078461069,1.669078461067,1.669078461069,1.669078461068,
1.669078461068,1.669078461068,1.669078461068)) REPRESENTATION_ITEM('') 
  );
#1265 = CARTESIAN_POINT('',(0.750000119661,8.491503249066E-16,
    1.099999029682));
#1266 = CARTESIAN_POINT('',(0.750000118998,8.438550442249E-16,
    1.075794492775));
#1267 = CARTESIAN_POINT('',(0.748166440094,8.387829043812E-16,
    1.054828594461));
#1268 = CARTESIAN_POINT('',(0.744937064589,8.359419921115E-16,
    1.036628306445));
#1269 = CARTESIAN_POINT('',(0.740666108302,8.299034922866E-16,
    1.020550120014));
#1270 = CARTESIAN_POINT('',(0.735552276174,8.305545789253E-16,
    1.005815936297));
#1271 = CARTESIAN_POINT('',(0.729470110691,8.224191919956E-16,
    0.991547152376));
#1272 = CARTESIAN_POINT('',(0.722051334931,8.242795487606E-16,
    0.977225397876));
#1273 = CARTESIAN_POINT('',(0.713013337595,8.170021184855E-16,
    0.962557302222));
#1274 = CARTESIAN_POINT('',(0.691268781802,8.149620969285E-16,
    0.93226718545));
#1275 = CARTESIAN_POINT('',(0.661742238851,8.002363551907E-16,
    0.899892677798));
#1276 = CARTESIAN_POINT('',(0.644921662865,8.219346826134E-16,
    0.883140043565));
#1277 = CARTESIAN_POINT('',(0.626030290832,7.485951264815E-16,
    0.865865733429));
#1278 = CARTESIAN_POINT('',(0.605162751745,8.71358884072E-16,
    0.8481243009));
#1279 = CARTESIAN_POINT('',(0.582471536717,6.942456857831E-16,
    0.829933627461));
#1280 = CARTESIAN_POINT('',(0.558134157893,8.738064765641E-16,
    0.811268494105));
#1281 = CARTESIAN_POINT('',(0.532340918525,7.189074692509E-16,
    0.792067099715));
#1282 = CARTESIAN_POINT('',(0.478227338124,8.886770709286E-16,
    0.75238384358));
#1283 = CARTESIAN_POINT('',(0.41984090037,5.908996214188E-16,
    0.709567160971));
#1284 = CARTESIAN_POINT('',(0.389774756824,9.138239835004E-16,
    0.687232128557));
#1285 = CARTESIAN_POINT('',(0.359034003417,4.667015752241E-16,
    0.6637879191));
#1286 = CARTESIAN_POINT('',(0.327818961818,8.976416073366E-16,
    0.639009875481));
#1287 = CARTESIAN_POINT('',(0.296342744792,5.639569585543E-16,
    0.61263675848));
#1288 = CARTESIAN_POINT('',(0.264843486089,7.402490474966E-16,
    0.584364228385));
#1289 = CARTESIAN_POINT('',(0.233617181512,6.660864614587E-16,
    0.553851273401));
#1290 = CARTESIAN_POINT('',(0.1725187132,6.714997081126E-16,
    0.487684187759));
#1291 = CARTESIAN_POINT('',(0.1161382569,6.418102751028E-16,
    0.410266047225));
#1292 = CARTESIAN_POINT('',(8.962937284045E-02,6.432613028974E-16,
    0.368501889653));
#1293 = CARTESIAN_POINT('',(6.540751681598E-02,6.198295449488E-16,
    0.323526807635));
#1294 = CARTESIAN_POINT('',(4.414592527743E-02,6.22381274444E-16,
    0.275347713017));
#1295 = CARTESIAN_POINT('',(2.660350067672E-02,6.005595772017E-16,
    0.22419651725));
#1296 = CARTESIAN_POINT('',(1.329632661387E-02,5.952577734881E-16,
    0.170665365243));
#1297 = CARTESIAN_POINT('',(4.416323646927E-03,5.797502221963E-16,
    0.115245898261));
#1298 = CARTESIAN_POINT('',(1.219502498984E-09,5.68216363448E-16,
    5.829516741114E-02));
#1299 = CARTESIAN_POINT('',(2.725872194631E-09,5.550608974034E-16,
    -2.567221888405E-07));
#1300 = ORIENTED_EDGE('',*,*,#1301,.F.);
#1301 = EDGE_CURVE('',#1262,#1262,#1302,.T.);
#1302 = ( BOUNDED_CURVE() B_SPLINE_CURVE(6,(#1303,#1304,#1305,#1306,
#1307,#1308,#1309),.UNSPECIFIED.,.T.,.F.) B_SPLINE_CURVE_WITH_KNOTS((1,6
    ,6,1),(-6.28318530718,0.,6.28318530718,12.56637061436),
.UNSPECIFIED.) CURVE() GEOMETRIC_REPRESENTATION_ITEM() 
RATIONAL_B_SPLINE_CURVE((1.669078461068,1.03672962321,1.038346699848,
    0.853534330196,1.038346699848,1.03672962321,1.669078461068)) 
REPRESENTATION_ITEM('') );
#1303 = CARTESIAN_POINT('',(2.725872194631E-09,5.550608974034E-16,
    -2.567221888405E-07));
#1304 = CARTESIAN_POINT('',(2.725872749743E-09,0.415385768893,
    -2.567221892846E-07));
#1305 = CARTESIAN_POINT('',(0.513637050363,0.475028095811,
    -2.113303296802E-07));
#1306 = CARTESIAN_POINT('',(0.937279232978,1.751927793745E-15,
    -1.738916228788E-07));
#1307 = CARTESIAN_POINT('',(0.513637050363,-0.475028095811,
    -2.113303292361E-07));
#1308 = CARTESIAN_POINT('',(2.72587263872E-09,-0.415385768893,
    -2.567221888405E-07));
#1309 = CARTESIAN_POINT('',(2.725872194631E-09,5.550608974034E-16,
    -2.567221888405E-07));
#1310 = ORIENTED_EDGE('',*,*,#1261,.F.);
#1311 = ORIENTED_EDGE('',*,*,#1244,.F.);
#1312 = ( BOUNDED_SURFACE() B_SPLINE_SURFACE(6,10,(
    (#1313,#1314,#1315,#1316,#1317,#1318,#1319,#1320,#1321,#1322,#1323
      ,#1324,#1325,#1326,#1327,#1328,#1329,#1330,#1331,#1332,#1333,#1334
      ,#1335,#1336,#1337,#1338,#1339,#1340,#1341,#1342,#1343,#1344,#1345
      ,#1346,#1347)
    ,(#1348,#1349,#1350,#1351,#1352,#1353,#1354,#1355,#1356,#1357,#1358
      ,#1359,#1360,#1361,#1362,#1363,#1364,#1365,#1366,#1367,#1368,#1369
      ,#1370,#1371,#1372,#1373,#1374,#1375,#1376,#1377,#1378,#1379,#1380
      ,#1381,#1382)
    ,(#1383,#1384,#1385,#1386,#1387,#1388,#1389,#1390,#1391,#1392,#1393
      ,#1394,#1395,#1396,#1397,#1398,#1399,#1400,#1401,#1402,#1403,#1404
      ,#1405,#1406,#1407,#1408,#1409,#1410,#1411,#1412,#1413,#1414,#1415
      ,#1416,#1417)
    ,(#1418,#1419,#1420,#1421,#1422,#1423,#1424,#1425,#1426,#1427,#1428
      ,#1429,#1430,#1431,#1432,#1433,#1434,#1435,#1436,#1437,#1438,#1439
      ,#1440,#1441,#1442,#1443,#1444,#1445,#1446,#1447,#1448,#1449,#1450
      ,#1451,#1452)
    ,(#1453,#1454,#1455,#1456,#1457,#1458,#1459,#1460,#1461,#1462,#1463
      ,#1464,#1465,#1466,#1467,#1468,#1469,#1470,#1471,#1472,#1473,#1474
      ,#1475,#1476,#1477,#1478,#1479,#1480,#1481,#1482,#1483,#1484,#1485
      ,#1486,#1487)
    ,(#1488,#1489,#1490,#1491,#1492,#1493,#1494,#1495,#1496,#1497,#1498
      ,#1499,#1500,#1501,#1502,#1503,#1504,#1505,#1506,#1507,#1508,#1509
      ,#1510,#1511,#1512,#1513,#1514,#1515,#1516,#1517,#1518,#1519,#1520
      ,#1521,#1522)
    ,(#1523,#1524,#1525,#1526,#1527,#1528,#1529,#1530,#1531,#1532,#1533
      ,#1534,#1535,#1536,#1537,#1538,#1539,#1540,#1541,#1542,#1543,#1544
      ,#1545,#1546,#1547,#1548,#1549,#1550,#1551,#1552,#1553,#1554,#1555
      ,#1556,#1557
)),.UNSPECIFIED.,.T.,.F.,.F.) B_SPLINE_SURFACE_WITH_KNOTS((1,6,6,1),(11,
    8,8,8,11),(-6.28318530718,0.,6.28318530718,12.56637061436),(0.,
    0.250000048074,0.500000096149,0.750000048074,1.),.UNSPECIFIED.) 
GEOMETRIC_REPRESENTATION_ITEM() RATIONAL_B_SPLINE_SURFACE((
    (1.669078461068,1.669078461068,1.669078461068,1.669078461069
      ,1.669078461068,1.669078461069,1.669078461068,1.669078461068
      ,1.669078461068,1.669078461068,1.669078461068,1.669078461068
      ,1.669078461068,1.669078461069,1.669078461068,1.669078461068
      ,1.669078461068,1.669078461068,1.669078461068,1.669078461068
      ,1.669078461069,1.669078461068,1.669078461069,1.669078461068
      ,1.669078461068,1.669078461068,1.669078461068,1.669078461068
      ,1.669078461069,1.669078461067,1.669078461069,1.669078461068
      ,1.669078461068,1.669078461068,1.669078461068)
    ,(1.03672962321,1.03672962321,1.03672962321,1.03672962321
      ,1.036729623209,1.03672962321,1.036729623209,1.03672962321
      ,1.03672962321,1.03672962321,1.03672962321,1.03672962321
      ,1.036729623209,1.03672962321,1.036729623209,1.03672962321
      ,1.03672962321,1.03672962321,1.03672962321,1.036729623209
      ,1.03672962321,1.036729623209,1.03672962321,1.036729623209
      ,1.03672962321,1.03672962321,1.03672962321,1.036729623209
      ,1.03672962321,1.036729623209,1.03672962321,1.036729623209
      ,1.03672962321,1.03672962321,1.03672962321)
    ,(1.038346699848,1.038346699848,1.038346699847,1.038346699848
      ,1.038346699847,1.038346699848,1.038346699847,1.038346699848
      ,1.038346699847,1.038346699848,1.038346699847,1.038346699848
      ,1.038346699847,1.038346699848,1.038346699847,1.038346699848
      ,1.038346699848,1.038346699847,1.038346699848,1.038346699847
      ,1.038346699848,1.038346699847,1.038346699848,1.038346699847
      ,1.038346699848,1.038346699847,1.038346699848,1.038346699847
      ,1.038346699848,1.038346699847,1.038346699848,1.038346699847
      ,1.038346699848,1.038346699847,1.038346699848)
    ,(0.853534330196,0.853534330196,0.853534330196,0.853534330196
      ,0.853534330196,0.853534330196,0.853534330196,0.853534330196
      ,0.853534330196,0.853534330196,0.853534330196,0.853534330196
      ,0.853534330196,0.853534330196,0.853534330196,0.853534330196
      ,0.853534330196,0.853534330196,0.853534330196,0.853534330196
      ,0.853534330196,0.853534330196,0.853534330196,0.853534330196
      ,0.853534330196,0.853534330196,0.853534330196,0.853534330196
      ,0.853534330197,0.853534330196,0.853534330197,0.853534330196
      ,0.853534330196,0.853534330196,0.853534330196)
    ,(1.038346699848,1.038346699848,1.038346699847,1.038346699848
      ,1.038346699847,1.038346699848,1.038346699847,1.038346699848
      ,1.038346699847,1.038346699848,1.038346699847,1.038346699848
      ,1.038346699847,1.038346699848,1.038346699847,1.038346699848
      ,1.038346699848,1.038346699847,1.038346699848,1.038346699847
      ,1.038346699848,1.038346699847,1.038346699848,1.038346699847
      ,1.038346699848,1.038346699847,1.038346699848,1.038346699847
      ,1.038346699848,1.038346699847,1.038346699848,1.038346699847
      ,1.038346699848,1.038346699847,1.038346699848)
    ,(1.03672962321,1.03672962321,1.03672962321,1.03672962321
      ,1.036729623209,1.03672962321,1.036729623209,1.03672962321
      ,1.03672962321,1.03672962321,1.03672962321,1.03672962321
      ,1.036729623209,1.03672962321,1.036729623209,1.03672962321
      ,1.03672962321,1.03672962321,1.03672962321,1.036729623209
      ,1.03672962321,1.036729623209,1.03672962321,1.036729623209
      ,1.03672962321,1.03672962321,1.03672962321,1.036729623209
      ,1.03672962321,1.036729623209,1.03672962321,1.036729623209
      ,1.03672962321,1.03672962321,1.03672962321)
    ,(1.669078461068,1.669078461068,1.669078461068,1.669078461069
      ,1.669078461068,1.669078461069,1.669078461068,1.669078461068
      ,1.669078461068,1.669078461068,1.669078461068,1.669078461068
      ,1.669078461068,1.669078461069,1.669078461068,1.669078461068
      ,1.669078461068,1.669078461068,1.669078461068,1.669078461068
      ,1.669078461069,1.669078461068,1.669078461069,1.669078461068
      ,1.669078461068,1.669078461068,1.669078461068,1.669078461068
      ,1.669078461069,1.669078461067,1.669078461069,1.669078461068
      ,1.669078461068,1.669078461068,1.669078461068
))) REPRESENTATION_ITEM('') SURFACE() );
#1313 = CARTESIAN_POINT('',(0.750000119661,8.491503249066E-16,
    1.099999029682));
#1314 = CARTESIAN_POINT('',(0.750000118998,8.438550442249E-16,
    1.075794492775));
#1315 = CARTESIAN_POINT('',(0.748166440094,8.387829043812E-16,
    1.054828594461));
#1316 = CARTESIAN_POINT('',(0.744937064589,8.359419921115E-16,
    1.036628306445));
#1317 = CARTESIAN_POINT('',(0.740666108302,8.299034922866E-16,
    1.020550120014));
#1318 = CARTESIAN_POINT('',(0.735552276174,8.305545789253E-16,
    1.005815936297));
#1319 = CARTESIAN_POINT('',(0.729470110691,8.224191919956E-16,
    0.991547152376));
#1320 = CARTESIAN_POINT('',(0.722051334931,8.242795487606E-16,
    0.977225397876));
#1321 = CARTESIAN_POINT('',(0.713013337595,8.170021184855E-16,
    0.962557302222));
#1322 = CARTESIAN_POINT('',(0.691268781802,8.149620969285E-16,
    0.93226718545));
#1323 = CARTESIAN_POINT('',(0.661742238851,8.002363551907E-16,
    0.899892677798));
#1324 = CARTESIAN_POINT('',(0.644921662865,8.219346826134E-16,
    0.883140043565));
#1325 = CARTESIAN_POINT('',(0.626030290832,7.485951264815E-16,
    0.865865733429));
#1326 = CARTESIAN_POINT('',(0.605162751745,8.71358884072E-16,
    0.8481243009));
#1327 = CARTESIAN_POINT('',(0.582471536717,6.942456857831E-16,
    0.829933627461));
#1328 = CARTESIAN_POINT('',(0.558134157893,8.738064765641E-16,
    0.811268494105));
#1329 = CARTESIAN_POINT('',(0.532340918525,7.189074692509E-16,
    0.792067099715));
#1330 = CARTESIAN_POINT('',(0.478227338124,8.886770709286E-16,
    0.75238384358));
#1331 = CARTESIAN_POINT('',(0.41984090037,5.908996214188E-16,
    0.709567160971));
#1332 = CARTESIAN_POINT('',(0.389774756824,9.138239835004E-16,
    0.687232128557));
#1333 = CARTESIAN_POINT('',(0.359034003417,4.667015752241E-16,
    0.6637879191));
#1334 = CARTESIAN_POINT('',(0.327818961818,8.976416073366E-16,
    0.639009875481));
#1335 = CARTESIAN_POINT('',(0.296342744792,5.639569585543E-16,
    0.61263675848));
#1336 = CARTESIAN_POINT('',(0.264843486089,7.402490474966E-16,
    0.584364228385));
#1337 = CARTESIAN_POINT('',(0.233617181512,6.660864614587E-16,
    0.553851273401));
#1338 = CARTESIAN_POINT('',(0.1725187132,6.714997081126E-16,
    0.487684187759));
#1339 = CARTESIAN_POINT('',(0.1161382569,6.418102751028E-16,
    0.410266047225));
#1340 = CARTESIAN_POINT('',(8.962937284045E-02,6.432613028974E-16,
    0.368501889653));
#1341 = CARTESIAN_POINT('',(6.540751681598E-02,6.198295449488E-16,
    0.323526807635));
#1342 = CARTESIAN_POINT('',(4.414592527743E-02,6.22381274444E-16,
    0.275347713017));
#1343 = CARTESIAN_POINT('',(2.660350067672E-02,6.005595772017E-16,
    0.22419651725));
#1344 = CARTESIAN_POINT('',(1.329632661387E-02,5.952577734881E-16,
    0.170665365243));
#1345 = CARTESIAN_POINT('',(4.416323646927E-03,5.797502221963E-16,
    0.115245898261));
#1346 = CARTESIAN_POINT('',(1.219502498984E-09,5.68216363448E-16,
    5.829516741114E-02));
#1347 = CARTESIAN_POINT('',(2.725872194631E-09,5.550608974034E-16,
    -2.567221888405E-07));
#1348 = CARTESIAN_POINT('',(0.750000119661,0.415385768893,1.099999029682
    ));
#1349 = CARTESIAN_POINT('',(0.750000118998,0.415385768893,1.075794492775
    ));
#1350 = CARTESIAN_POINT('',(0.748166440094,0.415385768893,1.054828594461
    ));
#1351 = CARTESIAN_POINT('',(0.744937064589,0.415385768893,1.036628306445
    ));
#1352 = CARTESIAN_POINT('',(0.740666108302,0.415385768893,1.020550120014
    ));
#1353 = CARTESIAN_POINT('',(0.735552276174,0.415385768893,1.005815936297
    ));
#1354 = CARTESIAN_POINT('',(0.729470110691,0.415385768893,0.991547152376
    ));
#1355 = CARTESIAN_POINT('',(0.722051334931,0.415385768893,0.977225397876
    ));
#1356 = CARTESIAN_POINT('',(0.713013337595,0.415385768893,0.962557302222
    ));
#1357 = CARTESIAN_POINT('',(0.691268781802,0.415385768893,0.93226718545)
  );
#1358 = CARTESIAN_POINT('',(0.661742238851,0.415385768893,0.899892677798
    ));
#1359 = CARTESIAN_POINT('',(0.644921662865,0.415385768893,0.883140043565
    ));
#1360 = CARTESIAN_POINT('',(0.626030290832,0.415385768893,0.865865733429
    ));
#1361 = CARTESIAN_POINT('',(0.605162751745,0.415385768893,0.8481243009)
  );
#1362 = CARTESIAN_POINT('',(0.582471536717,0.415385768893,0.829933627461
    ));
#1363 = CARTESIAN_POINT('',(0.558134157893,0.415385768893,0.811268494105
    ));
#1364 = CARTESIAN_POINT('',(0.532340918525,0.415385768893,0.792067099715
    ));
#1365 = CARTESIAN_POINT('',(0.478227338124,0.415385768893,0.75238384358)
  );
#1366 = CARTESIAN_POINT('',(0.41984090037,0.415385768893,0.709567160971)
  );
#1367 = CARTESIAN_POINT('',(0.389774756824,0.415385768893,0.687232128557
    ));
#1368 = CARTESIAN_POINT('',(0.359034003417,0.415385768893,0.6637879191)
  );
#1369 = CARTESIAN_POINT('',(0.327818961818,0.415385768893,0.639009875481
    ));
#1370 = CARTESIAN_POINT('',(0.296342744792,0.415385768893,0.61263675848)
  );
#1371 = CARTESIAN_POINT('',(0.264843486089,0.415385768893,0.584364228385
    ));
#1372 = CARTESIAN_POINT('',(0.233617181512,0.415385768893,0.553851273401
    ));
#1373 = CARTESIAN_POINT('',(0.1725187132,0.415385768893,0.487684187759)
  );
#1374 = CARTESIAN_POINT('',(0.1161382569,0.415385768893,0.410266047225)
  );
#1375 = CARTESIAN_POINT('',(8.962937284043E-02,0.415385768893,
    0.368501889653));
#1376 = CARTESIAN_POINT('',(6.540751681604E-02,0.415385768893,
    0.323526807635));
#1377 = CARTESIAN_POINT('',(4.414592527733E-02,0.415385768893,
    0.275347713017));
#1378 = CARTESIAN_POINT('',(2.660350067684E-02,0.415385768893,
    0.22419651725));
#1379 = CARTESIAN_POINT('',(1.329632661377E-02,0.415385768893,
    0.170665365243));
#1380 = CARTESIAN_POINT('',(4.416323646974E-03,0.415385768893,
    0.115245898261));
#1381 = CARTESIAN_POINT('',(1.219489509374E-09,0.415385768893,
    5.829516741113E-02));
#1382 = CARTESIAN_POINT('',(2.725872749743E-09,0.415385768893,
    -2.567221892846E-07));
#1383 = CARTESIAN_POINT('',(1.263637167298,0.475028095811,1.099999092968
    ));
#1384 = CARTESIAN_POINT('',(1.263637170949,0.475028095811,1.040773829063
    ));
#1385 = CARTESIAN_POINT('',(1.259150409767,0.475028095811,0.982841606162
    ));
#1386 = CARTESIAN_POINT('',(1.250116290256,0.475028095811,0.926406984112
    ));
#1387 = CARTESIAN_POINT('',(1.236562659472,0.475028095811,0.871854302576
    ));
#1388 = CARTESIAN_POINT('',(1.218681252732,0.475028095811,0.819709833026
    ));
#1389 = CARTESIAN_POINT('',(1.197005650285,0.475028095811,0.770605833295
    ));
#1390 = CARTESIAN_POINT('',(1.172325497152,0.475028095811,0.724794678639
    ));
#1391 = CARTESIAN_POINT('',(1.145340099822,0.475028095811,0.682291471178
    ));
#1392 = CARTESIAN_POINT('',(1.088014955408,0.475028095811,0.603587901563
    ));
#1393 = CARTESIAN_POINT('',(1.026055360001,0.475028095811,0.536499107286
    ));
#1394 = CARTESIAN_POINT('',(0.994436135436,0.475028095811,0.50561083092)
  );
#1395 = CARTESIAN_POINT('',(0.962592990736,0.475028095811,0.477038315528
    ));
#1396 = CARTESIAN_POINT('',(0.930827414325,0.475028095811,0.450429760515
    ));
#1397 = CARTESIAN_POINT('',(0.899379876227,0.475028095811,0.425472037703
    ));
#1398 = CARTESIAN_POINT('',(0.868464460584,0.475028095811,0.401897470461
    ));
#1399 = CARTESIAN_POINT('',(0.838281762699,0.475028095811,0.379476959753
    ));
#1400 = CARTESIAN_POINT('',(0.779778783458,0.475028095811,0.336574813449
    ));
#1401 = CARTESIAN_POINT('',(0.725781742855,0.475028095811,0.296977019772
    ));
#1402 = CARTESIAN_POINT('',(0.700105054746,0.475028095811,0.277861101416
    ));
#1403 = CARTESIAN_POINT('',(0.675942333988,0.475028095811,0.259326322656
    ));
#1404 = CARTESIAN_POINT('',(0.653483610514,0.475028095811,0.2413153243)
  );
#1405 = CARTESIAN_POINT('',(0.632905425437,0.475028095811,0.223809324745
    ));
#1406 = CARTESIAN_POINT('',(0.614357934028,0.475028095811,0.206834993936
    ));
#1407 = CARTESIAN_POINT('',(0.59793027324,0.475028095811,0.190457674296)
  );
#1408 = CARTESIAN_POINT('',(0.569264850264,0.475028095811,0.159004860934
    ));
#1409 = CARTESIAN_POINT('',(0.548464982158,0.475028095811,0.130000160179
    ));
#1410 = CARTESIAN_POINT('',(0.539903499999,0.475028095811,0.1160711089)
  );
#1411 = CARTESIAN_POINT('',(0.532943025613,0.475028095811,0.102585423543
    ));
#1412 = CARTESIAN_POINT('',(0.527274877505,0.475028095811,
    8.924154428325E-02));
#1413 = CARTESIAN_POINT('',(0.522500035252,0.475028095811,
    7.550063836453E-02));
#1414 = CARTESIAN_POINT('',(0.518475542615,0.475028095811,
    6.044398948988E-02));
#1415 = CARTESIAN_POINT('',(0.515400288907,0.475028095811,
    4.325886729733E-02));
#1416 = CARTESIAN_POINT('',(0.513637051951,0.475028095811,
    2.327447323186E-02));
#1417 = CARTESIAN_POINT('',(0.513637050363,0.475028095811,
    -2.113303296802E-07));
#1418 = CARTESIAN_POINT('',(1.687279349913,1.859159288843E-15,
    1.099999145165));
#1419 = CARTESIAN_POINT('',(1.687279357123,1.839377197495E-15,
    1.011889171152));
#1420 = CARTESIAN_POINT('',(1.680604362884,1.820889413126E-15,
    0.923467530669));
#1421 = CARTESIAN_POINT('',(1.666782554416,1.7980562363E-15,
    0.835497650802));
#1422 = CARTESIAN_POINT('',(1.645572675894,1.78568288045E-15,
    0.749211629242));
#1423 = CARTESIAN_POINT('',(1.617160714164,1.75646911385E-15,
    0.666211567761));
#1424 = CARTESIAN_POINT('',(1.582623816567,1.752841201059E-15,
    0.588375865508));
#1425 = CARTESIAN_POINT('',(1.543706669394,1.723045396317E-15,
    0.516592600249));
#1426 = CARTESIAN_POINT('',(1.50191845412,1.719562778839E-15,
    0.451131298985));
#1427 = CARTESIAN_POINT('',(1.415246831894,1.680339003989E-15,
    0.332496846416));
#1428 = CARTESIAN_POINT('',(1.326536811854,1.679805252494E-15,
    0.236776090678));
#1429 = CARTESIAN_POINT('',(1.282711824849,1.600480383942E-15,
    0.19422889229));
#1430 = CARTESIAN_POINT('',(1.240186200631,1.78314117609E-15,
    0.156337741577));
#1431 = CARTESIAN_POINT('',(1.199432043003,1.427287198458E-15,
    0.12241568155));
#1432 = CARTESIAN_POINT('',(1.16076238603,1.896306976117E-15,
    9.187657090926E-02));
#1433 = CARTESIAN_POINT('',(1.124421478031,1.385145952559E-15,
    6.425275664206E-02));
#1434 = CARTESIAN_POINT('',(1.090618403081,1.793692493169E-15,
    3.917715423305E-02));
#1435 = CARTESIAN_POINT('',(1.028495095998,1.292636593939E-15,
    -6.379897248025E-03));
#1436 = CARTESIAN_POINT('',(0.978118381845,2.076922213032E-15,
    -4.332278676956E-02));
#1437 = CARTESIAN_POINT('',(0.956062068261,1.171876444374E-15,
    -5.978361528783E-02));
#1438 = CARTESIAN_POINT('',(0.937324836417,2.383540826131E-15,
    -7.426914965326E-02));
#1439 = CARTESIAN_POINT('',(0.922088227741,1.18095118007E-15,
    -8.66987635693E-02));
#1440 = CARTESIAN_POINT('',(0.910498619446,2.079927258364E-15,
    -9.689126226592E-02));
#1441 = CARTESIAN_POINT('',(0.902633603124,1.576321479971E-15,
    -0.104546962678));
#1442 = CARTESIAN_POINT('',(0.898411700825,1.760529486432E-15,
    -0.109265365897));
#1443 = CARTESIAN_POINT('',(0.89649669661,1.704631332739E-15,
    -0.112086229628));
#1444 = CARTESIAN_POINT('',(0.905043305964,1.741419062207E-15,
    -0.101160058202));
#1445 = CARTESIAN_POINT('',(0.911284643321,1.71394091425E-15,
    -9.213102022815E-02));
#1446 = CARTESIAN_POINT('',(0.918561166493,1.753676113913E-15,
    -7.96445978654E-02));
#1447 = CARTESIAN_POINT('',(0.925754318868,1.720668094046E-15,
    -6.425677497355E-02));
#1448 = CARTESIAN_POINT('',(0.931510037987,1.753234666243E-15,
    -4.714208565022E-02));
#1449 = CARTESIAN_POINT('',(0.935141798803,1.738836077135E-15,
    -3.046538788038E-02));
#1450 = CARTESIAN_POINT('',(0.936854238384,1.750825005279E-15,
    -1.611524338571E-02));
#1451 = CARTESIAN_POINT('',(0.937279237119,1.750101277646E-15,
    -5.610209808549E-03));
#1452 = CARTESIAN_POINT('',(0.937279232978,1.751927793745E-15,
    -1.738916228788E-07));
#1453 = CARTESIAN_POINT('',(1.263637167298,-0.475028095811,
    1.099999092968));
#1454 = CARTESIAN_POINT('',(1.263637170949,-0.475028095811,
    1.040773829063));
#1455 = CARTESIAN_POINT('',(1.259150409767,-0.475028095811,
    0.982841606162));
#1456 = CARTESIAN_POINT('',(1.250116290256,-0.475028095811,
    0.926406984112));
#1457 = CARTESIAN_POINT('',(1.236562659472,-0.475028095811,
    0.871854302576));
#1458 = CARTESIAN_POINT('',(1.218681252732,-0.475028095811,
    0.819709833026));
#1459 = CARTESIAN_POINT('',(1.197005650285,-0.475028095811,
    0.770605833295));
#1460 = CARTESIAN_POINT('',(1.172325497152,-0.475028095811,
    0.724794678639));
#1461 = CARTESIAN_POINT('',(1.145340099822,-0.475028095811,
    0.682291471178));
#1462 = CARTESIAN_POINT('',(1.088014955408,-0.475028095811,
    0.603587901563));
#1463 = CARTESIAN_POINT('',(1.026055360001,-0.475028095811,
    0.536499107286));
#1464 = CARTESIAN_POINT('',(0.994436135436,-0.475028095811,0.50561083092
    ));
#1465 = CARTESIAN_POINT('',(0.962592990736,-0.475028095811,
    0.477038315528));
#1466 = CARTESIAN_POINT('',(0.930827414325,-0.475028095811,
    0.450429760515));
#1467 = CARTESIAN_POINT('',(0.899379876227,-0.475028095811,
    0.425472037703));
#1468 = CARTESIAN_POINT('',(0.868464460584,-0.475028095811,
    0.401897470461));
#1469 = CARTESIAN_POINT('',(0.838281762699,-0.475028095811,
    0.379476959753));
#1470 = CARTESIAN_POINT('',(0.779778783458,-0.475028095811,
    0.336574813449));
#1471 = CARTESIAN_POINT('',(0.725781742855,-0.475028095811,
    0.296977019772));
#1472 = CARTESIAN_POINT('',(0.700105054746,-0.475028095811,
    0.277861101416));
#1473 = CARTESIAN_POINT('',(0.675942333988,-0.475028095811,
    0.259326322656));
#1474 = CARTESIAN_POINT('',(0.653483610514,-0.475028095811,0.2413153243)
  );
#1475 = CARTESIAN_POINT('',(0.632905425437,-0.475028095811,
    0.223809324745));
#1476 = CARTESIAN_POINT('',(0.614357934028,-0.475028095811,
    0.206834993936));
#1477 = CARTESIAN_POINT('',(0.59793027324,-0.475028095811,0.190457674296
    ));
#1478 = CARTESIAN_POINT('',(0.569264850264,-0.475028095811,
    0.159004860934));
#1479 = CARTESIAN_POINT('',(0.548464982158,-0.475028095811,
    0.130000160179));
#1480 = CARTESIAN_POINT('',(0.539903499999,-0.475028095811,0.1160711089)
  );
#1481 = CARTESIAN_POINT('',(0.532943025613,-0.475028095811,
    0.102585423543));
#1482 = CARTESIAN_POINT('',(0.527274877505,-0.475028095811,
    8.924154428318E-02));
#1483 = CARTESIAN_POINT('',(0.522500035252,-0.475028095811,
    7.550063836461E-02));
#1484 = CARTESIAN_POINT('',(0.518475542615,-0.475028095811,
    6.044398948982E-02));
#1485 = CARTESIAN_POINT('',(0.515400288907,-0.475028095811,
    4.325886729736E-02));
#1486 = CARTESIAN_POINT('',(0.513637051951,-0.475028095811,
    2.327447323185E-02));
#1487 = CARTESIAN_POINT('',(0.513637050363,-0.475028095811,
    -2.113303292361E-07));
#1488 = CARTESIAN_POINT('',(0.750000119661,-0.415385768893,
    1.099999029682));
#1489 = CARTESIAN_POINT('',(0.750000118998,-0.415385768893,
    1.075794492775));
#1490 = CARTESIAN_POINT('',(0.748166440094,-0.415385768893,
    1.054828594461));
#1491 = CARTESIAN_POINT('',(0.744937064589,-0.415385768893,
    1.036628306445));
#1492 = CARTESIAN_POINT('',(0.740666108302,-0.415385768893,
    1.020550120014));
#1493 = CARTESIAN_POINT('',(0.735552276174,-0.415385768893,
    1.005815936297));
#1494 = CARTESIAN_POINT('',(0.729470110691,-0.415385768893,
    0.991547152376));
#1495 = CARTESIAN_POINT('',(0.722051334931,-0.415385768893,
    0.977225397876));
#1496 = CARTESIAN_POINT('',(0.713013337595,-0.415385768893,
    0.962557302222));
#1497 = CARTESIAN_POINT('',(0.691268781802,-0.415385768893,0.93226718545
    ));
#1498 = CARTESIAN_POINT('',(0.661742238851,-0.415385768893,
    0.899892677798));
#1499 = CARTESIAN_POINT('',(0.644921662865,-0.415385768893,
    0.883140043565));
#1500 = CARTESIAN_POINT('',(0.626030290832,-0.415385768893,
    0.865865733429));
#1501 = CARTESIAN_POINT('',(0.605162751745,-0.415385768893,0.8481243009)
  );
#1502 = CARTESIAN_POINT('',(0.582471536717,-0.415385768893,
    0.829933627461));
#1503 = CARTESIAN_POINT('',(0.558134157893,-0.415385768893,
    0.811268494105));
#1504 = CARTESIAN_POINT('',(0.532340918525,-0.415385768893,
    0.792067099715));
#1505 = CARTESIAN_POINT('',(0.478227338124,-0.415385768893,0.75238384358
    ));
#1506 = CARTESIAN_POINT('',(0.41984090037,-0.415385768893,0.709567160971
    ));
#1507 = CARTESIAN_POINT('',(0.389774756824,-0.415385768893,
    0.687232128557));
#1508 = CARTESIAN_POINT('',(0.359034003417,-0.415385768893,0.6637879191)
  );
#1509 = CARTESIAN_POINT('',(0.327818961818,-0.415385768893,
    0.639009875481));
#1510 = CARTESIAN_POINT('',(0.296342744792,-0.415385768893,0.61263675848
    ));
#1511 = CARTESIAN_POINT('',(0.264843486089,-0.415385768893,
    0.584364228385));
#1512 = CARTESIAN_POINT('',(0.233617181512,-0.415385768893,
    0.553851273401));
#1513 = CARTESIAN_POINT('',(0.1725187132,-0.415385768893,0.487684187759)
  );
#1514 = CARTESIAN_POINT('',(0.1161382569,-0.415385768893,0.410266047225)
  );
#1515 = CARTESIAN_POINT('',(8.962937284042E-02,-0.415385768893,
    0.368501889653));
#1516 = CARTESIAN_POINT('',(6.540751681606E-02,-0.415385768893,
    0.323526807635));
#1517 = CARTESIAN_POINT('',(4.414592527731E-02,-0.415385768893,
    0.275347713017));
#1518 = CARTESIAN_POINT('',(2.660350067685E-02,-0.415385768893,
    0.22419651725));
#1519 = CARTESIAN_POINT('',(1.329632661377E-02,-0.415385768893,
    0.170665365243));
#1520 = CARTESIAN_POINT('',(4.416323646975E-03,-0.415385768893,
    0.115245898261));
#1521 = CARTESIAN_POINT('',(1.219489842441E-09,-0.415385768893,
    5.829516741113E-02));
#1522 = CARTESIAN_POINT('',(2.72587263872E-09,-0.415385768893,
    -2.567221888405E-07));
#1523 = CARTESIAN_POINT('',(0.750000119661,8.491503249066E-16,
    1.099999029682));
#1524 = CARTESIAN_POINT('',(0.750000118998,8.438550442249E-16,
    1.075794492775));
#1525 = CARTESIAN_POINT('',(0.748166440094,8.387829043812E-16,
    1.054828594461));
#1526 = CARTESIAN_POINT('',(0.744937064589,8.359419921115E-16,
    1.036628306445));
#1527 = CARTESIAN_POINT('',(0.740666108302,8.299034922866E-16,
    1.020550120014));
#1528 = CARTESIAN_POINT('',(0.735552276174,8.305545789253E-16,
    1.005815936297));
#1529 = CARTESIAN_POINT('',(0.729470110691,8.224191919956E-16,
    0.991547152376));
#1530 = CARTESIAN_POINT('',(0.722051334931,8.242795487606E-16,
    0.977225397876));
#1531 = CARTESIAN_POINT('',(0.713013337595,8.170021184855E-16,
    0.962557302222));
#1532 = CARTESIAN_POINT('',(0.691268781802,8.149620969285E-16,
    0.93226718545));
#1533 = CARTESIAN_POINT('',(0.661742238851,8.002363551907E-16,
    0.899892677798));
#1534 = CARTESIAN_POINT('',(0.644921662865,8.219346826134E-16,
    0.883140043565));
#1535 = CARTESIAN_POINT('',(0.626030290832,7.485951264815E-16,
    0.865865733429));
#1536 = CARTESIAN_POINT('',(0.605162751745,8.71358884072E-16,
    0.8481243009));
#1537 = CARTESIAN_POINT('',(0.582471536717,6.942456857831E-16,
    0.829933627461));
#1538 = CARTESIAN_POINT('',(0.558134157893,8.738064765641E-16,
    0.811268494105));
#1539 = CARTESIAN_POINT('',(0.532340918525,7.189074692509E-16,
    0.792067099715));
#1540 = CARTESIAN_POINT('',(0.478227338124,8.886770709286E-16,
    0.75238384358));
#1541 = CARTESIAN_POINT('',(0.41984090037,5.908996214188E-16,
    0.709567160971));
#1542 = CARTESIAN_POINT('',(0.389774756824,9.138239835004E-16,
    0.687232128557));
#1543 = CARTESIAN_POINT('',(0.359034003417,4.667015752241E-16,
    0.6637879191));
#1544 = CARTESIAN_POINT('',(0.327818961818,8.976416073366E-16,
    0.639009875481));
#1545 = CARTESIAN_POINT('',(0.296342744792,5.639569585543E-16,
    0.61263675848));
#1546 = CARTESIAN_POINT('',(0.264843486089,7.402490474966E-16,
    0.584364228385));
#1547 = CARTESIAN_POINT('',(0.233617181512,6.660864614587E-16,
    0.553851273401));
#1548 = CARTESIAN_POINT('',(0.1725187132,6.714997081126E-16,
    0.487684187759));
#1549 = CARTESIAN_POINT('',(0.1161382569,6.418102751028E-16,
    0.410266047225));
#1550 = CARTESIAN_POINT('',(8.962937284045E-02,6.432613028974E-16,
    0.368501889653));
#1551 = CARTESIAN_POINT('',(6.540751681598E-02,6.198295449488E-16,
    0.323526807635));
#1552 = CARTESIAN_POINT('',(4.414592527743E-02,6.22381274444E-16,
    0.275347713017));
#1553 = CARTESIAN_POINT('',(2.660350067672E-02,6.005595772017E-16,
    0.22419651725));
#1554 = CARTESIAN_POINT('',(1.329632661387E-02,5.952577734881E-16,
    0.170665365243));
#1555 = CARTESIAN_POINT('',(4.416323646927E-03,5.797502221963E-16,
    0.115245898261));
#1556 = CARTESIAN_POINT('',(1.219502498984E-09,5.68216363448E-16,
    5.829516741114E-02));
#1557 = CARTESIAN_POINT('',(2.725872194631E-09,5.550608974034E-16,
    -2.567221888405E-07));
#1558 = ADVANCED_FACE('',(#1559),#1578,.T.);
#1559 = FACE_BOUND('',#1560,.T.);
#1560 = EDGE_LOOP('',(#1561,#1569,#1576,#1577));
#1561 = ORIENTED_EDGE('',*,*,#1562,.T.);
#1562 = EDGE_CURVE('',#1262,#1563,#1565,.T.);
#1563 = VERTEX_POINT('',#1564);
#1564 = CARTESIAN_POINT('',(2.725871306453E-09,-1.416891770742E-16,
    -3.000000660802));
#1565 = LINE('',#1566,#1567);
#1566 = CARTESIAN_POINT('',(2.725871306453E-09,5.856770722878E-16,
    -2.346288354715E-07));
#1567 = VECTOR('',#1568,1.);
#1568 = DIRECTION('',(0.,-2.22044604925E-16,-1.));
#1569 = ORIENTED_EDGE('',*,*,#1570,.F.);
#1570 = EDGE_CURVE('',#1563,#1563,#1571,.T.);
#1571 = CIRCLE('',#1572,0.25);
#1572 = AXIS2_PLACEMENT_3D('',#1573,#1574,#1575);
#1573 = CARTESIAN_POINT('',(0.250000002726,-1.463986654458E-22,
    -3.000000660802));
#1574 = DIRECTION('',(8.837341451453E-08,-4.440891922318E-16,-1.));
#1575 = DIRECTION('',(-1.,-3.218267824953E-16,-8.837341451453E-08));
#1576 = ORIENTED_EDGE('',*,*,#1562,.F.);
#1577 = ORIENTED_EDGE('',*,*,#1301,.T.);
#1578 = CYLINDRICAL_SURFACE('',#1579,0.25);
#1579 = AXIS2_PLACEMENT_3D('',#1580,#1581,#1582);
#1580 = CARTESIAN_POINT('',(0.250000002726,6.661337630059E-16,
    -2.346288354715E-07));
#1581 = DIRECTION('',(0.,-2.22044604925E-16,-1.));
#1582 = DIRECTION('',(-1.,-3.218267628725E-16,7.145989641632E-32));
#1583 = ADVANCED_FACE('',(#1584),#1587,.T.);
#1584 = FACE_BOUND('',#1585,.T.);
#1585 = EDGE_LOOP('',(#1586));
#1586 = ORIENTED_EDGE('',*,*,#1570,.T.);
#1587 = PLANE('',#1588);
#1588 = AXIS2_PLACEMENT_3D('',#1589,#1590,#1591);
#1589 = CARTESIAN_POINT('',(0.250000002726,8.434514443082E-18,
    -3.000000660802));
#1590 = DIRECTION('',(8.837341451453E-08,-4.440891629223E-16,-1.));
#1591 = DIRECTION('',(-1.,1.175494350822E-38,-8.837341451453E-08));
#1592 = ( GEOMETRIC_REPRESENTATION_CONTEXT(3) 
GLOBAL_UNCERTAINTY_ASSIGNED_CONTEXT((#1596)) 
GLOBAL_UNIT_ASSIGNED_CONTEXT((#1593,#1594,#1595)) REPRESENTATION_CONTEXT
('Context #1','3D Context with UNIT and UNCERTAINTY') );
#1593 = ( LENGTH_UNIT() NAMED_UNIT(*) SI_UNIT(.MILLI.,.METRE.) );
#1594 = ( NAMED_UNIT(*) PLANE_ANGLE_UNIT() SI_UNIT($,.RADIAN.) );
#1595 = ( NAMED_UNIT(*) SI_UNIT($,.STERADIAN.) SOLID_ANGLE_UNIT() );
#1596 = UNCERTAINTY_MEASURE_WITH_UNIT(LENGTH_MEASURE(1.E-07),#1593,
  'distance_accuracy_value','confusion accuracy');
#1597 = CONTEXT_DEPENDENT_SHAPE_REPRESENTATION(#1598,#1600);
#1598 = ( REPRESENTATION_RELATIONSHIP('','',#885,#10) 
REPRESENTATION_RELATIONSHIP_WITH_TRANSFORMATION(#1599) 
SHAPE_REPRESENTATION_RELATIONSHIP() );
#1599 = ITEM_DEFINED_TRANSFORMATION('','',#11,#19);
#1600 = PRODUCT_DEFINITION_SHAPE('Placement','Placement of an item',
  #1601);
#1601 = NEXT_ASSEMBLY_USAGE_OCCURRENCE('2','TP1','',#5,#880,$);
#1602 = PRODUCT_RELATED_PRODUCT_CATEGORY('part',$,(#882));
#1603 = SHAPE_DEFINITION_REPRESENTATION(#1604,#1610);
#1604 = PRODUCT_DEFINITION_SHAPE('','',#1605);
#1605 = PRODUCT_DEFINITION('design','',#1606,#1609);
#1606 = PRODUCT_DEFINITION_FORMATION('','',#1607);
#1607 = PRODUCT('C_0402_1005Metric','C_0402_1005Metric','',(#1608));
#1608 = PRODUCT_CONTEXT('',#2,'mechanical');
#1609 = PRODUCT_DEFINITION_CONTEXT('part definition',#2,'design');
#1610 = ADVANCED_BREP_SHAPE_REPRESENTATION('',(#11,#1611),#2465);
#1611 = MANIFOLD_SOLID_BREP('',#1612);
#1612 = CLOSED_SHELL('',(#1613,#1689,#1720,#1745,#1770,#1794,#1818,#1843
    ,#1868,#1885,#1971,#2003,#2027,#2052,#2076,#2101,#2125,#2150,#2167,
    #2253,#2284,#2309,#2334,#2358,#2382,#2407,#2432,#2449));
#1613 = ADVANCED_FACE('',(#1614),#1684,.F.);
#1614 = FACE_BOUND('',#1615,.F.);
#1615 = EDGE_LOOP('',(#1616,#1626,#1635,#1643,#1652,#1660,#1669,#1677));
#1616 = ORIENTED_EDGE('',*,*,#1617,.F.);
#1617 = EDGE_CURVE('',#1618,#1620,#1622,.T.);
#1618 = VERTEX_POINT('',#1619);
#1619 = CARTESIAN_POINT('',(-0.5,-0.25,2.E-02));
#1620 = VERTEX_POINT('',#1621);
#1621 = CARTESIAN_POINT('',(-0.5,-0.25,0.48));
#1622 = LINE('',#1623,#1624);
#1623 = CARTESIAN_POINT('',(-0.5,-0.25,0.));
#1624 = VECTOR('',#1625,1.);
#1625 = DIRECTION('',(0.,0.,1.));
#1626 = ORIENTED_EDGE('',*,*,#1627,.T.);
#1627 = EDGE_CURVE('',#1618,#1628,#1630,.T.);
#1628 = VERTEX_POINT('',#1629);
#1629 = CARTESIAN_POINT('',(-0.5,-0.23,0.));
#1630 = CIRCLE('',#1631,2.E-02);
#1631 = AXIS2_PLACEMENT_3D('',#1632,#1633,#1634);
#1632 = CARTESIAN_POINT('',(-0.5,-0.23,2.E-02));
#1633 = DIRECTION('',(1.,0.,-0.));
#1634 = DIRECTION('',(0.,0.,1.));
#1635 = ORIENTED_EDGE('',*,*,#1636,.T.);
#1636 = EDGE_CURVE('',#1628,#1637,#1639,.T.);
#1637 = VERTEX_POINT('',#1638);
#1638 = CARTESIAN_POINT('',(-0.5,0.23,0.));
#1639 = LINE('',#1640,#1641);
#1640 = CARTESIAN_POINT('',(-0.5,-0.25,0.));
#1641 = VECTOR('',#1642,1.);
#1642 = DIRECTION('',(0.,1.,0.));
#1643 = ORIENTED_EDGE('',*,*,#1644,.F.);
#1644 = EDGE_CURVE('',#1645,#1637,#1647,.T.);
#1645 = VERTEX_POINT('',#1646);
#1646 = CARTESIAN_POINT('',(-0.5,0.25,2.E-02));
#1647 = CIRCLE('',#1648,2.E-02);
#1648 = AXIS2_PLACEMENT_3D('',#1649,#1650,#1651);
#1649 = CARTESIAN_POINT('',(-0.5,0.23,2.E-02));
#1650 = DIRECTION('',(-1.,0.,0.));
#1651 = DIRECTION('',(0.,0.,1.));
#1652 = ORIENTED_EDGE('',*,*,#1653,.T.);
#1653 = EDGE_CURVE('',#1645,#1654,#1656,.T.);
#1654 = VERTEX_POINT('',#1655);
#1655 = CARTESIAN_POINT('',(-0.5,0.25,0.48));
#1656 = LINE('',#1657,#1658);
#1657 = CARTESIAN_POINT('',(-0.5,0.25,0.));
#1658 = VECTOR('',#1659,1.);
#1659 = DIRECTION('',(0.,0.,1.));
#1660 = ORIENTED_EDGE('',*,*,#1661,.T.);
#1661 = EDGE_CURVE('',#1654,#1662,#1664,.T.);
#1662 = VERTEX_POINT('',#1663);
#1663 = CARTESIAN_POINT('',(-0.5,0.23,0.5));
#1664 = CIRCLE('',#1665,2.E-02);
#1665 = AXIS2_PLACEMENT_3D('',#1666,#1667,#1668);
#1666 = CARTESIAN_POINT('',(-0.5,0.23,0.48));
#1667 = DIRECTION('',(1.,0.,-0.));
#1668 = DIRECTION('',(0.,0.,1.));
#1669 = ORIENTED_EDGE('',*,*,#1670,.F.);
#1670 = EDGE_CURVE('',#1671,#1662,#1673,.T.);
#1671 = VERTEX_POINT('',#1672);
#1672 = CARTESIAN_POINT('',(-0.5,-0.23,0.5));
#1673 = LINE('',#1674,#1675);
#1674 = CARTESIAN_POINT('',(-0.5,-0.25,0.5));
#1675 = VECTOR('',#1676,1.);
#1676 = DIRECTION('',(0.,1.,0.));
#1677 = ORIENTED_EDGE('',*,*,#1678,.F.);
#1678 = EDGE_CURVE('',#1620,#1671,#1679,.T.);
#1679 = CIRCLE('',#1680,2.E-02);
#1680 = AXIS2_PLACEMENT_3D('',#1681,#1682,#1683);
#1681 = CARTESIAN_POINT('',(-0.5,-0.23,0.48));
#1682 = DIRECTION('',(-1.,0.,0.));
#1683 = DIRECTION('',(0.,0.,1.));
#1684 = PLANE('',#1685);
#1685 = AXIS2_PLACEMENT_3D('',#1686,#1687,#1688);
#1686 = CARTESIAN_POINT('',(-0.5,-0.25,0.));
#1687 = DIRECTION('',(1.,0.,0.));
#1688 = DIRECTION('',(0.,0.,1.));
#1689 = ADVANCED_FACE('',(#1690),#1715,.F.);
#1690 = FACE_BOUND('',#1691,.F.);
#1691 = EDGE_LOOP('',(#1692,#1702,#1708,#1709));
#1692 = ORIENTED_EDGE('',*,*,#1693,.F.);
#1693 = EDGE_CURVE('',#1694,#1696,#1698,.T.);
#1694 = VERTEX_POINT('',#1695);
#1695 = CARTESIAN_POINT('',(-0.3,-0.25,2.E-02));
#1696 = VERTEX_POINT('',#1697);
#1697 = CARTESIAN_POINT('',(-0.3,-0.25,0.48));
#1698 = LINE('',#1699,#1700);
#1699 = CARTESIAN_POINT('',(-0.3,-0.25,0.));
#1700 = VECTOR('',#1701,1.);
#1701 = DIRECTION('',(0.,0.,1.));
#1702 = ORIENTED_EDGE('',*,*,#1703,.F.);
#1703 = EDGE_CURVE('',#1618,#1694,#1704,.T.);
#1704 = LINE('',#1705,#1706);
#1705 = CARTESIAN_POINT('',(-0.5,-0.25,2.E-02));
#1706 = VECTOR('',#1707,1.);
#1707 = DIRECTION('',(1.,0.,0.));
#1708 = ORIENTED_EDGE('',*,*,#1617,.T.);
#1709 = ORIENTED_EDGE('',*,*,#1710,.T.);
#1710 = EDGE_CURVE('',#1620,#1696,#1711,.T.);
#1711 = LINE('',#1712,#1713);
#1712 = CARTESIAN_POINT('',(-0.5,-0.25,0.48));
#1713 = VECTOR('',#1714,1.);
#1714 = DIRECTION('',(1.,0.,0.));
#1715 = PLANE('',#1716);
#1716 = AXIS2_PLACEMENT_3D('',#1717,#1718,#1719);
#1717 = CARTESIAN_POINT('',(-0.5,-0.25,0.));
#1718 = DIRECTION('',(0.,1.,0.));
#1719 = DIRECTION('',(0.,-0.,1.));
#1720 = ADVANCED_FACE('',(#1721),#1740,.T.);
#1721 = FACE_BOUND('',#1722,.T.);
#1722 = EDGE_LOOP('',(#1723,#1724,#1732,#1739));
#1723 = ORIENTED_EDGE('',*,*,#1627,.T.);
#1724 = ORIENTED_EDGE('',*,*,#1725,.T.);
#1725 = EDGE_CURVE('',#1628,#1726,#1728,.T.);
#1726 = VERTEX_POINT('',#1727);
#1727 = CARTESIAN_POINT('',(-0.3,-0.23,0.));
#1728 = LINE('',#1729,#1730);
#1729 = CARTESIAN_POINT('',(-0.5,-0.23,0.));
#1730 = VECTOR('',#1731,1.);
#1731 = DIRECTION('',(1.,0.,0.));
#1732 = ORIENTED_EDGE('',*,*,#1733,.F.);
#1733 = EDGE_CURVE('',#1694,#1726,#1734,.T.);
#1734 = CIRCLE('',#1735,2.E-02);
#1735 = AXIS2_PLACEMENT_3D('',#1736,#1737,#1738);
#1736 = CARTESIAN_POINT('',(-0.3,-0.23,2.E-02));
#1737 = DIRECTION('',(1.,0.,-0.));
#1738 = DIRECTION('',(0.,0.,1.));
#1739 = ORIENTED_EDGE('',*,*,#1703,.F.);
#1740 = CYLINDRICAL_SURFACE('',#1741,2.E-02);
#1741 = AXIS2_PLACEMENT_3D('',#1742,#1743,#1744);
#1742 = CARTESIAN_POINT('',(-0.5,-0.23,2.E-02));
#1743 = DIRECTION('',(1.,0.,0.));
#1744 = DIRECTION('',(0.,-1.,0.));
#1745 = ADVANCED_FACE('',(#1746),#1765,.T.);
#1746 = FACE_BOUND('',#1747,.T.);
#1747 = EDGE_LOOP('',(#1748,#1749,#1758,#1764));
#1748 = ORIENTED_EDGE('',*,*,#1710,.T.);
#1749 = ORIENTED_EDGE('',*,*,#1750,.T.);
#1750 = EDGE_CURVE('',#1696,#1751,#1753,.T.);
#1751 = VERTEX_POINT('',#1752);
#1752 = CARTESIAN_POINT('',(-0.3,-0.23,0.5));
#1753 = CIRCLE('',#1754,2.E-02);
#1754 = AXIS2_PLACEMENT_3D('',#1755,#1756,#1757);
#1755 = CARTESIAN_POINT('',(-0.3,-0.23,0.48));
#1756 = DIRECTION('',(-1.,0.,0.));
#1757 = DIRECTION('',(0.,0.,1.));
#1758 = ORIENTED_EDGE('',*,*,#1759,.F.);
#1759 = EDGE_CURVE('',#1671,#1751,#1760,.T.);
#1760 = LINE('',#1761,#1762);
#1761 = CARTESIAN_POINT('',(-0.5,-0.23,0.5));
#1762 = VECTOR('',#1763,1.);
#1763 = DIRECTION('',(1.,0.,0.));
#1764 = ORIENTED_EDGE('',*,*,#1678,.F.);
#1765 = CYLINDRICAL_SURFACE('',#1766,2.E-02);
#1766 = AXIS2_PLACEMENT_3D('',#1767,#1768,#1769);
#1767 = CARTESIAN_POINT('',(-0.5,-0.23,0.48));
#1768 = DIRECTION('',(1.,0.,0.));
#1769 = DIRECTION('',(0.,-1.,0.));
#1770 = ADVANCED_FACE('',(#1771),#1789,.F.);
#1771 = FACE_BOUND('',#1772,.F.);
#1772 = EDGE_LOOP('',(#1773,#1774,#1775,#1783));
#1773 = ORIENTED_EDGE('',*,*,#1636,.F.);
#1774 = ORIENTED_EDGE('',*,*,#1725,.T.);
#1775 = ORIENTED_EDGE('',*,*,#1776,.T.);
#1776 = EDGE_CURVE('',#1726,#1777,#1779,.T.);
#1777 = VERTEX_POINT('',#1778);
#1778 = CARTESIAN_POINT('',(-0.3,0.23,0.));
#1779 = LINE('',#1780,#1781);
#1780 = CARTESIAN_POINT('',(-0.3,-0.25,0.));
#1781 = VECTOR('',#1782,1.);
#1782 = DIRECTION('',(0.,1.,0.));
#1783 = ORIENTED_EDGE('',*,*,#1784,.F.);
#1784 = EDGE_CURVE('',#1637,#1777,#1785,.T.);
#1785 = LINE('',#1786,#1787);
#1786 = CARTESIAN_POINT('',(-0.5,0.23,0.));
#1787 = VECTOR('',#1788,1.);
#1788 = DIRECTION('',(1.,0.,0.));
#1789 = PLANE('',#1790);
#1790 = AXIS2_PLACEMENT_3D('',#1791,#1792,#1793);
#1791 = CARTESIAN_POINT('',(-0.5,-0.25,0.));
#1792 = DIRECTION('',(0.,0.,1.));
#1793 = DIRECTION('',(1.,0.,-0.));
#1794 = ADVANCED_FACE('',(#1795),#1813,.T.);
#1795 = FACE_BOUND('',#1796,.T.);
#1796 = EDGE_LOOP('',(#1797,#1798,#1799,#1807));
#1797 = ORIENTED_EDGE('',*,*,#1670,.F.);
#1798 = ORIENTED_EDGE('',*,*,#1759,.T.);
#1799 = ORIENTED_EDGE('',*,*,#1800,.T.);
#1800 = EDGE_CURVE('',#1751,#1801,#1803,.T.);
#1801 = VERTEX_POINT('',#1802);
#1802 = CARTESIAN_POINT('',(-0.3,0.23,0.5));
#1803 = LINE('',#1804,#1805);
#1804 = CARTESIAN_POINT('',(-0.3,-0.25,0.5));
#1805 = VECTOR('',#1806,1.);
#1806 = DIRECTION('',(0.,1.,0.));
#1807 = ORIENTED_EDGE('',*,*,#1808,.F.);
#1808 = EDGE_CURVE('',#1662,#1801,#1809,.T.);
#1809 = LINE('',#1810,#1811);
#1810 = CARTESIAN_POINT('',(-0.5,0.23,0.5));
#1811 = VECTOR('',#1812,1.);
#1812 = DIRECTION('',(1.,0.,0.));
#1813 = PLANE('',#1814);
#1814 = AXIS2_PLACEMENT_3D('',#1815,#1816,#1817);
#1815 = CARTESIAN_POINT('',(-0.5,-0.25,0.5));
#1816 = DIRECTION('',(0.,0.,1.));
#1817 = DIRECTION('',(1.,0.,-0.));
#1818 = ADVANCED_FACE('',(#1819),#1838,.T.);
#1819 = FACE_BOUND('',#1820,.T.);
#1820 = EDGE_LOOP('',(#1821,#1829,#1836,#1837));
#1821 = ORIENTED_EDGE('',*,*,#1822,.T.);
#1822 = EDGE_CURVE('',#1645,#1823,#1825,.T.);
#1823 = VERTEX_POINT('',#1824);
#1824 = CARTESIAN_POINT('',(-0.3,0.25,2.E-02));
#1825 = LINE('',#1826,#1827);
#1826 = CARTESIAN_POINT('',(-0.5,0.25,2.E-02));
#1827 = VECTOR('',#1828,1.);
#1828 = DIRECTION('',(1.,0.,0.));
#1829 = ORIENTED_EDGE('',*,*,#1830,.T.);
#1830 = EDGE_CURVE('',#1823,#1777,#1831,.T.);
#1831 = CIRCLE('',#1832,2.E-02);
#1832 = AXIS2_PLACEMENT_3D('',#1833,#1834,#1835);
#1833 = CARTESIAN_POINT('',(-0.3,0.23,2.E-02));
#1834 = DIRECTION('',(-1.,0.,0.));
#1835 = DIRECTION('',(0.,0.,1.));
#1836 = ORIENTED_EDGE('',*,*,#1784,.F.);
#1837 = ORIENTED_EDGE('',*,*,#1644,.F.);
#1838 = CYLINDRICAL_SURFACE('',#1839,2.E-02);
#1839 = AXIS2_PLACEMENT_3D('',#1840,#1841,#1842);
#1840 = CARTESIAN_POINT('',(-0.5,0.23,2.E-02));
#1841 = DIRECTION('',(1.,0.,0.));
#1842 = DIRECTION('',(-0.,1.,0.));
#1843 = ADVANCED_FACE('',(#1844),#1863,.T.);
#1844 = FACE_BOUND('',#1845,.T.);
#1845 = EDGE_LOOP('',(#1846,#1847,#1848,#1857));
#1846 = ORIENTED_EDGE('',*,*,#1661,.T.);
#1847 = ORIENTED_EDGE('',*,*,#1808,.T.);
#1848 = ORIENTED_EDGE('',*,*,#1849,.F.);
#1849 = EDGE_CURVE('',#1850,#1801,#1852,.T.);
#1850 = VERTEX_POINT('',#1851);
#1851 = CARTESIAN_POINT('',(-0.3,0.25,0.48));
#1852 = CIRCLE('',#1853,2.E-02);
#1853 = AXIS2_PLACEMENT_3D('',#1854,#1855,#1856);
#1854 = CARTESIAN_POINT('',(-0.3,0.23,0.48));
#1855 = DIRECTION('',(1.,0.,-0.));
#1856 = DIRECTION('',(0.,0.,1.));
#1857 = ORIENTED_EDGE('',*,*,#1858,.F.);
#1858 = EDGE_CURVE('',#1654,#1850,#1859,.T.);
#1859 = LINE('',#1860,#1861);
#1860 = CARTESIAN_POINT('',(-0.5,0.25,0.48));
#1861 = VECTOR('',#1862,1.);
#1862 = DIRECTION('',(1.,0.,0.));
#1863 = CYLINDRICAL_SURFACE('',#1864,2.E-02);
#1864 = AXIS2_PLACEMENT_3D('',#1865,#1866,#1867);
#1865 = CARTESIAN_POINT('',(-0.5,0.23,0.48));
#1866 = DIRECTION('',(1.,0.,0.));
#1867 = DIRECTION('',(-0.,1.,0.));
#1868 = ADVANCED_FACE('',(#1869),#1880,.T.);
#1869 = FACE_BOUND('',#1870,.T.);
#1870 = EDGE_LOOP('',(#1871,#1877,#1878,#1879));
#1871 = ORIENTED_EDGE('',*,*,#1872,.F.);
#1872 = EDGE_CURVE('',#1823,#1850,#1873,.T.);
#1873 = LINE('',#1874,#1875);
#1874 = CARTESIAN_POINT('',(-0.3,0.25,0.));
#1875 = VECTOR('',#1876,1.);
#1876 = DIRECTION('',(0.,0.,1.));
#1877 = ORIENTED_EDGE('',*,*,#1822,.F.);
#1878 = ORIENTED_EDGE('',*,*,#1653,.T.);
#1879 = ORIENTED_EDGE('',*,*,#1858,.T.);
#1880 = PLANE('',#1881);
#1881 = AXIS2_PLACEMENT_3D('',#1882,#1883,#1884);
#1882 = CARTESIAN_POINT('',(-0.5,0.25,0.));
#1883 = DIRECTION('',(0.,1.,0.));
#1884 = DIRECTION('',(0.,-0.,1.));
#1885 = ADVANCED_FACE('',(#1886,#1896),#1966,.T.);
#1886 = FACE_BOUND('',#1887,.T.);
#1887 = EDGE_LOOP('',(#1888,#1889,#1890,#1891,#1892,#1893,#1894,#1895));
#1888 = ORIENTED_EDGE('',*,*,#1693,.F.);
#1889 = ORIENTED_EDGE('',*,*,#1733,.T.);
#1890 = ORIENTED_EDGE('',*,*,#1776,.T.);
#1891 = ORIENTED_EDGE('',*,*,#1830,.F.);
#1892 = ORIENTED_EDGE('',*,*,#1872,.T.);
#1893 = ORIENTED_EDGE('',*,*,#1849,.T.);
#1894 = ORIENTED_EDGE('',*,*,#1800,.F.);
#1895 = ORIENTED_EDGE('',*,*,#1750,.F.);
#1896 = FACE_BOUND('',#1897,.T.);
#1897 = EDGE_LOOP('',(#1898,#1909,#1917,#1926,#1934,#1943,#1951,#1960));
#1898 = ORIENTED_EDGE('',*,*,#1899,.F.);
#1899 = EDGE_CURVE('',#1900,#1902,#1904,.T.);
#1900 = VERTEX_POINT('',#1901);
#1901 = CARTESIAN_POINT('',(-0.3,-0.23,4.E-02));
#1902 = VERTEX_POINT('',#1903);
#1903 = CARTESIAN_POINT('',(-0.3,-0.21,2.E-02));
#1904 = CIRCLE('',#1905,2.E-02);
#1905 = AXIS2_PLACEMENT_3D('',#1906,#1907,#1908);
#1906 = CARTESIAN_POINT('',(-0.3,-0.21,4.E-02));
#1907 = DIRECTION('',(1.,0.,-0.));
#1908 = DIRECTION('',(0.,0.,1.));
#1909 = ORIENTED_EDGE('',*,*,#1910,.T.);
#1910 = EDGE_CURVE('',#1900,#1911,#1913,.T.);
#1911 = VERTEX_POINT('',#1912);
#1912 = CARTESIAN_POINT('',(-0.3,-0.23,0.46));
#1913 = LINE('',#1914,#1915);
#1914 = CARTESIAN_POINT('',(-0.3,-0.23,2.E-02));
#1915 = VECTOR('',#1916,1.);
#1916 = DIRECTION('',(0.,0.,1.));
#1917 = ORIENTED_EDGE('',*,*,#1918,.T.);
#1918 = EDGE_CURVE('',#1911,#1919,#1921,.T.);
#1919 = VERTEX_POINT('',#1920);
#1920 = CARTESIAN_POINT('',(-0.3,-0.21,0.48));
#1921 = CIRCLE('',#1922,2.E-02);
#1922 = AXIS2_PLACEMENT_3D('',#1923,#1924,#1925);
#1923 = CARTESIAN_POINT('',(-0.3,-0.21,0.46));
#1924 = DIRECTION('',(-1.,0.,0.));
#1925 = DIRECTION('',(0.,0.,1.));
#1926 = ORIENTED_EDGE('',*,*,#1927,.T.);
#1927 = EDGE_CURVE('',#1919,#1928,#1930,.T.);
#1928 = VERTEX_POINT('',#1929);
#1929 = CARTESIAN_POINT('',(-0.3,0.21,0.48));
#1930 = LINE('',#1931,#1932);
#1931 = CARTESIAN_POINT('',(-0.3,-0.23,0.48));
#1932 = VECTOR('',#1933,1.);
#1933 = DIRECTION('',(0.,1.,0.));
#1934 = ORIENTED_EDGE('',*,*,#1935,.F.);
#1935 = EDGE_CURVE('',#1936,#1928,#1938,.T.);
#1936 = VERTEX_POINT('',#1937);
#1937 = CARTESIAN_POINT('',(-0.3,0.23,0.46));
#1938 = CIRCLE('',#1939,2.E-02);
#1939 = AXIS2_PLACEMENT_3D('',#1940,#1941,#1942);
#1940 = CARTESIAN_POINT('',(-0.3,0.21,0.46));
#1941 = DIRECTION('',(1.,0.,-0.));
#1942 = DIRECTION('',(0.,0.,1.));
#1943 = ORIENTED_EDGE('',*,*,#1944,.F.);
#1944 = EDGE_CURVE('',#1945,#1936,#1947,.T.);
#1945 = VERTEX_POINT('',#1946);
#1946 = CARTESIAN_POINT('',(-0.3,0.23,4.E-02));
#1947 = LINE('',#1948,#1949);
#1948 = CARTESIAN_POINT('',(-0.3,0.23,2.E-02));
#1949 = VECTOR('',#1950,1.);
#1950 = DIRECTION('',(0.,0.,1.));
#1951 = ORIENTED_EDGE('',*,*,#1952,.T.);
#1952 = EDGE_CURVE('',#1945,#1953,#1955,.T.);
#1953 = VERTEX_POINT('',#1954);
#1954 = CARTESIAN_POINT('',(-0.3,0.21,2.E-02));
#1955 = CIRCLE('',#1956,2.E-02);
#1956 = AXIS2_PLACEMENT_3D('',#1957,#1958,#1959);
#1957 = CARTESIAN_POINT('',(-0.3,0.21,4.E-02));
#1958 = DIRECTION('',(-1.,0.,0.));
#1959 = DIRECTION('',(0.,0.,1.));
#1960 = ORIENTED_EDGE('',*,*,#1961,.F.);
#1961 = EDGE_CURVE('',#1902,#1953,#1962,.T.);
#1962 = LINE('',#1963,#1964);
#1963 = CARTESIAN_POINT('',(-0.3,-0.23,2.E-02));
#1964 = VECTOR('',#1965,1.);
#1965 = DIRECTION('',(0.,1.,0.));
#1966 = PLANE('',#1967);
#1967 = AXIS2_PLACEMENT_3D('',#1968,#1969,#1970);
#1968 = CARTESIAN_POINT('',(-0.3,-0.25,0.));
#1969 = DIRECTION('',(1.,0.,0.));
#1970 = DIRECTION('',(0.,0.,1.));
#1971 = ADVANCED_FACE('',(#1972),#1998,.T.);
#1972 = FACE_BOUND('',#1973,.T.);
#1973 = EDGE_LOOP('',(#1974,#1975,#1983,#1992));
#1974 = ORIENTED_EDGE('',*,*,#1899,.T.);
#1975 = ORIENTED_EDGE('',*,*,#1976,.T.);
#1976 = EDGE_CURVE('',#1902,#1977,#1979,.T.);
#1977 = VERTEX_POINT('',#1978);
#1978 = CARTESIAN_POINT('',(0.3,-0.21,2.E-02));
#1979 = LINE('',#1980,#1981);
#1980 = CARTESIAN_POINT('',(-0.3,-0.21,2.E-02));
#1981 = VECTOR('',#1982,1.);
#1982 = DIRECTION('',(1.,0.,0.));
#1983 = ORIENTED_EDGE('',*,*,#1984,.F.);
#1984 = EDGE_CURVE('',#1985,#1977,#1987,.T.);
#1985 = VERTEX_POINT('',#1986);
#1986 = CARTESIAN_POINT('',(0.3,-0.23,4.E-02));
#1987 = CIRCLE('',#1988,2.E-02);
#1988 = AXIS2_PLACEMENT_3D('',#1989,#1990,#1991);
#1989 = CARTESIAN_POINT('',(0.3,-0.21,4.E-02));
#1990 = DIRECTION('',(1.,0.,-0.));
#1991 = DIRECTION('',(0.,0.,1.));
#1992 = ORIENTED_EDGE('',*,*,#1993,.F.);
#1993 = EDGE_CURVE('',#1900,#1985,#1994,.T.);
#1994 = LINE('',#1995,#1996);
#1995 = CARTESIAN_POINT('',(-0.3,-0.23,4.E-02));
#1996 = VECTOR('',#1997,1.);
#1997 = DIRECTION('',(1.,0.,0.));
#1998 = CYLINDRICAL_SURFACE('',#1999,2.E-02);
#1999 = AXIS2_PLACEMENT_3D('',#2000,#2001,#2002);
#2000 = CARTESIAN_POINT('',(-0.3,-0.21,4.E-02));
#2001 = DIRECTION('',(1.,0.,0.));
#2002 = DIRECTION('',(0.,-1.,0.));
#2003 = ADVANCED_FACE('',(#2004),#2022,.F.);
#2004 = FACE_BOUND('',#2005,.F.);
#2005 = EDGE_LOOP('',(#2006,#2007,#2008,#2016));
#2006 = ORIENTED_EDGE('',*,*,#1961,.F.);
#2007 = ORIENTED_EDGE('',*,*,#1976,.T.);
#2008 = ORIENTED_EDGE('',*,*,#2009,.T.);
#2009 = EDGE_CURVE('',#1977,#2010,#2012,.T.);
#2010 = VERTEX_POINT('',#2011);
#2011 = CARTESIAN_POINT('',(0.3,0.21,2.E-02));
#2012 = LINE('',#2013,#2014);
#2013 = CARTESIAN_POINT('',(0.3,-0.23,2.E-02));
#2014 = VECTOR('',#2015,1.);
#2015 = DIRECTION('',(0.,1.,0.));
#2016 = ORIENTED_EDGE('',*,*,#2017,.F.);
#2017 = EDGE_CURVE('',#1953,#2010,#2018,.T.);
#2018 = LINE('',#2019,#2020);
#2019 = CARTESIAN_POINT('',(-0.3,0.21,2.E-02));
#2020 = VECTOR('',#2021,1.);
#2021 = DIRECTION('',(1.,0.,0.));
#2022 = PLANE('',#2023);
#2023 = AXIS2_PLACEMENT_3D('',#2024,#2025,#2026);
#2024 = CARTESIAN_POINT('',(-0.3,-0.23,2.E-02));
#2025 = DIRECTION('',(0.,0.,1.));
#2026 = DIRECTION('',(1.,0.,-0.));
#2027 = ADVANCED_FACE('',(#2028),#2047,.T.);
#2028 = FACE_BOUND('',#2029,.T.);
#2029 = EDGE_LOOP('',(#2030,#2038,#2045,#2046));
#2030 = ORIENTED_EDGE('',*,*,#2031,.T.);
#2031 = EDGE_CURVE('',#1945,#2032,#2034,.T.);
#2032 = VERTEX_POINT('',#2033);
#2033 = CARTESIAN_POINT('',(0.3,0.23,4.E-02));
#2034 = LINE('',#2035,#2036);
#2035 = CARTESIAN_POINT('',(-0.3,0.23,4.E-02));
#2036 = VECTOR('',#2037,1.);
#2037 = DIRECTION('',(1.,0.,0.));
#2038 = ORIENTED_EDGE('',*,*,#2039,.T.);
#2039 = EDGE_CURVE('',#2032,#2010,#2040,.T.);
#2040 = CIRCLE('',#2041,2.E-02);
#2041 = AXIS2_PLACEMENT_3D('',#2042,#2043,#2044);
#2042 = CARTESIAN_POINT('',(0.3,0.21,4.E-02));
#2043 = DIRECTION('',(-1.,0.,0.));
#2044 = DIRECTION('',(0.,0.,1.));
#2045 = ORIENTED_EDGE('',*,*,#2017,.F.);
#2046 = ORIENTED_EDGE('',*,*,#1952,.F.);
#2047 = CYLINDRICAL_SURFACE('',#2048,2.E-02);
#2048 = AXIS2_PLACEMENT_3D('',#2049,#2050,#2051);
#2049 = CARTESIAN_POINT('',(-0.3,0.21,4.E-02));
#2050 = DIRECTION('',(1.,0.,0.));
#2051 = DIRECTION('',(-0.,1.,0.));
#2052 = ADVANCED_FACE('',(#2053),#2071,.T.);
#2053 = FACE_BOUND('',#2054,.T.);
#2054 = EDGE_LOOP('',(#2055,#2063,#2064,#2065));
#2055 = ORIENTED_EDGE('',*,*,#2056,.F.);
#2056 = EDGE_CURVE('',#2032,#2057,#2059,.T.);
#2057 = VERTEX_POINT('',#2058);
#2058 = CARTESIAN_POINT('',(0.3,0.23,0.46));
#2059 = LINE('',#2060,#2061);
#2060 = CARTESIAN_POINT('',(0.3,0.23,2.E-02));
#2061 = VECTOR('',#2062,1.);
#2062 = DIRECTION('',(0.,0.,1.));
#2063 = ORIENTED_EDGE('',*,*,#2031,.F.);
#2064 = ORIENTED_EDGE('',*,*,#1944,.T.);
#2065 = ORIENTED_EDGE('',*,*,#2066,.T.);
#2066 = EDGE_CURVE('',#1936,#2057,#2067,.T.);
#2067 = LINE('',#2068,#2069);
#2068 = CARTESIAN_POINT('',(-0.3,0.23,0.46));
#2069 = VECTOR('',#2070,1.);
#2070 = DIRECTION('',(1.,0.,0.));
#2071 = PLANE('',#2072);
#2072 = AXIS2_PLACEMENT_3D('',#2073,#2074,#2075);
#2073 = CARTESIAN_POINT('',(-0.3,0.23,2.E-02));
#2074 = DIRECTION('',(0.,1.,0.));
#2075 = DIRECTION('',(0.,-0.,1.));
#2076 = ADVANCED_FACE('',(#2077),#2096,.T.);
#2077 = FACE_BOUND('',#2078,.T.);
#2078 = EDGE_LOOP('',(#2079,#2080,#2088,#2095));
#2079 = ORIENTED_EDGE('',*,*,#1935,.T.);
#2080 = ORIENTED_EDGE('',*,*,#2081,.T.);
#2081 = EDGE_CURVE('',#1928,#2082,#2084,.T.);
#2082 = VERTEX_POINT('',#2083);
#2083 = CARTESIAN_POINT('',(0.3,0.21,0.48));
#2084 = LINE('',#2085,#2086);
#2085 = CARTESIAN_POINT('',(-0.3,0.21,0.48));
#2086 = VECTOR('',#2087,1.);
#2087 = DIRECTION('',(1.,0.,0.));
#2088 = ORIENTED_EDGE('',*,*,#2089,.F.);
#2089 = EDGE_CURVE('',#2057,#2082,#2090,.T.);
#2090 = CIRCLE('',#2091,2.E-02);
#2091 = AXIS2_PLACEMENT_3D('',#2092,#2093,#2094);
#2092 = CARTESIAN_POINT('',(0.3,0.21,0.46));
#2093 = DIRECTION('',(1.,0.,-0.));
#2094 = DIRECTION('',(0.,0.,1.));
#2095 = ORIENTED_EDGE('',*,*,#2066,.F.);
#2096 = CYLINDRICAL_SURFACE('',#2097,2.E-02);
#2097 = AXIS2_PLACEMENT_3D('',#2098,#2099,#2100);
#2098 = CARTESIAN_POINT('',(-0.3,0.21,0.46));
#2099 = DIRECTION('',(1.,0.,0.));
#2100 = DIRECTION('',(-0.,1.,0.));
#2101 = ADVANCED_FACE('',(#2102),#2120,.T.);
#2102 = FACE_BOUND('',#2103,.T.);
#2103 = EDGE_LOOP('',(#2104,#2105,#2113,#2119));
#2104 = ORIENTED_EDGE('',*,*,#1927,.F.);
#2105 = ORIENTED_EDGE('',*,*,#2106,.T.);
#2106 = EDGE_CURVE('',#1919,#2107,#2109,.T.);
#2107 = VERTEX_POINT('',#2108);
#2108 = CARTESIAN_POINT('',(0.3,-0.21,0.48));
#2109 = LINE('',#2110,#2111);
#2110 = CARTESIAN_POINT('',(-0.3,-0.21,0.48));
#2111 = VECTOR('',#2112,1.);
#2112 = DIRECTION('',(1.,0.,0.));
#2113 = ORIENTED_EDGE('',*,*,#2114,.T.);
#2114 = EDGE_CURVE('',#2107,#2082,#2115,.T.);
#2115 = LINE('',#2116,#2117);
#2116 = CARTESIAN_POINT('',(0.3,-0.23,0.48));
#2117 = VECTOR('',#2118,1.);
#2118 = DIRECTION('',(0.,1.,0.));
#2119 = ORIENTED_EDGE('',*,*,#2081,.F.);
#2120 = PLANE('',#2121);
#2121 = AXIS2_PLACEMENT_3D('',#2122,#2123,#2124);
#2122 = CARTESIAN_POINT('',(-0.3,-0.23,0.48));
#2123 = DIRECTION('',(0.,0.,1.));
#2124 = DIRECTION('',(1.,0.,-0.));
#2125 = ADVANCED_FACE('',(#2126),#2145,.T.);
#2126 = FACE_BOUND('',#2127,.T.);
#2127 = EDGE_LOOP('',(#2128,#2136,#2143,#2144));
#2128 = ORIENTED_EDGE('',*,*,#2129,.T.);
#2129 = EDGE_CURVE('',#1911,#2130,#2132,.T.);
#2130 = VERTEX_POINT('',#2131);
#2131 = CARTESIAN_POINT('',(0.3,-0.23,0.46));
#2132 = LINE('',#2133,#2134);
#2133 = CARTESIAN_POINT('',(-0.3,-0.23,0.46));
#2134 = VECTOR('',#2135,1.);
#2135 = DIRECTION('',(1.,0.,0.));
#2136 = ORIENTED_EDGE('',*,*,#2137,.T.);
#2137 = EDGE_CURVE('',#2130,#2107,#2138,.T.);
#2138 = CIRCLE('',#2139,2.E-02);
#2139 = AXIS2_PLACEMENT_3D('',#2140,#2141,#2142);
#2140 = CARTESIAN_POINT('',(0.3,-0.21,0.46));
#2141 = DIRECTION('',(-1.,0.,0.));
#2142 = DIRECTION('',(0.,0.,1.));
#2143 = ORIENTED_EDGE('',*,*,#2106,.F.);
#2144 = ORIENTED_EDGE('',*,*,#1918,.F.);
#2145 = CYLINDRICAL_SURFACE('',#2146,2.E-02);
#2146 = AXIS2_PLACEMENT_3D('',#2147,#2148,#2149);
#2147 = CARTESIAN_POINT('',(-0.3,-0.21,0.46));
#2148 = DIRECTION('',(1.,0.,0.));
#2149 = DIRECTION('',(0.,-1.,0.));
#2150 = ADVANCED_FACE('',(#2151),#2162,.F.);
#2151 = FACE_BOUND('',#2152,.F.);
#2152 = EDGE_LOOP('',(#2153,#2159,#2160,#2161));
#2153 = ORIENTED_EDGE('',*,*,#2154,.F.);
#2154 = EDGE_CURVE('',#1985,#2130,#2155,.T.);
#2155 = LINE('',#2156,#2157);
#2156 = CARTESIAN_POINT('',(0.3,-0.23,2.E-02));
#2157 = VECTOR('',#2158,1.);
#2158 = DIRECTION('',(0.,0.,1.));
#2159 = ORIENTED_EDGE('',*,*,#1993,.F.);
#2160 = ORIENTED_EDGE('',*,*,#1910,.T.);
#2161 = ORIENTED_EDGE('',*,*,#2129,.T.);
#2162 = PLANE('',#2163);
#2163 = AXIS2_PLACEMENT_3D('',#2164,#2165,#2166);
#2164 = CARTESIAN_POINT('',(-0.3,-0.23,2.E-02));
#2165 = DIRECTION('',(0.,1.,0.));
#2166 = DIRECTION('',(0.,-0.,1.));
#2167 = ADVANCED_FACE('',(#2168,#2238),#2248,.F.);
#2168 = FACE_BOUND('',#2169,.F.);
#2169 = EDGE_LOOP('',(#2170,#2180,#2189,#2197,#2206,#2214,#2223,#2231));
#2170 = ORIENTED_EDGE('',*,*,#2171,.F.);
#2171 = EDGE_CURVE('',#2172,#2174,#2176,.T.);
#2172 = VERTEX_POINT('',#2173);
#2173 = CARTESIAN_POINT('',(0.3,-0.25,2.E-02));
#2174 = VERTEX_POINT('',#2175);
#2175 = CARTESIAN_POINT('',(0.3,-0.25,0.48));
#2176 = LINE('',#2177,#2178);
#2177 = CARTESIAN_POINT('',(0.3,-0.25,0.));
#2178 = VECTOR('',#2179,1.);
#2179 = DIRECTION('',(0.,0.,1.));
#2180 = ORIENTED_EDGE('',*,*,#2181,.T.);
#2181 = EDGE_CURVE('',#2172,#2182,#2184,.T.);
#2182 = VERTEX_POINT('',#2183);
#2183 = CARTESIAN_POINT('',(0.3,-0.23,0.));
#2184 = CIRCLE('',#2185,2.E-02);
#2185 = AXIS2_PLACEMENT_3D('',#2186,#2187,#2188);
#2186 = CARTESIAN_POINT('',(0.3,-0.23,2.E-02));
#2187 = DIRECTION('',(1.,0.,-0.));
#2188 = DIRECTION('',(0.,0.,1.));
#2189 = ORIENTED_EDGE('',*,*,#2190,.T.);
#2190 = EDGE_CURVE('',#2182,#2191,#2193,.T.);
#2191 = VERTEX_POINT('',#2192);
#2192 = CARTESIAN_POINT('',(0.3,0.23,0.));
#2193 = LINE('',#2194,#2195);
#2194 = CARTESIAN_POINT('',(0.3,-0.25,0.));
#2195 = VECTOR('',#2196,1.);
#2196 = DIRECTION('',(0.,1.,0.));
#2197 = ORIENTED_EDGE('',*,*,#2198,.F.);
#2198 = EDGE_CURVE('',#2199,#2191,#2201,.T.);
#2199 = VERTEX_POINT('',#2200);
#2200 = CARTESIAN_POINT('',(0.3,0.25,2.E-02));
#2201 = CIRCLE('',#2202,2.E-02);
#2202 = AXIS2_PLACEMENT_3D('',#2203,#2204,#2205);
#2203 = CARTESIAN_POINT('',(0.3,0.23,2.E-02));
#2204 = DIRECTION('',(-1.,0.,0.));
#2205 = DIRECTION('',(0.,0.,1.));
#2206 = ORIENTED_EDGE('',*,*,#2207,.T.);
#2207 = EDGE_CURVE('',#2199,#2208,#2210,.T.);
#2208 = VERTEX_POINT('',#2209);
#2209 = CARTESIAN_POINT('',(0.3,0.25,0.48));
#2210 = LINE('',#2211,#2212);
#2211 = CARTESIAN_POINT('',(0.3,0.25,0.));
#2212 = VECTOR('',#2213,1.);
#2213 = DIRECTION('',(0.,0.,1.));
#2214 = ORIENTED_EDGE('',*,*,#2215,.T.);
#2215 = EDGE_CURVE('',#2208,#2216,#2218,.T.);
#2216 = VERTEX_POINT('',#2217);
#2217 = CARTESIAN_POINT('',(0.3,0.23,0.5));
#2218 = CIRCLE('',#2219,2.E-02);
#2219 = AXIS2_PLACEMENT_3D('',#2220,#2221,#2222);
#2220 = CARTESIAN_POINT('',(0.3,0.23,0.48));
#2221 = DIRECTION('',(1.,0.,-0.));
#2222 = DIRECTION('',(0.,0.,1.));
#2223 = ORIENTED_EDGE('',*,*,#2224,.F.);
#2224 = EDGE_CURVE('',#2225,#2216,#2227,.T.);
#2225 = VERTEX_POINT('',#2226);
#2226 = CARTESIAN_POINT('',(0.3,-0.23,0.5));
#2227 = LINE('',#2228,#2229);
#2228 = CARTESIAN_POINT('',(0.3,-0.25,0.5));
#2229 = VECTOR('',#2230,1.);
#2230 = DIRECTION('',(0.,1.,0.));
#2231 = ORIENTED_EDGE('',*,*,#2232,.F.);
#2232 = EDGE_CURVE('',#2174,#2225,#2233,.T.);
#2233 = CIRCLE('',#2234,2.E-02);
#2234 = AXIS2_PLACEMENT_3D('',#2235,#2236,#2237);
#2235 = CARTESIAN_POINT('',(0.3,-0.23,0.48));
#2236 = DIRECTION('',(-1.,0.,0.));
#2237 = DIRECTION('',(0.,0.,1.));
#2238 = FACE_BOUND('',#2239,.F.);
#2239 = EDGE_LOOP('',(#2240,#2241,#2242,#2243,#2244,#2245,#2246,#2247));
#2240 = ORIENTED_EDGE('',*,*,#1984,.F.);
#2241 = ORIENTED_EDGE('',*,*,#2154,.T.);
#2242 = ORIENTED_EDGE('',*,*,#2137,.T.);
#2243 = ORIENTED_EDGE('',*,*,#2114,.T.);
#2244 = ORIENTED_EDGE('',*,*,#2089,.F.);
#2245 = ORIENTED_EDGE('',*,*,#2056,.F.);
#2246 = ORIENTED_EDGE('',*,*,#2039,.T.);
#2247 = ORIENTED_EDGE('',*,*,#2009,.F.);
#2248 = PLANE('',#2249);
#2249 = AXIS2_PLACEMENT_3D('',#2250,#2251,#2252);
#2250 = CARTESIAN_POINT('',(0.3,-0.25,0.));
#2251 = DIRECTION('',(1.,0.,0.));
#2252 = DIRECTION('',(0.,0.,1.));
#2253 = ADVANCED_FACE('',(#2254),#2279,.F.);
#2254 = FACE_BOUND('',#2255,.F.);
#2255 = EDGE_LOOP('',(#2256,#2266,#2272,#2273));
#2256 = ORIENTED_EDGE('',*,*,#2257,.F.);
#2257 = EDGE_CURVE('',#2258,#2260,#2262,.T.);
#2258 = VERTEX_POINT('',#2259);
#2259 = CARTESIAN_POINT('',(0.5,-0.25,2.E-02));
#2260 = VERTEX_POINT('',#2261);
#2261 = CARTESIAN_POINT('',(0.5,-0.25,0.48));
#2262 = LINE('',#2263,#2264);
#2263 = CARTESIAN_POINT('',(0.5,-0.25,0.));
#2264 = VECTOR('',#2265,1.);
#2265 = DIRECTION('',(0.,0.,1.));
#2266 = ORIENTED_EDGE('',*,*,#2267,.F.);
#2267 = EDGE_CURVE('',#2172,#2258,#2268,.T.);
#2268 = LINE('',#2269,#2270);
#2269 = CARTESIAN_POINT('',(0.3,-0.25,2.E-02));
#2270 = VECTOR('',#2271,1.);
#2271 = DIRECTION('',(1.,0.,0.));
#2272 = ORIENTED_EDGE('',*,*,#2171,.T.);
#2273 = ORIENTED_EDGE('',*,*,#2274,.T.);
#2274 = EDGE_CURVE('',#2174,#2260,#2275,.T.);
#2275 = LINE('',#2276,#2277);
#2276 = CARTESIAN_POINT('',(0.3,-0.25,0.48));
#2277 = VECTOR('',#2278,1.);
#2278 = DIRECTION('',(1.,0.,0.));
#2279 = PLANE('',#2280);
#2280 = AXIS2_PLACEMENT_3D('',#2281,#2282,#2283);
#2281 = CARTESIAN_POINT('',(0.3,-0.25,0.));
#2282 = DIRECTION('',(0.,1.,0.));
#2283 = DIRECTION('',(0.,-0.,1.));
#2284 = ADVANCED_FACE('',(#2285),#2304,.T.);
#2285 = FACE_BOUND('',#2286,.T.);
#2286 = EDGE_LOOP('',(#2287,#2288,#2296,#2303));
#2287 = ORIENTED_EDGE('',*,*,#2181,.T.);
#2288 = ORIENTED_EDGE('',*,*,#2289,.T.);
#2289 = EDGE_CURVE('',#2182,#2290,#2292,.T.);
#2290 = VERTEX_POINT('',#2291);
#2291 = CARTESIAN_POINT('',(0.5,-0.23,0.));
#2292 = LINE('',#2293,#2294);
#2293 = CARTESIAN_POINT('',(0.3,-0.23,0.));
#2294 = VECTOR('',#2295,1.);
#2295 = DIRECTION('',(1.,0.,0.));
#2296 = ORIENTED_EDGE('',*,*,#2297,.F.);
#2297 = EDGE_CURVE('',#2258,#2290,#2298,.T.);
#2298 = CIRCLE('',#2299,2.E-02);
#2299 = AXIS2_PLACEMENT_3D('',#2300,#2301,#2302);
#2300 = CARTESIAN_POINT('',(0.5,-0.23,2.E-02));
#2301 = DIRECTION('',(1.,0.,-0.));
#2302 = DIRECTION('',(0.,0.,1.));
#2303 = ORIENTED_EDGE('',*,*,#2267,.F.);
#2304 = CYLINDRICAL_SURFACE('',#2305,2.E-02);
#2305 = AXIS2_PLACEMENT_3D('',#2306,#2307,#2308);
#2306 = CARTESIAN_POINT('',(0.3,-0.23,2.E-02));
#2307 = DIRECTION('',(1.,0.,0.));
#2308 = DIRECTION('',(0.,-1.,0.));
#2309 = ADVANCED_FACE('',(#2310),#2329,.T.);
#2310 = FACE_BOUND('',#2311,.T.);
#2311 = EDGE_LOOP('',(#2312,#2313,#2322,#2328));
#2312 = ORIENTED_EDGE('',*,*,#2274,.T.);
#2313 = ORIENTED_EDGE('',*,*,#2314,.T.);
#2314 = EDGE_CURVE('',#2260,#2315,#2317,.T.);
#2315 = VERTEX_POINT('',#2316);
#2316 = CARTESIAN_POINT('',(0.5,-0.23,0.5));
#2317 = CIRCLE('',#2318,2.E-02);
#2318 = AXIS2_PLACEMENT_3D('',#2319,#2320,#2321);
#2319 = CARTESIAN_POINT('',(0.5,-0.23,0.48));
#2320 = DIRECTION('',(-1.,0.,0.));
#2321 = DIRECTION('',(0.,0.,1.));
#2322 = ORIENTED_EDGE('',*,*,#2323,.F.);
#2323 = EDGE_CURVE('',#2225,#2315,#2324,.T.);
#2324 = LINE('',#2325,#2326);
#2325 = CARTESIAN_POINT('',(0.3,-0.23,0.5));
#2326 = VECTOR('',#2327,1.);
#2327 = DIRECTION('',(1.,0.,0.));
#2328 = ORIENTED_EDGE('',*,*,#2232,.F.);
#2329 = CYLINDRICAL_SURFACE('',#2330,2.E-02);
#2330 = AXIS2_PLACEMENT_3D('',#2331,#2332,#2333);
#2331 = CARTESIAN_POINT('',(0.3,-0.23,0.48));
#2332 = DIRECTION('',(1.,0.,0.));
#2333 = DIRECTION('',(0.,-1.,0.));
#2334 = ADVANCED_FACE('',(#2335),#2353,.F.);
#2335 = FACE_BOUND('',#2336,.F.);
#2336 = EDGE_LOOP('',(#2337,#2338,#2339,#2347));
#2337 = ORIENTED_EDGE('',*,*,#2190,.F.);
#2338 = ORIENTED_EDGE('',*,*,#2289,.T.);
#2339 = ORIENTED_EDGE('',*,*,#2340,.T.);
#2340 = EDGE_CURVE('',#2290,#2341,#2343,.T.);
#2341 = VERTEX_POINT('',#2342);
#2342 = CARTESIAN_POINT('',(0.5,0.23,0.));
#2343 = LINE('',#2344,#2345);
#2344 = CARTESIAN_POINT('',(0.5,-0.25,0.));
#2345 = VECTOR('',#2346,1.);
#2346 = DIRECTION('',(0.,1.,0.));
#2347 = ORIENTED_EDGE('',*,*,#2348,.F.);
#2348 = EDGE_CURVE('',#2191,#2341,#2349,.T.);
#2349 = LINE('',#2350,#2351);
#2350 = CARTESIAN_POINT('',(0.3,0.23,0.));
#2351 = VECTOR('',#2352,1.);
#2352 = DIRECTION('',(1.,0.,0.));
#2353 = PLANE('',#2354);
#2354 = AXIS2_PLACEMENT_3D('',#2355,#2356,#2357);
#2355 = CARTESIAN_POINT('',(0.3,-0.25,0.));
#2356 = DIRECTION('',(0.,0.,1.));
#2357 = DIRECTION('',(1.,0.,-0.));
#2358 = ADVANCED_FACE('',(#2359),#2377,.T.);
#2359 = FACE_BOUND('',#2360,.T.);
#2360 = EDGE_LOOP('',(#2361,#2362,#2363,#2371));
#2361 = ORIENTED_EDGE('',*,*,#2224,.F.);
#2362 = ORIENTED_EDGE('',*,*,#2323,.T.);
#2363 = ORIENTED_EDGE('',*,*,#2364,.T.);
#2364 = EDGE_CURVE('',#2315,#2365,#2367,.T.);
#2365 = VERTEX_POINT('',#2366);
#2366 = CARTESIAN_POINT('',(0.5,0.23,0.5));
#2367 = LINE('',#2368,#2369);
#2368 = CARTESIAN_POINT('',(0.5,-0.25,0.5));
#2369 = VECTOR('',#2370,1.);
#2370 = DIRECTION('',(0.,1.,0.));
#2371 = ORIENTED_EDGE('',*,*,#2372,.F.);
#2372 = EDGE_CURVE('',#2216,#2365,#2373,.T.);
#2373 = LINE('',#2374,#2375);
#2374 = CARTESIAN_POINT('',(0.3,0.23,0.5));
#2375 = VECTOR('',#2376,1.);
#2376 = DIRECTION('',(1.,0.,0.));
#2377 = PLANE('',#2378);
#2378 = AXIS2_PLACEMENT_3D('',#2379,#2380,#2381);
#2379 = CARTESIAN_POINT('',(0.3,-0.25,0.5));
#2380 = DIRECTION('',(0.,0.,1.));
#2381 = DIRECTION('',(1.,0.,-0.));
#2382 = ADVANCED_FACE('',(#2383),#2402,.T.);
#2383 = FACE_BOUND('',#2384,.T.);
#2384 = EDGE_LOOP('',(#2385,#2393,#2400,#2401));
#2385 = ORIENTED_EDGE('',*,*,#2386,.T.);
#2386 = EDGE_CURVE('',#2199,#2387,#2389,.T.);
#2387 = VERTEX_POINT('',#2388);
#2388 = CARTESIAN_POINT('',(0.5,0.25,2.E-02));
#2389 = LINE('',#2390,#2391);
#2390 = CARTESIAN_POINT('',(0.3,0.25,2.E-02));
#2391 = VECTOR('',#2392,1.);
#2392 = DIRECTION('',(1.,0.,0.));
#2393 = ORIENTED_EDGE('',*,*,#2394,.T.);
#2394 = EDGE_CURVE('',#2387,#2341,#2395,.T.);
#2395 = CIRCLE('',#2396,2.E-02);
#2396 = AXIS2_PLACEMENT_3D('',#2397,#2398,#2399);
#2397 = CARTESIAN_POINT('',(0.5,0.23,2.E-02));
#2398 = DIRECTION('',(-1.,0.,0.));
#2399 = DIRECTION('',(0.,0.,1.));
#2400 = ORIENTED_EDGE('',*,*,#2348,.F.);
#2401 = ORIENTED_EDGE('',*,*,#2198,.F.);
#2402 = CYLINDRICAL_SURFACE('',#2403,2.E-02);
#2403 = AXIS2_PLACEMENT_3D('',#2404,#2405,#2406);
#2404 = CARTESIAN_POINT('',(0.3,0.23,2.E-02));
#2405 = DIRECTION('',(1.,0.,0.));
#2406 = DIRECTION('',(-0.,1.,0.));
#2407 = ADVANCED_FACE('',(#2408),#2427,.T.);
#2408 = FACE_BOUND('',#2409,.T.);
#2409 = EDGE_LOOP('',(#2410,#2411,#2412,#2421));
#2410 = ORIENTED_EDGE('',*,*,#2215,.T.);
#2411 = ORIENTED_EDGE('',*,*,#2372,.T.);
#2412 = ORIENTED_EDGE('',*,*,#2413,.F.);
#2413 = EDGE_CURVE('',#2414,#2365,#2416,.T.);
#2414 = VERTEX_POINT('',#2415);
#2415 = CARTESIAN_POINT('',(0.5,0.25,0.48));
#2416 = CIRCLE('',#2417,2.E-02);
#2417 = AXIS2_PLACEMENT_3D('',#2418,#2419,#2420);
#2418 = CARTESIAN_POINT('',(0.5,0.23,0.48));
#2419 = DIRECTION('',(1.,0.,-0.));
#2420 = DIRECTION('',(0.,0.,1.));
#2421 = ORIENTED_EDGE('',*,*,#2422,.F.);
#2422 = EDGE_CURVE('',#2208,#2414,#2423,.T.);
#2423 = LINE('',#2424,#2425);
#2424 = CARTESIAN_POINT('',(0.3,0.25,0.48));
#2425 = VECTOR('',#2426,1.);
#2426 = DIRECTION('',(1.,0.,0.));
#2427 = CYLINDRICAL_SURFACE('',#2428,2.E-02);
#2428 = AXIS2_PLACEMENT_3D('',#2429,#2430,#2431);
#2429 = CARTESIAN_POINT('',(0.3,0.23,0.48));
#2430 = DIRECTION('',(1.,0.,0.));
#2431 = DIRECTION('',(-0.,1.,0.));
#2432 = ADVANCED_FACE('',(#2433),#2444,.T.);
#2433 = FACE_BOUND('',#2434,.T.);
#2434 = EDGE_LOOP('',(#2435,#2441,#2442,#2443));
#2435 = ORIENTED_EDGE('',*,*,#2436,.F.);
#2436 = EDGE_CURVE('',#2387,#2414,#2437,.T.);
#2437 = LINE('',#2438,#2439);
#2438 = CARTESIAN_POINT('',(0.5,0.25,0.));
#2439 = VECTOR('',#2440,1.);
#2440 = DIRECTION('',(0.,0.,1.));
#2441 = ORIENTED_EDGE('',*,*,#2386,.F.);
#2442 = ORIENTED_EDGE('',*,*,#2207,.T.);
#2443 = ORIENTED_EDGE('',*,*,#2422,.T.);
#2444 = PLANE('',#2445);
#2445 = AXIS2_PLACEMENT_3D('',#2446,#2447,#2448);
#2446 = CARTESIAN_POINT('',(0.3,0.25,0.));
#2447 = DIRECTION('',(0.,1.,0.));
#2448 = DIRECTION('',(0.,-0.,1.));
#2449 = ADVANCED_FACE('',(#2450),#2460,.T.);
#2450 = FACE_BOUND('',#2451,.T.);
#2451 = EDGE_LOOP('',(#2452,#2453,#2454,#2455,#2456,#2457,#2458,#2459));
#2452 = ORIENTED_EDGE('',*,*,#2257,.F.);
#2453 = ORIENTED_EDGE('',*,*,#2297,.T.);
#2454 = ORIENTED_EDGE('',*,*,#2340,.T.);
#2455 = ORIENTED_EDGE('',*,*,#2394,.F.);
#2456 = ORIENTED_EDGE('',*,*,#2436,.T.);
#2457 = ORIENTED_EDGE('',*,*,#2413,.T.);
#2458 = ORIENTED_EDGE('',*,*,#2364,.F.);
#2459 = ORIENTED_EDGE('',*,*,#2314,.F.);
#2460 = PLANE('',#2461);
#2461 = AXIS2_PLACEMENT_3D('',#2462,#2463,#2464);
#2462 = CARTESIAN_POINT('',(0.5,-0.25,0.));
#2463 = DIRECTION('',(1.,0.,0.));
#2464 = DIRECTION('',(0.,0.,1.));
#2465 = ( GEOMETRIC_REPRESENTATION_CONTEXT(3) 
GLOBAL_UNCERTAINTY_ASSIGNED_CONTEXT((#2469)) 
GLOBAL_UNIT_ASSIGNED_CONTEXT((#2466,#2467,#2468)) REPRESENTATION_CONTEXT
('Context #1','3D Context with UNIT and UNCERTAINTY') );
#2466 = ( LENGTH_UNIT() NAMED_UNIT(*) SI_UNIT(.MILLI.,.METRE.) );
#2467 = ( NAMED_UNIT(*) PLANE_ANGLE_UNIT() SI_UNIT($,.RADIAN.) );
#2468 = ( NAMED_UNIT(*) SI_UNIT($,.STERADIAN.) SOLID_ANGLE_UNIT() );
#2469 = UNCERTAINTY_MEASURE_WITH_UNIT(LENGTH_MEASURE(1.E-07),#2466,
  'distance_accuracy_value','confusion accuracy');
#2470 = CONTEXT_DEPENDENT_SHAPE_REPRESENTATION(#2471,#2473);
#2471 = ( REPRESENTATION_RELATIONSHIP('','',#1610,#10) 
REPRESENTATION_RELATIONSHIP_WITH_TRANSFORMATION(#2472) 
SHAPE_REPRESENTATION_RELATIONSHIP() );
#2472 = ITEM_DEFINED_TRANSFORMATION('','',#11,#23);
#2473 = PRODUCT_DEFINITION_SHAPE('Placement','Placement of an item',
  #2474);
#2474 = NEXT_ASSEMBLY_USAGE_OCCURRENCE('3','C1','',#5,#1605,$);
#2475 = PRODUCT_RELATED_PRODUCT_CATEGORY('part',$,(#1607));
#2476 = SHAPE_DEFINITION_REPRESENTATION(#2477,#2483);
#2477 = PRODUCT_DEFINITION_SHAPE('','',#2478);
#2478 = PRODUCT_DEFINITION('design','',#2479,#2482);
#2479 = PRODUCT_DEFINITION_FORMATION('','',#2480);
#2480 = PRODUCT('SOT-143','SOT-143','',(#2481));
#2481 = PRODUCT_CONTEXT('',#2,'mechanical');
#2482 = PRODUCT_DEFINITION_CONTEXT('part definition',#2,'design');
#2483 = ADVANCED_BREP_SHAPE_REPRESENTATION('',(#11,#2484),#5086);
#2484 = MANIFOLD_SOLID_BREP('',#2485);
#2485 = CLOSED_SHELL('',(#2486,#2524,#2587,#2610,#2639,#2662,#2717,#2772
    ,#2795,#2818,#2835,#2858,#2946,#2962,#2992,#3023,#3054,#3085,#3102,
    #3119,#3150,#3181,#3212,#3242,#3265,#3288,#3305,#3350,#3404,#3427,
    #3450,#3473,#3528,#3566,#3615,#3707,#3732,#3816,#3833,#3918,#3943,
    #4020,#4105,#4130,#4207,#4224,#4316,#4341,#4425,#4442,#4461,#4507,
    #4523,#4542,#4558,#4575,#4587,#4604,#4621,#4638,#4655,#4672,#4689,
    #4706,#4718,#4735,#4752,#4769,#4786,#4803,#4820,#4832,#4849,#4866,
    #4883,#4900,#4917,#4934,#4946,#4963,#4980,#4997,#5014,#5031,#5048,
    #5065,#5077));
#2486 = ADVANCED_FACE('',(#2487),#2519,.F.);
#2487 = FACE_BOUND('',#2488,.F.);
#2488 = EDGE_LOOP('',(#2489,#2499,#2506,#2514));
#2489 = ORIENTED_EDGE('',*,*,#2490,.T.);
#2490 = EDGE_CURVE('',#2491,#2493,#2495,.T.);
#2491 = VERTEX_POINT('',#2492);
#2492 = CARTESIAN_POINT('',(-0.525135072626,1.390270145251,0.1));
#2493 = VERTEX_POINT('',#2494);
#2494 = CARTESIAN_POINT('',(0.525135072626,1.390270145251,0.1));
#2495 = LINE('',#2496,#2497);
#2496 = CARTESIAN_POINT('',(-0.525135072626,1.390270145251,0.1));
#2497 = VECTOR('',#2498,1.);
#2498 = DIRECTION('',(1.,1.110223024625E-16,0.));
#2499 = ORIENTED_EDGE('',*,*,#2500,.T.);
#2500 = EDGE_CURVE('',#2493,#2501,#2503,.T.);
#2501 = VERTEX_POINT('',#2502);
#2502 = CARTESIAN_POINT('',(0.555,1.45,0.525));
#2503 = B_SPLINE_CURVE_WITH_KNOTS('',1,(#2504,#2505),.UNSPECIFIED.,.F.,
  .F.,(2,2),(0.,1.),.PIECEWISE_BEZIER_KNOTS.);
#2504 = CARTESIAN_POINT('',(0.525135072626,1.390270145251,0.1));
#2505 = CARTESIAN_POINT('',(0.555,1.45,0.525));
#2506 = ORIENTED_EDGE('',*,*,#2507,.F.);
#2507 = EDGE_CURVE('',#2508,#2501,#2510,.T.);
#2508 = VERTEX_POINT('',#2509);
#2509 = CARTESIAN_POINT('',(-0.555,1.45,0.525));
#2510 = LINE('',#2511,#2512);
#2511 = CARTESIAN_POINT('',(-0.555,1.45,0.525));
#2512 = VECTOR('',#2513,1.);
#2513 = DIRECTION('',(1.,1.110223024625E-16,0.));
#2514 = ORIENTED_EDGE('',*,*,#2515,.F.);
#2515 = EDGE_CURVE('',#2491,#2508,#2516,.T.);
#2516 = B_SPLINE_CURVE_WITH_KNOTS('',1,(#2517,#2518),.UNSPECIFIED.,.F.,
  .F.,(2,2),(0.,1.),.PIECEWISE_BEZIER_KNOTS.);
#2517 = CARTESIAN_POINT('',(-0.525135072626,1.390270145251,0.1));
#2518 = CARTESIAN_POINT('',(-0.555,1.45,0.525));
#2519 = B_SPLINE_SURFACE_WITH_KNOTS('',1,1,(
    (#2520,#2521)
    ,(#2522,#2523
    )),.UNSPECIFIED.,.F.,.F.,.F.,(2,2),(2,2),(0.,1.11),(0.,1.),
  .PIECEWISE_BEZIER_KNOTS.);
#2520 = CARTESIAN_POINT('',(-0.525135072626,1.390270145251,0.1));
#2521 = CARTESIAN_POINT('',(-0.555,1.45,0.525));
#2522 = CARTESIAN_POINT('',(0.525135072626,1.390270145251,0.1));
#2523 = CARTESIAN_POINT('',(0.555,1.45,0.525));
#2524 = ADVANCED_FACE('',(#2525),#2582,.F.);
#2525 = FACE_BOUND('',#2526,.T.);
#2526 = EDGE_LOOP('',(#2527,#2528,#2536,#2544,#2552,#2560,#2568,#2576));
#2527 = ORIENTED_EDGE('',*,*,#2490,.T.);
#2528 = ORIENTED_EDGE('',*,*,#2529,.T.);
#2529 = EDGE_CURVE('',#2493,#2530,#2532,.T.);
#2530 = VERTEX_POINT('',#2531);
#2531 = CARTESIAN_POINT('',(0.590270145251,1.325135072626,0.1));
#2532 = LINE('',#2533,#2534);
#2533 = CARTESIAN_POINT('',(0.525135072626,1.390270145251,0.1));
#2534 = VECTOR('',#2535,1.);
#2535 = DIRECTION('',(0.707106781187,-0.707106781187,0.));
#2536 = ORIENTED_EDGE('',*,*,#2537,.T.);
#2537 = EDGE_CURVE('',#2530,#2538,#2540,.T.);
#2538 = VERTEX_POINT('',#2539);
#2539 = CARTESIAN_POINT('',(0.590270145251,-1.325135072626,0.1));
#2540 = LINE('',#2541,#2542);
#2541 = CARTESIAN_POINT('',(0.590270145251,1.325135072626,0.1));
#2542 = VECTOR('',#2543,1.);
#2543 = DIRECTION('',(1.110223024625E-16,-1.,0.));
#2544 = ORIENTED_EDGE('',*,*,#2545,.T.);
#2545 = EDGE_CURVE('',#2538,#2546,#2548,.T.);
#2546 = VERTEX_POINT('',#2547);
#2547 = CARTESIAN_POINT('',(0.525135072626,-1.390270145251,0.1));
#2548 = LINE('',#2549,#2550);
#2549 = CARTESIAN_POINT('',(0.590270145251,-1.325135072626,0.1));
#2550 = VECTOR('',#2551,1.);
#2551 = DIRECTION('',(-0.707106781187,-0.707106781187,0.));
#2552 = ORIENTED_EDGE('',*,*,#2553,.T.);
#2553 = EDGE_CURVE('',#2546,#2554,#2556,.T.);
#2554 = VERTEX_POINT('',#2555);
#2555 = CARTESIAN_POINT('',(-0.525135072626,-1.390270145251,0.1));
#2556 = LINE('',#2557,#2558);
#2557 = CARTESIAN_POINT('',(0.525135072626,-1.390270145251,0.1));
#2558 = VECTOR('',#2559,1.);
#2559 = DIRECTION('',(-1.,-1.110223024625E-16,0.));
#2560 = ORIENTED_EDGE('',*,*,#2561,.T.);
#2561 = EDGE_CURVE('',#2554,#2562,#2564,.T.);
#2562 = VERTEX_POINT('',#2563);
#2563 = CARTESIAN_POINT('',(-0.590270145251,-1.325135072626,0.1));
#2564 = LINE('',#2565,#2566);
#2565 = CARTESIAN_POINT('',(-0.525135072626,-1.390270145251,0.1));
#2566 = VECTOR('',#2567,1.);
#2567 = DIRECTION('',(-0.707106781187,0.707106781187,0.));
#2568 = ORIENTED_EDGE('',*,*,#2569,.T.);
#2569 = EDGE_CURVE('',#2562,#2570,#2572,.T.);
#2570 = VERTEX_POINT('',#2571);
#2571 = CARTESIAN_POINT('',(-0.590270145251,1.325135072626,0.1));
#2572 = LINE('',#2573,#2574);
#2573 = CARTESIAN_POINT('',(-0.590270145251,-1.325135072626,0.1));
#2574 = VECTOR('',#2575,1.);
#2575 = DIRECTION('',(-1.110223024625E-16,1.,0.));
#2576 = ORIENTED_EDGE('',*,*,#2577,.T.);
#2577 = EDGE_CURVE('',#2570,#2491,#2578,.T.);
#2578 = LINE('',#2579,#2580);
#2579 = CARTESIAN_POINT('',(-0.590270145251,1.325135072626,0.1));
#2580 = VECTOR('',#2581,1.);
#2581 = DIRECTION('',(0.707106781187,0.707106781187,0.));
#2582 = PLANE('',#2583);
#2583 = AXIS2_PLACEMENT_3D('',#2584,#2585,#2586);
#2584 = CARTESIAN_POINT('',(-0.525135072626,1.390270145251,0.1));
#2585 = DIRECTION('',(0.,0.,1.));
#2586 = DIRECTION('',(0.353354583367,-0.935489464619,0.));
#2587 = ADVANCED_FACE('',(#2588),#2605,.F.);
#2588 = FACE_BOUND('',#2589,.F.);
#2589 = EDGE_LOOP('',(#2590,#2591,#2598,#2604));
#2590 = ORIENTED_EDGE('',*,*,#2529,.T.);
#2591 = ORIENTED_EDGE('',*,*,#2592,.T.);
#2592 = EDGE_CURVE('',#2530,#2593,#2595,.T.);
#2593 = VERTEX_POINT('',#2594);
#2594 = CARTESIAN_POINT('',(0.65,1.355,0.525));
#2595 = B_SPLINE_CURVE_WITH_KNOTS('',1,(#2596,#2597),.UNSPECIFIED.,.F.,
  .F.,(2,2),(0.,1.),.PIECEWISE_BEZIER_KNOTS.);
#2596 = CARTESIAN_POINT('',(0.590270145251,1.325135072626,0.1));
#2597 = CARTESIAN_POINT('',(0.65,1.355,0.525));
#2598 = ORIENTED_EDGE('',*,*,#2599,.F.);
#2599 = EDGE_CURVE('',#2501,#2593,#2600,.T.);
#2600 = LINE('',#2601,#2602);
#2601 = CARTESIAN_POINT('',(0.555,1.45,0.525));
#2602 = VECTOR('',#2603,1.);
#2603 = DIRECTION('',(0.707106781187,-0.707106781187,0.));
#2604 = ORIENTED_EDGE('',*,*,#2500,.F.);
#2605 = B_SPLINE_SURFACE_WITH_KNOTS('',1,1,(
    (#2606,#2607)
    ,(#2608,#2609
    )),.UNSPECIFIED.,.F.,.F.,.F.,(2,2),(2,2),(0.,0.134350288425),(0.,1.)
  ,.PIECEWISE_BEZIER_KNOTS.);
#2606 = CARTESIAN_POINT('',(0.525135072626,1.390270145251,0.1));
#2607 = CARTESIAN_POINT('',(0.555,1.45,0.525));
#2608 = CARTESIAN_POINT('',(0.590270145251,1.325135072626,0.1));
#2609 = CARTESIAN_POINT('',(0.65,1.355,0.525));
#2610 = ADVANCED_FACE('',(#2611),#2634,.F.);
#2611 = FACE_BOUND('',#2612,.F.);
#2612 = EDGE_LOOP('',(#2613,#2614,#2621,#2629));
#2613 = ORIENTED_EDGE('',*,*,#2507,.T.);
#2614 = ORIENTED_EDGE('',*,*,#2615,.T.);
#2615 = EDGE_CURVE('',#2501,#2616,#2618,.T.);
#2616 = VERTEX_POINT('',#2617);
#2617 = CARTESIAN_POINT('',(0.555,1.45,0.675));
#2618 = B_SPLINE_CURVE_WITH_KNOTS('',1,(#2619,#2620),.UNSPECIFIED.,.F.,
  .F.,(2,2),(0.,1.),.PIECEWISE_BEZIER_KNOTS.);
#2619 = CARTESIAN_POINT('',(0.555,1.45,0.525));
#2620 = CARTESIAN_POINT('',(0.555,1.45,0.675));
#2621 = ORIENTED_EDGE('',*,*,#2622,.F.);
#2622 = EDGE_CURVE('',#2623,#2616,#2625,.T.);
#2623 = VERTEX_POINT('',#2624);
#2624 = CARTESIAN_POINT('',(-0.555,1.45,0.675));
#2625 = LINE('',#2626,#2627);
#2626 = CARTESIAN_POINT('',(-0.555,1.45,0.675));
#2627 = VECTOR('',#2628,1.);
#2628 = DIRECTION('',(1.,1.110223024625E-16,0.));
#2629 = ORIENTED_EDGE('',*,*,#2630,.F.);
#2630 = EDGE_CURVE('',#2508,#2623,#2631,.T.);
#2631 = B_SPLINE_CURVE_WITH_KNOTS('',1,(#2632,#2633),.UNSPECIFIED.,.F.,
  .F.,(2,2),(0.,1.),.PIECEWISE_BEZIER_KNOTS.);
#2632 = CARTESIAN_POINT('',(-0.555,1.45,0.525));
#2633 = CARTESIAN_POINT('',(-0.555,1.45,0.675));
#2634 = PLANE('',#2635);
#2635 = AXIS2_PLACEMENT_3D('',#2636,#2637,#2638);
#2636 = CARTESIAN_POINT('',(-0.555,1.45,0.675));
#2637 = DIRECTION('',(1.110223024625E-16,-1.,0.));
#2638 = DIRECTION('',(1.,1.110223024625E-16,0.));
#2639 = ADVANCED_FACE('',(#2640),#2657,.F.);
#2640 = FACE_BOUND('',#2641,.F.);
#2641 = EDGE_LOOP('',(#2642,#2643,#2644,#2652));
#2642 = ORIENTED_EDGE('',*,*,#2577,.T.);
#2643 = ORIENTED_EDGE('',*,*,#2515,.T.);
#2644 = ORIENTED_EDGE('',*,*,#2645,.F.);
#2645 = EDGE_CURVE('',#2646,#2508,#2648,.T.);
#2646 = VERTEX_POINT('',#2647);
#2647 = CARTESIAN_POINT('',(-0.65,1.355,0.525));
#2648 = LINE('',#2649,#2650);
#2649 = CARTESIAN_POINT('',(-0.65,1.355,0.525));
#2650 = VECTOR('',#2651,1.);
#2651 = DIRECTION('',(0.707106781187,0.707106781187,0.));
#2652 = ORIENTED_EDGE('',*,*,#2653,.F.);
#2653 = EDGE_CURVE('',#2570,#2646,#2654,.T.);
#2654 = B_SPLINE_CURVE_WITH_KNOTS('',1,(#2655,#2656),.UNSPECIFIED.,.F.,
  .F.,(2,2),(0.,1.),.PIECEWISE_BEZIER_KNOTS.);
#2655 = CARTESIAN_POINT('',(-0.590270145251,1.325135072626,0.1));
#2656 = CARTESIAN_POINT('',(-0.65,1.355,0.525));
#2657 = B_SPLINE_SURFACE_WITH_KNOTS('',1,1,(
    (#2658,#2659)
    ,(#2660,#2661
    )),.UNSPECIFIED.,.F.,.F.,.F.,(2,2),(2,2),(0.,0.134350288425),(0.,1.)
  ,.PIECEWISE_BEZIER_KNOTS.);
#2658 = CARTESIAN_POINT('',(-0.590270145251,1.325135072626,0.1));
#2659 = CARTESIAN_POINT('',(-0.65,1.355,0.525));
#2660 = CARTESIAN_POINT('',(-0.525135072626,1.390270145251,0.1));
#2661 = CARTESIAN_POINT('',(-0.555,1.45,0.525));
#2662 = ADVANCED_FACE('',(#2663),#2712,.F.);
#2663 = FACE_BOUND('',#2664,.F.);
#2664 = EDGE_LOOP('',(#2665,#2666,#2667,#2675,#2683,#2691,#2699,#2707));
#2665 = ORIENTED_EDGE('',*,*,#2569,.T.);
#2666 = ORIENTED_EDGE('',*,*,#2653,.T.);
#2667 = ORIENTED_EDGE('',*,*,#2668,.F.);
#2668 = EDGE_CURVE('',#2669,#2646,#2671,.T.);
#2669 = VERTEX_POINT('',#2670);
#2670 = CARTESIAN_POINT('',(-0.65,1.165,0.525));
#2671 = LINE('',#2672,#2673);
#2672 = CARTESIAN_POINT('',(-0.65,-1.355,0.525));
#2673 = VECTOR('',#2674,1.);
#2674 = DIRECTION('',(-1.110223024625E-16,1.,0.));
#2675 = ORIENTED_EDGE('',*,*,#2676,.F.);
#2676 = EDGE_CURVE('',#2677,#2669,#2679,.T.);
#2677 = VERTEX_POINT('',#2678);
#2678 = CARTESIAN_POINT('',(-0.65,0.355,0.525));
#2679 = LINE('',#2680,#2681);
#2680 = CARTESIAN_POINT('',(-0.65,-1.355,0.525));
#2681 = VECTOR('',#2682,1.);
#2682 = DIRECTION('',(-1.110223024625E-16,1.,0.));
#2683 = ORIENTED_EDGE('',*,*,#2684,.F.);
#2684 = EDGE_CURVE('',#2685,#2677,#2687,.T.);
#2685 = VERTEX_POINT('',#2686);
#2686 = CARTESIAN_POINT('',(-0.65,-0.735,0.525));
#2687 = LINE('',#2688,#2689);
#2688 = CARTESIAN_POINT('',(-0.65,-1.355,0.525));
#2689 = VECTOR('',#2690,1.);
#2690 = DIRECTION('',(-1.110223024625E-16,1.,0.));
#2691 = ORIENTED_EDGE('',*,*,#2692,.F.);
#2692 = EDGE_CURVE('',#2693,#2685,#2695,.T.);
#2693 = VERTEX_POINT('',#2694);
#2694 = CARTESIAN_POINT('',(-0.65,-1.165,0.525));
#2695 = LINE('',#2696,#2697);
#2696 = CARTESIAN_POINT('',(-0.65,-1.355,0.525));
#2697 = VECTOR('',#2698,1.);
#2698 = DIRECTION('',(-1.110223024625E-16,1.,0.));
#2699 = ORIENTED_EDGE('',*,*,#2700,.F.);
#2700 = EDGE_CURVE('',#2701,#2693,#2703,.T.);
#2701 = VERTEX_POINT('',#2702);
#2702 = CARTESIAN_POINT('',(-0.65,-1.355,0.525));
#2703 = LINE('',#2704,#2705);
#2704 = CARTESIAN_POINT('',(-0.65,-1.355,0.525));
#2705 = VECTOR('',#2706,1.);
#2706 = DIRECTION('',(-1.110223024625E-16,1.,0.));
#2707 = ORIENTED_EDGE('',*,*,#2708,.F.);
#2708 = EDGE_CURVE('',#2562,#2701,#2709,.T.);
#2709 = B_SPLINE_CURVE_WITH_KNOTS('',1,(#2710,#2711),.UNSPECIFIED.,.F.,
  .F.,(2,2),(0.,1.),.PIECEWISE_BEZIER_KNOTS.);
#2710 = CARTESIAN_POINT('',(-0.590270145251,-1.325135072626,0.1));
#2711 = CARTESIAN_POINT('',(-0.65,-1.355,0.525));
#2712 = B_SPLINE_SURFACE_WITH_KNOTS('',1,1,(
    (#2713,#2714)
    ,(#2715,#2716
    )),.UNSPECIFIED.,.F.,.F.,.F.,(2,2),(2,2),(0.,2.71),(0.,1.),
  .PIECEWISE_BEZIER_KNOTS.);
#2713 = CARTESIAN_POINT('',(-0.590270145251,-1.325135072626,0.1));
#2714 = CARTESIAN_POINT('',(-0.65,-1.355,0.525));
#2715 = CARTESIAN_POINT('',(-0.590270145251,1.325135072626,0.1));
#2716 = CARTESIAN_POINT('',(-0.65,1.355,0.525));
#2717 = ADVANCED_FACE('',(#2718),#2767,.F.);
#2718 = FACE_BOUND('',#2719,.F.);
#2719 = EDGE_LOOP('',(#2720,#2721,#2728,#2736,#2744,#2752,#2760,#2766));
#2720 = ORIENTED_EDGE('',*,*,#2537,.T.);
#2721 = ORIENTED_EDGE('',*,*,#2722,.T.);
#2722 = EDGE_CURVE('',#2538,#2723,#2725,.T.);
#2723 = VERTEX_POINT('',#2724);
#2724 = CARTESIAN_POINT('',(0.65,-1.355,0.525));
#2725 = B_SPLINE_CURVE_WITH_KNOTS('',1,(#2726,#2727),.UNSPECIFIED.,.F.,
  .F.,(2,2),(0.,1.),.PIECEWISE_BEZIER_KNOTS.);
#2726 = CARTESIAN_POINT('',(0.590270145251,-1.325135072626,0.1));
#2727 = CARTESIAN_POINT('',(0.65,-1.355,0.525));
#2728 = ORIENTED_EDGE('',*,*,#2729,.F.);
#2729 = EDGE_CURVE('',#2730,#2723,#2732,.T.);
#2730 = VERTEX_POINT('',#2731);
#2731 = CARTESIAN_POINT('',(0.65,-1.165,0.525));
#2732 = LINE('',#2733,#2734);
#2733 = CARTESIAN_POINT('',(0.65,1.355,0.525));
#2734 = VECTOR('',#2735,1.);
#2735 = DIRECTION('',(1.110223024625E-16,-1.,0.));
#2736 = ORIENTED_EDGE('',*,*,#2737,.F.);
#2737 = EDGE_CURVE('',#2738,#2730,#2740,.T.);
#2738 = VERTEX_POINT('',#2739);
#2739 = CARTESIAN_POINT('',(0.65,-0.735,0.525));
#2740 = LINE('',#2741,#2742);
#2741 = CARTESIAN_POINT('',(0.65,1.355,0.525));
#2742 = VECTOR('',#2743,1.);
#2743 = DIRECTION('',(1.110223024625E-16,-1.,0.));
#2744 = ORIENTED_EDGE('',*,*,#2745,.F.);
#2745 = EDGE_CURVE('',#2746,#2738,#2748,.T.);
#2746 = VERTEX_POINT('',#2747);
#2747 = CARTESIAN_POINT('',(0.65,0.735,0.525));
#2748 = LINE('',#2749,#2750);
#2749 = CARTESIAN_POINT('',(0.65,1.355,0.525));
#2750 = VECTOR('',#2751,1.);
#2751 = DIRECTION('',(1.110223024625E-16,-1.,0.));
#2752 = ORIENTED_EDGE('',*,*,#2753,.F.);
#2753 = EDGE_CURVE('',#2754,#2746,#2756,.T.);
#2754 = VERTEX_POINT('',#2755);
#2755 = CARTESIAN_POINT('',(0.65,1.165,0.525));
#2756 = LINE('',#2757,#2758);
#2757 = CARTESIAN_POINT('',(0.65,1.355,0.525));
#2758 = VECTOR('',#2759,1.);
#2759 = DIRECTION('',(1.110223024625E-16,-1.,0.));
#2760 = ORIENTED_EDGE('',*,*,#2761,.F.);
#2761 = EDGE_CURVE('',#2593,#2754,#2762,.T.);
#2762 = LINE('',#2763,#2764);
#2763 = CARTESIAN_POINT('',(0.65,1.355,0.525));
#2764 = VECTOR('',#2765,1.);
#2765 = DIRECTION('',(1.110223024625E-16,-1.,0.));
#2766 = ORIENTED_EDGE('',*,*,#2592,.F.);
#2767 = B_SPLINE_SURFACE_WITH_KNOTS('',1,1,(
    (#2768,#2769)
    ,(#2770,#2771
    )),.UNSPECIFIED.,.F.,.F.,.F.,(2,2),(2,2),(0.,2.71),(0.,1.),
  .PIECEWISE_BEZIER_KNOTS.);
#2768 = CARTESIAN_POINT('',(0.590270145251,1.325135072626,0.1));
#2769 = CARTESIAN_POINT('',(0.65,1.355,0.525));
#2770 = CARTESIAN_POINT('',(0.590270145251,-1.325135072626,0.1));
#2771 = CARTESIAN_POINT('',(0.65,-1.355,0.525));
#2772 = ADVANCED_FACE('',(#2773),#2790,.F.);
#2773 = FACE_BOUND('',#2774,.F.);
#2774 = EDGE_LOOP('',(#2775,#2776,#2777,#2785));
#2775 = ORIENTED_EDGE('',*,*,#2561,.T.);
#2776 = ORIENTED_EDGE('',*,*,#2708,.T.);
#2777 = ORIENTED_EDGE('',*,*,#2778,.F.);
#2778 = EDGE_CURVE('',#2779,#2701,#2781,.T.);
#2779 = VERTEX_POINT('',#2780);
#2780 = CARTESIAN_POINT('',(-0.555,-1.45,0.525));
#2781 = LINE('',#2782,#2783);
#2782 = CARTESIAN_POINT('',(-0.555,-1.45,0.525));
#2783 = VECTOR('',#2784,1.);
#2784 = DIRECTION('',(-0.707106781187,0.707106781187,0.));
#2785 = ORIENTED_EDGE('',*,*,#2786,.F.);
#2786 = EDGE_CURVE('',#2554,#2779,#2787,.T.);
#2787 = B_SPLINE_CURVE_WITH_KNOTS('',1,(#2788,#2789),.UNSPECIFIED.,.F.,
  .F.,(2,2),(0.,1.),.PIECEWISE_BEZIER_KNOTS.);
#2788 = CARTESIAN_POINT('',(-0.525135072626,-1.390270145251,0.1));
#2789 = CARTESIAN_POINT('',(-0.555,-1.45,0.525));
#2790 = B_SPLINE_SURFACE_WITH_KNOTS('',1,1,(
    (#2791,#2792)
    ,(#2793,#2794
    )),.UNSPECIFIED.,.F.,.F.,.F.,(2,2),(2,2),(0.,0.134350288425),(0.,1.)
  ,.PIECEWISE_BEZIER_KNOTS.);
#2791 = CARTESIAN_POINT('',(-0.525135072626,-1.390270145251,0.1));
#2792 = CARTESIAN_POINT('',(-0.555,-1.45,0.525));
#2793 = CARTESIAN_POINT('',(-0.590270145251,-1.325135072626,0.1));
#2794 = CARTESIAN_POINT('',(-0.65,-1.355,0.525));
#2795 = ADVANCED_FACE('',(#2796),#2813,.F.);
#2796 = FACE_BOUND('',#2797,.F.);
#2797 = EDGE_LOOP('',(#2798,#2799,#2806,#2812));
#2798 = ORIENTED_EDGE('',*,*,#2545,.T.);
#2799 = ORIENTED_EDGE('',*,*,#2800,.T.);
#2800 = EDGE_CURVE('',#2546,#2801,#2803,.T.);
#2801 = VERTEX_POINT('',#2802);
#2802 = CARTESIAN_POINT('',(0.555,-1.45,0.525));
#2803 = B_SPLINE_CURVE_WITH_KNOTS('',1,(#2804,#2805),.UNSPECIFIED.,.F.,
  .F.,(2,2),(0.,1.),.PIECEWISE_BEZIER_KNOTS.);
#2804 = CARTESIAN_POINT('',(0.525135072626,-1.390270145251,0.1));
#2805 = CARTESIAN_POINT('',(0.555,-1.45,0.525));
#2806 = ORIENTED_EDGE('',*,*,#2807,.F.);
#2807 = EDGE_CURVE('',#2723,#2801,#2808,.T.);
#2808 = LINE('',#2809,#2810);
#2809 = CARTESIAN_POINT('',(0.65,-1.355,0.525));
#2810 = VECTOR('',#2811,1.);
#2811 = DIRECTION('',(-0.707106781187,-0.707106781187,0.));
#2812 = ORIENTED_EDGE('',*,*,#2722,.F.);
#2813 = B_SPLINE_SURFACE_WITH_KNOTS('',1,1,(
    (#2814,#2815)
    ,(#2816,#2817
    )),.UNSPECIFIED.,.F.,.F.,.F.,(2,2),(2,2),(0.,0.134350288425),(0.,1.)
  ,.PIECEWISE_BEZIER_KNOTS.);
#2814 = CARTESIAN_POINT('',(0.590270145251,-1.325135072626,0.1));
#2815 = CARTESIAN_POINT('',(0.65,-1.355,0.525));
#2816 = CARTESIAN_POINT('',(0.525135072626,-1.390270145251,0.1));
#2817 = CARTESIAN_POINT('',(0.555,-1.45,0.525));
#2818 = ADVANCED_FACE('',(#2819),#2830,.F.);
#2819 = FACE_BOUND('',#2820,.F.);
#2820 = EDGE_LOOP('',(#2821,#2822,#2823,#2829));
#2821 = ORIENTED_EDGE('',*,*,#2553,.T.);
#2822 = ORIENTED_EDGE('',*,*,#2786,.T.);
#2823 = ORIENTED_EDGE('',*,*,#2824,.F.);
#2824 = EDGE_CURVE('',#2801,#2779,#2825,.T.);
#2825 = LINE('',#2826,#2827);
#2826 = CARTESIAN_POINT('',(0.555,-1.45,0.525));
#2827 = VECTOR('',#2828,1.);
#2828 = DIRECTION('',(-1.,-1.110223024625E-16,0.));
#2829 = ORIENTED_EDGE('',*,*,#2800,.F.);
#2830 = B_SPLINE_SURFACE_WITH_KNOTS('',1,1,(
    (#2831,#2832)
    ,(#2833,#2834
    )),.UNSPECIFIED.,.F.,.F.,.F.,(2,2),(2,2),(0.,1.11),(0.,1.),
  .PIECEWISE_BEZIER_KNOTS.);
#2831 = CARTESIAN_POINT('',(0.525135072626,-1.390270145251,0.1));
#2832 = CARTESIAN_POINT('',(0.555,-1.45,0.525));
#2833 = CARTESIAN_POINT('',(-0.525135072626,-1.390270145251,0.1));
#2834 = CARTESIAN_POINT('',(-0.555,-1.45,0.525));
#2835 = ADVANCED_FACE('',(#2836),#2853,.F.);
#2836 = FACE_BOUND('',#2837,.F.);
#2837 = EDGE_LOOP('',(#2838,#2839,#2846,#2852));
#2838 = ORIENTED_EDGE('',*,*,#2599,.T.);
#2839 = ORIENTED_EDGE('',*,*,#2840,.T.);
#2840 = EDGE_CURVE('',#2593,#2841,#2843,.T.);
#2841 = VERTEX_POINT('',#2842);
#2842 = CARTESIAN_POINT('',(0.65,1.355,0.675));
#2843 = B_SPLINE_CURVE_WITH_KNOTS('',1,(#2844,#2845),.UNSPECIFIED.,.F.,
  .F.,(2,2),(0.,1.),.PIECEWISE_BEZIER_KNOTS.);
#2844 = CARTESIAN_POINT('',(0.65,1.355,0.525));
#2845 = CARTESIAN_POINT('',(0.65,1.355,0.675));
#2846 = ORIENTED_EDGE('',*,*,#2847,.F.);
#2847 = EDGE_CURVE('',#2616,#2841,#2848,.T.);
#2848 = LINE('',#2849,#2850);
#2849 = CARTESIAN_POINT('',(0.555,1.45,0.675));
#2850 = VECTOR('',#2851,1.);
#2851 = DIRECTION('',(0.707106781187,-0.707106781187,0.));
#2852 = ORIENTED_EDGE('',*,*,#2615,.F.);
#2853 = PLANE('',#2854);
#2854 = AXIS2_PLACEMENT_3D('',#2855,#2856,#2857);
#2855 = CARTESIAN_POINT('',(0.555,1.45,0.675));
#2856 = DIRECTION('',(-0.707106781187,-0.707106781187,0.));
#2857 = DIRECTION('',(0.707106781187,-0.707106781187,0.));
#2858 = ADVANCED_FACE('',(#2859),#2941,.F.);
#2859 = FACE_BOUND('',#2860,.F.);
#2860 = EDGE_LOOP('',(#2861,#2869,#2870,#2871,#2879,#2887,#2895,#2903,
    #2911,#2919,#2927,#2935));
#2861 = ORIENTED_EDGE('',*,*,#2862,.T.);
#2862 = EDGE_CURVE('',#2863,#2623,#2865,.T.);
#2863 = VERTEX_POINT('',#2864);
#2864 = CARTESIAN_POINT('',(-0.65,1.355,0.675));
#2865 = LINE('',#2866,#2867);
#2866 = CARTESIAN_POINT('',(-0.65,1.355,0.675));
#2867 = VECTOR('',#2868,1.);
#2868 = DIRECTION('',(0.707106781187,0.707106781187,0.));
#2869 = ORIENTED_EDGE('',*,*,#2622,.T.);
#2870 = ORIENTED_EDGE('',*,*,#2847,.T.);
#2871 = ORIENTED_EDGE('',*,*,#2872,.T.);
#2872 = EDGE_CURVE('',#2841,#2873,#2875,.T.);
#2873 = VERTEX_POINT('',#2874);
#2874 = CARTESIAN_POINT('',(0.65,1.165,0.675));
#2875 = LINE('',#2876,#2877);
#2876 = CARTESIAN_POINT('',(0.65,1.355,0.675));
#2877 = VECTOR('',#2878,1.);
#2878 = DIRECTION('',(1.110223024625E-16,-1.,0.));
#2879 = ORIENTED_EDGE('',*,*,#2880,.T.);
#2880 = EDGE_CURVE('',#2873,#2881,#2883,.T.);
#2881 = VERTEX_POINT('',#2882);
#2882 = CARTESIAN_POINT('',(0.625,1.165,0.675));
#2883 = LINE('',#2884,#2885);
#2884 = CARTESIAN_POINT('',(0.7,1.165,0.675));
#2885 = VECTOR('',#2886,1.);
#2886 = DIRECTION('',(-1.,-1.110223024625E-16,0.));
#2887 = ORIENTED_EDGE('',*,*,#2888,.F.);
#2888 = EDGE_CURVE('',#2889,#2881,#2891,.T.);
#2889 = VERTEX_POINT('',#2890);
#2890 = CARTESIAN_POINT('',(0.625,1.3425,0.675));
#2891 = LINE('',#2892,#2893);
#2892 = CARTESIAN_POINT('',(0.625,1.3425,0.675));
#2893 = VECTOR('',#2894,1.);
#2894 = DIRECTION('',(1.110223024625E-16,-1.,0.));
#2895 = ORIENTED_EDGE('',*,*,#2896,.F.);
#2896 = EDGE_CURVE('',#2897,#2889,#2899,.T.);
#2897 = VERTEX_POINT('',#2898);
#2898 = CARTESIAN_POINT('',(0.5425,1.425,0.675));
#2899 = LINE('',#2900,#2901);
#2900 = CARTESIAN_POINT('',(0.5425,1.425,0.675));
#2901 = VECTOR('',#2902,1.);
#2902 = DIRECTION('',(0.707106781187,-0.707106781187,0.));
#2903 = ORIENTED_EDGE('',*,*,#2904,.F.);
#2904 = EDGE_CURVE('',#2905,#2897,#2907,.T.);
#2905 = VERTEX_POINT('',#2906);
#2906 = CARTESIAN_POINT('',(-0.5425,1.425,0.675));
#2907 = LINE('',#2908,#2909);
#2908 = CARTESIAN_POINT('',(-0.5425,1.425,0.675));
#2909 = VECTOR('',#2910,1.);
#2910 = DIRECTION('',(1.,1.110223024625E-16,0.));
#2911 = ORIENTED_EDGE('',*,*,#2912,.F.);
#2912 = EDGE_CURVE('',#2913,#2905,#2915,.T.);
#2913 = VERTEX_POINT('',#2914);
#2914 = CARTESIAN_POINT('',(-0.625,1.3425,0.675));
#2915 = LINE('',#2916,#2917);
#2916 = CARTESIAN_POINT('',(-0.625,1.3425,0.675));
#2917 = VECTOR('',#2918,1.);
#2918 = DIRECTION('',(0.707106781187,0.707106781187,0.));
#2919 = ORIENTED_EDGE('',*,*,#2920,.F.);
#2920 = EDGE_CURVE('',#2921,#2913,#2923,.T.);
#2921 = VERTEX_POINT('',#2922);
#2922 = CARTESIAN_POINT('',(-0.625,1.165,0.675));
#2923 = LINE('',#2924,#2925);
#2924 = CARTESIAN_POINT('',(-0.625,-1.3425,0.675));
#2925 = VECTOR('',#2926,1.);
#2926 = DIRECTION('',(-1.110223024625E-16,1.,0.));
#2927 = ORIENTED_EDGE('',*,*,#2928,.F.);
#2928 = EDGE_CURVE('',#2929,#2921,#2931,.T.);
#2929 = VERTEX_POINT('',#2930);
#2930 = CARTESIAN_POINT('',(-0.65,1.165,0.675));
#2931 = LINE('',#2932,#2933);
#2932 = CARTESIAN_POINT('',(-0.7,1.165,0.675));
#2933 = VECTOR('',#2934,1.);
#2934 = DIRECTION('',(1.,-1.144237745222E-17,0.));
#2935 = ORIENTED_EDGE('',*,*,#2936,.T.);
#2936 = EDGE_CURVE('',#2929,#2863,#2937,.T.);
#2937 = LINE('',#2938,#2939);
#2938 = CARTESIAN_POINT('',(-0.65,-1.355,0.675));
#2939 = VECTOR('',#2940,1.);
#2940 = DIRECTION('',(-1.110223024625E-16,1.,0.));
#2941 = PLANE('',#2942);
#2942 = AXIS2_PLACEMENT_3D('',#2943,#2944,#2945);
#2943 = CARTESIAN_POINT('',(-5.499503515576E-17,1.4375,0.675));
#2944 = DIRECTION('',(-4.735780055487E-31,-6.662940868892E-27,-1.));
#2945 = DIRECTION('',(1.,1.113200023686E-16,-4.735780055494E-31));
#2946 = ADVANCED_FACE('',(#2947),#2957,.F.);
#2947 = FACE_BOUND('',#2948,.F.);
#2948 = EDGE_LOOP('',(#2949,#2950,#2951,#2952));
#2949 = ORIENTED_EDGE('',*,*,#2645,.T.);
#2950 = ORIENTED_EDGE('',*,*,#2630,.T.);
#2951 = ORIENTED_EDGE('',*,*,#2862,.F.);
#2952 = ORIENTED_EDGE('',*,*,#2953,.F.);
#2953 = EDGE_CURVE('',#2646,#2863,#2954,.T.);
#2954 = B_SPLINE_CURVE_WITH_KNOTS('',1,(#2955,#2956),.UNSPECIFIED.,.F.,
  .F.,(2,2),(0.,1.),.PIECEWISE_BEZIER_KNOTS.);
#2955 = CARTESIAN_POINT('',(-0.65,1.355,0.525));
#2956 = CARTESIAN_POINT('',(-0.65,1.355,0.675));
#2957 = PLANE('',#2958);
#2958 = AXIS2_PLACEMENT_3D('',#2959,#2960,#2961);
#2959 = CARTESIAN_POINT('',(-0.65,1.355,0.675));
#2960 = DIRECTION('',(0.707106781187,-0.707106781187,0.));
#2961 = DIRECTION('',(0.707106781187,0.707106781187,0.));
#2962 = ADVANCED_FACE('',(#2963),#2987,.F.);
#2963 = FACE_BOUND('',#2964,.F.);
#2964 = EDGE_LOOP('',(#2965,#2972,#2973,#2981));
#2965 = ORIENTED_EDGE('',*,*,#2966,.F.);
#2966 = EDGE_CURVE('',#2701,#2967,#2969,.T.);
#2967 = VERTEX_POINT('',#2968);
#2968 = CARTESIAN_POINT('',(-0.65,-1.355,0.675));
#2969 = B_SPLINE_CURVE_WITH_KNOTS('',1,(#2970,#2971),.UNSPECIFIED.,.F.,
  .F.,(2,2),(0.,1.),.PIECEWISE_BEZIER_KNOTS.);
#2970 = CARTESIAN_POINT('',(-0.65,-1.355,0.525));
#2971 = CARTESIAN_POINT('',(-0.65,-1.355,0.675));
#2972 = ORIENTED_EDGE('',*,*,#2700,.T.);
#2973 = ORIENTED_EDGE('',*,*,#2974,.T.);
#2974 = EDGE_CURVE('',#2693,#2975,#2977,.T.);
#2975 = VERTEX_POINT('',#2976);
#2976 = CARTESIAN_POINT('',(-0.65,-1.165,0.675));
#2977 = LINE('',#2978,#2979);
#2978 = CARTESIAN_POINT('',(-0.65,-1.165,0.510136870984));
#2979 = VECTOR('',#2980,1.);
#2980 = DIRECTION('',(0.,0.,1.));
#2981 = ORIENTED_EDGE('',*,*,#2982,.F.);
#2982 = EDGE_CURVE('',#2967,#2975,#2983,.T.);
#2983 = LINE('',#2984,#2985);
#2984 = CARTESIAN_POINT('',(-0.65,-1.355,0.675));
#2985 = VECTOR('',#2986,1.);
#2986 = DIRECTION('',(-1.110223024625E-16,1.,0.));
#2987 = PLANE('',#2988);
#2988 = AXIS2_PLACEMENT_3D('',#2989,#2990,#2991);
#2989 = CARTESIAN_POINT('',(-0.65,-1.355,0.675));
#2990 = DIRECTION('',(1.,1.110223024625E-16,0.));
#2991 = DIRECTION('',(-1.110223024625E-16,1.,0.));
#2992 = ADVANCED_FACE('',(#2993),#3018,.F.);
#2993 = FACE_BOUND('',#2994,.F.);
#2994 = EDGE_LOOP('',(#2995,#3003,#3004,#3012));
#2995 = ORIENTED_EDGE('',*,*,#2996,.F.);
#2996 = EDGE_CURVE('',#2693,#2997,#2999,.T.);
#2997 = VERTEX_POINT('',#2998);
#2998 = CARTESIAN_POINT('',(-0.7,-1.165,0.525));
#2999 = LINE('',#3000,#3001);
#3000 = CARTESIAN_POINT('',(-0.6,-1.165,0.525));
#3001 = VECTOR('',#3002,1.);
#3002 = DIRECTION('',(-1.,1.144237745222E-17,0.));
#3003 = ORIENTED_EDGE('',*,*,#2692,.T.);
#3004 = ORIENTED_EDGE('',*,*,#3005,.T.);
#3005 = EDGE_CURVE('',#2685,#3006,#3008,.T.);
#3006 = VERTEX_POINT('',#3007);
#3007 = CARTESIAN_POINT('',(-0.7,-0.735,0.525));
#3008 = LINE('',#3009,#3010);
#3009 = CARTESIAN_POINT('',(-0.6,-0.735,0.525));
#3010 = VECTOR('',#3011,1.);
#3011 = DIRECTION('',(-1.,1.144237745222E-17,0.));
#3012 = ORIENTED_EDGE('',*,*,#3013,.F.);
#3013 = EDGE_CURVE('',#2997,#3006,#3014,.T.);
#3014 = LINE('',#3015,#3016);
#3015 = CARTESIAN_POINT('',(-0.7,-1.165,0.525));
#3016 = VECTOR('',#3017,1.);
#3017 = DIRECTION('',(1.144237745222E-17,1.,0.));
#3018 = PLANE('',#3019);
#3019 = AXIS2_PLACEMENT_3D('',#3020,#3021,#3022);
#3020 = CARTESIAN_POINT('',(-0.6,-1.165,0.525));
#3021 = DIRECTION('',(0.,0.,1.));
#3022 = DIRECTION('',(-1.,1.144237745222E-17,0.));
#3023 = ADVANCED_FACE('',(#3024),#3049,.F.);
#3024 = FACE_BOUND('',#3025,.F.);
#3025 = EDGE_LOOP('',(#3026,#3034,#3035,#3043));
#3026 = ORIENTED_EDGE('',*,*,#3027,.F.);
#3027 = EDGE_CURVE('',#2685,#3028,#3030,.T.);
#3028 = VERTEX_POINT('',#3029);
#3029 = CARTESIAN_POINT('',(-0.65,-0.735,0.675));
#3030 = LINE('',#3031,#3032);
#3031 = CARTESIAN_POINT('',(-0.65,-0.735,0.510136870984));
#3032 = VECTOR('',#3033,1.);
#3033 = DIRECTION('',(0.,0.,1.));
#3034 = ORIENTED_EDGE('',*,*,#2684,.T.);
#3035 = ORIENTED_EDGE('',*,*,#3036,.T.);
#3036 = EDGE_CURVE('',#2677,#3037,#3039,.T.);
#3037 = VERTEX_POINT('',#3038);
#3038 = CARTESIAN_POINT('',(-0.65,0.355,0.675));
#3039 = LINE('',#3040,#3041);
#3040 = CARTESIAN_POINT('',(-0.65,0.355,0.510136870984));
#3041 = VECTOR('',#3042,1.);
#3042 = DIRECTION('',(0.,0.,1.));
#3043 = ORIENTED_EDGE('',*,*,#3044,.F.);
#3044 = EDGE_CURVE('',#3028,#3037,#3045,.T.);
#3045 = LINE('',#3046,#3047);
#3046 = CARTESIAN_POINT('',(-0.65,-1.355,0.675));
#3047 = VECTOR('',#3048,1.);
#3048 = DIRECTION('',(-1.110223024625E-16,1.,0.));
#3049 = PLANE('',#3050);
#3050 = AXIS2_PLACEMENT_3D('',#3051,#3052,#3053);
#3051 = CARTESIAN_POINT('',(-0.65,-1.355,0.675));
#3052 = DIRECTION('',(1.,1.110223024625E-16,0.));
#3053 = DIRECTION('',(-1.110223024625E-16,1.,0.));
#3054 = ADVANCED_FACE('',(#3055),#3080,.F.);
#3055 = FACE_BOUND('',#3056,.F.);
#3056 = EDGE_LOOP('',(#3057,#3067,#3073,#3074));
#3057 = ORIENTED_EDGE('',*,*,#3058,.F.);
#3058 = EDGE_CURVE('',#3059,#3061,#3063,.T.);
#3059 = VERTEX_POINT('',#3060);
#3060 = CARTESIAN_POINT('',(-0.7,0.355,0.525));
#3061 = VERTEX_POINT('',#3062);
#3062 = CARTESIAN_POINT('',(-0.7,1.165,0.525));
#3063 = LINE('',#3064,#3065);
#3064 = CARTESIAN_POINT('',(-0.7,0.355,0.525));
#3065 = VECTOR('',#3066,1.);
#3066 = DIRECTION('',(2.604226847886E-17,1.,0.));
#3067 = ORIENTED_EDGE('',*,*,#3068,.F.);
#3068 = EDGE_CURVE('',#2677,#3059,#3069,.T.);
#3069 = LINE('',#3070,#3071);
#3070 = CARTESIAN_POINT('',(-0.6,0.355,0.525));
#3071 = VECTOR('',#3072,1.);
#3072 = DIRECTION('',(-1.,1.144237745222E-17,0.));
#3073 = ORIENTED_EDGE('',*,*,#2676,.T.);
#3074 = ORIENTED_EDGE('',*,*,#3075,.T.);
#3075 = EDGE_CURVE('',#2669,#3061,#3076,.T.);
#3076 = LINE('',#3077,#3078);
#3077 = CARTESIAN_POINT('',(-0.6,1.165,0.525));
#3078 = VECTOR('',#3079,1.);
#3079 = DIRECTION('',(-1.,1.144237745222E-17,0.));
#3080 = PLANE('',#3081);
#3081 = AXIS2_PLACEMENT_3D('',#3082,#3083,#3084);
#3082 = CARTESIAN_POINT('',(-0.6,0.735,0.525));
#3083 = DIRECTION('',(0.,0.,1.));
#3084 = DIRECTION('',(-1.,1.144237745222E-17,0.));
#3085 = ADVANCED_FACE('',(#3086),#3097,.F.);
#3086 = FACE_BOUND('',#3087,.F.);
#3087 = EDGE_LOOP('',(#3088,#3094,#3095,#3096));
#3088 = ORIENTED_EDGE('',*,*,#3089,.F.);
#3089 = EDGE_CURVE('',#2669,#2929,#3090,.T.);
#3090 = LINE('',#3091,#3092);
#3091 = CARTESIAN_POINT('',(-0.65,1.165,0.510136870984));
#3092 = VECTOR('',#3093,1.);
#3093 = DIRECTION('',(0.,0.,1.));
#3094 = ORIENTED_EDGE('',*,*,#2668,.T.);
#3095 = ORIENTED_EDGE('',*,*,#2953,.T.);
#3096 = ORIENTED_EDGE('',*,*,#2936,.F.);
#3097 = PLANE('',#3098);
#3098 = AXIS2_PLACEMENT_3D('',#3099,#3100,#3101);
#3099 = CARTESIAN_POINT('',(-0.65,-1.355,0.675));
#3100 = DIRECTION('',(1.,1.110223024625E-16,0.));
#3101 = DIRECTION('',(-1.110223024625E-16,1.,0.));
#3102 = ADVANCED_FACE('',(#3103),#3114,.F.);
#3103 = FACE_BOUND('',#3104,.F.);
#3104 = EDGE_LOOP('',(#3105,#3106,#3107,#3113));
#3105 = ORIENTED_EDGE('',*,*,#2840,.F.);
#3106 = ORIENTED_EDGE('',*,*,#2761,.T.);
#3107 = ORIENTED_EDGE('',*,*,#3108,.T.);
#3108 = EDGE_CURVE('',#2754,#2873,#3109,.T.);
#3109 = LINE('',#3110,#3111);
#3110 = CARTESIAN_POINT('',(0.65,1.165,0.510136870984));
#3111 = VECTOR('',#3112,1.);
#3112 = DIRECTION('',(0.,0.,1.));
#3113 = ORIENTED_EDGE('',*,*,#2872,.F.);
#3114 = PLANE('',#3115);
#3115 = AXIS2_PLACEMENT_3D('',#3116,#3117,#3118);
#3116 = CARTESIAN_POINT('',(0.65,1.355,0.675));
#3117 = DIRECTION('',(-1.,-1.110223024625E-16,0.));
#3118 = DIRECTION('',(1.110223024625E-16,-1.,0.));
#3119 = ADVANCED_FACE('',(#3120),#3145,.F.);
#3120 = FACE_BOUND('',#3121,.F.);
#3121 = EDGE_LOOP('',(#3122,#3130,#3131,#3139));
#3122 = ORIENTED_EDGE('',*,*,#3123,.F.);
#3123 = EDGE_CURVE('',#2754,#3124,#3126,.T.);
#3124 = VERTEX_POINT('',#3125);
#3125 = CARTESIAN_POINT('',(0.7,1.165,0.525));
#3126 = LINE('',#3127,#3128);
#3127 = CARTESIAN_POINT('',(0.6,1.165,0.525));
#3128 = VECTOR('',#3129,1.);
#3129 = DIRECTION('',(1.,1.110223024625E-16,0.));
#3130 = ORIENTED_EDGE('',*,*,#2753,.T.);
#3131 = ORIENTED_EDGE('',*,*,#3132,.T.);
#3132 = EDGE_CURVE('',#2746,#3133,#3135,.T.);
#3133 = VERTEX_POINT('',#3134);
#3134 = CARTESIAN_POINT('',(0.7,0.735,0.525));
#3135 = LINE('',#3136,#3137);
#3136 = CARTESIAN_POINT('',(0.6,0.735,0.525));
#3137 = VECTOR('',#3138,1.);
#3138 = DIRECTION('',(1.,1.110223024625E-16,0.));
#3139 = ORIENTED_EDGE('',*,*,#3140,.F.);
#3140 = EDGE_CURVE('',#3124,#3133,#3141,.T.);
#3141 = LINE('',#3142,#3143);
#3142 = CARTESIAN_POINT('',(0.7,1.165,0.525));
#3143 = VECTOR('',#3144,1.);
#3144 = DIRECTION('',(1.110223024625E-16,-1.,0.));
#3145 = PLANE('',#3146);
#3146 = AXIS2_PLACEMENT_3D('',#3147,#3148,#3149);
#3147 = CARTESIAN_POINT('',(0.6,1.165,0.525));
#3148 = DIRECTION('',(0.,0.,1.));
#3149 = DIRECTION('',(1.,1.110223024625E-16,-0.));
#3150 = ADVANCED_FACE('',(#3151),#3176,.F.);
#3151 = FACE_BOUND('',#3152,.F.);
#3152 = EDGE_LOOP('',(#3153,#3161,#3162,#3170));
#3153 = ORIENTED_EDGE('',*,*,#3154,.F.);
#3154 = EDGE_CURVE('',#2746,#3155,#3157,.T.);
#3155 = VERTEX_POINT('',#3156);
#3156 = CARTESIAN_POINT('',(0.65,0.735,0.675));
#3157 = LINE('',#3158,#3159);
#3158 = CARTESIAN_POINT('',(0.65,0.735,0.510136870984));
#3159 = VECTOR('',#3160,1.);
#3160 = DIRECTION('',(0.,0.,1.));
#3161 = ORIENTED_EDGE('',*,*,#2745,.T.);
#3162 = ORIENTED_EDGE('',*,*,#3163,.T.);
#3163 = EDGE_CURVE('',#2738,#3164,#3166,.T.);
#3164 = VERTEX_POINT('',#3165);
#3165 = CARTESIAN_POINT('',(0.65,-0.735,0.675));
#3166 = LINE('',#3167,#3168);
#3167 = CARTESIAN_POINT('',(0.65,-0.735,0.510136870984));
#3168 = VECTOR('',#3169,1.);
#3169 = DIRECTION('',(0.,0.,1.));
#3170 = ORIENTED_EDGE('',*,*,#3171,.F.);
#3171 = EDGE_CURVE('',#3155,#3164,#3172,.T.);
#3172 = LINE('',#3173,#3174);
#3173 = CARTESIAN_POINT('',(0.65,1.355,0.675));
#3174 = VECTOR('',#3175,1.);
#3175 = DIRECTION('',(1.110223024625E-16,-1.,0.));
#3176 = PLANE('',#3177);
#3177 = AXIS2_PLACEMENT_3D('',#3178,#3179,#3180);
#3178 = CARTESIAN_POINT('',(0.65,1.355,0.675));
#3179 = DIRECTION('',(-1.,-1.110223024625E-16,0.));
#3180 = DIRECTION('',(1.110223024625E-16,-1.,0.));
#3181 = ADVANCED_FACE('',(#3182),#3207,.F.);
#3182 = FACE_BOUND('',#3183,.F.);
#3183 = EDGE_LOOP('',(#3184,#3192,#3193,#3201));
#3184 = ORIENTED_EDGE('',*,*,#3185,.F.);
#3185 = EDGE_CURVE('',#2738,#3186,#3188,.T.);
#3186 = VERTEX_POINT('',#3187);
#3187 = CARTESIAN_POINT('',(0.7,-0.735,0.525));
#3188 = LINE('',#3189,#3190);
#3189 = CARTESIAN_POINT('',(0.6,-0.735,0.525));
#3190 = VECTOR('',#3191,1.);
#3191 = DIRECTION('',(1.,1.110223024625E-16,0.));
#3192 = ORIENTED_EDGE('',*,*,#2737,.T.);
#3193 = ORIENTED_EDGE('',*,*,#3194,.T.);
#3194 = EDGE_CURVE('',#2730,#3195,#3197,.T.);
#3195 = VERTEX_POINT('',#3196);
#3196 = CARTESIAN_POINT('',(0.7,-1.165,0.525));
#3197 = LINE('',#3198,#3199);
#3198 = CARTESIAN_POINT('',(0.6,-1.165,0.525));
#3199 = VECTOR('',#3200,1.);
#3200 = DIRECTION('',(1.,1.110223024625E-16,0.));
#3201 = ORIENTED_EDGE('',*,*,#3202,.F.);
#3202 = EDGE_CURVE('',#3186,#3195,#3203,.T.);
#3203 = LINE('',#3204,#3205);
#3204 = CARTESIAN_POINT('',(0.7,-0.735,0.525));
#3205 = VECTOR('',#3206,1.);
#3206 = DIRECTION('',(1.110223024625E-16,-1.,0.));
#3207 = PLANE('',#3208);
#3208 = AXIS2_PLACEMENT_3D('',#3209,#3210,#3211);
#3209 = CARTESIAN_POINT('',(0.6,-0.735,0.525));
#3210 = DIRECTION('',(0.,0.,1.));
#3211 = DIRECTION('',(1.,1.110223024625E-16,-0.));
#3212 = ADVANCED_FACE('',(#3213),#3237,.F.);
#3213 = FACE_BOUND('',#3214,.F.);
#3214 = EDGE_LOOP('',(#3215,#3223,#3224,#3231));
#3215 = ORIENTED_EDGE('',*,*,#3216,.F.);
#3216 = EDGE_CURVE('',#2730,#3217,#3219,.T.);
#3217 = VERTEX_POINT('',#3218);
#3218 = CARTESIAN_POINT('',(0.65,-1.165,0.675));
#3219 = LINE('',#3220,#3221);
#3220 = CARTESIAN_POINT('',(0.65,-1.165,0.510136870984));
#3221 = VECTOR('',#3222,1.);
#3222 = DIRECTION('',(0.,0.,1.));
#3223 = ORIENTED_EDGE('',*,*,#2729,.T.);
#3224 = ORIENTED_EDGE('',*,*,#3225,.T.);
#3225 = EDGE_CURVE('',#2723,#3226,#3228,.T.);
#3226 = VERTEX_POINT('',#3227);
#3227 = CARTESIAN_POINT('',(0.65,-1.355,0.675));
#3228 = B_SPLINE_CURVE_WITH_KNOTS('',1,(#3229,#3230),.UNSPECIFIED.,.F.,
  .F.,(2,2),(0.,1.),.PIECEWISE_BEZIER_KNOTS.);
#3229 = CARTESIAN_POINT('',(0.65,-1.355,0.525));
#3230 = CARTESIAN_POINT('',(0.65,-1.355,0.675));
#3231 = ORIENTED_EDGE('',*,*,#3232,.F.);
#3232 = EDGE_CURVE('',#3217,#3226,#3233,.T.);
#3233 = LINE('',#3234,#3235);
#3234 = CARTESIAN_POINT('',(0.65,1.355,0.675));
#3235 = VECTOR('',#3236,1.);
#3236 = DIRECTION('',(1.110223024625E-16,-1.,0.));
#3237 = PLANE('',#3238);
#3238 = AXIS2_PLACEMENT_3D('',#3239,#3240,#3241);
#3239 = CARTESIAN_POINT('',(0.65,1.355,0.675));
#3240 = DIRECTION('',(-1.,-1.110223024625E-16,0.));
#3241 = DIRECTION('',(1.110223024625E-16,-1.,0.));
#3242 = ADVANCED_FACE('',(#3243),#3260,.F.);
#3243 = FACE_BOUND('',#3244,.F.);
#3244 = EDGE_LOOP('',(#3245,#3246,#3247,#3255));
#3245 = ORIENTED_EDGE('',*,*,#2778,.T.);
#3246 = ORIENTED_EDGE('',*,*,#2966,.T.);
#3247 = ORIENTED_EDGE('',*,*,#3248,.F.);
#3248 = EDGE_CURVE('',#3249,#2967,#3251,.T.);
#3249 = VERTEX_POINT('',#3250);
#3250 = CARTESIAN_POINT('',(-0.555,-1.45,0.675));
#3251 = LINE('',#3252,#3253);
#3252 = CARTESIAN_POINT('',(-0.555,-1.45,0.675));
#3253 = VECTOR('',#3254,1.);
#3254 = DIRECTION('',(-0.707106781187,0.707106781187,0.));
#3255 = ORIENTED_EDGE('',*,*,#3256,.F.);
#3256 = EDGE_CURVE('',#2779,#3249,#3257,.T.);
#3257 = B_SPLINE_CURVE_WITH_KNOTS('',1,(#3258,#3259),.UNSPECIFIED.,.F.,
  .F.,(2,2),(0.,1.),.PIECEWISE_BEZIER_KNOTS.);
#3258 = CARTESIAN_POINT('',(-0.555,-1.45,0.525));
#3259 = CARTESIAN_POINT('',(-0.555,-1.45,0.675));
#3260 = PLANE('',#3261);
#3261 = AXIS2_PLACEMENT_3D('',#3262,#3263,#3264);
#3262 = CARTESIAN_POINT('',(-0.555,-1.45,0.675));
#3263 = DIRECTION('',(0.707106781187,0.707106781187,0.));
#3264 = DIRECTION('',(-0.707106781187,0.707106781187,0.));
#3265 = ADVANCED_FACE('',(#3266),#3283,.F.);
#3266 = FACE_BOUND('',#3267,.F.);
#3267 = EDGE_LOOP('',(#3268,#3269,#3276,#3282));
#3268 = ORIENTED_EDGE('',*,*,#2807,.T.);
#3269 = ORIENTED_EDGE('',*,*,#3270,.T.);
#3270 = EDGE_CURVE('',#2801,#3271,#3273,.T.);
#3271 = VERTEX_POINT('',#3272);
#3272 = CARTESIAN_POINT('',(0.555,-1.45,0.675));
#3273 = B_SPLINE_CURVE_WITH_KNOTS('',1,(#3274,#3275),.UNSPECIFIED.,.F.,
  .F.,(2,2),(0.,1.),.PIECEWISE_BEZIER_KNOTS.);
#3274 = CARTESIAN_POINT('',(0.555,-1.45,0.525));
#3275 = CARTESIAN_POINT('',(0.555,-1.45,0.675));
#3276 = ORIENTED_EDGE('',*,*,#3277,.F.);
#3277 = EDGE_CURVE('',#3226,#3271,#3278,.T.);
#3278 = LINE('',#3279,#3280);
#3279 = CARTESIAN_POINT('',(0.65,-1.355,0.675));
#3280 = VECTOR('',#3281,1.);
#3281 = DIRECTION('',(-0.707106781187,-0.707106781187,0.));
#3282 = ORIENTED_EDGE('',*,*,#3225,.F.);
#3283 = PLANE('',#3284);
#3284 = AXIS2_PLACEMENT_3D('',#3285,#3286,#3287);
#3285 = CARTESIAN_POINT('',(0.65,-1.355,0.675));
#3286 = DIRECTION('',(-0.707106781187,0.707106781187,0.));
#3287 = DIRECTION('',(-0.707106781187,-0.707106781187,0.));
#3288 = ADVANCED_FACE('',(#3289),#3300,.F.);
#3289 = FACE_BOUND('',#3290,.F.);
#3290 = EDGE_LOOP('',(#3291,#3292,#3293,#3299));
#3291 = ORIENTED_EDGE('',*,*,#2824,.T.);
#3292 = ORIENTED_EDGE('',*,*,#3256,.T.);
#3293 = ORIENTED_EDGE('',*,*,#3294,.F.);
#3294 = EDGE_CURVE('',#3271,#3249,#3295,.T.);
#3295 = LINE('',#3296,#3297);
#3296 = CARTESIAN_POINT('',(0.555,-1.45,0.675));
#3297 = VECTOR('',#3298,1.);
#3298 = DIRECTION('',(-1.,-1.110223024625E-16,0.));
#3299 = ORIENTED_EDGE('',*,*,#3270,.F.);
#3300 = PLANE('',#3301);
#3301 = AXIS2_PLACEMENT_3D('',#3302,#3303,#3304);
#3302 = CARTESIAN_POINT('',(0.555,-1.45,0.675));
#3303 = DIRECTION('',(-1.110223024625E-16,1.,0.));
#3304 = DIRECTION('',(-1.,-1.110223024625E-16,0.));
#3305 = ADVANCED_FACE('',(#3306),#3345,.F.);
#3306 = FACE_BOUND('',#3307,.F.);
#3307 = EDGE_LOOP('',(#3308,#3316,#3324,#3330,#3331,#3339));
#3308 = ORIENTED_EDGE('',*,*,#3309,.F.);
#3309 = EDGE_CURVE('',#3310,#3037,#3312,.T.);
#3310 = VERTEX_POINT('',#3311);
#3311 = CARTESIAN_POINT('',(-0.7,0.355,0.675));
#3312 = LINE('',#3313,#3314);
#3313 = CARTESIAN_POINT('',(-0.7,0.355,0.675));
#3314 = VECTOR('',#3315,1.);
#3315 = DIRECTION('',(1.,-1.144237745222E-17,0.));
#3316 = ORIENTED_EDGE('',*,*,#3317,.F.);
#3317 = EDGE_CURVE('',#3318,#3310,#3320,.T.);
#3318 = VERTEX_POINT('',#3319);
#3319 = CARTESIAN_POINT('',(-0.7,1.165,0.675));
#3320 = LINE('',#3321,#3322);
#3321 = CARTESIAN_POINT('',(-0.7,1.165,0.675));
#3322 = VECTOR('',#3323,1.);
#3323 = DIRECTION('',(-2.604226847886E-17,-1.,0.));
#3324 = ORIENTED_EDGE('',*,*,#3325,.T.);
#3325 = EDGE_CURVE('',#3318,#2929,#3326,.T.);
#3326 = LINE('',#3327,#3328);
#3327 = CARTESIAN_POINT('',(-0.7,1.165,0.675));
#3328 = VECTOR('',#3329,1.);
#3329 = DIRECTION('',(1.,-1.144237745222E-17,0.));
#3330 = ORIENTED_EDGE('',*,*,#2928,.T.);
#3331 = ORIENTED_EDGE('',*,*,#3332,.F.);
#3332 = EDGE_CURVE('',#3333,#2921,#3335,.T.);
#3333 = VERTEX_POINT('',#3334);
#3334 = CARTESIAN_POINT('',(-0.625,0.355,0.675));
#3335 = LINE('',#3336,#3337);
#3336 = CARTESIAN_POINT('',(-0.625,-1.3425,0.675));
#3337 = VECTOR('',#3338,1.);
#3338 = DIRECTION('',(-1.110223024625E-16,1.,0.));
#3339 = ORIENTED_EDGE('',*,*,#3340,.F.);
#3340 = EDGE_CURVE('',#3037,#3333,#3341,.T.);
#3341 = LINE('',#3342,#3343);
#3342 = CARTESIAN_POINT('',(-0.7,0.355,0.675));
#3343 = VECTOR('',#3344,1.);
#3344 = DIRECTION('',(1.,-1.144237745222E-17,0.));
#3345 = PLANE('',#3346);
#3346 = AXIS2_PLACEMENT_3D('',#3347,#3348,#3349);
#3347 = CARTESIAN_POINT('',(-0.7,0.735,0.675));
#3348 = DIRECTION('',(0.,0.,-1.));
#3349 = DIRECTION('',(1.,-1.144237745222E-17,0.));
#3350 = ADVANCED_FACE('',(#3351),#3399,.F.);
#3351 = FACE_BOUND('',#3352,.F.);
#3352 = EDGE_LOOP('',(#3353,#3363,#3371,#3377,#3378,#3379,#3386,#3394));
#3353 = ORIENTED_EDGE('',*,*,#3354,.T.);
#3354 = EDGE_CURVE('',#3355,#3357,#3359,.T.);
#3355 = VERTEX_POINT('',#3356);
#3356 = CARTESIAN_POINT('',(-0.625,-1.3425,0.675));
#3357 = VERTEX_POINT('',#3358);
#3358 = CARTESIAN_POINT('',(-0.625,-1.165,0.675));
#3359 = LINE('',#3360,#3361);
#3360 = CARTESIAN_POINT('',(-0.625,-1.3425,0.675));
#3361 = VECTOR('',#3362,1.);
#3362 = DIRECTION('',(-1.110223024625E-16,1.,0.));
#3363 = ORIENTED_EDGE('',*,*,#3364,.T.);
#3364 = EDGE_CURVE('',#3357,#3365,#3367,.T.);
#3365 = VERTEX_POINT('',#3366);
#3366 = CARTESIAN_POINT('',(-0.625,-0.735,0.675));
#3367 = LINE('',#3368,#3369);
#3368 = CARTESIAN_POINT('',(-0.625,-1.3425,0.675));
#3369 = VECTOR('',#3370,1.);
#3370 = DIRECTION('',(-1.110223024625E-16,1.,0.));
#3371 = ORIENTED_EDGE('',*,*,#3372,.T.);
#3372 = EDGE_CURVE('',#3365,#3333,#3373,.T.);
#3373 = LINE('',#3374,#3375);
#3374 = CARTESIAN_POINT('',(-0.625,-1.3425,0.675));
#3375 = VECTOR('',#3376,1.);
#3376 = DIRECTION('',(-1.110223024625E-16,1.,0.));
#3377 = ORIENTED_EDGE('',*,*,#3332,.T.);
#3378 = ORIENTED_EDGE('',*,*,#2920,.T.);
#3379 = ORIENTED_EDGE('',*,*,#3380,.T.);
#3380 = EDGE_CURVE('',#2913,#3381,#3383,.T.);
#3381 = VERTEX_POINT('',#3382);
#3382 = CARTESIAN_POINT('',(-0.565270145251,1.312635072626,1.1));
#3383 = B_SPLINE_CURVE_WITH_KNOTS('',1,(#3384,#3385),.UNSPECIFIED.,.F.,
  .F.,(2,2),(0.,1.),.PIECEWISE_BEZIER_KNOTS.);
#3384 = CARTESIAN_POINT('',(-0.625,1.3425,0.675));
#3385 = CARTESIAN_POINT('',(-0.565270145251,1.312635072626,1.1));
#3386 = ORIENTED_EDGE('',*,*,#3387,.F.);
#3387 = EDGE_CURVE('',#3388,#3381,#3390,.T.);
#3388 = VERTEX_POINT('',#3389);
#3389 = CARTESIAN_POINT('',(-0.565270145251,-1.312635072626,1.1));
#3390 = LINE('',#3391,#3392);
#3391 = CARTESIAN_POINT('',(-0.565270145251,-1.312635072626,1.1));
#3392 = VECTOR('',#3393,1.);
#3393 = DIRECTION('',(-1.110223024625E-16,1.,0.));
#3394 = ORIENTED_EDGE('',*,*,#3395,.F.);
#3395 = EDGE_CURVE('',#3355,#3388,#3396,.T.);
#3396 = B_SPLINE_CURVE_WITH_KNOTS('',1,(#3397,#3398),.UNSPECIFIED.,.F.,
  .F.,(2,2),(0.,1.),.PIECEWISE_BEZIER_KNOTS.);
#3397 = CARTESIAN_POINT('',(-0.625,-1.3425,0.675));
#3398 = CARTESIAN_POINT('',(-0.565270145251,-1.312635072626,1.1));
#3399 = B_SPLINE_SURFACE_WITH_KNOTS('',1,1,(
    (#3400,#3401)
    ,(#3402,#3403
    )),.UNSPECIFIED.,.F.,.F.,.F.,(2,2),(2,2),(0.,2.685),(0.,1.),
  .PIECEWISE_BEZIER_KNOTS.);
#3400 = CARTESIAN_POINT('',(-0.625,-1.3425,0.675));
#3401 = CARTESIAN_POINT('',(-0.565270145251,-1.312635072626,1.1));
#3402 = CARTESIAN_POINT('',(-0.625,1.3425,0.675));
#3403 = CARTESIAN_POINT('',(-0.565270145251,1.312635072626,1.1));
#3404 = ADVANCED_FACE('',(#3405),#3422,.F.);
#3405 = FACE_BOUND('',#3406,.F.);
#3406 = EDGE_LOOP('',(#3407,#3408,#3415,#3421));
#3407 = ORIENTED_EDGE('',*,*,#2912,.T.);
#3408 = ORIENTED_EDGE('',*,*,#3409,.T.);
#3409 = EDGE_CURVE('',#2905,#3410,#3412,.T.);
#3410 = VERTEX_POINT('',#3411);
#3411 = CARTESIAN_POINT('',(-0.512635072626,1.365270145251,1.1));
#3412 = B_SPLINE_CURVE_WITH_KNOTS('',1,(#3413,#3414),.UNSPECIFIED.,.F.,
  .F.,(2,2),(0.,1.),.PIECEWISE_BEZIER_KNOTS.);
#3413 = CARTESIAN_POINT('',(-0.5425,1.425,0.675));
#3414 = CARTESIAN_POINT('',(-0.512635072626,1.365270145251,1.1));
#3415 = ORIENTED_EDGE('',*,*,#3416,.F.);
#3416 = EDGE_CURVE('',#3381,#3410,#3417,.T.);
#3417 = LINE('',#3418,#3419);
#3418 = CARTESIAN_POINT('',(-0.565270145251,1.312635072626,1.1));
#3419 = VECTOR('',#3420,1.);
#3420 = DIRECTION('',(0.707106781187,0.707106781187,0.));
#3421 = ORIENTED_EDGE('',*,*,#3380,.F.);
#3422 = B_SPLINE_SURFACE_WITH_KNOTS('',1,1,(
    (#3423,#3424)
    ,(#3425,#3426
    )),.UNSPECIFIED.,.F.,.F.,.F.,(2,2),(2,2),(0.,0.116672618896),(0.,1.)
  ,.PIECEWISE_BEZIER_KNOTS.);
#3423 = CARTESIAN_POINT('',(-0.625,1.3425,0.675));
#3424 = CARTESIAN_POINT('',(-0.565270145251,1.312635072626,1.1));
#3425 = CARTESIAN_POINT('',(-0.5425,1.425,0.675));
#3426 = CARTESIAN_POINT('',(-0.512635072626,1.365270145251,1.1));
#3427 = ADVANCED_FACE('',(#3428),#3445,.F.);
#3428 = FACE_BOUND('',#3429,.F.);
#3429 = EDGE_LOOP('',(#3430,#3431,#3438,#3444));
#3430 = ORIENTED_EDGE('',*,*,#2904,.T.);
#3431 = ORIENTED_EDGE('',*,*,#3432,.T.);
#3432 = EDGE_CURVE('',#2897,#3433,#3435,.T.);
#3433 = VERTEX_POINT('',#3434);
#3434 = CARTESIAN_POINT('',(0.512635072626,1.365270145251,1.1));
#3435 = B_SPLINE_CURVE_WITH_KNOTS('',1,(#3436,#3437),.UNSPECIFIED.,.F.,
  .F.,(2,2),(0.,1.),.PIECEWISE_BEZIER_KNOTS.);
#3436 = CARTESIAN_POINT('',(0.5425,1.425,0.675));
#3437 = CARTESIAN_POINT('',(0.512635072626,1.365270145251,1.1));
#3438 = ORIENTED_EDGE('',*,*,#3439,.F.);
#3439 = EDGE_CURVE('',#3410,#3433,#3440,.T.);
#3440 = LINE('',#3441,#3442);
#3441 = CARTESIAN_POINT('',(-0.512635072626,1.365270145251,1.1));
#3442 = VECTOR('',#3443,1.);
#3443 = DIRECTION('',(1.,1.110223024625E-16,0.));
#3444 = ORIENTED_EDGE('',*,*,#3409,.F.);
#3445 = B_SPLINE_SURFACE_WITH_KNOTS('',1,1,(
    (#3446,#3447)
    ,(#3448,#3449
    )),.UNSPECIFIED.,.F.,.F.,.F.,(2,2),(2,2),(0.,1.085),(0.,1.),
  .PIECEWISE_BEZIER_KNOTS.);
#3446 = CARTESIAN_POINT('',(-0.5425,1.425,0.675));
#3447 = CARTESIAN_POINT('',(-0.512635072626,1.365270145251,1.1));
#3448 = CARTESIAN_POINT('',(0.5425,1.425,0.675));
#3449 = CARTESIAN_POINT('',(0.512635072626,1.365270145251,1.1));
#3450 = ADVANCED_FACE('',(#3451),#3468,.F.);
#3451 = FACE_BOUND('',#3452,.F.);
#3452 = EDGE_LOOP('',(#3453,#3454,#3461,#3467));
#3453 = ORIENTED_EDGE('',*,*,#2896,.T.);
#3454 = ORIENTED_EDGE('',*,*,#3455,.T.);
#3455 = EDGE_CURVE('',#2889,#3456,#3458,.T.);
#3456 = VERTEX_POINT('',#3457);
#3457 = CARTESIAN_POINT('',(0.565270145251,1.312635072626,1.1));
#3458 = B_SPLINE_CURVE_WITH_KNOTS('',1,(#3459,#3460),.UNSPECIFIED.,.F.,
  .F.,(2,2),(0.,1.),.PIECEWISE_BEZIER_KNOTS.);
#3459 = CARTESIAN_POINT('',(0.625,1.3425,0.675));
#3460 = CARTESIAN_POINT('',(0.565270145251,1.312635072626,1.1));
#3461 = ORIENTED_EDGE('',*,*,#3462,.F.);
#3462 = EDGE_CURVE('',#3433,#3456,#3463,.T.);
#3463 = LINE('',#3464,#3465);
#3464 = CARTESIAN_POINT('',(0.512635072626,1.365270145251,1.1));
#3465 = VECTOR('',#3466,1.);
#3466 = DIRECTION('',(0.707106781187,-0.707106781187,0.));
#3467 = ORIENTED_EDGE('',*,*,#3432,.F.);
#3468 = B_SPLINE_SURFACE_WITH_KNOTS('',1,1,(
    (#3469,#3470)
    ,(#3471,#3472
    )),.UNSPECIFIED.,.F.,.F.,.F.,(2,2),(2,2),(0.,0.116672618896),(0.,1.)
  ,.PIECEWISE_BEZIER_KNOTS.);
#3469 = CARTESIAN_POINT('',(0.5425,1.425,0.675));
#3470 = CARTESIAN_POINT('',(0.512635072626,1.365270145251,1.1));
#3471 = CARTESIAN_POINT('',(0.625,1.3425,0.675));
#3472 = CARTESIAN_POINT('',(0.565270145251,1.312635072626,1.1));
#3473 = ADVANCED_FACE('',(#3474),#3523,.F.);
#3474 = FACE_BOUND('',#3475,.F.);
#3475 = EDGE_LOOP('',(#3476,#3477,#3485,#3493,#3501,#3509,#3516,#3522));
#3476 = ORIENTED_EDGE('',*,*,#2888,.T.);
#3477 = ORIENTED_EDGE('',*,*,#3478,.T.);
#3478 = EDGE_CURVE('',#2881,#3479,#3481,.T.);
#3479 = VERTEX_POINT('',#3480);
#3480 = CARTESIAN_POINT('',(0.625,0.735,0.675));
#3481 = LINE('',#3482,#3483);
#3482 = CARTESIAN_POINT('',(0.625,1.3425,0.675));
#3483 = VECTOR('',#3484,1.);
#3484 = DIRECTION('',(1.110223024625E-16,-1.,0.));
#3485 = ORIENTED_EDGE('',*,*,#3486,.T.);
#3486 = EDGE_CURVE('',#3479,#3487,#3489,.T.);
#3487 = VERTEX_POINT('',#3488);
#3488 = CARTESIAN_POINT('',(0.625,-0.735,0.675));
#3489 = LINE('',#3490,#3491);
#3490 = CARTESIAN_POINT('',(0.625,1.3425,0.675));
#3491 = VECTOR('',#3492,1.);
#3492 = DIRECTION('',(1.110223024625E-16,-1.,0.));
#3493 = ORIENTED_EDGE('',*,*,#3494,.T.);
#3494 = EDGE_CURVE('',#3487,#3495,#3497,.T.);
#3495 = VERTEX_POINT('',#3496);
#3496 = CARTESIAN_POINT('',(0.625,-1.165,0.675));
#3497 = LINE('',#3498,#3499);
#3498 = CARTESIAN_POINT('',(0.625,1.3425,0.675));
#3499 = VECTOR('',#3500,1.);
#3500 = DIRECTION('',(1.110223024625E-16,-1.,0.));
#3501 = ORIENTED_EDGE('',*,*,#3502,.T.);
#3502 = EDGE_CURVE('',#3495,#3503,#3505,.T.);
#3503 = VERTEX_POINT('',#3504);
#3504 = CARTESIAN_POINT('',(0.625,-1.3425,0.675));
#3505 = LINE('',#3506,#3507);
#3506 = CARTESIAN_POINT('',(0.625,1.3425,0.675));
#3507 = VECTOR('',#3508,1.);
#3508 = DIRECTION('',(1.110223024625E-16,-1.,0.));
#3509 = ORIENTED_EDGE('',*,*,#3510,.T.);
#3510 = EDGE_CURVE('',#3503,#3511,#3513,.T.);
#3511 = VERTEX_POINT('',#3512);
#3512 = CARTESIAN_POINT('',(0.565270145251,-1.312635072626,1.1));
#3513 = B_SPLINE_CURVE_WITH_KNOTS('',1,(#3514,#3515),.UNSPECIFIED.,.F.,
  .F.,(2,2),(0.,1.),.PIECEWISE_BEZIER_KNOTS.);
#3514 = CARTESIAN_POINT('',(0.625,-1.3425,0.675));
#3515 = CARTESIAN_POINT('',(0.565270145251,-1.312635072626,1.1));
#3516 = ORIENTED_EDGE('',*,*,#3517,.F.);
#3517 = EDGE_CURVE('',#3456,#3511,#3518,.T.);
#3518 = LINE('',#3519,#3520);
#3519 = CARTESIAN_POINT('',(0.565270145251,1.312635072626,1.1));
#3520 = VECTOR('',#3521,1.);
#3521 = DIRECTION('',(1.110223024625E-16,-1.,0.));
#3522 = ORIENTED_EDGE('',*,*,#3455,.F.);
#3523 = B_SPLINE_SURFACE_WITH_KNOTS('',1,1,(
    (#3524,#3525)
    ,(#3526,#3527
    )),.UNSPECIFIED.,.F.,.F.,.F.,(2,2),(2,2),(0.,2.685),(0.,1.),
  .PIECEWISE_BEZIER_KNOTS.);
#3524 = CARTESIAN_POINT('',(0.625,1.3425,0.675));
#3525 = CARTESIAN_POINT('',(0.565270145251,1.312635072626,1.1));
#3526 = CARTESIAN_POINT('',(0.625,-1.3425,0.675));
#3527 = CARTESIAN_POINT('',(0.565270145251,-1.312635072626,1.1));
#3528 = ADVANCED_FACE('',(#3529),#3561,.F.);
#3529 = FACE_BOUND('',#3530,.F.);
#3530 = EDGE_LOOP('',(#3531,#3539,#3547,#3553,#3559,#3560));
#3531 = ORIENTED_EDGE('',*,*,#3532,.F.);
#3532 = EDGE_CURVE('',#3533,#2873,#3535,.T.);
#3533 = VERTEX_POINT('',#3534);
#3534 = CARTESIAN_POINT('',(0.7,1.165,0.675));
#3535 = LINE('',#3536,#3537);
#3536 = CARTESIAN_POINT('',(0.7,1.165,0.675));
#3537 = VECTOR('',#3538,1.);
#3538 = DIRECTION('',(-1.,-1.110223024625E-16,0.));
#3539 = ORIENTED_EDGE('',*,*,#3540,.T.);
#3540 = EDGE_CURVE('',#3533,#3541,#3543,.T.);
#3541 = VERTEX_POINT('',#3542);
#3542 = CARTESIAN_POINT('',(0.7,0.735,0.675));
#3543 = LINE('',#3544,#3545);
#3544 = CARTESIAN_POINT('',(0.7,1.165,0.675));
#3545 = VECTOR('',#3546,1.);
#3546 = DIRECTION('',(1.110223024625E-16,-1.,0.));
#3547 = ORIENTED_EDGE('',*,*,#3548,.T.);
#3548 = EDGE_CURVE('',#3541,#3155,#3549,.T.);
#3549 = LINE('',#3550,#3551);
#3550 = CARTESIAN_POINT('',(0.7,0.735,0.675));
#3551 = VECTOR('',#3552,1.);
#3552 = DIRECTION('',(-1.,-1.110223024625E-16,0.));
#3553 = ORIENTED_EDGE('',*,*,#3554,.T.);
#3554 = EDGE_CURVE('',#3155,#3479,#3555,.T.);
#3555 = LINE('',#3556,#3557);
#3556 = CARTESIAN_POINT('',(0.7,0.735,0.675));
#3557 = VECTOR('',#3558,1.);
#3558 = DIRECTION('',(-1.,-1.110223024625E-16,0.));
#3559 = ORIENTED_EDGE('',*,*,#3478,.F.);
#3560 = ORIENTED_EDGE('',*,*,#2880,.F.);
#3561 = PLANE('',#3562);
#3562 = AXIS2_PLACEMENT_3D('',#3563,#3564,#3565);
#3563 = CARTESIAN_POINT('',(0.7,1.165,0.675));
#3564 = DIRECTION('',(0.,0.,-1.));
#3565 = DIRECTION('',(-1.,-1.110223024625E-16,-0.));
#3566 = ADVANCED_FACE('',(#3567),#3610,.F.);
#3567 = FACE_BOUND('',#3568,.F.);
#3568 = EDGE_LOOP('',(#3569,#3570,#3576,#3577,#3585,#3593,#3599,#3600,
    #3606,#3607,#3608,#3609));
#3569 = ORIENTED_EDGE('',*,*,#2982,.T.);
#3570 = ORIENTED_EDGE('',*,*,#3571,.T.);
#3571 = EDGE_CURVE('',#2975,#3357,#3572,.T.);
#3572 = LINE('',#3573,#3574);
#3573 = CARTESIAN_POINT('',(-0.7,-1.165,0.675));
#3574 = VECTOR('',#3575,1.);
#3575 = DIRECTION('',(1.,-1.144237745222E-17,0.));
#3576 = ORIENTED_EDGE('',*,*,#3354,.F.);
#3577 = ORIENTED_EDGE('',*,*,#3578,.F.);
#3578 = EDGE_CURVE('',#3579,#3355,#3581,.T.);
#3579 = VERTEX_POINT('',#3580);
#3580 = CARTESIAN_POINT('',(-0.5425,-1.425,0.675));
#3581 = LINE('',#3582,#3583);
#3582 = CARTESIAN_POINT('',(-0.5425,-1.425,0.675));
#3583 = VECTOR('',#3584,1.);
#3584 = DIRECTION('',(-0.707106781187,0.707106781187,0.));
#3585 = ORIENTED_EDGE('',*,*,#3586,.F.);
#3586 = EDGE_CURVE('',#3587,#3579,#3589,.T.);
#3587 = VERTEX_POINT('',#3588);
#3588 = CARTESIAN_POINT('',(0.5425,-1.425,0.675));
#3589 = LINE('',#3590,#3591);
#3590 = CARTESIAN_POINT('',(0.5425,-1.425,0.675));
#3591 = VECTOR('',#3592,1.);
#3592 = DIRECTION('',(-1.,-1.110223024625E-16,0.));
#3593 = ORIENTED_EDGE('',*,*,#3594,.F.);
#3594 = EDGE_CURVE('',#3503,#3587,#3595,.T.);
#3595 = LINE('',#3596,#3597);
#3596 = CARTESIAN_POINT('',(0.625,-1.3425,0.675));
#3597 = VECTOR('',#3598,1.);
#3598 = DIRECTION('',(-0.707106781187,-0.707106781187,0.));
#3599 = ORIENTED_EDGE('',*,*,#3502,.F.);
#3600 = ORIENTED_EDGE('',*,*,#3601,.F.);
#3601 = EDGE_CURVE('',#3217,#3495,#3602,.T.);
#3602 = LINE('',#3603,#3604);
#3603 = CARTESIAN_POINT('',(0.7,-1.165,0.675));
#3604 = VECTOR('',#3605,1.);
#3605 = DIRECTION('',(-1.,-1.110223024625E-16,0.));
#3606 = ORIENTED_EDGE('',*,*,#3232,.T.);
#3607 = ORIENTED_EDGE('',*,*,#3277,.T.);
#3608 = ORIENTED_EDGE('',*,*,#3294,.T.);
#3609 = ORIENTED_EDGE('',*,*,#3248,.T.);
#3610 = PLANE('',#3611);
#3611 = AXIS2_PLACEMENT_3D('',#3612,#3613,#3614);
#3612 = CARTESIAN_POINT('',(-5.499503515576E-17,1.4375,0.675));
#3613 = DIRECTION('',(-4.735780055487E-31,-6.662940868892E-27,-1.));
#3614 = DIRECTION('',(1.,1.113200023686E-16,-4.735780055494E-31));
#3615 = ADVANCED_FACE('',(#3616),#3702,.F.);
#3616 = FACE_BOUND('',#3617,.F.);
#3617 = EDGE_LOOP('',(#3618,#3619,#3620,#3629,#3637,#3646,#3654,#3662,
    #3670,#3679,#3687,#3696));
#3618 = ORIENTED_EDGE('',*,*,#2974,.F.);
#3619 = ORIENTED_EDGE('',*,*,#2996,.T.);
#3620 = ORIENTED_EDGE('',*,*,#3621,.T.);
#3621 = EDGE_CURVE('',#2997,#3622,#3624,.T.);
#3622 = VERTEX_POINT('',#3623);
#3623 = CARTESIAN_POINT('',(-0.798480775301,-1.165,0.442364817767));
#3624 = CIRCLE('',#3625,0.1);
#3625 = AXIS2_PLACEMENT_3D('',#3626,#3627,#3628);
#3626 = CARTESIAN_POINT('',(-0.7,-1.165,0.425));
#3627 = DIRECTION('',(-1.144237745222E-17,-1.,0.));
#3628 = DIRECTION('',(0.,0.,1.));
#3629 = ORIENTED_EDGE('',*,*,#3630,.T.);
#3630 = EDGE_CURVE('',#3622,#3631,#3633,.T.);
#3631 = VERTEX_POINT('',#3632);
#3632 = CARTESIAN_POINT('',(-0.834655283371,-1.165,0.206587955583));
#3633 = LINE('',#3634,#3635);
#3634 = CARTESIAN_POINT('',(-0.798480775301,-1.165,0.442364817767));
#3635 = VECTOR('',#3636,1.);
#3636 = DIRECTION('',(-0.151652327974,1.735263178185E-18,-0.988433898356
    ));
#3637 = ORIENTED_EDGE('',*,*,#3638,.T.);
#3638 = EDGE_CURVE('',#3631,#3639,#3641,.T.);
#3639 = VERTEX_POINT('',#3640);
#3640 = CARTESIAN_POINT('',(-1.080857221624,-1.165,5.551115123126E-17));
#3641 = CIRCLE('',#3642,0.25);
#3642 = AXIS2_PLACEMENT_3D('',#3643,#3644,#3645);
#3643 = CARTESIAN_POINT('',(-1.080857221624,-1.165,0.25));
#3644 = DIRECTION('',(1.144237745222E-17,1.,3.851859888774E-34));
#3645 = DIRECTION('',(0.984807753012,-1.126854202784E-17,-0.173648177667
    ));
#3646 = ORIENTED_EDGE('',*,*,#3647,.T.);
#3647 = EDGE_CURVE('',#3639,#3648,#3650,.T.);
#3648 = VERTEX_POINT('',#3649);
#3649 = CARTESIAN_POINT('',(-1.15,-1.165,5.551115123126E-17));
#3650 = LINE('',#3651,#3652);
#3651 = CARTESIAN_POINT('',(-1.080857221624,-1.165,5.551115123126E-17));
#3652 = VECTOR('',#3653,1.);
#3653 = DIRECTION('',(-1.,1.144237745222E-17,0.));
#3654 = ORIENTED_EDGE('',*,*,#3655,.T.);
#3655 = EDGE_CURVE('',#3648,#3656,#3658,.T.);
#3656 = VERTEX_POINT('',#3657);
#3657 = CARTESIAN_POINT('',(-1.15,-1.165,0.15));
#3658 = LINE('',#3659,#3660);
#3659 = CARTESIAN_POINT('',(-1.15,-1.165,5.551115123126E-17));
#3660 = VECTOR('',#3661,1.);
#3661 = DIRECTION('',(0.,0.,1.));
#3662 = ORIENTED_EDGE('',*,*,#3663,.T.);
#3663 = EDGE_CURVE('',#3656,#3664,#3666,.T.);
#3664 = VERTEX_POINT('',#3665);
#3665 = CARTESIAN_POINT('',(-1.080857221624,-1.165,0.15));
#3666 = LINE('',#3667,#3668);
#3667 = CARTESIAN_POINT('',(-1.15,-1.165,0.15));
#3668 = VECTOR('',#3669,1.);
#3669 = DIRECTION('',(1.,-1.144237745222E-17,0.));
#3670 = ORIENTED_EDGE('',*,*,#3671,.T.);
#3671 = EDGE_CURVE('',#3664,#3672,#3674,.T.);
#3672 = VERTEX_POINT('',#3673);
#3673 = CARTESIAN_POINT('',(-0.982376446323,-1.165,0.232635182233));
#3674 = CIRCLE('',#3675,0.1);
#3675 = AXIS2_PLACEMENT_3D('',#3676,#3677,#3678);
#3676 = CARTESIAN_POINT('',(-1.080857221624,-1.165,0.25));
#3677 = DIRECTION('',(-1.144237745222E-17,-1.,1.094764425254E-47));
#3678 = DIRECTION('',(-2.22044604925E-15,2.540718180781E-32,-1.));
#3679 = ORIENTED_EDGE('',*,*,#3680,.T.);
#3680 = EDGE_CURVE('',#3672,#3681,#3683,.T.);
#3681 = VERTEX_POINT('',#3682);
#3682 = CARTESIAN_POINT('',(-0.946201938253,-1.165,0.468412044417));
#3683 = LINE('',#3684,#3685);
#3684 = CARTESIAN_POINT('',(-0.982376446323,-1.165,0.232635182233));
#3685 = VECTOR('',#3686,1.);
#3686 = DIRECTION('',(0.151652327974,-1.735263178185E-18,0.988433898356)
  );
#3687 = ORIENTED_EDGE('',*,*,#3688,.T.);
#3688 = EDGE_CURVE('',#3681,#3689,#3691,.T.);
#3689 = VERTEX_POINT('',#3690);
#3690 = CARTESIAN_POINT('',(-0.7,-1.165,0.675));
#3691 = CIRCLE('',#3692,0.25);
#3692 = AXIS2_PLACEMENT_3D('',#3693,#3694,#3695);
#3693 = CARTESIAN_POINT('',(-0.7,-1.165,0.425));
#3694 = DIRECTION('',(1.144237745222E-17,1.,0.));
#3695 = DIRECTION('',(-0.984807753012,1.126854202784E-17,0.173648177667)
  );
#3696 = ORIENTED_EDGE('',*,*,#3697,.T.);
#3697 = EDGE_CURVE('',#3689,#2975,#3698,.T.);
#3698 = LINE('',#3699,#3700);
#3699 = CARTESIAN_POINT('',(-0.7,-1.165,0.675));
#3700 = VECTOR('',#3701,1.);
#3701 = DIRECTION('',(1.,-1.144237745222E-17,0.));
#3702 = PLANE('',#3703);
#3703 = AXIS2_PLACEMENT_3D('',#3704,#3705,#3706);
#3704 = CARTESIAN_POINT('',(-0.88006362152,-1.165,0.345273741969));
#3705 = DIRECTION('',(1.144237745222E-17,1.,0.));
#3706 = DIRECTION('',(0.,-0.,1.));
#3707 = ADVANCED_FACE('',(#3708),#3727,.F.);
#3708 = FACE_BOUND('',#3709,.F.);
#3709 = EDGE_LOOP('',(#3710,#3711,#3720,#3726));
#3710 = ORIENTED_EDGE('',*,*,#3013,.T.);
#3711 = ORIENTED_EDGE('',*,*,#3712,.T.);
#3712 = EDGE_CURVE('',#3006,#3713,#3715,.T.);
#3713 = VERTEX_POINT('',#3714);
#3714 = CARTESIAN_POINT('',(-0.798480775301,-0.735,0.442364817767));
#3715 = CIRCLE('',#3716,0.1);
#3716 = AXIS2_PLACEMENT_3D('',#3717,#3718,#3719);
#3717 = CARTESIAN_POINT('',(-0.7,-0.735,0.425));
#3718 = DIRECTION('',(-1.144237745222E-17,-1.,0.));
#3719 = DIRECTION('',(0.,0.,1.));
#3720 = ORIENTED_EDGE('',*,*,#3721,.F.);
#3721 = EDGE_CURVE('',#3622,#3713,#3722,.T.);
#3722 = LINE('',#3723,#3724);
#3723 = CARTESIAN_POINT('',(-0.798480775301,-1.165,0.442364817767));
#3724 = VECTOR('',#3725,1.);
#3725 = DIRECTION('',(1.144237745222E-17,1.,0.));
#3726 = ORIENTED_EDGE('',*,*,#3621,.F.);
#3727 = CYLINDRICAL_SURFACE('',#3728,0.1);
#3728 = AXIS2_PLACEMENT_3D('',#3729,#3730,#3731);
#3729 = CARTESIAN_POINT('',(-0.7,-1.165,0.425));
#3730 = DIRECTION('',(-1.144237745222E-17,-1.,0.));
#3731 = DIRECTION('',(0.,0.,1.));
#3732 = ADVANCED_FACE('',(#3733),#3811,.T.);
#3733 = FACE_BOUND('',#3734,.T.);
#3734 = EDGE_LOOP('',(#3735,#3736,#3737,#3738,#3746,#3755,#3763,#3771,
    #3779,#3788,#3796,#3805));
#3735 = ORIENTED_EDGE('',*,*,#3027,.F.);
#3736 = ORIENTED_EDGE('',*,*,#3005,.T.);
#3737 = ORIENTED_EDGE('',*,*,#3712,.T.);
#3738 = ORIENTED_EDGE('',*,*,#3739,.T.);
#3739 = EDGE_CURVE('',#3713,#3740,#3742,.T.);
#3740 = VERTEX_POINT('',#3741);
#3741 = CARTESIAN_POINT('',(-0.834655283371,-0.735,0.206587955583));
#3742 = LINE('',#3743,#3744);
#3743 = CARTESIAN_POINT('',(-0.798480775301,-0.735,0.442364817767));
#3744 = VECTOR('',#3745,1.);
#3745 = DIRECTION('',(-0.151652327974,1.735263178185E-18,-0.988433898356
    ));
#3746 = ORIENTED_EDGE('',*,*,#3747,.T.);
#3747 = EDGE_CURVE('',#3740,#3748,#3750,.T.);
#3748 = VERTEX_POINT('',#3749);
#3749 = CARTESIAN_POINT('',(-1.080857221624,-0.735,5.551115123126E-17));
#3750 = CIRCLE('',#3751,0.25);
#3751 = AXIS2_PLACEMENT_3D('',#3752,#3753,#3754);
#3752 = CARTESIAN_POINT('',(-1.080857221624,-0.735,0.25));
#3753 = DIRECTION('',(1.144237745222E-17,1.,3.851859888774E-34));
#3754 = DIRECTION('',(0.984807753012,-1.126854202784E-17,-0.173648177667
    ));
#3755 = ORIENTED_EDGE('',*,*,#3756,.T.);
#3756 = EDGE_CURVE('',#3748,#3757,#3759,.T.);
#3757 = VERTEX_POINT('',#3758);
#3758 = CARTESIAN_POINT('',(-1.15,-0.735,5.551115123126E-17));
#3759 = LINE('',#3760,#3761);
#3760 = CARTESIAN_POINT('',(-1.080857221624,-0.735,5.551115123126E-17));
#3761 = VECTOR('',#3762,1.);
#3762 = DIRECTION('',(-1.,1.144237745222E-17,0.));
#3763 = ORIENTED_EDGE('',*,*,#3764,.T.);
#3764 = EDGE_CURVE('',#3757,#3765,#3767,.T.);
#3765 = VERTEX_POINT('',#3766);
#3766 = CARTESIAN_POINT('',(-1.15,-0.735,0.15));
#3767 = LINE('',#3768,#3769);
#3768 = CARTESIAN_POINT('',(-1.15,-0.735,5.551115123126E-17));
#3769 = VECTOR('',#3770,1.);
#3770 = DIRECTION('',(0.,0.,1.));
#3771 = ORIENTED_EDGE('',*,*,#3772,.T.);
#3772 = EDGE_CURVE('',#3765,#3773,#3775,.T.);
#3773 = VERTEX_POINT('',#3774);
#3774 = CARTESIAN_POINT('',(-1.080857221624,-0.735,0.15));
#3775 = LINE('',#3776,#3777);
#3776 = CARTESIAN_POINT('',(-1.15,-0.735,0.15));
#3777 = VECTOR('',#3778,1.);
#3778 = DIRECTION('',(1.,-1.144237745222E-17,0.));
#3779 = ORIENTED_EDGE('',*,*,#3780,.T.);
#3780 = EDGE_CURVE('',#3773,#3781,#3783,.T.);
#3781 = VERTEX_POINT('',#3782);
#3782 = CARTESIAN_POINT('',(-0.982376446323,-0.735,0.232635182233));
#3783 = CIRCLE('',#3784,0.1);
#3784 = AXIS2_PLACEMENT_3D('',#3785,#3786,#3787);
#3785 = CARTESIAN_POINT('',(-1.080857221624,-0.735,0.25));
#3786 = DIRECTION('',(-1.144237745222E-17,-1.,1.094764425254E-47));
#3787 = DIRECTION('',(-2.22044604925E-15,2.540718180781E-32,-1.));
#3788 = ORIENTED_EDGE('',*,*,#3789,.T.);
#3789 = EDGE_CURVE('',#3781,#3790,#3792,.T.);
#3790 = VERTEX_POINT('',#3791);
#3791 = CARTESIAN_POINT('',(-0.946201938253,-0.735,0.468412044417));
#3792 = LINE('',#3793,#3794);
#3793 = CARTESIAN_POINT('',(-0.982376446323,-0.735,0.232635182233));
#3794 = VECTOR('',#3795,1.);
#3795 = DIRECTION('',(0.151652327974,-1.735263178185E-18,0.988433898356)
  );
#3796 = ORIENTED_EDGE('',*,*,#3797,.T.);
#3797 = EDGE_CURVE('',#3790,#3798,#3800,.T.);
#3798 = VERTEX_POINT('',#3799);
#3799 = CARTESIAN_POINT('',(-0.7,-0.735,0.675));
#3800 = CIRCLE('',#3801,0.25);
#3801 = AXIS2_PLACEMENT_3D('',#3802,#3803,#3804);
#3802 = CARTESIAN_POINT('',(-0.7,-0.735,0.425));
#3803 = DIRECTION('',(1.144237745222E-17,1.,0.));
#3804 = DIRECTION('',(-0.984807753012,1.126854202784E-17,0.173648177667)
  );
#3805 = ORIENTED_EDGE('',*,*,#3806,.T.);
#3806 = EDGE_CURVE('',#3798,#3028,#3807,.T.);
#3807 = LINE('',#3808,#3809);
#3808 = CARTESIAN_POINT('',(-0.7,-0.735,0.675));
#3809 = VECTOR('',#3810,1.);
#3810 = DIRECTION('',(1.,-1.144237745222E-17,0.));
#3811 = PLANE('',#3812);
#3812 = AXIS2_PLACEMENT_3D('',#3813,#3814,#3815);
#3813 = CARTESIAN_POINT('',(-0.88006362152,-0.735,0.345273741969));
#3814 = DIRECTION('',(1.144237745222E-17,1.,0.));
#3815 = DIRECTION('',(0.,-0.,1.));
#3816 = ADVANCED_FACE('',(#3817),#3828,.F.);
#3817 = FACE_BOUND('',#3818,.F.);
#3818 = EDGE_LOOP('',(#3819,#3820,#3821,#3822));
#3819 = ORIENTED_EDGE('',*,*,#3044,.T.);
#3820 = ORIENTED_EDGE('',*,*,#3340,.T.);
#3821 = ORIENTED_EDGE('',*,*,#3372,.F.);
#3822 = ORIENTED_EDGE('',*,*,#3823,.F.);
#3823 = EDGE_CURVE('',#3028,#3365,#3824,.T.);
#3824 = LINE('',#3825,#3826);
#3825 = CARTESIAN_POINT('',(-0.7,-0.735,0.675));
#3826 = VECTOR('',#3827,1.);
#3827 = DIRECTION('',(1.,-1.144237745222E-17,0.));
#3828 = PLANE('',#3829);
#3829 = AXIS2_PLACEMENT_3D('',#3830,#3831,#3832);
#3830 = CARTESIAN_POINT('',(-5.499503515576E-17,1.4375,0.675));
#3831 = DIRECTION('',(-4.735780055487E-31,-6.662940868892E-27,-1.));
#3832 = DIRECTION('',(1.,1.113200023686E-16,-4.735780055494E-31));
#3833 = ADVANCED_FACE('',(#3834),#3913,.F.);
#3834 = FACE_BOUND('',#3835,.F.);
#3835 = EDGE_LOOP('',(#3836,#3837,#3838,#3847,#3855,#3864,#3872,#3880,
    #3888,#3897,#3905,#3912));
#3836 = ORIENTED_EDGE('',*,*,#3036,.F.);
#3837 = ORIENTED_EDGE('',*,*,#3068,.T.);
#3838 = ORIENTED_EDGE('',*,*,#3839,.T.);
#3839 = EDGE_CURVE('',#3059,#3840,#3842,.T.);
#3840 = VERTEX_POINT('',#3841);
#3841 = CARTESIAN_POINT('',(-0.798480775301,0.355,0.442364817767));
#3842 = CIRCLE('',#3843,0.1);
#3843 = AXIS2_PLACEMENT_3D('',#3844,#3845,#3846);
#3844 = CARTESIAN_POINT('',(-0.7,0.355,0.425));
#3845 = DIRECTION('',(-1.144237745222E-17,-1.,0.));
#3846 = DIRECTION('',(0.,0.,1.));
#3847 = ORIENTED_EDGE('',*,*,#3848,.T.);
#3848 = EDGE_CURVE('',#3840,#3849,#3851,.T.);
#3849 = VERTEX_POINT('',#3850);
#3850 = CARTESIAN_POINT('',(-0.834655283371,0.355,0.206587955583));
#3851 = LINE('',#3852,#3853);
#3852 = CARTESIAN_POINT('',(-0.798480775301,0.355,0.442364817767));
#3853 = VECTOR('',#3854,1.);
#3854 = DIRECTION('',(-0.151652327974,1.735263178185E-18,-0.988433898356
    ));
#3855 = ORIENTED_EDGE('',*,*,#3856,.T.);
#3856 = EDGE_CURVE('',#3849,#3857,#3859,.T.);
#3857 = VERTEX_POINT('',#3858);
#3858 = CARTESIAN_POINT('',(-1.080857221624,0.355,5.551115123126E-17));
#3859 = CIRCLE('',#3860,0.25);
#3860 = AXIS2_PLACEMENT_3D('',#3861,#3862,#3863);
#3861 = CARTESIAN_POINT('',(-1.080857221624,0.355,0.25));
#3862 = DIRECTION('',(1.144237745222E-17,1.,3.851859888774E-34));
#3863 = DIRECTION('',(0.984807753012,-1.126854202784E-17,-0.173648177667
    ));
#3864 = ORIENTED_EDGE('',*,*,#3865,.T.);
#3865 = EDGE_CURVE('',#3857,#3866,#3868,.T.);
#3866 = VERTEX_POINT('',#3867);
#3867 = CARTESIAN_POINT('',(-1.15,0.355,5.551115123126E-17));
#3868 = LINE('',#3869,#3870);
#3869 = CARTESIAN_POINT('',(-1.080857221624,0.355,5.551115123126E-17));
#3870 = VECTOR('',#3871,1.);
#3871 = DIRECTION('',(-1.,1.144237745222E-17,0.));
#3872 = ORIENTED_EDGE('',*,*,#3873,.T.);
#3873 = EDGE_CURVE('',#3866,#3874,#3876,.T.);
#3874 = VERTEX_POINT('',#3875);
#3875 = CARTESIAN_POINT('',(-1.15,0.355,0.15));
#3876 = LINE('',#3877,#3878);
#3877 = CARTESIAN_POINT('',(-1.15,0.355,5.551115123126E-17));
#3878 = VECTOR('',#3879,1.);
#3879 = DIRECTION('',(0.,0.,1.));
#3880 = ORIENTED_EDGE('',*,*,#3881,.T.);
#3881 = EDGE_CURVE('',#3874,#3882,#3884,.T.);
#3882 = VERTEX_POINT('',#3883);
#3883 = CARTESIAN_POINT('',(-1.080857221624,0.355,0.15));
#3884 = LINE('',#3885,#3886);
#3885 = CARTESIAN_POINT('',(-1.15,0.355,0.15));
#3886 = VECTOR('',#3887,1.);
#3887 = DIRECTION('',(1.,-1.144237745222E-17,0.));
#3888 = ORIENTED_EDGE('',*,*,#3889,.T.);
#3889 = EDGE_CURVE('',#3882,#3890,#3892,.T.);
#3890 = VERTEX_POINT('',#3891);
#3891 = CARTESIAN_POINT('',(-0.982376446323,0.355,0.232635182233));
#3892 = CIRCLE('',#3893,0.1);
#3893 = AXIS2_PLACEMENT_3D('',#3894,#3895,#3896);
#3894 = CARTESIAN_POINT('',(-1.080857221624,0.355,0.25));
#3895 = DIRECTION('',(-1.144237745222E-17,-1.,1.094764425254E-47));
#3896 = DIRECTION('',(-2.22044604925E-15,2.540718180781E-32,-1.));
#3897 = ORIENTED_EDGE('',*,*,#3898,.T.);
#3898 = EDGE_CURVE('',#3890,#3899,#3901,.T.);
#3899 = VERTEX_POINT('',#3900);
#3900 = CARTESIAN_POINT('',(-0.946201938253,0.355,0.468412044417));
#3901 = LINE('',#3902,#3903);
#3902 = CARTESIAN_POINT('',(-0.982376446323,0.355,0.232635182233));
#3903 = VECTOR('',#3904,1.);
#3904 = DIRECTION('',(0.151652327974,-1.735263178185E-18,0.988433898356)
  );
#3905 = ORIENTED_EDGE('',*,*,#3906,.T.);
#3906 = EDGE_CURVE('',#3899,#3310,#3907,.T.);
#3907 = CIRCLE('',#3908,0.25);
#3908 = AXIS2_PLACEMENT_3D('',#3909,#3910,#3911);
#3909 = CARTESIAN_POINT('',(-0.7,0.355,0.425));
#3910 = DIRECTION('',(1.144237745222E-17,1.,0.));
#3911 = DIRECTION('',(-0.984807753012,1.126854202784E-17,0.173648177667)
  );
#3912 = ORIENTED_EDGE('',*,*,#3309,.T.);
#3913 = PLANE('',#3914);
#3914 = AXIS2_PLACEMENT_3D('',#3915,#3916,#3917);
#3915 = CARTESIAN_POINT('',(-0.88006362152,0.355,0.345273741969));
#3916 = DIRECTION('',(1.144237745222E-17,1.,0.));
#3917 = DIRECTION('',(0.,-0.,1.));
#3918 = ADVANCED_FACE('',(#3919),#3938,.F.);
#3919 = FACE_BOUND('',#3920,.F.);
#3920 = EDGE_LOOP('',(#3921,#3929,#3930,#3931));
#3921 = ORIENTED_EDGE('',*,*,#3922,.F.);
#3922 = EDGE_CURVE('',#3840,#3923,#3925,.T.);
#3923 = VERTEX_POINT('',#3924);
#3924 = CARTESIAN_POINT('',(-0.798480775301,1.165,0.442364817767));
#3925 = LINE('',#3926,#3927);
#3926 = CARTESIAN_POINT('',(-0.798480775301,0.355,0.442364817767));
#3927 = VECTOR('',#3928,1.);
#3928 = DIRECTION('',(2.604226847886E-17,1.,0.));
#3929 = ORIENTED_EDGE('',*,*,#3839,.F.);
#3930 = ORIENTED_EDGE('',*,*,#3058,.T.);
#3931 = ORIENTED_EDGE('',*,*,#3932,.T.);
#3932 = EDGE_CURVE('',#3061,#3923,#3933,.T.);
#3933 = CIRCLE('',#3934,0.1);
#3934 = AXIS2_PLACEMENT_3D('',#3935,#3936,#3937);
#3935 = CARTESIAN_POINT('',(-0.7,1.165,0.425));
#3936 = DIRECTION('',(-1.144237745222E-17,-1.,0.));
#3937 = DIRECTION('',(0.,0.,1.));
#3938 = CYLINDRICAL_SURFACE('',#3939,0.1);
#3939 = AXIS2_PLACEMENT_3D('',#3940,#3941,#3942);
#3940 = CARTESIAN_POINT('',(-0.7,0.735,0.425));
#3941 = DIRECTION('',(-1.144237745222E-17,-1.,0.));
#3942 = DIRECTION('',(0.,0.,1.));
#3943 = ADVANCED_FACE('',(#3944),#4015,.T.);
#3944 = FACE_BOUND('',#3945,.T.);
#3945 = EDGE_LOOP('',(#3946,#3947,#3948,#3949,#3957,#3966,#3974,#3982,
    #3990,#3999,#4007,#4014));
#3946 = ORIENTED_EDGE('',*,*,#3089,.F.);
#3947 = ORIENTED_EDGE('',*,*,#3075,.T.);
#3948 = ORIENTED_EDGE('',*,*,#3932,.T.);
#3949 = ORIENTED_EDGE('',*,*,#3950,.T.);
#3950 = EDGE_CURVE('',#3923,#3951,#3953,.T.);
#3951 = VERTEX_POINT('',#3952);
#3952 = CARTESIAN_POINT('',(-0.834655283371,1.165,0.206587955583));
#3953 = LINE('',#3954,#3955);
#3954 = CARTESIAN_POINT('',(-0.798480775301,1.165,0.442364817767));
#3955 = VECTOR('',#3956,1.);
#3956 = DIRECTION('',(-0.151652327974,1.735263178185E-18,-0.988433898356
    ));
#3957 = ORIENTED_EDGE('',*,*,#3958,.T.);
#3958 = EDGE_CURVE('',#3951,#3959,#3961,.T.);
#3959 = VERTEX_POINT('',#3960);
#3960 = CARTESIAN_POINT('',(-1.080857221624,1.165,5.551115123126E-17));
#3961 = CIRCLE('',#3962,0.25);
#3962 = AXIS2_PLACEMENT_3D('',#3963,#3964,#3965);
#3963 = CARTESIAN_POINT('',(-1.080857221624,1.165,0.25));
#3964 = DIRECTION('',(1.144237745222E-17,1.,3.851859888774E-34));
#3965 = DIRECTION('',(0.984807753012,-1.126854202784E-17,-0.173648177667
    ));
#3966 = ORIENTED_EDGE('',*,*,#3967,.T.);
#3967 = EDGE_CURVE('',#3959,#3968,#3970,.T.);
#3968 = VERTEX_POINT('',#3969);
#3969 = CARTESIAN_POINT('',(-1.15,1.165,5.551115123126E-17));
#3970 = LINE('',#3971,#3972);
#3971 = CARTESIAN_POINT('',(-1.080857221624,1.165,5.551115123126E-17));
#3972 = VECTOR('',#3973,1.);
#3973 = DIRECTION('',(-1.,1.144237745222E-17,0.));
#3974 = ORIENTED_EDGE('',*,*,#3975,.T.);
#3975 = EDGE_CURVE('',#3968,#3976,#3978,.T.);
#3976 = VERTEX_POINT('',#3977);
#3977 = CARTESIAN_POINT('',(-1.15,1.165,0.15));
#3978 = LINE('',#3979,#3980);
#3979 = CARTESIAN_POINT('',(-1.15,1.165,5.551115123126E-17));
#3980 = VECTOR('',#3981,1.);
#3981 = DIRECTION('',(0.,0.,1.));
#3982 = ORIENTED_EDGE('',*,*,#3983,.T.);
#3983 = EDGE_CURVE('',#3976,#3984,#3986,.T.);
#3984 = VERTEX_POINT('',#3985);
#3985 = CARTESIAN_POINT('',(-1.080857221624,1.165,0.15));
#3986 = LINE('',#3987,#3988);
#3987 = CARTESIAN_POINT('',(-1.15,1.165,0.15));
#3988 = VECTOR('',#3989,1.);
#3989 = DIRECTION('',(1.,-1.144237745222E-17,0.));
#3990 = ORIENTED_EDGE('',*,*,#3991,.T.);
#3991 = EDGE_CURVE('',#3984,#3992,#3994,.T.);
#3992 = VERTEX_POINT('',#3993);
#3993 = CARTESIAN_POINT('',(-0.982376446323,1.165,0.232635182233));
#3994 = CIRCLE('',#3995,0.1);
#3995 = AXIS2_PLACEMENT_3D('',#3996,#3997,#3998);
#3996 = CARTESIAN_POINT('',(-1.080857221624,1.165,0.25));
#3997 = DIRECTION('',(-1.144237745222E-17,-1.,1.094764425254E-47));
#3998 = DIRECTION('',(-2.22044604925E-15,2.540718180781E-32,-1.));
#3999 = ORIENTED_EDGE('',*,*,#4000,.T.);
#4000 = EDGE_CURVE('',#3992,#4001,#4003,.T.);
#4001 = VERTEX_POINT('',#4002);
#4002 = CARTESIAN_POINT('',(-0.946201938253,1.165,0.468412044417));
#4003 = LINE('',#4004,#4005);
#4004 = CARTESIAN_POINT('',(-0.982376446323,1.165,0.232635182233));
#4005 = VECTOR('',#4006,1.);
#4006 = DIRECTION('',(0.151652327974,-1.735263178185E-18,0.988433898356)
  );
#4007 = ORIENTED_EDGE('',*,*,#4008,.T.);
#4008 = EDGE_CURVE('',#4001,#3318,#4009,.T.);
#4009 = CIRCLE('',#4010,0.25);
#4010 = AXIS2_PLACEMENT_3D('',#4011,#4012,#4013);
#4011 = CARTESIAN_POINT('',(-0.7,1.165,0.425));
#4012 = DIRECTION('',(1.144237745222E-17,1.,0.));
#4013 = DIRECTION('',(-0.984807753012,1.126854202784E-17,0.173648177667)
  );
#4014 = ORIENTED_EDGE('',*,*,#3325,.T.);
#4015 = PLANE('',#4016);
#4016 = AXIS2_PLACEMENT_3D('',#4017,#4018,#4019);
#4017 = CARTESIAN_POINT('',(-0.88006362152,1.165,0.345273741969));
#4018 = DIRECTION('',(1.144237745222E-17,1.,0.));
#4019 = DIRECTION('',(0.,-0.,1.));
#4020 = ADVANCED_FACE('',(#4021),#4100,.F.);
#4021 = FACE_BOUND('',#4022,.F.);
#4022 = EDGE_LOOP('',(#4023,#4024,#4025,#4034,#4042,#4051,#4059,#4067,
    #4075,#4084,#4092,#4099));
#4023 = ORIENTED_EDGE('',*,*,#3108,.F.);
#4024 = ORIENTED_EDGE('',*,*,#3123,.T.);
#4025 = ORIENTED_EDGE('',*,*,#4026,.T.);
#4026 = EDGE_CURVE('',#3124,#4027,#4029,.T.);
#4027 = VERTEX_POINT('',#4028);
#4028 = CARTESIAN_POINT('',(0.798480775301,1.165,0.442364817767));
#4029 = CIRCLE('',#4030,0.1);
#4030 = AXIS2_PLACEMENT_3D('',#4031,#4032,#4033);
#4031 = CARTESIAN_POINT('',(0.7,1.165,0.425));
#4032 = DIRECTION('',(-1.110223024625E-16,1.,0.));
#4033 = DIRECTION('',(0.,0.,1.));
#4034 = ORIENTED_EDGE('',*,*,#4035,.T.);
#4035 = EDGE_CURVE('',#4027,#4036,#4038,.T.);
#4036 = VERTEX_POINT('',#4037);
#4037 = CARTESIAN_POINT('',(0.834655283371,1.165,0.206587955583));
#4038 = LINE('',#4039,#4040);
#4039 = CARTESIAN_POINT('',(0.798480775301,1.165,0.442364817767));
#4040 = VECTOR('',#4041,1.);
#4041 = DIRECTION('',(0.151652327974,1.683679062546E-17,-0.988433898356)
  );
#4042 = ORIENTED_EDGE('',*,*,#4043,.T.);
#4043 = EDGE_CURVE('',#4036,#4044,#4046,.T.);
#4044 = VERTEX_POINT('',#4045);
#4045 = CARTESIAN_POINT('',(1.080857221624,1.165,5.551115123126E-17));
#4046 = CIRCLE('',#4047,0.25);
#4047 = AXIS2_PLACEMENT_3D('',#4048,#4049,#4050);
#4048 = CARTESIAN_POINT('',(1.080857221624,1.165,0.25));
#4049 = DIRECTION('',(1.110223024625E-16,-1.,0.));
#4050 = DIRECTION('',(-0.984807753012,-1.093356242223E-16,
    -0.173648177667));
#4051 = ORIENTED_EDGE('',*,*,#4052,.T.);
#4052 = EDGE_CURVE('',#4044,#4053,#4055,.T.);
#4053 = VERTEX_POINT('',#4054);
#4054 = CARTESIAN_POINT('',(1.15,1.165,5.551115123126E-17));
#4055 = LINE('',#4056,#4057);
#4056 = CARTESIAN_POINT('',(1.080857221624,1.165,5.551115123126E-17));
#4057 = VECTOR('',#4058,1.);
#4058 = DIRECTION('',(1.,1.110223024625E-16,0.));
#4059 = ORIENTED_EDGE('',*,*,#4060,.T.);
#4060 = EDGE_CURVE('',#4053,#4061,#4063,.T.);
#4061 = VERTEX_POINT('',#4062);
#4062 = CARTESIAN_POINT('',(1.15,1.165,0.15));
#4063 = LINE('',#4064,#4065);
#4064 = CARTESIAN_POINT('',(1.15,1.165,5.551115123126E-17));
#4065 = VECTOR('',#4066,1.);
#4066 = DIRECTION('',(0.,0.,1.));
#4067 = ORIENTED_EDGE('',*,*,#4068,.T.);
#4068 = EDGE_CURVE('',#4061,#4069,#4071,.T.);
#4069 = VERTEX_POINT('',#4070);
#4070 = CARTESIAN_POINT('',(1.080857221624,1.165,0.15));
#4071 = LINE('',#4072,#4073);
#4072 = CARTESIAN_POINT('',(1.15,1.165,0.15));
#4073 = VECTOR('',#4074,1.);
#4074 = DIRECTION('',(-1.,-1.110223024625E-16,0.));
#4075 = ORIENTED_EDGE('',*,*,#4076,.T.);
#4076 = EDGE_CURVE('',#4069,#4077,#4079,.T.);
#4077 = VERTEX_POINT('',#4078);
#4078 = CARTESIAN_POINT('',(0.982376446323,1.165,0.232635182233));
#4079 = CIRCLE('',#4080,0.1);
#4080 = AXIS2_PLACEMENT_3D('',#4081,#4082,#4083);
#4081 = CARTESIAN_POINT('',(1.080857221624,1.165,0.25));
#4082 = DIRECTION('',(-1.110223024625E-16,1.,0.));
#4083 = DIRECTION('',(2.22044604925E-15,2.465190328815E-31,-1.));
#4084 = ORIENTED_EDGE('',*,*,#4085,.T.);
#4085 = EDGE_CURVE('',#4077,#4086,#4088,.T.);
#4086 = VERTEX_POINT('',#4087);
#4087 = CARTESIAN_POINT('',(0.946201938253,1.165,0.468412044417));
#4088 = LINE('',#4089,#4090);
#4089 = CARTESIAN_POINT('',(0.982376446323,1.165,0.232635182233));
#4090 = VECTOR('',#4091,1.);
#4091 = DIRECTION('',(-0.151652327974,-1.683679062546E-17,0.988433898356
    ));
#4092 = ORIENTED_EDGE('',*,*,#4093,.T.);
#4093 = EDGE_CURVE('',#4086,#3533,#4094,.T.);
#4094 = CIRCLE('',#4095,0.25);
#4095 = AXIS2_PLACEMENT_3D('',#4096,#4097,#4098);
#4096 = CARTESIAN_POINT('',(0.7,1.165,0.425));
#4097 = DIRECTION('',(1.110223024625E-16,-1.,0.));
#4098 = DIRECTION('',(0.984807753012,1.093356242223E-16,0.173648177667)
  );
#4099 = ORIENTED_EDGE('',*,*,#3532,.T.);
#4100 = PLANE('',#4101);
#4101 = AXIS2_PLACEMENT_3D('',#4102,#4103,#4104);
#4102 = CARTESIAN_POINT('',(0.88006362152,1.165,0.345273741969));
#4103 = DIRECTION('',(1.110223024625E-16,-1.,0.));
#4104 = DIRECTION('',(0.,0.,1.));
#4105 = ADVANCED_FACE('',(#4106),#4125,.F.);
#4106 = FACE_BOUND('',#4107,.F.);
#4107 = EDGE_LOOP('',(#4108,#4109,#4118,#4124));
#4108 = ORIENTED_EDGE('',*,*,#3140,.T.);
#4109 = ORIENTED_EDGE('',*,*,#4110,.T.);
#4110 = EDGE_CURVE('',#3133,#4111,#4113,.T.);
#4111 = VERTEX_POINT('',#4112);
#4112 = CARTESIAN_POINT('',(0.798480775301,0.735,0.442364817767));
#4113 = CIRCLE('',#4114,0.1);
#4114 = AXIS2_PLACEMENT_3D('',#4115,#4116,#4117);
#4115 = CARTESIAN_POINT('',(0.7,0.735,0.425));
#4116 = DIRECTION('',(-1.110223024625E-16,1.,0.));
#4117 = DIRECTION('',(0.,0.,1.));
#4118 = ORIENTED_EDGE('',*,*,#4119,.F.);
#4119 = EDGE_CURVE('',#4027,#4111,#4120,.T.);
#4120 = LINE('',#4121,#4122);
#4121 = CARTESIAN_POINT('',(0.798480775301,1.165,0.442364817767));
#4122 = VECTOR('',#4123,1.);
#4123 = DIRECTION('',(1.110223024625E-16,-1.,0.));
#4124 = ORIENTED_EDGE('',*,*,#4026,.F.);
#4125 = CYLINDRICAL_SURFACE('',#4126,0.1);
#4126 = AXIS2_PLACEMENT_3D('',#4127,#4128,#4129);
#4127 = CARTESIAN_POINT('',(0.7,1.165,0.425));
#4128 = DIRECTION('',(-1.110223024625E-16,1.,0.));
#4129 = DIRECTION('',(0.,0.,1.));
#4130 = ADVANCED_FACE('',(#4131),#4202,.T.);
#4131 = FACE_BOUND('',#4132,.T.);
#4132 = EDGE_LOOP('',(#4133,#4134,#4135,#4136,#4144,#4153,#4161,#4169,
    #4177,#4186,#4194,#4201));
#4133 = ORIENTED_EDGE('',*,*,#3154,.F.);
#4134 = ORIENTED_EDGE('',*,*,#3132,.T.);
#4135 = ORIENTED_EDGE('',*,*,#4110,.T.);
#4136 = ORIENTED_EDGE('',*,*,#4137,.T.);
#4137 = EDGE_CURVE('',#4111,#4138,#4140,.T.);
#4138 = VERTEX_POINT('',#4139);
#4139 = CARTESIAN_POINT('',(0.834655283371,0.735,0.206587955583));
#4140 = LINE('',#4141,#4142);
#4141 = CARTESIAN_POINT('',(0.798480775301,0.735,0.442364817767));
#4142 = VECTOR('',#4143,1.);
#4143 = DIRECTION('',(0.151652327974,1.683679062546E-17,-0.988433898356)
  );
#4144 = ORIENTED_EDGE('',*,*,#4145,.T.);
#4145 = EDGE_CURVE('',#4138,#4146,#4148,.T.);
#4146 = VERTEX_POINT('',#4147);
#4147 = CARTESIAN_POINT('',(1.080857221624,0.735,5.551115123126E-17));
#4148 = CIRCLE('',#4149,0.25);
#4149 = AXIS2_PLACEMENT_3D('',#4150,#4151,#4152);
#4150 = CARTESIAN_POINT('',(1.080857221624,0.735,0.25));
#4151 = DIRECTION('',(1.110223024625E-16,-1.,0.));
#4152 = DIRECTION('',(-0.984807753012,-1.093356242223E-16,
    -0.173648177667));
#4153 = ORIENTED_EDGE('',*,*,#4154,.T.);
#4154 = EDGE_CURVE('',#4146,#4155,#4157,.T.);
#4155 = VERTEX_POINT('',#4156);
#4156 = CARTESIAN_POINT('',(1.15,0.735,5.551115123126E-17));
#4157 = LINE('',#4158,#4159);
#4158 = CARTESIAN_POINT('',(1.080857221624,0.735,5.551115123126E-17));
#4159 = VECTOR('',#4160,1.);
#4160 = DIRECTION('',(1.,1.110223024625E-16,0.));
#4161 = ORIENTED_EDGE('',*,*,#4162,.T.);
#4162 = EDGE_CURVE('',#4155,#4163,#4165,.T.);
#4163 = VERTEX_POINT('',#4164);
#4164 = CARTESIAN_POINT('',(1.15,0.735,0.15));
#4165 = LINE('',#4166,#4167);
#4166 = CARTESIAN_POINT('',(1.15,0.735,5.551115123126E-17));
#4167 = VECTOR('',#4168,1.);
#4168 = DIRECTION('',(0.,0.,1.));
#4169 = ORIENTED_EDGE('',*,*,#4170,.T.);
#4170 = EDGE_CURVE('',#4163,#4171,#4173,.T.);
#4171 = VERTEX_POINT('',#4172);
#4172 = CARTESIAN_POINT('',(1.080857221624,0.735,0.15));
#4173 = LINE('',#4174,#4175);
#4174 = CARTESIAN_POINT('',(1.15,0.735,0.15));
#4175 = VECTOR('',#4176,1.);
#4176 = DIRECTION('',(-1.,-1.110223024625E-16,0.));
#4177 = ORIENTED_EDGE('',*,*,#4178,.T.);
#4178 = EDGE_CURVE('',#4171,#4179,#4181,.T.);
#4179 = VERTEX_POINT('',#4180);
#4180 = CARTESIAN_POINT('',(0.982376446323,0.735,0.232635182233));
#4181 = CIRCLE('',#4182,0.1);
#4182 = AXIS2_PLACEMENT_3D('',#4183,#4184,#4185);
#4183 = CARTESIAN_POINT('',(1.080857221624,0.735,0.25));
#4184 = DIRECTION('',(-1.110223024625E-16,1.,0.));
#4185 = DIRECTION('',(2.22044604925E-15,2.465190328815E-31,-1.));
#4186 = ORIENTED_EDGE('',*,*,#4187,.T.);
#4187 = EDGE_CURVE('',#4179,#4188,#4190,.T.);
#4188 = VERTEX_POINT('',#4189);
#4189 = CARTESIAN_POINT('',(0.946201938253,0.735,0.468412044417));
#4190 = LINE('',#4191,#4192);
#4191 = CARTESIAN_POINT('',(0.982376446323,0.735,0.232635182233));
#4192 = VECTOR('',#4193,1.);
#4193 = DIRECTION('',(-0.151652327974,-1.683679062546E-17,0.988433898356
    ));
#4194 = ORIENTED_EDGE('',*,*,#4195,.T.);
#4195 = EDGE_CURVE('',#4188,#3541,#4196,.T.);
#4196 = CIRCLE('',#4197,0.25);
#4197 = AXIS2_PLACEMENT_3D('',#4198,#4199,#4200);
#4198 = CARTESIAN_POINT('',(0.7,0.735,0.425));
#4199 = DIRECTION('',(1.110223024625E-16,-1.,0.));
#4200 = DIRECTION('',(0.984807753012,1.093356242223E-16,0.173648177667)
  );
#4201 = ORIENTED_EDGE('',*,*,#3548,.T.);
#4202 = PLANE('',#4203);
#4203 = AXIS2_PLACEMENT_3D('',#4204,#4205,#4206);
#4204 = CARTESIAN_POINT('',(0.88006362152,0.735,0.345273741969));
#4205 = DIRECTION('',(1.110223024625E-16,-1.,0.));
#4206 = DIRECTION('',(0.,0.,1.));
#4207 = ADVANCED_FACE('',(#4208),#4219,.F.);
#4208 = FACE_BOUND('',#4209,.F.);
#4209 = EDGE_LOOP('',(#4210,#4211,#4212,#4218));
#4210 = ORIENTED_EDGE('',*,*,#3554,.F.);
#4211 = ORIENTED_EDGE('',*,*,#3171,.T.);
#4212 = ORIENTED_EDGE('',*,*,#4213,.T.);
#4213 = EDGE_CURVE('',#3164,#3487,#4214,.T.);
#4214 = LINE('',#4215,#4216);
#4215 = CARTESIAN_POINT('',(0.7,-0.735,0.675));
#4216 = VECTOR('',#4217,1.);
#4217 = DIRECTION('',(-1.,-1.110223024625E-16,0.));
#4218 = ORIENTED_EDGE('',*,*,#3486,.F.);
#4219 = PLANE('',#4220);
#4220 = AXIS2_PLACEMENT_3D('',#4221,#4222,#4223);
#4221 = CARTESIAN_POINT('',(-5.499503515576E-17,1.4375,0.675));
#4222 = DIRECTION('',(-4.735780055487E-31,-6.662940868892E-27,-1.));
#4223 = DIRECTION('',(1.,1.113200023686E-16,-4.735780055494E-31));
#4224 = ADVANCED_FACE('',(#4225),#4311,.F.);
#4225 = FACE_BOUND('',#4226,.F.);
#4226 = EDGE_LOOP('',(#4227,#4228,#4229,#4238,#4246,#4255,#4263,#4271,
    #4279,#4288,#4296,#4305));
#4227 = ORIENTED_EDGE('',*,*,#3163,.F.);
#4228 = ORIENTED_EDGE('',*,*,#3185,.T.);
#4229 = ORIENTED_EDGE('',*,*,#4230,.T.);
#4230 = EDGE_CURVE('',#3186,#4231,#4233,.T.);
#4231 = VERTEX_POINT('',#4232);
#4232 = CARTESIAN_POINT('',(0.798480775301,-0.735,0.442364817767));
#4233 = CIRCLE('',#4234,0.1);
#4234 = AXIS2_PLACEMENT_3D('',#4235,#4236,#4237);
#4235 = CARTESIAN_POINT('',(0.7,-0.735,0.425));
#4236 = DIRECTION('',(-1.110223024625E-16,1.,0.));
#4237 = DIRECTION('',(0.,0.,1.));
#4238 = ORIENTED_EDGE('',*,*,#4239,.T.);
#4239 = EDGE_CURVE('',#4231,#4240,#4242,.T.);
#4240 = VERTEX_POINT('',#4241);
#4241 = CARTESIAN_POINT('',(0.834655283371,-0.735,0.206587955583));
#4242 = LINE('',#4243,#4244);
#4243 = CARTESIAN_POINT('',(0.798480775301,-0.735,0.442364817767));
#4244 = VECTOR('',#4245,1.);
#4245 = DIRECTION('',(0.151652327974,1.683679062546E-17,-0.988433898356)
  );
#4246 = ORIENTED_EDGE('',*,*,#4247,.T.);
#4247 = EDGE_CURVE('',#4240,#4248,#4250,.T.);
#4248 = VERTEX_POINT('',#4249);
#4249 = CARTESIAN_POINT('',(1.080857221624,-0.735,5.551115123126E-17));
#4250 = CIRCLE('',#4251,0.25);
#4251 = AXIS2_PLACEMENT_3D('',#4252,#4253,#4254);
#4252 = CARTESIAN_POINT('',(1.080857221624,-0.735,0.25));
#4253 = DIRECTION('',(1.110223024625E-16,-1.,0.));
#4254 = DIRECTION('',(-0.984807753012,-1.093356242223E-16,
    -0.173648177667));
#4255 = ORIENTED_EDGE('',*,*,#4256,.T.);
#4256 = EDGE_CURVE('',#4248,#4257,#4259,.T.);
#4257 = VERTEX_POINT('',#4258);
#4258 = CARTESIAN_POINT('',(1.15,-0.735,5.551115123126E-17));
#4259 = LINE('',#4260,#4261);
#4260 = CARTESIAN_POINT('',(1.080857221624,-0.735,5.551115123126E-17));
#4261 = VECTOR('',#4262,1.);
#4262 = DIRECTION('',(1.,1.110223024625E-16,0.));
#4263 = ORIENTED_EDGE('',*,*,#4264,.T.);
#4264 = EDGE_CURVE('',#4257,#4265,#4267,.T.);
#4265 = VERTEX_POINT('',#4266);
#4266 = CARTESIAN_POINT('',(1.15,-0.735,0.15));
#4267 = LINE('',#4268,#4269);
#4268 = CARTESIAN_POINT('',(1.15,-0.735,5.551115123126E-17));
#4269 = VECTOR('',#4270,1.);
#4270 = DIRECTION('',(0.,0.,1.));
#4271 = ORIENTED_EDGE('',*,*,#4272,.T.);
#4272 = EDGE_CURVE('',#4265,#4273,#4275,.T.);
#4273 = VERTEX_POINT('',#4274);
#4274 = CARTESIAN_POINT('',(1.080857221624,-0.735,0.15));
#4275 = LINE('',#4276,#4277);
#4276 = CARTESIAN_POINT('',(1.15,-0.735,0.15));
#4277 = VECTOR('',#4278,1.);
#4278 = DIRECTION('',(-1.,-1.110223024625E-16,0.));
#4279 = ORIENTED_EDGE('',*,*,#4280,.T.);
#4280 = EDGE_CURVE('',#4273,#4281,#4283,.T.);
#4281 = VERTEX_POINT('',#4282);
#4282 = CARTESIAN_POINT('',(0.982376446323,-0.735,0.232635182233));
#4283 = CIRCLE('',#4284,0.1);
#4284 = AXIS2_PLACEMENT_3D('',#4285,#4286,#4287);
#4285 = CARTESIAN_POINT('',(1.080857221624,-0.735,0.25));
#4286 = DIRECTION('',(-1.110223024625E-16,1.,0.));
#4287 = DIRECTION('',(2.22044604925E-15,2.465190328815E-31,-1.));
#4288 = ORIENTED_EDGE('',*,*,#4289,.T.);
#4289 = EDGE_CURVE('',#4281,#4290,#4292,.T.);
#4290 = VERTEX_POINT('',#4291);
#4291 = CARTESIAN_POINT('',(0.946201938253,-0.735,0.468412044417));
#4292 = LINE('',#4293,#4294);
#4293 = CARTESIAN_POINT('',(0.982376446323,-0.735,0.232635182233));
#4294 = VECTOR('',#4295,1.);
#4295 = DIRECTION('',(-0.151652327974,-1.683679062546E-17,0.988433898356
    ));
#4296 = ORIENTED_EDGE('',*,*,#4297,.T.);
#4297 = EDGE_CURVE('',#4290,#4298,#4300,.T.);
#4298 = VERTEX_POINT('',#4299);
#4299 = CARTESIAN_POINT('',(0.7,-0.735,0.675));
#4300 = CIRCLE('',#4301,0.25);
#4301 = AXIS2_PLACEMENT_3D('',#4302,#4303,#4304);
#4302 = CARTESIAN_POINT('',(0.7,-0.735,0.425));
#4303 = DIRECTION('',(1.110223024625E-16,-1.,0.));
#4304 = DIRECTION('',(0.984807753012,1.093356242223E-16,0.173648177667)
  );
#4305 = ORIENTED_EDGE('',*,*,#4306,.T.);
#4306 = EDGE_CURVE('',#4298,#3164,#4307,.T.);
#4307 = LINE('',#4308,#4309);
#4308 = CARTESIAN_POINT('',(0.7,-0.735,0.675));
#4309 = VECTOR('',#4310,1.);
#4310 = DIRECTION('',(-1.,-1.110223024625E-16,0.));
#4311 = PLANE('',#4312);
#4312 = AXIS2_PLACEMENT_3D('',#4313,#4314,#4315);
#4313 = CARTESIAN_POINT('',(0.88006362152,-0.735,0.345273741969));
#4314 = DIRECTION('',(1.110223024625E-16,-1.,0.));
#4315 = DIRECTION('',(0.,0.,1.));
#4316 = ADVANCED_FACE('',(#4317),#4336,.F.);
#4317 = FACE_BOUND('',#4318,.F.);
#4318 = EDGE_LOOP('',(#4319,#4320,#4329,#4335));
#4319 = ORIENTED_EDGE('',*,*,#3202,.T.);
#4320 = ORIENTED_EDGE('',*,*,#4321,.T.);
#4321 = EDGE_CURVE('',#3195,#4322,#4324,.T.);
#4322 = VERTEX_POINT('',#4323);
#4323 = CARTESIAN_POINT('',(0.798480775301,-1.165,0.442364817767));
#4324 = CIRCLE('',#4325,0.1);
#4325 = AXIS2_PLACEMENT_3D('',#4326,#4327,#4328);
#4326 = CARTESIAN_POINT('',(0.7,-1.165,0.425));
#4327 = DIRECTION('',(-1.110223024625E-16,1.,0.));
#4328 = DIRECTION('',(0.,0.,1.));
#4329 = ORIENTED_EDGE('',*,*,#4330,.F.);
#4330 = EDGE_CURVE('',#4231,#4322,#4331,.T.);
#4331 = LINE('',#4332,#4333);
#4332 = CARTESIAN_POINT('',(0.798480775301,-0.735,0.442364817767));
#4333 = VECTOR('',#4334,1.);
#4334 = DIRECTION('',(1.110223024625E-16,-1.,0.));
#4335 = ORIENTED_EDGE('',*,*,#4230,.F.);
#4336 = CYLINDRICAL_SURFACE('',#4337,0.1);
#4337 = AXIS2_PLACEMENT_3D('',#4338,#4339,#4340);
#4338 = CARTESIAN_POINT('',(0.7,-0.735,0.425));
#4339 = DIRECTION('',(-1.110223024625E-16,1.,0.));
#4340 = DIRECTION('',(0.,0.,1.));
#4341 = ADVANCED_FACE('',(#4342),#4420,.T.);
#4342 = FACE_BOUND('',#4343,.T.);
#4343 = EDGE_LOOP('',(#4344,#4345,#4346,#4347,#4355,#4364,#4372,#4380,
    #4388,#4397,#4405,#4414));
#4344 = ORIENTED_EDGE('',*,*,#3216,.F.);
#4345 = ORIENTED_EDGE('',*,*,#3194,.T.);
#4346 = ORIENTED_EDGE('',*,*,#4321,.T.);
#4347 = ORIENTED_EDGE('',*,*,#4348,.T.);
#4348 = EDGE_CURVE('',#4322,#4349,#4351,.T.);
#4349 = VERTEX_POINT('',#4350);
#4350 = CARTESIAN_POINT('',(0.834655283371,-1.165,0.206587955583));
#4351 = LINE('',#4352,#4353);
#4352 = CARTESIAN_POINT('',(0.798480775301,-1.165,0.442364817767));
#4353 = VECTOR('',#4354,1.);
#4354 = DIRECTION('',(0.151652327974,1.683679062546E-17,-0.988433898356)
  );
#4355 = ORIENTED_EDGE('',*,*,#4356,.T.);
#4356 = EDGE_CURVE('',#4349,#4357,#4359,.T.);
#4357 = VERTEX_POINT('',#4358);
#4358 = CARTESIAN_POINT('',(1.080857221624,-1.165,5.551115123126E-17));
#4359 = CIRCLE('',#4360,0.25);
#4360 = AXIS2_PLACEMENT_3D('',#4361,#4362,#4363);
#4361 = CARTESIAN_POINT('',(1.080857221624,-1.165,0.25));
#4362 = DIRECTION('',(1.110223024625E-16,-1.,0.));
#4363 = DIRECTION('',(-0.984807753012,-1.093356242223E-16,
    -0.173648177667));
#4364 = ORIENTED_EDGE('',*,*,#4365,.T.);
#4365 = EDGE_CURVE('',#4357,#4366,#4368,.T.);
#4366 = VERTEX_POINT('',#4367);
#4367 = CARTESIAN_POINT('',(1.15,-1.165,5.551115123126E-17));
#4368 = LINE('',#4369,#4370);
#4369 = CARTESIAN_POINT('',(1.080857221624,-1.165,5.551115123126E-17));
#4370 = VECTOR('',#4371,1.);
#4371 = DIRECTION('',(1.,1.110223024625E-16,0.));
#4372 = ORIENTED_EDGE('',*,*,#4373,.T.);
#4373 = EDGE_CURVE('',#4366,#4374,#4376,.T.);
#4374 = VERTEX_POINT('',#4375);
#4375 = CARTESIAN_POINT('',(1.15,-1.165,0.15));
#4376 = LINE('',#4377,#4378);
#4377 = CARTESIAN_POINT('',(1.15,-1.165,5.551115123126E-17));
#4378 = VECTOR('',#4379,1.);
#4379 = DIRECTION('',(0.,0.,1.));
#4380 = ORIENTED_EDGE('',*,*,#4381,.T.);
#4381 = EDGE_CURVE('',#4374,#4382,#4384,.T.);
#4382 = VERTEX_POINT('',#4383);
#4383 = CARTESIAN_POINT('',(1.080857221624,-1.165,0.15));
#4384 = LINE('',#4385,#4386);
#4385 = CARTESIAN_POINT('',(1.15,-1.165,0.15));
#4386 = VECTOR('',#4387,1.);
#4387 = DIRECTION('',(-1.,-1.110223024625E-16,0.));
#4388 = ORIENTED_EDGE('',*,*,#4389,.T.);
#4389 = EDGE_CURVE('',#4382,#4390,#4392,.T.);
#4390 = VERTEX_POINT('',#4391);
#4391 = CARTESIAN_POINT('',(0.982376446323,-1.165,0.232635182233));
#4392 = CIRCLE('',#4393,0.1);
#4393 = AXIS2_PLACEMENT_3D('',#4394,#4395,#4396);
#4394 = CARTESIAN_POINT('',(1.080857221624,-1.165,0.25));
#4395 = DIRECTION('',(-1.110223024625E-16,1.,0.));
#4396 = DIRECTION('',(2.22044604925E-15,2.465190328815E-31,-1.));
#4397 = ORIENTED_EDGE('',*,*,#4398,.T.);
#4398 = EDGE_CURVE('',#4390,#4399,#4401,.T.);
#4399 = VERTEX_POINT('',#4400);
#4400 = CARTESIAN_POINT('',(0.946201938253,-1.165,0.468412044417));
#4401 = LINE('',#4402,#4403);
#4402 = CARTESIAN_POINT('',(0.982376446323,-1.165,0.232635182233));
#4403 = VECTOR('',#4404,1.);
#4404 = DIRECTION('',(-0.151652327974,-1.683679062546E-17,0.988433898356
    ));
#4405 = ORIENTED_EDGE('',*,*,#4406,.T.);
#4406 = EDGE_CURVE('',#4399,#4407,#4409,.T.);
#4407 = VERTEX_POINT('',#4408);
#4408 = CARTESIAN_POINT('',(0.7,-1.165,0.675));
#4409 = CIRCLE('',#4410,0.25);
#4410 = AXIS2_PLACEMENT_3D('',#4411,#4412,#4413);
#4411 = CARTESIAN_POINT('',(0.7,-1.165,0.425));
#4412 = DIRECTION('',(1.110223024625E-16,-1.,0.));
#4413 = DIRECTION('',(0.984807753012,1.093356242223E-16,0.173648177667)
  );
#4414 = ORIENTED_EDGE('',*,*,#4415,.T.);
#4415 = EDGE_CURVE('',#4407,#3217,#4416,.T.);
#4416 = LINE('',#4417,#4418);
#4417 = CARTESIAN_POINT('',(0.7,-1.165,0.675));
#4418 = VECTOR('',#4419,1.);
#4419 = DIRECTION('',(-1.,-1.110223024625E-16,0.));
#4420 = PLANE('',#4421);
#4421 = AXIS2_PLACEMENT_3D('',#4422,#4423,#4424);
#4422 = CARTESIAN_POINT('',(0.88006362152,-1.165,0.345273741969));
#4423 = DIRECTION('',(1.110223024625E-16,-1.,0.));
#4424 = DIRECTION('',(0.,0.,1.));
#4425 = ADVANCED_FACE('',(#4426),#4437,.T.);
#4426 = FACE_BOUND('',#4427,.T.);
#4427 = EDGE_LOOP('',(#4428,#4429,#4430,#4436));
#4428 = ORIENTED_EDGE('',*,*,#3317,.F.);
#4429 = ORIENTED_EDGE('',*,*,#4008,.F.);
#4430 = ORIENTED_EDGE('',*,*,#4431,.F.);
#4431 = EDGE_CURVE('',#3899,#4001,#4432,.T.);
#4432 = LINE('',#4433,#4434);
#4433 = CARTESIAN_POINT('',(-0.946201938253,0.355,0.468412044417));
#4434 = VECTOR('',#4435,1.);
#4435 = DIRECTION('',(2.604226847886E-17,1.,0.));
#4436 = ORIENTED_EDGE('',*,*,#3906,.T.);
#4437 = CYLINDRICAL_SURFACE('',#4438,0.25);
#4438 = AXIS2_PLACEMENT_3D('',#4439,#4440,#4441);
#4439 = CARTESIAN_POINT('',(-0.7,0.355,0.425));
#4440 = DIRECTION('',(-1.144237745222E-17,-1.,0.));
#4441 = DIRECTION('',(-0.984807753012,1.126854202784E-17,0.173648177667)
  );
#4442 = ADVANCED_FACE('',(#4443),#4456,.F.);
#4443 = FACE_BOUND('',#4444,.F.);
#4444 = EDGE_LOOP('',(#4445,#4446,#4452,#4453,#4454,#4455));
#4445 = ORIENTED_EDGE('',*,*,#3697,.F.);
#4446 = ORIENTED_EDGE('',*,*,#4447,.T.);
#4447 = EDGE_CURVE('',#3689,#3798,#4448,.T.);
#4448 = LINE('',#4449,#4450);
#4449 = CARTESIAN_POINT('',(-0.7,-1.165,0.675));
#4450 = VECTOR('',#4451,1.);
#4451 = DIRECTION('',(1.144237745222E-17,1.,0.));
#4452 = ORIENTED_EDGE('',*,*,#3806,.T.);
#4453 = ORIENTED_EDGE('',*,*,#3823,.T.);
#4454 = ORIENTED_EDGE('',*,*,#3364,.F.);
#4455 = ORIENTED_EDGE('',*,*,#3571,.F.);
#4456 = PLANE('',#4457);
#4457 = AXIS2_PLACEMENT_3D('',#4458,#4459,#4460);
#4458 = CARTESIAN_POINT('',(-0.7,-1.165,0.675));
#4459 = DIRECTION('',(0.,0.,-1.));
#4460 = DIRECTION('',(1.,-1.144237745222E-17,0.));
#4461 = ADVANCED_FACE('',(#4462,#4491),#4502,.T.);
#4462 = FACE_BOUND('',#4463,.T.);
#4463 = EDGE_LOOP('',(#4464,#4465,#4466,#4467,#4475,#4483,#4489,#4490));
#4464 = ORIENTED_EDGE('',*,*,#3439,.F.);
#4465 = ORIENTED_EDGE('',*,*,#3416,.F.);
#4466 = ORIENTED_EDGE('',*,*,#3387,.F.);
#4467 = ORIENTED_EDGE('',*,*,#4468,.F.);
#4468 = EDGE_CURVE('',#4469,#3388,#4471,.T.);
#4469 = VERTEX_POINT('',#4470);
#4470 = CARTESIAN_POINT('',(-0.512635072626,-1.365270145251,1.1));
#4471 = LINE('',#4472,#4473);
#4472 = CARTESIAN_POINT('',(-0.512635072626,-1.365270145251,1.1));
#4473 = VECTOR('',#4474,1.);
#4474 = DIRECTION('',(-0.707106781187,0.707106781187,0.));
#4475 = ORIENTED_EDGE('',*,*,#4476,.F.);
#4476 = EDGE_CURVE('',#4477,#4469,#4479,.T.);
#4477 = VERTEX_POINT('',#4478);
#4478 = CARTESIAN_POINT('',(0.512635072626,-1.365270145251,1.1));
#4479 = LINE('',#4480,#4481);
#4480 = CARTESIAN_POINT('',(0.512635072626,-1.365270145251,1.1));
#4481 = VECTOR('',#4482,1.);
#4482 = DIRECTION('',(-1.,-1.110223024625E-16,0.));
#4483 = ORIENTED_EDGE('',*,*,#4484,.F.);
#4484 = EDGE_CURVE('',#3511,#4477,#4485,.T.);
#4485 = LINE('',#4486,#4487);
#4486 = CARTESIAN_POINT('',(0.565270145251,-1.312635072626,1.1));
#4487 = VECTOR('',#4488,1.);
#4488 = DIRECTION('',(-0.707106781187,-0.707106781187,0.));
#4489 = ORIENTED_EDGE('',*,*,#3517,.F.);
#4490 = ORIENTED_EDGE('',*,*,#3462,.F.);
#4491 = FACE_BOUND('',#4492,.T.);
#4492 = EDGE_LOOP('',(#4493));
#4493 = ORIENTED_EDGE('',*,*,#4494,.T.);
#4494 = EDGE_CURVE('',#4495,#4495,#4497,.T.);
#4495 = VERTEX_POINT('',#4496);
#4496 = CARTESIAN_POINT('',(-0.365270145251,1.115270145251,1.1));
#4497 = CIRCLE('',#4498,5.E-02);
#4498 = AXIS2_PLACEMENT_3D('',#4499,#4500,#4501);
#4499 = CARTESIAN_POINT('',(-0.365270145251,1.165270145251,1.1));
#4500 = DIRECTION('',(0.,-0.,-1.));
#4501 = DIRECTION('',(1.110223024625E-16,-1.,0.));
#4502 = PLANE('',#4503);
#4503 = AXIS2_PLACEMENT_3D('',#4504,#4505,#4506);
#4504 = CARTESIAN_POINT('',(-0.512635072626,1.365270145251,1.1));
#4505 = DIRECTION('',(0.,0.,1.));
#4506 = DIRECTION('',(0.351519442608,-0.936180581655,0.));
#4507 = ADVANCED_FACE('',(#4508),#4518,.F.);
#4508 = FACE_BOUND('',#4509,.F.);
#4509 = EDGE_LOOP('',(#4510,#4511,#4512,#4513));
#4510 = ORIENTED_EDGE('',*,*,#3578,.T.);
#4511 = ORIENTED_EDGE('',*,*,#3395,.T.);
#4512 = ORIENTED_EDGE('',*,*,#4468,.F.);
#4513 = ORIENTED_EDGE('',*,*,#4514,.F.);
#4514 = EDGE_CURVE('',#3579,#4469,#4515,.T.);
#4515 = B_SPLINE_CURVE_WITH_KNOTS('',1,(#4516,#4517),.UNSPECIFIED.,.F.,
  .F.,(2,2),(0.,1.),.PIECEWISE_BEZIER_KNOTS.);
#4516 = CARTESIAN_POINT('',(-0.5425,-1.425,0.675));
#4517 = CARTESIAN_POINT('',(-0.512635072626,-1.365270145251,1.1));
#4518 = B_SPLINE_SURFACE_WITH_KNOTS('',1,1,(
    (#4519,#4520)
    ,(#4521,#4522
    )),.UNSPECIFIED.,.F.,.F.,.F.,(2,2),(2,2),(0.,0.116672618896),(0.,1.)
  ,.PIECEWISE_BEZIER_KNOTS.);
#4519 = CARTESIAN_POINT('',(-0.5425,-1.425,0.675));
#4520 = CARTESIAN_POINT('',(-0.512635072626,-1.365270145251,1.1));
#4521 = CARTESIAN_POINT('',(-0.625,-1.3425,0.675));
#4522 = CARTESIAN_POINT('',(-0.565270145251,-1.312635072626,1.1));
#4523 = ADVANCED_FACE('',(#4524),#4537,.F.);
#4524 = FACE_BOUND('',#4525,.F.);
#4525 = EDGE_LOOP('',(#4526,#4527,#4533,#4534,#4535,#4536));
#4526 = ORIENTED_EDGE('',*,*,#4306,.F.);
#4527 = ORIENTED_EDGE('',*,*,#4528,.T.);
#4528 = EDGE_CURVE('',#4298,#4407,#4529,.T.);
#4529 = LINE('',#4530,#4531);
#4530 = CARTESIAN_POINT('',(0.7,-0.735,0.675));
#4531 = VECTOR('',#4532,1.);
#4532 = DIRECTION('',(1.110223024625E-16,-1.,0.));
#4533 = ORIENTED_EDGE('',*,*,#4415,.T.);
#4534 = ORIENTED_EDGE('',*,*,#3601,.T.);
#4535 = ORIENTED_EDGE('',*,*,#3494,.F.);
#4536 = ORIENTED_EDGE('',*,*,#4213,.F.);
#4537 = PLANE('',#4538);
#4538 = AXIS2_PLACEMENT_3D('',#4539,#4540,#4541);
#4539 = CARTESIAN_POINT('',(0.7,-0.735,0.675));
#4540 = DIRECTION('',(0.,0.,-1.));
#4541 = DIRECTION('',(-1.,-1.110223024625E-16,-0.));
#4542 = ADVANCED_FACE('',(#4543),#4553,.F.);
#4543 = FACE_BOUND('',#4544,.F.);
#4544 = EDGE_LOOP('',(#4545,#4546,#4551,#4552));
#4545 = ORIENTED_EDGE('',*,*,#3594,.T.);
#4546 = ORIENTED_EDGE('',*,*,#4547,.T.);
#4547 = EDGE_CURVE('',#3587,#4477,#4548,.T.);
#4548 = B_SPLINE_CURVE_WITH_KNOTS('',1,(#4549,#4550),.UNSPECIFIED.,.F.,
  .F.,(2,2),(0.,1.),.PIECEWISE_BEZIER_KNOTS.);
#4549 = CARTESIAN_POINT('',(0.5425,-1.425,0.675));
#4550 = CARTESIAN_POINT('',(0.512635072626,-1.365270145251,1.1));
#4551 = ORIENTED_EDGE('',*,*,#4484,.F.);
#4552 = ORIENTED_EDGE('',*,*,#3510,.F.);
#4553 = B_SPLINE_SURFACE_WITH_KNOTS('',1,1,(
    (#4554,#4555)
    ,(#4556,#4557
    )),.UNSPECIFIED.,.F.,.F.,.F.,(2,2),(2,2),(0.,0.116672618896),(0.,1.)
  ,.PIECEWISE_BEZIER_KNOTS.);
#4554 = CARTESIAN_POINT('',(0.625,-1.3425,0.675));
#4555 = CARTESIAN_POINT('',(0.565270145251,-1.312635072626,1.1));
#4556 = CARTESIAN_POINT('',(0.5425,-1.425,0.675));
#4557 = CARTESIAN_POINT('',(0.512635072626,-1.365270145251,1.1));
#4558 = ADVANCED_FACE('',(#4559),#4570,.T.);
#4559 = FACE_BOUND('',#4560,.T.);
#4560 = EDGE_LOOP('',(#4561,#4562,#4563,#4564));
#4561 = ORIENTED_EDGE('',*,*,#4093,.T.);
#4562 = ORIENTED_EDGE('',*,*,#3540,.T.);
#4563 = ORIENTED_EDGE('',*,*,#4195,.F.);
#4564 = ORIENTED_EDGE('',*,*,#4565,.F.);
#4565 = EDGE_CURVE('',#4086,#4188,#4566,.T.);
#4566 = LINE('',#4567,#4568);
#4567 = CARTESIAN_POINT('',(0.946201938253,1.165,0.468412044417));
#4568 = VECTOR('',#4569,1.);
#4569 = DIRECTION('',(1.110223024625E-16,-1.,0.));
#4570 = CYLINDRICAL_SURFACE('',#4571,0.25);
#4571 = AXIS2_PLACEMENT_3D('',#4572,#4573,#4574);
#4572 = CARTESIAN_POINT('',(0.7,1.165,0.425));
#4573 = DIRECTION('',(-1.110223024625E-16,1.,0.));
#4574 = DIRECTION('',(0.984807753012,1.093356242223E-16,0.173648177667)
  );
#4575 = ADVANCED_FACE('',(#4576),#4582,.F.);
#4576 = FACE_BOUND('',#4577,.F.);
#4577 = EDGE_LOOP('',(#4578,#4579,#4580,#4581));
#4578 = ORIENTED_EDGE('',*,*,#3586,.T.);
#4579 = ORIENTED_EDGE('',*,*,#4514,.T.);
#4580 = ORIENTED_EDGE('',*,*,#4476,.F.);
#4581 = ORIENTED_EDGE('',*,*,#4547,.F.);
#4582 = B_SPLINE_SURFACE_WITH_KNOTS('',1,1,(
    (#4583,#4584)
    ,(#4585,#4586
    )),.UNSPECIFIED.,.F.,.F.,.F.,(2,2),(2,2),(0.,1.085),(0.,1.),
  .PIECEWISE_BEZIER_KNOTS.);
#4583 = CARTESIAN_POINT('',(0.5425,-1.425,0.675));
#4584 = CARTESIAN_POINT('',(0.512635072626,-1.365270145251,1.1));
#4585 = CARTESIAN_POINT('',(-0.5425,-1.425,0.675));
#4586 = CARTESIAN_POINT('',(-0.512635072626,-1.365270145251,1.1));
#4587 = ADVANCED_FACE('',(#4588),#4599,.T.);
#4588 = FACE_BOUND('',#4589,.T.);
#4589 = EDGE_LOOP('',(#4590,#4591,#4592,#4593));
#4590 = ORIENTED_EDGE('',*,*,#3688,.T.);
#4591 = ORIENTED_EDGE('',*,*,#4447,.T.);
#4592 = ORIENTED_EDGE('',*,*,#3797,.F.);
#4593 = ORIENTED_EDGE('',*,*,#4594,.F.);
#4594 = EDGE_CURVE('',#3681,#3790,#4595,.T.);
#4595 = LINE('',#4596,#4597);
#4596 = CARTESIAN_POINT('',(-0.946201938253,-1.165,0.468412044417));
#4597 = VECTOR('',#4598,1.);
#4598 = DIRECTION('',(1.144237745222E-17,1.,0.));
#4599 = CYLINDRICAL_SURFACE('',#4600,0.25);
#4600 = AXIS2_PLACEMENT_3D('',#4601,#4602,#4603);
#4601 = CARTESIAN_POINT('',(-0.7,-1.165,0.425));
#4602 = DIRECTION('',(-1.144237745222E-17,-1.,0.));
#4603 = DIRECTION('',(-0.984807753012,1.126854202784E-17,0.173648177667)
  );
#4604 = ADVANCED_FACE('',(#4605),#4616,.F.);
#4605 = FACE_BOUND('',#4606,.F.);
#4606 = EDGE_LOOP('',(#4607,#4613,#4614,#4615));
#4607 = ORIENTED_EDGE('',*,*,#4608,.T.);
#4608 = EDGE_CURVE('',#3672,#3781,#4609,.T.);
#4609 = LINE('',#4610,#4611);
#4610 = CARTESIAN_POINT('',(-0.982376446323,-1.165,0.232635182233));
#4611 = VECTOR('',#4612,1.);
#4612 = DIRECTION('',(1.144237745222E-17,1.,0.));
#4613 = ORIENTED_EDGE('',*,*,#3789,.T.);
#4614 = ORIENTED_EDGE('',*,*,#4594,.F.);
#4615 = ORIENTED_EDGE('',*,*,#3680,.F.);
#4616 = PLANE('',#4617);
#4617 = AXIS2_PLACEMENT_3D('',#4618,#4619,#4620);
#4618 = CARTESIAN_POINT('',(-0.982376446323,-1.165,0.232635182233));
#4619 = DIRECTION('',(0.988433898356,-1.131003375156E-17,-0.151652327974
    ));
#4620 = DIRECTION('',(0.151652327974,-1.735263178185E-18,0.988433898356)
  );
#4621 = ADVANCED_FACE('',(#4622),#4633,.F.);
#4622 = FACE_BOUND('',#4623,.F.);
#4623 = EDGE_LOOP('',(#4624,#4630,#4631,#4632));
#4624 = ORIENTED_EDGE('',*,*,#4625,.T.);
#4625 = EDGE_CURVE('',#3664,#3773,#4626,.T.);
#4626 = LINE('',#4627,#4628);
#4627 = CARTESIAN_POINT('',(-1.080857221624,-1.165,0.15));
#4628 = VECTOR('',#4629,1.);
#4629 = DIRECTION('',(1.144237745222E-17,1.,0.));
#4630 = ORIENTED_EDGE('',*,*,#3780,.T.);
#4631 = ORIENTED_EDGE('',*,*,#4608,.F.);
#4632 = ORIENTED_EDGE('',*,*,#3671,.F.);
#4633 = CYLINDRICAL_SURFACE('',#4634,0.1);
#4634 = AXIS2_PLACEMENT_3D('',#4635,#4636,#4637);
#4635 = CARTESIAN_POINT('',(-1.080857221624,-1.165,0.25));
#4636 = DIRECTION('',(-1.144237745222E-17,-1.,0.));
#4637 = DIRECTION('',(-2.22044604925E-15,2.540718180781E-32,-1.));
#4638 = ADVANCED_FACE('',(#4639),#4650,.F.);
#4639 = FACE_BOUND('',#4640,.F.);
#4640 = EDGE_LOOP('',(#4641,#4647,#4648,#4649));
#4641 = ORIENTED_EDGE('',*,*,#4642,.T.);
#4642 = EDGE_CURVE('',#3656,#3765,#4643,.T.);
#4643 = LINE('',#4644,#4645);
#4644 = CARTESIAN_POINT('',(-1.15,-1.165,0.15));
#4645 = VECTOR('',#4646,1.);
#4646 = DIRECTION('',(1.144237745222E-17,1.,0.));
#4647 = ORIENTED_EDGE('',*,*,#3772,.T.);
#4648 = ORIENTED_EDGE('',*,*,#4625,.F.);
#4649 = ORIENTED_EDGE('',*,*,#3663,.F.);
#4650 = PLANE('',#4651);
#4651 = AXIS2_PLACEMENT_3D('',#4652,#4653,#4654);
#4652 = CARTESIAN_POINT('',(-1.15,-1.165,0.15));
#4653 = DIRECTION('',(0.,0.,-1.));
#4654 = DIRECTION('',(1.,-1.144237745222E-17,0.));
#4655 = ADVANCED_FACE('',(#4656),#4667,.F.);
#4656 = FACE_BOUND('',#4657,.F.);
#4657 = EDGE_LOOP('',(#4658,#4664,#4665,#4666));
#4658 = ORIENTED_EDGE('',*,*,#4659,.T.);
#4659 = EDGE_CURVE('',#3648,#3757,#4660,.T.);
#4660 = LINE('',#4661,#4662);
#4661 = CARTESIAN_POINT('',(-1.15,-1.165,5.551115123126E-17));
#4662 = VECTOR('',#4663,1.);
#4663 = DIRECTION('',(1.144237745222E-17,1.,0.));
#4664 = ORIENTED_EDGE('',*,*,#3764,.T.);
#4665 = ORIENTED_EDGE('',*,*,#4642,.F.);
#4666 = ORIENTED_EDGE('',*,*,#3655,.F.);
#4667 = PLANE('',#4668);
#4668 = AXIS2_PLACEMENT_3D('',#4669,#4670,#4671);
#4669 = CARTESIAN_POINT('',(-1.15,-1.165,5.551115123126E-17));
#4670 = DIRECTION('',(1.,-1.144237745222E-17,0.));
#4671 = DIRECTION('',(0.,0.,1.));
#4672 = ADVANCED_FACE('',(#4673),#4684,.F.);
#4673 = FACE_BOUND('',#4674,.F.);
#4674 = EDGE_LOOP('',(#4675,#4681,#4682,#4683));
#4675 = ORIENTED_EDGE('',*,*,#4676,.T.);
#4676 = EDGE_CURVE('',#3639,#3748,#4677,.T.);
#4677 = LINE('',#4678,#4679);
#4678 = CARTESIAN_POINT('',(-1.080857221624,-1.165,5.551115123126E-17));
#4679 = VECTOR('',#4680,1.);
#4680 = DIRECTION('',(1.144237745222E-17,1.,0.));
#4681 = ORIENTED_EDGE('',*,*,#3756,.T.);
#4682 = ORIENTED_EDGE('',*,*,#4659,.F.);
#4683 = ORIENTED_EDGE('',*,*,#3647,.F.);
#4684 = PLANE('',#4685);
#4685 = AXIS2_PLACEMENT_3D('',#4686,#4687,#4688);
#4686 = CARTESIAN_POINT('',(-1.080857221624,-1.165,5.551115123126E-17));
#4687 = DIRECTION('',(0.,0.,1.));
#4688 = DIRECTION('',(-1.,1.144237745222E-17,0.));
#4689 = ADVANCED_FACE('',(#4690),#4701,.T.);
#4690 = FACE_BOUND('',#4691,.T.);
#4691 = EDGE_LOOP('',(#4692,#4693,#4694,#4695));
#4692 = ORIENTED_EDGE('',*,*,#3638,.T.);
#4693 = ORIENTED_EDGE('',*,*,#4676,.T.);
#4694 = ORIENTED_EDGE('',*,*,#3747,.F.);
#4695 = ORIENTED_EDGE('',*,*,#4696,.F.);
#4696 = EDGE_CURVE('',#3631,#3740,#4697,.T.);
#4697 = LINE('',#4698,#4699);
#4698 = CARTESIAN_POINT('',(-0.834655283371,-1.165,0.206587955583));
#4699 = VECTOR('',#4700,1.);
#4700 = DIRECTION('',(1.144237745222E-17,1.,0.));
#4701 = CYLINDRICAL_SURFACE('',#4702,0.25);
#4702 = AXIS2_PLACEMENT_3D('',#4703,#4704,#4705);
#4703 = CARTESIAN_POINT('',(-1.080857221624,-1.165,0.25));
#4704 = DIRECTION('',(-1.144237745222E-17,-1.,0.));
#4705 = DIRECTION('',(0.984807753012,-1.126854202784E-17,-0.173648177667
    ));
#4706 = ADVANCED_FACE('',(#4707),#4713,.F.);
#4707 = FACE_BOUND('',#4708,.F.);
#4708 = EDGE_LOOP('',(#4709,#4710,#4711,#4712));
#4709 = ORIENTED_EDGE('',*,*,#3721,.T.);
#4710 = ORIENTED_EDGE('',*,*,#3739,.T.);
#4711 = ORIENTED_EDGE('',*,*,#4696,.F.);
#4712 = ORIENTED_EDGE('',*,*,#3630,.F.);
#4713 = PLANE('',#4714);
#4714 = AXIS2_PLACEMENT_3D('',#4715,#4716,#4717);
#4715 = CARTESIAN_POINT('',(-0.798480775301,-1.165,0.442364817767));
#4716 = DIRECTION('',(-0.988433898356,1.131003375156E-17,0.151652327974)
  );
#4717 = DIRECTION('',(-0.151652327974,1.735263178185E-18,-0.988433898356
    ));
#4718 = ADVANCED_FACE('',(#4719),#4730,.F.);
#4719 = FACE_BOUND('',#4720,.F.);
#4720 = EDGE_LOOP('',(#4721,#4722,#4728,#4729));
#4721 = ORIENTED_EDGE('',*,*,#3898,.F.);
#4722 = ORIENTED_EDGE('',*,*,#4723,.T.);
#4723 = EDGE_CURVE('',#3890,#3992,#4724,.T.);
#4724 = LINE('',#4725,#4726);
#4725 = CARTESIAN_POINT('',(-0.982376446323,0.355,0.232635182233));
#4726 = VECTOR('',#4727,1.);
#4727 = DIRECTION('',(2.604226847886E-17,1.,0.));
#4728 = ORIENTED_EDGE('',*,*,#4000,.T.);
#4729 = ORIENTED_EDGE('',*,*,#4431,.F.);
#4730 = PLANE('',#4731);
#4731 = AXIS2_PLACEMENT_3D('',#4732,#4733,#4734);
#4732 = CARTESIAN_POINT('',(-0.982376446323,0.355,0.232635182233));
#4733 = DIRECTION('',(0.988433898356,-1.131003375156E-17,-0.151652327974
    ));
#4734 = DIRECTION('',(0.151652327974,-1.735263178185E-18,0.988433898356)
  );
#4735 = ADVANCED_FACE('',(#4736),#4747,.F.);
#4736 = FACE_BOUND('',#4737,.F.);
#4737 = EDGE_LOOP('',(#4738,#4739,#4745,#4746));
#4738 = ORIENTED_EDGE('',*,*,#3889,.F.);
#4739 = ORIENTED_EDGE('',*,*,#4740,.T.);
#4740 = EDGE_CURVE('',#3882,#3984,#4741,.T.);
#4741 = LINE('',#4742,#4743);
#4742 = CARTESIAN_POINT('',(-1.080857221624,0.355,0.15));
#4743 = VECTOR('',#4744,1.);
#4744 = DIRECTION('',(1.631068394202E-16,1.,0.));
#4745 = ORIENTED_EDGE('',*,*,#3991,.T.);
#4746 = ORIENTED_EDGE('',*,*,#4723,.F.);
#4747 = CYLINDRICAL_SURFACE('',#4748,0.1);
#4748 = AXIS2_PLACEMENT_3D('',#4749,#4750,#4751);
#4749 = CARTESIAN_POINT('',(-1.080857221624,0.355,0.25));
#4750 = DIRECTION('',(-1.144237745222E-17,-1.,0.));
#4751 = DIRECTION('',(-2.22044604925E-15,2.540718180781E-32,-1.));
#4752 = ADVANCED_FACE('',(#4753),#4764,.F.);
#4753 = FACE_BOUND('',#4754,.F.);
#4754 = EDGE_LOOP('',(#4755,#4756,#4762,#4763));
#4755 = ORIENTED_EDGE('',*,*,#3881,.F.);
#4756 = ORIENTED_EDGE('',*,*,#4757,.T.);
#4757 = EDGE_CURVE('',#3874,#3976,#4758,.T.);
#4758 = LINE('',#4759,#4760);
#4759 = CARTESIAN_POINT('',(-1.15,0.355,0.15));
#4760 = VECTOR('',#4761,1.);
#4761 = DIRECTION('',(1.631068394202E-16,1.,0.));
#4762 = ORIENTED_EDGE('',*,*,#3983,.T.);
#4763 = ORIENTED_EDGE('',*,*,#4740,.F.);
#4764 = PLANE('',#4765);
#4765 = AXIS2_PLACEMENT_3D('',#4766,#4767,#4768);
#4766 = CARTESIAN_POINT('',(-1.15,0.355,0.15));
#4767 = DIRECTION('',(0.,0.,-1.));
#4768 = DIRECTION('',(1.,-1.144237745222E-17,0.));
#4769 = ADVANCED_FACE('',(#4770),#4781,.F.);
#4770 = FACE_BOUND('',#4771,.F.);
#4771 = EDGE_LOOP('',(#4772,#4773,#4779,#4780));
#4772 = ORIENTED_EDGE('',*,*,#3873,.F.);
#4773 = ORIENTED_EDGE('',*,*,#4774,.T.);
#4774 = EDGE_CURVE('',#3866,#3968,#4775,.T.);
#4775 = LINE('',#4776,#4777);
#4776 = CARTESIAN_POINT('',(-1.15,0.355,5.551115123126E-17));
#4777 = VECTOR('',#4778,1.);
#4778 = DIRECTION('',(1.631068394202E-16,1.,0.));
#4779 = ORIENTED_EDGE('',*,*,#3975,.T.);
#4780 = ORIENTED_EDGE('',*,*,#4757,.F.);
#4781 = PLANE('',#4782);
#4782 = AXIS2_PLACEMENT_3D('',#4783,#4784,#4785);
#4783 = CARTESIAN_POINT('',(-1.15,0.355,5.551115123126E-17));
#4784 = DIRECTION('',(1.,-1.144237745222E-17,0.));
#4785 = DIRECTION('',(0.,0.,1.));
#4786 = ADVANCED_FACE('',(#4787),#4798,.F.);
#4787 = FACE_BOUND('',#4788,.F.);
#4788 = EDGE_LOOP('',(#4789,#4790,#4796,#4797));
#4789 = ORIENTED_EDGE('',*,*,#3865,.F.);
#4790 = ORIENTED_EDGE('',*,*,#4791,.T.);
#4791 = EDGE_CURVE('',#3857,#3959,#4792,.T.);
#4792 = LINE('',#4793,#4794);
#4793 = CARTESIAN_POINT('',(-1.080857221624,0.355,5.551115123126E-17));
#4794 = VECTOR('',#4795,1.);
#4795 = DIRECTION('',(1.631068394202E-16,1.,0.));
#4796 = ORIENTED_EDGE('',*,*,#3967,.T.);
#4797 = ORIENTED_EDGE('',*,*,#4774,.F.);
#4798 = PLANE('',#4799);
#4799 = AXIS2_PLACEMENT_3D('',#4800,#4801,#4802);
#4800 = CARTESIAN_POINT('',(-1.080857221624,0.355,5.551115123126E-17));
#4801 = DIRECTION('',(0.,0.,1.));
#4802 = DIRECTION('',(-1.,1.144237745222E-17,0.));
#4803 = ADVANCED_FACE('',(#4804),#4815,.T.);
#4804 = FACE_BOUND('',#4805,.T.);
#4805 = EDGE_LOOP('',(#4806,#4807,#4808,#4814));
#4806 = ORIENTED_EDGE('',*,*,#4791,.T.);
#4807 = ORIENTED_EDGE('',*,*,#3958,.F.);
#4808 = ORIENTED_EDGE('',*,*,#4809,.F.);
#4809 = EDGE_CURVE('',#3849,#3951,#4810,.T.);
#4810 = LINE('',#4811,#4812);
#4811 = CARTESIAN_POINT('',(-0.834655283371,0.355,0.206587955583));
#4812 = VECTOR('',#4813,1.);
#4813 = DIRECTION('',(2.604226847886E-17,1.,0.));
#4814 = ORIENTED_EDGE('',*,*,#3856,.T.);
#4815 = CYLINDRICAL_SURFACE('',#4816,0.25);
#4816 = AXIS2_PLACEMENT_3D('',#4817,#4818,#4819);
#4817 = CARTESIAN_POINT('',(-1.080857221624,0.355,0.25));
#4818 = DIRECTION('',(-1.144237745222E-17,-1.,0.));
#4819 = DIRECTION('',(0.984807753012,-1.126854202784E-17,-0.173648177667
    ));
#4820 = ADVANCED_FACE('',(#4821),#4827,.F.);
#4821 = FACE_BOUND('',#4822,.F.);
#4822 = EDGE_LOOP('',(#4823,#4824,#4825,#4826));
#4823 = ORIENTED_EDGE('',*,*,#4809,.F.);
#4824 = ORIENTED_EDGE('',*,*,#3848,.F.);
#4825 = ORIENTED_EDGE('',*,*,#3922,.T.);
#4826 = ORIENTED_EDGE('',*,*,#3950,.T.);
#4827 = PLANE('',#4828);
#4828 = AXIS2_PLACEMENT_3D('',#4829,#4830,#4831);
#4829 = CARTESIAN_POINT('',(-0.798480775301,0.735,0.442364817767));
#4830 = DIRECTION('',(-0.988433898356,1.131003375156E-17,0.151652327974)
  );
#4831 = DIRECTION('',(-0.151652327974,1.735263178185E-18,-0.988433898356
    ));
#4832 = ADVANCED_FACE('',(#4833),#4844,.F.);
#4833 = FACE_BOUND('',#4834,.F.);
#4834 = EDGE_LOOP('',(#4835,#4841,#4842,#4843));
#4835 = ORIENTED_EDGE('',*,*,#4836,.T.);
#4836 = EDGE_CURVE('',#4077,#4179,#4837,.T.);
#4837 = LINE('',#4838,#4839);
#4838 = CARTESIAN_POINT('',(0.982376446323,1.165,0.232635182233));
#4839 = VECTOR('',#4840,1.);
#4840 = DIRECTION('',(1.110223024625E-16,-1.,0.));
#4841 = ORIENTED_EDGE('',*,*,#4187,.T.);
#4842 = ORIENTED_EDGE('',*,*,#4565,.F.);
#4843 = ORIENTED_EDGE('',*,*,#4085,.F.);
#4844 = PLANE('',#4845);
#4845 = AXIS2_PLACEMENT_3D('',#4846,#4847,#4848);
#4846 = CARTESIAN_POINT('',(0.982376446323,1.165,0.232635182233));
#4847 = DIRECTION('',(-0.988433898356,-1.097382072275E-16,
    -0.151652327974));
#4848 = DIRECTION('',(-0.151652327974,-1.683679062546E-17,0.988433898356
    ));
#4849 = ADVANCED_FACE('',(#4850),#4861,.F.);
#4850 = FACE_BOUND('',#4851,.F.);
#4851 = EDGE_LOOP('',(#4852,#4858,#4859,#4860));
#4852 = ORIENTED_EDGE('',*,*,#4853,.T.);
#4853 = EDGE_CURVE('',#4069,#4171,#4854,.T.);
#4854 = LINE('',#4855,#4856);
#4855 = CARTESIAN_POINT('',(1.080857221624,1.165,0.15));
#4856 = VECTOR('',#4857,1.);
#4857 = DIRECTION('',(1.110223024625E-16,-1.,0.));
#4858 = ORIENTED_EDGE('',*,*,#4178,.T.);
#4859 = ORIENTED_EDGE('',*,*,#4836,.F.);
#4860 = ORIENTED_EDGE('',*,*,#4076,.F.);
#4861 = CYLINDRICAL_SURFACE('',#4862,0.1);
#4862 = AXIS2_PLACEMENT_3D('',#4863,#4864,#4865);
#4863 = CARTESIAN_POINT('',(1.080857221624,1.165,0.25));
#4864 = DIRECTION('',(-1.110223024625E-16,1.,0.));
#4865 = DIRECTION('',(2.22044604925E-15,2.465190328815E-31,-1.));
#4866 = ADVANCED_FACE('',(#4867),#4878,.F.);
#4867 = FACE_BOUND('',#4868,.F.);
#4868 = EDGE_LOOP('',(#4869,#4875,#4876,#4877));
#4869 = ORIENTED_EDGE('',*,*,#4870,.T.);
#4870 = EDGE_CURVE('',#4061,#4163,#4871,.T.);
#4871 = LINE('',#4872,#4873);
#4872 = CARTESIAN_POINT('',(1.15,1.165,0.15));
#4873 = VECTOR('',#4874,1.);
#4874 = DIRECTION('',(1.110223024625E-16,-1.,0.));
#4875 = ORIENTED_EDGE('',*,*,#4170,.T.);
#4876 = ORIENTED_EDGE('',*,*,#4853,.F.);
#4877 = ORIENTED_EDGE('',*,*,#4068,.F.);
#4878 = PLANE('',#4879);
#4879 = AXIS2_PLACEMENT_3D('',#4880,#4881,#4882);
#4880 = CARTESIAN_POINT('',(1.15,1.165,0.15));
#4881 = DIRECTION('',(0.,0.,-1.));
#4882 = DIRECTION('',(-1.,-1.110223024625E-16,-0.));
#4883 = ADVANCED_FACE('',(#4884),#4895,.F.);
#4884 = FACE_BOUND('',#4885,.F.);
#4885 = EDGE_LOOP('',(#4886,#4892,#4893,#4894));
#4886 = ORIENTED_EDGE('',*,*,#4887,.T.);
#4887 = EDGE_CURVE('',#4053,#4155,#4888,.T.);
#4888 = LINE('',#4889,#4890);
#4889 = CARTESIAN_POINT('',(1.15,1.165,5.551115123126E-17));
#4890 = VECTOR('',#4891,1.);
#4891 = DIRECTION('',(1.110223024625E-16,-1.,0.));
#4892 = ORIENTED_EDGE('',*,*,#4162,.T.);
#4893 = ORIENTED_EDGE('',*,*,#4870,.F.);
#4894 = ORIENTED_EDGE('',*,*,#4060,.F.);
#4895 = PLANE('',#4896);
#4896 = AXIS2_PLACEMENT_3D('',#4897,#4898,#4899);
#4897 = CARTESIAN_POINT('',(1.15,1.165,5.551115123126E-17));
#4898 = DIRECTION('',(-1.,-1.110223024625E-16,0.));
#4899 = DIRECTION('',(0.,0.,1.));
#4900 = ADVANCED_FACE('',(#4901),#4912,.F.);
#4901 = FACE_BOUND('',#4902,.F.);
#4902 = EDGE_LOOP('',(#4903,#4909,#4910,#4911));
#4903 = ORIENTED_EDGE('',*,*,#4904,.T.);
#4904 = EDGE_CURVE('',#4044,#4146,#4905,.T.);
#4905 = LINE('',#4906,#4907);
#4906 = CARTESIAN_POINT('',(1.080857221624,1.165,5.551115123126E-17));
#4907 = VECTOR('',#4908,1.);
#4908 = DIRECTION('',(1.110223024625E-16,-1.,0.));
#4909 = ORIENTED_EDGE('',*,*,#4154,.T.);
#4910 = ORIENTED_EDGE('',*,*,#4887,.F.);
#4911 = ORIENTED_EDGE('',*,*,#4052,.F.);
#4912 = PLANE('',#4913);
#4913 = AXIS2_PLACEMENT_3D('',#4914,#4915,#4916);
#4914 = CARTESIAN_POINT('',(1.080857221624,1.165,5.551115123126E-17));
#4915 = DIRECTION('',(0.,0.,1.));
#4916 = DIRECTION('',(1.,1.110223024625E-16,-0.));
#4917 = ADVANCED_FACE('',(#4918),#4929,.T.);
#4918 = FACE_BOUND('',#4919,.T.);
#4919 = EDGE_LOOP('',(#4920,#4921,#4922,#4923));
#4920 = ORIENTED_EDGE('',*,*,#4043,.T.);
#4921 = ORIENTED_EDGE('',*,*,#4904,.T.);
#4922 = ORIENTED_EDGE('',*,*,#4145,.F.);
#4923 = ORIENTED_EDGE('',*,*,#4924,.F.);
#4924 = EDGE_CURVE('',#4036,#4138,#4925,.T.);
#4925 = LINE('',#4926,#4927);
#4926 = CARTESIAN_POINT('',(0.834655283371,1.165,0.206587955583));
#4927 = VECTOR('',#4928,1.);
#4928 = DIRECTION('',(1.110223024625E-16,-1.,0.));
#4929 = CYLINDRICAL_SURFACE('',#4930,0.25);
#4930 = AXIS2_PLACEMENT_3D('',#4931,#4932,#4933);
#4931 = CARTESIAN_POINT('',(1.080857221624,1.165,0.25));
#4932 = DIRECTION('',(-1.110223024625E-16,1.,0.));
#4933 = DIRECTION('',(-0.984807753012,-1.093356242223E-16,
    -0.173648177667));
#4934 = ADVANCED_FACE('',(#4935),#4941,.F.);
#4935 = FACE_BOUND('',#4936,.F.);
#4936 = EDGE_LOOP('',(#4937,#4938,#4939,#4940));
#4937 = ORIENTED_EDGE('',*,*,#4119,.T.);
#4938 = ORIENTED_EDGE('',*,*,#4137,.T.);
#4939 = ORIENTED_EDGE('',*,*,#4924,.F.);
#4940 = ORIENTED_EDGE('',*,*,#4035,.F.);
#4941 = PLANE('',#4942);
#4942 = AXIS2_PLACEMENT_3D('',#4943,#4944,#4945);
#4943 = CARTESIAN_POINT('',(0.798480775301,1.165,0.442364817767));
#4944 = DIRECTION('',(0.988433898356,1.097382072275E-16,0.151652327974)
  );
#4945 = DIRECTION('',(0.151652327974,1.683679062546E-17,-0.988433898356)
  );
#4946 = ADVANCED_FACE('',(#4947),#4958,.T.);
#4947 = FACE_BOUND('',#4948,.T.);
#4948 = EDGE_LOOP('',(#4949,#4950,#4951,#4952));
#4949 = ORIENTED_EDGE('',*,*,#4297,.T.);
#4950 = ORIENTED_EDGE('',*,*,#4528,.T.);
#4951 = ORIENTED_EDGE('',*,*,#4406,.F.);
#4952 = ORIENTED_EDGE('',*,*,#4953,.F.);
#4953 = EDGE_CURVE('',#4290,#4399,#4954,.T.);
#4954 = LINE('',#4955,#4956);
#4955 = CARTESIAN_POINT('',(0.946201938253,-0.735,0.468412044417));
#4956 = VECTOR('',#4957,1.);
#4957 = DIRECTION('',(1.110223024625E-16,-1.,0.));
#4958 = CYLINDRICAL_SURFACE('',#4959,0.25);
#4959 = AXIS2_PLACEMENT_3D('',#4960,#4961,#4962);
#4960 = CARTESIAN_POINT('',(0.7,-0.735,0.425));
#4961 = DIRECTION('',(-1.110223024625E-16,1.,0.));
#4962 = DIRECTION('',(0.984807753012,1.093356242223E-16,0.173648177667)
  );
#4963 = ADVANCED_FACE('',(#4964),#4975,.F.);
#4964 = FACE_BOUND('',#4965,.F.);
#4965 = EDGE_LOOP('',(#4966,#4972,#4973,#4974));
#4966 = ORIENTED_EDGE('',*,*,#4967,.T.);
#4967 = EDGE_CURVE('',#4281,#4390,#4968,.T.);
#4968 = LINE('',#4969,#4970);
#4969 = CARTESIAN_POINT('',(0.982376446323,-0.735,0.232635182233));
#4970 = VECTOR('',#4971,1.);
#4971 = DIRECTION('',(1.110223024625E-16,-1.,0.));
#4972 = ORIENTED_EDGE('',*,*,#4398,.T.);
#4973 = ORIENTED_EDGE('',*,*,#4953,.F.);
#4974 = ORIENTED_EDGE('',*,*,#4289,.F.);
#4975 = PLANE('',#4976);
#4976 = AXIS2_PLACEMENT_3D('',#4977,#4978,#4979);
#4977 = CARTESIAN_POINT('',(0.982376446323,-0.735,0.232635182233));
#4978 = DIRECTION('',(-0.988433898356,-1.097382072275E-16,
    -0.151652327974));
#4979 = DIRECTION('',(-0.151652327974,-1.683679062546E-17,0.988433898356
    ));
#4980 = ADVANCED_FACE('',(#4981),#4992,.F.);
#4981 = FACE_BOUND('',#4982,.F.);
#4982 = EDGE_LOOP('',(#4983,#4989,#4990,#4991));
#4983 = ORIENTED_EDGE('',*,*,#4984,.T.);
#4984 = EDGE_CURVE('',#4273,#4382,#4985,.T.);
#4985 = LINE('',#4986,#4987);
#4986 = CARTESIAN_POINT('',(1.080857221624,-0.735,0.15));
#4987 = VECTOR('',#4988,1.);
#4988 = DIRECTION('',(1.110223024625E-16,-1.,0.));
#4989 = ORIENTED_EDGE('',*,*,#4389,.T.);
#4990 = ORIENTED_EDGE('',*,*,#4967,.F.);
#4991 = ORIENTED_EDGE('',*,*,#4280,.F.);
#4992 = CYLINDRICAL_SURFACE('',#4993,0.1);
#4993 = AXIS2_PLACEMENT_3D('',#4994,#4995,#4996);
#4994 = CARTESIAN_POINT('',(1.080857221624,-0.735,0.25));
#4995 = DIRECTION('',(-1.110223024625E-16,1.,0.));
#4996 = DIRECTION('',(2.22044604925E-15,2.465190328815E-31,-1.));
#4997 = ADVANCED_FACE('',(#4998),#5009,.F.);
#4998 = FACE_BOUND('',#4999,.F.);
#4999 = EDGE_LOOP('',(#5000,#5006,#5007,#5008));
#5000 = ORIENTED_EDGE('',*,*,#5001,.T.);
#5001 = EDGE_CURVE('',#4265,#4374,#5002,.T.);
#5002 = LINE('',#5003,#5004);
#5003 = CARTESIAN_POINT('',(1.15,-0.735,0.15));
#5004 = VECTOR('',#5005,1.);
#5005 = DIRECTION('',(1.110223024625E-16,-1.,0.));
#5006 = ORIENTED_EDGE('',*,*,#4381,.T.);
#5007 = ORIENTED_EDGE('',*,*,#4984,.F.);
#5008 = ORIENTED_EDGE('',*,*,#4272,.F.);
#5009 = PLANE('',#5010);
#5010 = AXIS2_PLACEMENT_3D('',#5011,#5012,#5013);
#5011 = CARTESIAN_POINT('',(1.15,-0.735,0.15));
#5012 = DIRECTION('',(0.,0.,-1.));
#5013 = DIRECTION('',(-1.,-1.110223024625E-16,-0.));
#5014 = ADVANCED_FACE('',(#5015),#5026,.F.);
#5015 = FACE_BOUND('',#5016,.F.);
#5016 = EDGE_LOOP('',(#5017,#5023,#5024,#5025));
#5017 = ORIENTED_EDGE('',*,*,#5018,.T.);
#5018 = EDGE_CURVE('',#4257,#4366,#5019,.T.);
#5019 = LINE('',#5020,#5021);
#5020 = CARTESIAN_POINT('',(1.15,-0.735,5.551115123126E-17));
#5021 = VECTOR('',#5022,1.);
#5022 = DIRECTION('',(1.110223024625E-16,-1.,0.));
#5023 = ORIENTED_EDGE('',*,*,#4373,.T.);
#5024 = ORIENTED_EDGE('',*,*,#5001,.F.);
#5025 = ORIENTED_EDGE('',*,*,#4264,.F.);
#5026 = PLANE('',#5027);
#5027 = AXIS2_PLACEMENT_3D('',#5028,#5029,#5030);
#5028 = CARTESIAN_POINT('',(1.15,-0.735,5.551115123126E-17));
#5029 = DIRECTION('',(-1.,-1.110223024625E-16,0.));
#5030 = DIRECTION('',(0.,0.,1.));
#5031 = ADVANCED_FACE('',(#5032),#5043,.F.);
#5032 = FACE_BOUND('',#5033,.F.);
#5033 = EDGE_LOOP('',(#5034,#5040,#5041,#5042));
#5034 = ORIENTED_EDGE('',*,*,#5035,.T.);
#5035 = EDGE_CURVE('',#4248,#4357,#5036,.T.);
#5036 = LINE('',#5037,#5038);
#5037 = CARTESIAN_POINT('',(1.080857221624,-0.735,5.551115123126E-17));
#5038 = VECTOR('',#5039,1.);
#5039 = DIRECTION('',(1.110223024625E-16,-1.,0.));
#5040 = ORIENTED_EDGE('',*,*,#4365,.T.);
#5041 = ORIENTED_EDGE('',*,*,#5018,.F.);
#5042 = ORIENTED_EDGE('',*,*,#4256,.F.);
#5043 = PLANE('',#5044);
#5044 = AXIS2_PLACEMENT_3D('',#5045,#5046,#5047);
#5045 = CARTESIAN_POINT('',(1.080857221624,-0.735,5.551115123126E-17));
#5046 = DIRECTION('',(0.,0.,1.));
#5047 = DIRECTION('',(1.,1.110223024625E-16,-0.));
#5048 = ADVANCED_FACE('',(#5049),#5060,.T.);
#5049 = FACE_BOUND('',#5050,.T.);
#5050 = EDGE_LOOP('',(#5051,#5052,#5053,#5054));
#5051 = ORIENTED_EDGE('',*,*,#4247,.T.);
#5052 = ORIENTED_EDGE('',*,*,#5035,.T.);
#5053 = ORIENTED_EDGE('',*,*,#4356,.F.);
#5054 = ORIENTED_EDGE('',*,*,#5055,.F.);
#5055 = EDGE_CURVE('',#4240,#4349,#5056,.T.);
#5056 = LINE('',#5057,#5058);
#5057 = CARTESIAN_POINT('',(0.834655283371,-0.735,0.206587955583));
#5058 = VECTOR('',#5059,1.);
#5059 = DIRECTION('',(1.110223024625E-16,-1.,0.));
#5060 = CYLINDRICAL_SURFACE('',#5061,0.25);
#5061 = AXIS2_PLACEMENT_3D('',#5062,#5063,#5064);
#5062 = CARTESIAN_POINT('',(1.080857221624,-0.735,0.25));
#5063 = DIRECTION('',(-1.110223024625E-16,1.,0.));
#5064 = DIRECTION('',(-0.984807753012,-1.093356242223E-16,
    -0.173648177667));
#5065 = ADVANCED_FACE('',(#5066),#5072,.F.);
#5066 = FACE_BOUND('',#5067,.F.);
#5067 = EDGE_LOOP('',(#5068,#5069,#5070,#5071));
#5068 = ORIENTED_EDGE('',*,*,#4330,.T.);
#5069 = ORIENTED_EDGE('',*,*,#4348,.T.);
#5070 = ORIENTED_EDGE('',*,*,#5055,.F.);
#5071 = ORIENTED_EDGE('',*,*,#4239,.F.);
#5072 = PLANE('',#5073);
#5073 = AXIS2_PLACEMENT_3D('',#5074,#5075,#5076);
#5074 = CARTESIAN_POINT('',(0.798480775301,-0.735,0.442364817767));
#5075 = DIRECTION('',(0.988433898356,1.097382072275E-16,0.151652327974)
  );
#5076 = DIRECTION('',(0.151652327974,1.683679062546E-17,-0.988433898356)
  );
#5077 = ADVANCED_FACE('',(#5078),#5081,.F.);
#5078 = FACE_BOUND('',#5079,.T.);
#5079 = EDGE_LOOP('',(#5080));
#5080 = ORIENTED_EDGE('',*,*,#4494,.F.);
#5081 = PLANE('',#5082);
#5082 = AXIS2_PLACEMENT_3D('',#5083,#5084,#5085);
#5083 = CARTESIAN_POINT('',(-0.365270145251,1.165270145251,1.1));
#5084 = DIRECTION('',(0.,0.,-1.));
#5085 = DIRECTION('',(1.110223024625E-16,-1.,0.));
#5086 = ( GEOMETRIC_REPRESENTATION_CONTEXT(3) 
GLOBAL_UNCERTAINTY_ASSIGNED_CONTEXT((#5090)) 
GLOBAL_UNIT_ASSIGNED_CONTEXT((#5087,#5088,#5089)) REPRESENTATION_CONTEXT
('Context #1','3D Context with UNIT and UNCERTAINTY') );
#5087 = ( LENGTH_UNIT() NAMED_UNIT(*) SI_UNIT(.MILLI.,.METRE.) );
#5088 = ( NAMED_UNIT(*) PLANE_ANGLE_UNIT() SI_UNIT($,.RADIAN.) );
#5089 = ( NAMED_UNIT(*) SI_UNIT($,.STERADIAN.) SOLID_ANGLE_UNIT() );
#5090 = UNCERTAINTY_MEASURE_WITH_UNIT(LENGTH_MEASURE(1.E-07),#5087,
  'distance_accuracy_value','confusion accuracy');
#5091 = CONTEXT_DEPENDENT_SHAPE_REPRESENTATION(#5092,#5094);
#5092 = ( REPRESENTATION_RELATIONSHIP('','',#2483,#10) 
REPRESENTATION_RELATIONSHIP_WITH_TRANSFORMATION(#5093) 
SHAPE_REPRESENTATION_RELATIONSHIP() );
#5093 = ITEM_DEFINED_TRANSFORMATION('','',#11,#27);
#5094 = PRODUCT_DEFINITION_SHAPE('Placement','Placement of an item',
  #5095);
#5095 = NEXT_ASSEMBLY_USAGE_OCCURRENCE('4','D1','',#5,#2478,$);
#5096 = PRODUCT_RELATED_PRODUCT_CATEGORY('part',$,(#2480));
#5097 = CONTEXT_DEPENDENT_SHAPE_REPRESENTATION(#5098,#5100);
#5098 = ( REPRESENTATION_RELATIONSHIP('','',#1610,#10) 
REPRESENTATION_RELATIONSHIP_WITH_TRANSFORMATION(#5099) 
SHAPE_REPRESENTATION_RELATIONSHIP() );
#5099 = ITEM_DEFINED_TRANSFORMATION('','',#11,#31);
#5100 = PRODUCT_DEFINITION_SHAPE('Placement','Placement of an item',
  #5101);
#5101 = NEXT_ASSEMBLY_USAGE_OCCURRENCE('5','C2','',#5,#1605,$);
#5102 = SHAPE_DEFINITION_REPRESENTATION(#5103,#5109);
#5103 = PRODUCT_DEFINITION_SHAPE('','',#5104);
#5104 = PRODUCT_DEFINITION('design','',#5105,#5108);
#5105 = PRODUCT_DEFINITION_FORMATION('','',#5106);
#5106 = PRODUCT('JST_SH_SM04B-SRSS-TB_1x04-1MP_P1.00mm_Horizontal',
  'JST_SH_SM04B-SRSS-TB_1x04-1MP_P1.00mm_Horizontal','',(#5107));
#5107 = PRODUCT_CONTEXT('',#2,'mechanical');
#5108 = PRODUCT_DEFINITION_CONTEXT('part definition',#2,'design');
#5109 = ADVANCED_BREP_SHAPE_REPRESENTATION('',(#11,#5110),#7914);
#5110 = MANIFOLD_SOLID_BREP('',#5111);
#5111 = CLOSED_SHELL('',(#5112,#5216,#5423,#5447,#5471,#5495,#5519,#5680
    ,#5736,#5760,#5784,#5808,#5832,#5964,#6036,#6060,#6091,#6115,#6146,
    #6170,#6210,#6234,#6267,#6307,#6331,#6364,#6404,#6428,#6461,#6501,
    #6525,#6558,#6585,#6603,#6628,#6652,#6706,#6730,#6754,#6771,#6795,
    #6842,#6866,#6890,#6907,#6924,#6964,#6981,#6995,#7012,#7029,#7046,
    #7063,#7080,#7104,#7121,#7138,#7150,#7170,#7182,#7194,#7211,#7223,
    #7240,#7252,#7269,#7281,#7298,#7310,#7322,#7470,#7482,#7513,#7537,
    #7561,#7578,#7609,#7633,#7657,#7674,#7705,#7729,#7753,#7770,#7801,
    #7825,#7849,#7866,#7878,#7890,#7902));
#5112 = ADVANCED_FACE('',(#5113),#5211,.F.);
#5113 = FACE_BOUND('',#5114,.F.);
#5114 = EDGE_LOOP('',(#5115,#5125,#5133,#5141,#5149,#5157,#5165,#5173,
    #5181,#5189,#5197,#5205));
#5115 = ORIENTED_EDGE('',*,*,#5116,.F.);
#5116 = EDGE_CURVE('',#5117,#5119,#5121,.T.);
#5117 = VERTEX_POINT('',#5118);
#5118 = CARTESIAN_POINT('',(-3.,1.775,6.E-02));
#5119 = VERTEX_POINT('',#5120);
#5120 = CARTESIAN_POINT('',(-3.,-0.975,6.E-02));
#5121 = LINE('',#5122,#5123);
#5122 = CARTESIAN_POINT('',(-3.,1.775,6.E-02));
#5123 = VECTOR('',#5124,1.);
#5124 = DIRECTION('',(0.,-1.,1.110223024625E-16));
#5125 = ORIENTED_EDGE('',*,*,#5126,.T.);
#5126 = EDGE_CURVE('',#5117,#5127,#5129,.T.);
#5127 = VERTEX_POINT('',#5128);
#5128 = CARTESIAN_POINT('',(-3.,1.775,1.46));
#5129 = LINE('',#5130,#5131);
#5130 = CARTESIAN_POINT('',(-3.,1.775,6.E-02));
#5131 = VECTOR('',#5132,1.);
#5132 = DIRECTION('',(0.,1.110223024625E-16,1.));
#5133 = ORIENTED_EDGE('',*,*,#5134,.T.);
#5134 = EDGE_CURVE('',#5127,#5135,#5137,.T.);
#5135 = VERTEX_POINT('',#5136);
#5136 = CARTESIAN_POINT('',(-3.,1.225,1.46));
#5137 = LINE('',#5138,#5139);
#5138 = CARTESIAN_POINT('',(-3.,1.775,1.46));
#5139 = VECTOR('',#5140,1.);
#5140 = DIRECTION('',(0.,-1.,1.110223024625E-16));
#5141 = ORIENTED_EDGE('',*,*,#5142,.T.);
#5142 = EDGE_CURVE('',#5135,#5143,#5145,.T.);
#5143 = VERTEX_POINT('',#5144);
#5144 = CARTESIAN_POINT('',(-3.,1.225,2.46));
#5145 = LINE('',#5146,#5147);
#5146 = CARTESIAN_POINT('',(-3.,1.225,1.46));
#5147 = VECTOR('',#5148,1.);
#5148 = DIRECTION('',(0.,1.110223024625E-16,1.));
#5149 = ORIENTED_EDGE('',*,*,#5150,.T.);
#5150 = EDGE_CURVE('',#5143,#5151,#5153,.T.);
#5151 = VERTEX_POINT('',#5152);
#5152 = CARTESIAN_POINT('',(-3.,0.575,2.46));
#5153 = LINE('',#5154,#5155);
#5154 = CARTESIAN_POINT('',(-3.,1.225,2.46));
#5155 = VECTOR('',#5156,1.);
#5156 = DIRECTION('',(0.,-1.,1.110223024625E-16));
#5157 = ORIENTED_EDGE('',*,*,#5158,.T.);
#5158 = EDGE_CURVE('',#5151,#5159,#5161,.T.);
#5159 = VERTEX_POINT('',#5160);
#5160 = CARTESIAN_POINT('',(-3.,0.286,2.96));
#5161 = LINE('',#5162,#5163);
#5162 = CARTESIAN_POINT('',(-3.,0.575,2.46));
#5163 = VECTOR('',#5164,1.);
#5164 = DIRECTION('',(0.,-0.500421834463,0.865781720524));
#5165 = ORIENTED_EDGE('',*,*,#5166,.T.);
#5166 = EDGE_CURVE('',#5159,#5167,#5169,.T.);
#5167 = VERTEX_POINT('',#5168);
#5168 = CARTESIAN_POINT('',(-3.,-2.475,2.96));
#5169 = LINE('',#5170,#5171);
#5170 = CARTESIAN_POINT('',(-3.,1.775,2.96));
#5171 = VECTOR('',#5172,1.);
#5172 = DIRECTION('',(0.,-1.,1.110223024625E-16));
#5173 = ORIENTED_EDGE('',*,*,#5174,.F.);
#5174 = EDGE_CURVE('',#5175,#5167,#5177,.T.);
#5175 = VERTEX_POINT('',#5176);
#5176 = CARTESIAN_POINT('',(-3.,-2.475,1.26));
#5177 = LINE('',#5178,#5179);
#5178 = CARTESIAN_POINT('',(-3.,-2.475,6.E-02));
#5179 = VECTOR('',#5180,1.);
#5180 = DIRECTION('',(0.,1.110223024625E-16,1.));
#5181 = ORIENTED_EDGE('',*,*,#5182,.T.);
#5182 = EDGE_CURVE('',#5175,#5183,#5185,.T.);
#5183 = VERTEX_POINT('',#5184);
#5184 = CARTESIAN_POINT('',(-3.,-1.975,1.26));
#5185 = LINE('',#5186,#5187);
#5186 = CARTESIAN_POINT('',(-3.,-2.475,1.26));
#5187 = VECTOR('',#5188,1.);
#5188 = DIRECTION('',(0.,1.,-1.110223024625E-16));
#5189 = ORIENTED_EDGE('',*,*,#5190,.T.);
#5190 = EDGE_CURVE('',#5183,#5191,#5193,.T.);
#5191 = VERTEX_POINT('',#5192);
#5192 = CARTESIAN_POINT('',(-3.,-1.975,0.61));
#5193 = LINE('',#5194,#5195);
#5194 = CARTESIAN_POINT('',(-3.,-1.975,1.26));
#5195 = VECTOR('',#5196,1.);
#5196 = DIRECTION('',(0.,-1.110223024625E-16,-1.));
#5197 = ORIENTED_EDGE('',*,*,#5198,.T.);
#5198 = EDGE_CURVE('',#5191,#5199,#5201,.T.);
#5199 = VERTEX_POINT('',#5200);
#5200 = CARTESIAN_POINT('',(-3.,-0.975,0.61));
#5201 = LINE('',#5202,#5203);
#5202 = CARTESIAN_POINT('',(-3.,-1.975,0.61));
#5203 = VECTOR('',#5204,1.);
#5204 = DIRECTION('',(0.,1.,-1.110223024625E-16));
#5205 = ORIENTED_EDGE('',*,*,#5206,.T.);
#5206 = EDGE_CURVE('',#5199,#5119,#5207,.T.);
#5207 = LINE('',#5208,#5209);
#5208 = CARTESIAN_POINT('',(-3.,-0.975,0.61));
#5209 = VECTOR('',#5210,1.);
#5210 = DIRECTION('',(0.,-1.110223024625E-16,-1.));
#5211 = PLANE('',#5212);
#5212 = AXIS2_PLACEMENT_3D('',#5213,#5214,#5215);
#5213 = CARTESIAN_POINT('',(-3.,1.775,6.E-02));
#5214 = DIRECTION('',(1.,0.,0.));
#5215 = DIRECTION('',(0.,-1.,1.110223024625E-16));
#5216 = ADVANCED_FACE('',(#5217),#5418,.F.);
#5217 = FACE_BOUND('',#5218,.F.);
#5218 = EDGE_LOOP('',(#5219,#5229,#5237,#5245,#5253,#5261,#5269,#5277,
    #5285,#5293,#5301,#5309,#5317,#5325,#5333,#5341,#5349,#5357,#5363,
    #5364,#5372,#5380,#5388,#5396,#5404,#5412));
#5219 = ORIENTED_EDGE('',*,*,#5220,.F.);
#5220 = EDGE_CURVE('',#5221,#5223,#5225,.T.);
#5221 = VERTEX_POINT('',#5222);
#5222 = CARTESIAN_POINT('',(3.,1.775,6.E-02));
#5223 = VERTEX_POINT('',#5224);
#5224 = CARTESIAN_POINT('',(3.,-0.975,6.E-02));
#5225 = LINE('',#5226,#5227);
#5226 = CARTESIAN_POINT('',(3.,1.775,6.E-02));
#5227 = VECTOR('',#5228,1.);
#5228 = DIRECTION('',(0.,-1.,1.110223024625E-16));
#5229 = ORIENTED_EDGE('',*,*,#5230,.F.);
#5230 = EDGE_CURVE('',#5231,#5221,#5233,.T.);
#5231 = VERTEX_POINT('',#5232);
#5232 = CARTESIAN_POINT('',(1.6,1.775,6.E-02));
#5233 = LINE('',#5234,#5235);
#5234 = CARTESIAN_POINT('',(-3.,1.775,6.E-02));
#5235 = VECTOR('',#5236,1.);
#5236 = DIRECTION('',(1.,0.,0.));
#5237 = ORIENTED_EDGE('',*,*,#5238,.F.);
#5238 = EDGE_CURVE('',#5239,#5231,#5241,.T.);
#5239 = VERTEX_POINT('',#5240);
#5240 = CARTESIAN_POINT('',(1.6,1.675,6.E-02));
#5241 = LINE('',#5242,#5243);
#5242 = CARTESIAN_POINT('',(1.6,1.675,6.E-02));
#5243 = VECTOR('',#5244,1.);
#5244 = DIRECTION('',(0.,1.,0.));
#5245 = ORIENTED_EDGE('',*,*,#5246,.F.);
#5246 = EDGE_CURVE('',#5247,#5239,#5249,.T.);
#5247 = VERTEX_POINT('',#5248);
#5248 = CARTESIAN_POINT('',(1.4,1.675,6.E-02));
#5249 = LINE('',#5250,#5251);
#5250 = CARTESIAN_POINT('',(1.4,1.675,6.E-02));
#5251 = VECTOR('',#5252,1.);
#5252 = DIRECTION('',(1.,0.,0.));
#5253 = ORIENTED_EDGE('',*,*,#5254,.T.);
#5254 = EDGE_CURVE('',#5247,#5255,#5257,.T.);
#5255 = VERTEX_POINT('',#5256);
#5256 = CARTESIAN_POINT('',(1.4,1.775,6.E-02));
#5257 = LINE('',#5258,#5259);
#5258 = CARTESIAN_POINT('',(1.4,1.675,6.E-02));
#5259 = VECTOR('',#5260,1.);
#5260 = DIRECTION('',(0.,1.,0.));
#5261 = ORIENTED_EDGE('',*,*,#5262,.F.);
#5262 = EDGE_CURVE('',#5263,#5255,#5265,.T.);
#5263 = VERTEX_POINT('',#5264);
#5264 = CARTESIAN_POINT('',(0.6,1.775,6.E-02));
#5265 = LINE('',#5266,#5267);
#5266 = CARTESIAN_POINT('',(-3.,1.775,6.E-02));
#5267 = VECTOR('',#5268,1.);
#5268 = DIRECTION('',(1.,0.,0.));
#5269 = ORIENTED_EDGE('',*,*,#5270,.F.);
#5270 = EDGE_CURVE('',#5271,#5263,#5273,.T.);
#5271 = VERTEX_POINT('',#5272);
#5272 = CARTESIAN_POINT('',(0.6,1.675,6.E-02));
#5273 = LINE('',#5274,#5275);
#5274 = CARTESIAN_POINT('',(0.6,1.675,6.E-02));
#5275 = VECTOR('',#5276,1.);
#5276 = DIRECTION('',(0.,1.,0.));
#5277 = ORIENTED_EDGE('',*,*,#5278,.F.);
#5278 = EDGE_CURVE('',#5279,#5271,#5281,.T.);
#5279 = VERTEX_POINT('',#5280);
#5280 = CARTESIAN_POINT('',(0.4,1.675,6.E-02));
#5281 = LINE('',#5282,#5283);
#5282 = CARTESIAN_POINT('',(0.4,1.675,6.E-02));
#5283 = VECTOR('',#5284,1.);
#5284 = DIRECTION('',(1.,0.,0.));
#5285 = ORIENTED_EDGE('',*,*,#5286,.T.);
#5286 = EDGE_CURVE('',#5279,#5287,#5289,.T.);
#5287 = VERTEX_POINT('',#5288);
#5288 = CARTESIAN_POINT('',(0.4,1.775,6.E-02));
#5289 = LINE('',#5290,#5291);
#5290 = CARTESIAN_POINT('',(0.4,1.675,6.E-02));
#5291 = VECTOR('',#5292,1.);
#5292 = DIRECTION('',(0.,1.,0.));
#5293 = ORIENTED_EDGE('',*,*,#5294,.F.);
#5294 = EDGE_CURVE('',#5295,#5287,#5297,.T.);
#5295 = VERTEX_POINT('',#5296);
#5296 = CARTESIAN_POINT('',(-0.4,1.775,6.E-02));
#5297 = LINE('',#5298,#5299);
#5298 = CARTESIAN_POINT('',(-3.,1.775,6.E-02));
#5299 = VECTOR('',#5300,1.);
#5300 = DIRECTION('',(1.,0.,0.));
#5301 = ORIENTED_EDGE('',*,*,#5302,.F.);
#5302 = EDGE_CURVE('',#5303,#5295,#5305,.T.);
#5303 = VERTEX_POINT('',#5304);
#5304 = CARTESIAN_POINT('',(-0.4,1.675,6.E-02));
#5305 = LINE('',#5306,#5307);
#5306 = CARTESIAN_POINT('',(-0.4,1.675,6.E-02));
#5307 = VECTOR('',#5308,1.);
#5308 = DIRECTION('',(0.,1.,0.));
#5309 = ORIENTED_EDGE('',*,*,#5310,.F.);
#5310 = EDGE_CURVE('',#5311,#5303,#5313,.T.);
#5311 = VERTEX_POINT('',#5312);
#5312 = CARTESIAN_POINT('',(-0.6,1.675,6.E-02));
#5313 = LINE('',#5314,#5315);
#5314 = CARTESIAN_POINT('',(-0.6,1.675,6.E-02));
#5315 = VECTOR('',#5316,1.);
#5316 = DIRECTION('',(1.,0.,0.));
#5317 = ORIENTED_EDGE('',*,*,#5318,.T.);
#5318 = EDGE_CURVE('',#5311,#5319,#5321,.T.);
#5319 = VERTEX_POINT('',#5320);
#5320 = CARTESIAN_POINT('',(-0.6,1.775,6.E-02));
#5321 = LINE('',#5322,#5323);
#5322 = CARTESIAN_POINT('',(-0.6,1.675,6.E-02));
#5323 = VECTOR('',#5324,1.);
#5324 = DIRECTION('',(0.,1.,0.));
#5325 = ORIENTED_EDGE('',*,*,#5326,.F.);
#5326 = EDGE_CURVE('',#5327,#5319,#5329,.T.);
#5327 = VERTEX_POINT('',#5328);
#5328 = CARTESIAN_POINT('',(-1.4,1.775,6.E-02));
#5329 = LINE('',#5330,#5331);
#5330 = CARTESIAN_POINT('',(-3.,1.775,6.E-02));
#5331 = VECTOR('',#5332,1.);
#5332 = DIRECTION('',(1.,0.,0.));
#5333 = ORIENTED_EDGE('',*,*,#5334,.F.);
#5334 = EDGE_CURVE('',#5335,#5327,#5337,.T.);
#5335 = VERTEX_POINT('',#5336);
#5336 = CARTESIAN_POINT('',(-1.4,1.675,6.E-02));
#5337 = LINE('',#5338,#5339);
#5338 = CARTESIAN_POINT('',(-1.4,1.675,6.E-02));
#5339 = VECTOR('',#5340,1.);
#5340 = DIRECTION('',(0.,1.,0.));
#5341 = ORIENTED_EDGE('',*,*,#5342,.F.);
#5342 = EDGE_CURVE('',#5343,#5335,#5345,.T.);
#5343 = VERTEX_POINT('',#5344);
#5344 = CARTESIAN_POINT('',(-1.6,1.675,6.E-02));
#5345 = LINE('',#5346,#5347);
#5346 = CARTESIAN_POINT('',(-1.6,1.675,6.E-02));
#5347 = VECTOR('',#5348,1.);
#5348 = DIRECTION('',(1.,0.,0.));
#5349 = ORIENTED_EDGE('',*,*,#5350,.T.);
#5350 = EDGE_CURVE('',#5343,#5351,#5353,.T.);
#5351 = VERTEX_POINT('',#5352);
#5352 = CARTESIAN_POINT('',(-1.6,1.775,6.E-02));
#5353 = LINE('',#5354,#5355);
#5354 = CARTESIAN_POINT('',(-1.6,1.675,6.E-02));
#5355 = VECTOR('',#5356,1.);
#5356 = DIRECTION('',(0.,1.,0.));
#5357 = ORIENTED_EDGE('',*,*,#5358,.F.);
#5358 = EDGE_CURVE('',#5117,#5351,#5359,.T.);
#5359 = LINE('',#5360,#5361);
#5360 = CARTESIAN_POINT('',(-3.,1.775,6.E-02));
#5361 = VECTOR('',#5362,1.);
#5362 = DIRECTION('',(1.,0.,0.));
#5363 = ORIENTED_EDGE('',*,*,#5116,.T.);
#5364 = ORIENTED_EDGE('',*,*,#5365,.T.);
#5365 = EDGE_CURVE('',#5119,#5366,#5368,.T.);
#5366 = VERTEX_POINT('',#5367);
#5367 = CARTESIAN_POINT('',(-2.7,-0.975,6.E-02));
#5368 = LINE('',#5369,#5370);
#5369 = CARTESIAN_POINT('',(-3.,-0.975,6.E-02));
#5370 = VECTOR('',#5371,1.);
#5371 = DIRECTION('',(1.,0.,0.));
#5372 = ORIENTED_EDGE('',*,*,#5373,.T.);
#5373 = EDGE_CURVE('',#5366,#5374,#5376,.T.);
#5374 = VERTEX_POINT('',#5375);
#5375 = CARTESIAN_POINT('',(-2.5,-0.975,6.E-02));
#5376 = LINE('',#5377,#5378);
#5377 = CARTESIAN_POINT('',(-3.,-0.975,6.E-02));
#5378 = VECTOR('',#5379,1.);
#5379 = DIRECTION('',(1.,0.,0.));
#5380 = ORIENTED_EDGE('',*,*,#5381,.T.);
#5381 = EDGE_CURVE('',#5374,#5382,#5384,.T.);
#5382 = VERTEX_POINT('',#5383);
#5383 = CARTESIAN_POINT('',(-2.5,-2.475,6.E-02));
#5384 = LINE('',#5385,#5386);
#5385 = CARTESIAN_POINT('',(-2.5,-0.975,6.E-02));
#5386 = VECTOR('',#5387,1.);
#5387 = DIRECTION('',(0.,-1.,2.590520390792E-16));
#5388 = ORIENTED_EDGE('',*,*,#5389,.T.);
#5389 = EDGE_CURVE('',#5382,#5390,#5392,.T.);
#5390 = VERTEX_POINT('',#5391);
#5391 = CARTESIAN_POINT('',(2.5,-2.475,6.E-02));
#5392 = LINE('',#5393,#5394);
#5393 = CARTESIAN_POINT('',(-3.,-2.475,6.E-02));
#5394 = VECTOR('',#5395,1.);
#5395 = DIRECTION('',(1.,0.,0.));
#5396 = ORIENTED_EDGE('',*,*,#5397,.F.);
#5397 = EDGE_CURVE('',#5398,#5390,#5400,.T.);
#5398 = VERTEX_POINT('',#5399);
#5399 = CARTESIAN_POINT('',(2.5,-0.975,6.E-02));
#5400 = LINE('',#5401,#5402);
#5401 = CARTESIAN_POINT('',(2.5,-0.975,6.E-02));
#5402 = VECTOR('',#5403,1.);
#5403 = DIRECTION('',(0.,-1.,2.590520390792E-16));
#5404 = ORIENTED_EDGE('',*,*,#5405,.T.);
#5405 = EDGE_CURVE('',#5398,#5406,#5408,.T.);
#5406 = VERTEX_POINT('',#5407);
#5407 = CARTESIAN_POINT('',(2.7,-0.975,6.E-02));
#5408 = LINE('',#5409,#5410);
#5409 = CARTESIAN_POINT('',(2.5,-0.975,6.E-02));
#5410 = VECTOR('',#5411,1.);
#5411 = DIRECTION('',(1.,0.,0.));
#5412 = ORIENTED_EDGE('',*,*,#5413,.T.);
#5413 = EDGE_CURVE('',#5406,#5223,#5414,.T.);
#5414 = LINE('',#5415,#5416);
#5415 = CARTESIAN_POINT('',(2.5,-0.975,6.E-02));
#5416 = VECTOR('',#5417,1.);
#5417 = DIRECTION('',(1.,0.,0.));
#5418 = PLANE('',#5419);
#5419 = AXIS2_PLACEMENT_3D('',#5420,#5421,#5422);
#5420 = CARTESIAN_POINT('',(-3.,1.775,6.E-02));
#5421 = DIRECTION('',(0.,1.110223024625E-16,1.));
#5422 = DIRECTION('',(0.,-1.,1.110223024625E-16));
#5423 = ADVANCED_FACE('',(#5424),#5442,.F.);
#5424 = FACE_BOUND('',#5425,.F.);
#5425 = EDGE_LOOP('',(#5426,#5427,#5435,#5441));
#5426 = ORIENTED_EDGE('',*,*,#5206,.F.);
#5427 = ORIENTED_EDGE('',*,*,#5428,.T.);
#5428 = EDGE_CURVE('',#5199,#5429,#5431,.T.);
#5429 = VERTEX_POINT('',#5430);
#5430 = CARTESIAN_POINT('',(-2.7,-0.975,0.61));
#5431 = LINE('',#5432,#5433);
#5432 = CARTESIAN_POINT('',(-3.,-0.975,0.61));
#5433 = VECTOR('',#5434,1.);
#5434 = DIRECTION('',(1.,0.,0.));
#5435 = ORIENTED_EDGE('',*,*,#5436,.T.);
#5436 = EDGE_CURVE('',#5429,#5366,#5437,.T.);
#5437 = LINE('',#5438,#5439);
#5438 = CARTESIAN_POINT('',(-2.7,-0.975,0.61));
#5439 = VECTOR('',#5440,1.);
#5440 = DIRECTION('',(0.,0.,-1.));
#5441 = ORIENTED_EDGE('',*,*,#5365,.F.);
#5442 = PLANE('',#5443);
#5443 = AXIS2_PLACEMENT_3D('',#5444,#5445,#5446);
#5444 = CARTESIAN_POINT('',(-3.,-0.975,0.61));
#5445 = DIRECTION('',(0.,1.,-1.110223024625E-16));
#5446 = DIRECTION('',(0.,-1.110223024625E-16,-1.));
#5447 = ADVANCED_FACE('',(#5448),#5466,.F.);
#5448 = FACE_BOUND('',#5449,.F.);
#5449 = EDGE_LOOP('',(#5450,#5451,#5459,#5465));
#5450 = ORIENTED_EDGE('',*,*,#5198,.F.);
#5451 = ORIENTED_EDGE('',*,*,#5452,.T.);
#5452 = EDGE_CURVE('',#5191,#5453,#5455,.T.);
#5453 = VERTEX_POINT('',#5454);
#5454 = CARTESIAN_POINT('',(-2.7,-1.975,0.61));
#5455 = LINE('',#5456,#5457);
#5456 = CARTESIAN_POINT('',(-3.,-1.975,0.61));
#5457 = VECTOR('',#5458,1.);
#5458 = DIRECTION('',(1.,0.,0.));
#5459 = ORIENTED_EDGE('',*,*,#5460,.T.);
#5460 = EDGE_CURVE('',#5453,#5429,#5461,.T.);
#5461 = LINE('',#5462,#5463);
#5462 = CARTESIAN_POINT('',(-2.7,-1.975,0.61));
#5463 = VECTOR('',#5464,1.);
#5464 = DIRECTION('',(0.,1.,0.));
#5465 = ORIENTED_EDGE('',*,*,#5428,.F.);
#5466 = PLANE('',#5467);
#5467 = AXIS2_PLACEMENT_3D('',#5468,#5469,#5470);
#5468 = CARTESIAN_POINT('',(-3.,-1.975,0.61));
#5469 = DIRECTION('',(0.,1.110223024625E-16,1.));
#5470 = DIRECTION('',(0.,1.,-1.110223024625E-16));
#5471 = ADVANCED_FACE('',(#5472),#5490,.F.);
#5472 = FACE_BOUND('',#5473,.F.);
#5473 = EDGE_LOOP('',(#5474,#5475,#5483,#5489));
#5474 = ORIENTED_EDGE('',*,*,#5190,.F.);
#5475 = ORIENTED_EDGE('',*,*,#5476,.T.);
#5476 = EDGE_CURVE('',#5183,#5477,#5479,.T.);
#5477 = VERTEX_POINT('',#5478);
#5478 = CARTESIAN_POINT('',(-2.7,-1.975,1.26));
#5479 = LINE('',#5480,#5481);
#5480 = CARTESIAN_POINT('',(-3.,-1.975,1.26));
#5481 = VECTOR('',#5482,1.);
#5482 = DIRECTION('',(1.,0.,0.));
#5483 = ORIENTED_EDGE('',*,*,#5484,.T.);
#5484 = EDGE_CURVE('',#5477,#5453,#5485,.T.);
#5485 = LINE('',#5486,#5487);
#5486 = CARTESIAN_POINT('',(-2.7,-1.975,1.26));
#5487 = VECTOR('',#5488,1.);
#5488 = DIRECTION('',(0.,0.,-1.));
#5489 = ORIENTED_EDGE('',*,*,#5452,.F.);
#5490 = PLANE('',#5491);
#5491 = AXIS2_PLACEMENT_3D('',#5492,#5493,#5494);
#5492 = CARTESIAN_POINT('',(-3.,-1.975,1.26));
#5493 = DIRECTION('',(0.,1.,-1.110223024625E-16));
#5494 = DIRECTION('',(0.,-1.110223024625E-16,-1.));
#5495 = ADVANCED_FACE('',(#5496),#5514,.F.);
#5496 = FACE_BOUND('',#5497,.F.);
#5497 = EDGE_LOOP('',(#5498,#5499,#5507,#5513));
#5498 = ORIENTED_EDGE('',*,*,#5182,.F.);
#5499 = ORIENTED_EDGE('',*,*,#5500,.T.);
#5500 = EDGE_CURVE('',#5175,#5501,#5503,.T.);
#5501 = VERTEX_POINT('',#5502);
#5502 = CARTESIAN_POINT('',(-2.7,-2.475,1.26));
#5503 = LINE('',#5504,#5505);
#5504 = CARTESIAN_POINT('',(-3.,-2.475,1.26));
#5505 = VECTOR('',#5506,1.);
#5506 = DIRECTION('',(1.,0.,0.));
#5507 = ORIENTED_EDGE('',*,*,#5508,.T.);
#5508 = EDGE_CURVE('',#5501,#5477,#5509,.T.);
#5509 = LINE('',#5510,#5511);
#5510 = CARTESIAN_POINT('',(-2.7,-2.475,1.26));
#5511 = VECTOR('',#5512,1.);
#5512 = DIRECTION('',(0.,1.,0.));
#5513 = ORIENTED_EDGE('',*,*,#5476,.F.);
#5514 = PLANE('',#5515);
#5515 = AXIS2_PLACEMENT_3D('',#5516,#5517,#5518);
#5516 = CARTESIAN_POINT('',(-3.,-2.475,1.26));
#5517 = DIRECTION('',(0.,1.110223024625E-16,1.));
#5518 = DIRECTION('',(0.,1.,-1.110223024625E-16));
#5519 = ADVANCED_FACE('',(#5520,#5577),#5675,.T.);
#5520 = FACE_BOUND('',#5521,.T.);
#5521 = EDGE_LOOP('',(#5522,#5523,#5524,#5532,#5538,#5539,#5547,#5555,
    #5563,#5571));
#5522 = ORIENTED_EDGE('',*,*,#5174,.F.);
#5523 = ORIENTED_EDGE('',*,*,#5500,.T.);
#5524 = ORIENTED_EDGE('',*,*,#5525,.T.);
#5525 = EDGE_CURVE('',#5501,#5526,#5528,.T.);
#5526 = VERTEX_POINT('',#5527);
#5527 = CARTESIAN_POINT('',(-2.5,-2.475,1.26));
#5528 = LINE('',#5529,#5530);
#5529 = CARTESIAN_POINT('',(-3.,-2.475,1.26));
#5530 = VECTOR('',#5531,1.);
#5531 = DIRECTION('',(1.,0.,0.));
#5532 = ORIENTED_EDGE('',*,*,#5533,.F.);
#5533 = EDGE_CURVE('',#5382,#5526,#5534,.T.);
#5534 = LINE('',#5535,#5536);
#5535 = CARTESIAN_POINT('',(-2.5,-2.475,6.E-02));
#5536 = VECTOR('',#5537,1.);
#5537 = DIRECTION('',(0.,1.110223024625E-16,1.));
#5538 = ORIENTED_EDGE('',*,*,#5389,.T.);
#5539 = ORIENTED_EDGE('',*,*,#5540,.T.);
#5540 = EDGE_CURVE('',#5390,#5541,#5543,.T.);
#5541 = VERTEX_POINT('',#5542);
#5542 = CARTESIAN_POINT('',(2.5,-2.475,1.26));
#5543 = LINE('',#5544,#5545);
#5544 = CARTESIAN_POINT('',(2.5,-2.475,6.E-02));
#5545 = VECTOR('',#5546,1.);
#5546 = DIRECTION('',(0.,1.110223024625E-16,1.));
#5547 = ORIENTED_EDGE('',*,*,#5548,.T.);
#5548 = EDGE_CURVE('',#5541,#5549,#5551,.T.);
#5549 = VERTEX_POINT('',#5550);
#5550 = CARTESIAN_POINT('',(2.7,-2.475,1.26));
#5551 = LINE('',#5552,#5553);
#5552 = CARTESIAN_POINT('',(2.5,-2.475,1.26));
#5553 = VECTOR('',#5554,1.);
#5554 = DIRECTION('',(1.,0.,0.));
#5555 = ORIENTED_EDGE('',*,*,#5556,.T.);
#5556 = EDGE_CURVE('',#5549,#5557,#5559,.T.);
#5557 = VERTEX_POINT('',#5558);
#5558 = CARTESIAN_POINT('',(3.,-2.475,1.26));
#5559 = LINE('',#5560,#5561);
#5560 = CARTESIAN_POINT('',(2.5,-2.475,1.26));
#5561 = VECTOR('',#5562,1.);
#5562 = DIRECTION('',(1.,0.,0.));
#5563 = ORIENTED_EDGE('',*,*,#5564,.T.);
#5564 = EDGE_CURVE('',#5557,#5565,#5567,.T.);
#5565 = VERTEX_POINT('',#5566);
#5566 = CARTESIAN_POINT('',(3.,-2.475,2.96));
#5567 = LINE('',#5568,#5569);
#5568 = CARTESIAN_POINT('',(3.,-2.475,6.E-02));
#5569 = VECTOR('',#5570,1.);
#5570 = DIRECTION('',(0.,1.110223024625E-16,1.));
#5571 = ORIENTED_EDGE('',*,*,#5572,.F.);
#5572 = EDGE_CURVE('',#5167,#5565,#5573,.T.);
#5573 = LINE('',#5574,#5575);
#5574 = CARTESIAN_POINT('',(-3.,-2.475,2.96));
#5575 = VECTOR('',#5576,1.);
#5576 = DIRECTION('',(1.,0.,0.));
#5577 = FACE_BOUND('',#5578,.T.);
#5578 = EDGE_LOOP('',(#5579,#5589,#5597,#5605,#5613,#5621,#5629,#5637,
    #5645,#5653,#5661,#5669));
#5579 = ORIENTED_EDGE('',*,*,#5580,.F.);
#5580 = EDGE_CURVE('',#5581,#5583,#5585,.T.);
#5581 = VERTEX_POINT('',#5582);
#5582 = CARTESIAN_POINT('',(2.2,-2.475,0.46));
#5583 = VERTEX_POINT('',#5584);
#5584 = CARTESIAN_POINT('',(2.2,-2.475,1.46));
#5585 = LINE('',#5586,#5587);
#5586 = CARTESIAN_POINT('',(2.2,-2.475,0.46));
#5587 = VECTOR('',#5588,1.);
#5588 = DIRECTION('',(0.,1.110223024625E-16,1.));
#5589 = ORIENTED_EDGE('',*,*,#5590,.F.);
#5590 = EDGE_CURVE('',#5591,#5581,#5593,.T.);
#5591 = VERTEX_POINT('',#5592);
#5592 = CARTESIAN_POINT('',(-2.2,-2.475,0.46));
#5593 = LINE('',#5594,#5595);
#5594 = CARTESIAN_POINT('',(-2.2,-2.475,0.46));
#5595 = VECTOR('',#5596,1.);
#5596 = DIRECTION('',(1.,0.,0.));
#5597 = ORIENTED_EDGE('',*,*,#5598,.F.);
#5598 = EDGE_CURVE('',#5599,#5591,#5601,.T.);
#5599 = VERTEX_POINT('',#5600);
#5600 = CARTESIAN_POINT('',(-2.2,-2.475,1.46));
#5601 = LINE('',#5602,#5603);
#5602 = CARTESIAN_POINT('',(-2.2,-2.475,2.56));
#5603 = VECTOR('',#5604,1.);
#5604 = DIRECTION('',(0.,-1.110223024625E-16,-1.));
#5605 = ORIENTED_EDGE('',*,*,#5606,.F.);
#5606 = EDGE_CURVE('',#5607,#5599,#5609,.T.);
#5607 = VERTEX_POINT('',#5608);
#5608 = CARTESIAN_POINT('',(-2.55,-2.475,1.46));
#5609 = LINE('',#5610,#5611);
#5610 = CARTESIAN_POINT('',(-2.55,-2.475,1.46));
#5611 = VECTOR('',#5612,1.);
#5612 = DIRECTION('',(1.,0.,0.));
#5613 = ORIENTED_EDGE('',*,*,#5614,.F.);
#5614 = EDGE_CURVE('',#5615,#5607,#5617,.T.);
#5615 = VERTEX_POINT('',#5616);
#5616 = CARTESIAN_POINT('',(-2.55,-2.475,2.06));
#5617 = LINE('',#5618,#5619);
#5618 = CARTESIAN_POINT('',(-2.55,-2.475,2.06));
#5619 = VECTOR('',#5620,1.);
#5620 = DIRECTION('',(0.,-1.110223024625E-16,-1.));
#5621 = ORIENTED_EDGE('',*,*,#5622,.F.);
#5622 = EDGE_CURVE('',#5623,#5615,#5625,.T.);
#5623 = VERTEX_POINT('',#5624);
#5624 = CARTESIAN_POINT('',(-2.2,-2.475,2.06));
#5625 = LINE('',#5626,#5627);
#5626 = CARTESIAN_POINT('',(2.55,-2.475,2.06));
#5627 = VECTOR('',#5628,1.);
#5628 = DIRECTION('',(-1.,0.,0.));
#5629 = ORIENTED_EDGE('',*,*,#5630,.F.);
#5630 = EDGE_CURVE('',#5631,#5623,#5633,.T.);
#5631 = VERTEX_POINT('',#5632);
#5632 = CARTESIAN_POINT('',(-2.2,-2.475,2.56));
#5633 = LINE('',#5634,#5635);
#5634 = CARTESIAN_POINT('',(-2.2,-2.475,2.56));
#5635 = VECTOR('',#5636,1.);
#5636 = DIRECTION('',(0.,-1.110223024625E-16,-1.));
#5637 = ORIENTED_EDGE('',*,*,#5638,.F.);
#5638 = EDGE_CURVE('',#5639,#5631,#5641,.T.);
#5639 = VERTEX_POINT('',#5640);
#5640 = CARTESIAN_POINT('',(2.2,-2.475,2.56));
#5641 = LINE('',#5642,#5643);
#5642 = CARTESIAN_POINT('',(2.2,-2.475,2.56));
#5643 = VECTOR('',#5644,1.);
#5644 = DIRECTION('',(-1.,0.,0.));
#5645 = ORIENTED_EDGE('',*,*,#5646,.F.);
#5646 = EDGE_CURVE('',#5647,#5639,#5649,.T.);
#5647 = VERTEX_POINT('',#5648);
#5648 = CARTESIAN_POINT('',(2.2,-2.475,2.06));
#5649 = LINE('',#5650,#5651);
#5650 = CARTESIAN_POINT('',(2.2,-2.475,0.46));
#5651 = VECTOR('',#5652,1.);
#5652 = DIRECTION('',(0.,1.110223024625E-16,1.));
#5653 = ORIENTED_EDGE('',*,*,#5654,.F.);
#5654 = EDGE_CURVE('',#5655,#5647,#5657,.T.);
#5655 = VERTEX_POINT('',#5656);
#5656 = CARTESIAN_POINT('',(2.55,-2.475,2.06));
#5657 = LINE('',#5658,#5659);
#5658 = CARTESIAN_POINT('',(2.55,-2.475,2.06));
#5659 = VECTOR('',#5660,1.);
#5660 = DIRECTION('',(-1.,0.,0.));
#5661 = ORIENTED_EDGE('',*,*,#5662,.F.);
#5662 = EDGE_CURVE('',#5663,#5655,#5665,.T.);
#5663 = VERTEX_POINT('',#5664);
#5664 = CARTESIAN_POINT('',(2.55,-2.475,1.46));
#5665 = LINE('',#5666,#5667);
#5666 = CARTESIAN_POINT('',(2.55,-2.475,1.46));
#5667 = VECTOR('',#5668,1.);
#5668 = DIRECTION('',(0.,1.110223024625E-16,1.));
#5669 = ORIENTED_EDGE('',*,*,#5670,.F.);
#5670 = EDGE_CURVE('',#5583,#5663,#5671,.T.);
#5671 = LINE('',#5672,#5673);
#5672 = CARTESIAN_POINT('',(-2.55,-2.475,1.46));
#5673 = VECTOR('',#5674,1.);
#5674 = DIRECTION('',(1.,0.,0.));
#5675 = PLANE('',#5676);
#5676 = AXIS2_PLACEMENT_3D('',#5677,#5678,#5679);
#5677 = CARTESIAN_POINT('',(-3.,-2.475,6.E-02));
#5678 = DIRECTION('',(0.,-1.,1.110223024625E-16));
#5679 = DIRECTION('',(1.,0.,0.));
#5680 = ADVANCED_FACE('',(#5681),#5731,.T.);
#5681 = FACE_BOUND('',#5682,.T.);
#5682 = EDGE_LOOP('',(#5683,#5693,#5701,#5707,#5708,#5709,#5717,#5725));
#5683 = ORIENTED_EDGE('',*,*,#5684,.F.);
#5684 = EDGE_CURVE('',#5685,#5687,#5689,.T.);
#5685 = VERTEX_POINT('',#5686);
#5686 = CARTESIAN_POINT('',(-2.5,1.775,2.96));
#5687 = VERTEX_POINT('',#5688);
#5688 = CARTESIAN_POINT('',(2.5,1.775,2.96));
#5689 = LINE('',#5690,#5691);
#5690 = CARTESIAN_POINT('',(-3.,1.775,2.96));
#5691 = VECTOR('',#5692,1.);
#5692 = DIRECTION('',(1.,0.,0.));
#5693 = ORIENTED_EDGE('',*,*,#5694,.F.);
#5694 = EDGE_CURVE('',#5695,#5685,#5697,.T.);
#5695 = VERTEX_POINT('',#5696);
#5696 = CARTESIAN_POINT('',(-2.5,0.286,2.96));
#5697 = LINE('',#5698,#5699);
#5698 = CARTESIAN_POINT('',(-2.5,0.286,2.96));
#5699 = VECTOR('',#5700,1.);
#5700 = DIRECTION('',(0.,1.,-1.110223024625E-16));
#5701 = ORIENTED_EDGE('',*,*,#5702,.F.);
#5702 = EDGE_CURVE('',#5159,#5695,#5703,.T.);
#5703 = LINE('',#5704,#5705);
#5704 = CARTESIAN_POINT('',(-3.,0.286,2.96));
#5705 = VECTOR('',#5706,1.);
#5706 = DIRECTION('',(1.,0.,0.));
#5707 = ORIENTED_EDGE('',*,*,#5166,.T.);
#5708 = ORIENTED_EDGE('',*,*,#5572,.T.);
#5709 = ORIENTED_EDGE('',*,*,#5710,.F.);
#5710 = EDGE_CURVE('',#5711,#5565,#5713,.T.);
#5711 = VERTEX_POINT('',#5712);
#5712 = CARTESIAN_POINT('',(3.,0.286,2.96));
#5713 = LINE('',#5714,#5715);
#5714 = CARTESIAN_POINT('',(3.,1.775,2.96));
#5715 = VECTOR('',#5716,1.);
#5716 = DIRECTION('',(0.,-1.,1.110223024625E-16));
#5717 = ORIENTED_EDGE('',*,*,#5718,.F.);
#5718 = EDGE_CURVE('',#5719,#5711,#5721,.T.);
#5719 = VERTEX_POINT('',#5720);
#5720 = CARTESIAN_POINT('',(2.5,0.286,2.96));
#5721 = LINE('',#5722,#5723);
#5722 = CARTESIAN_POINT('',(2.5,0.286,2.96));
#5723 = VECTOR('',#5724,1.);
#5724 = DIRECTION('',(1.,0.,0.));
#5725 = ORIENTED_EDGE('',*,*,#5726,.T.);
#5726 = EDGE_CURVE('',#5719,#5687,#5727,.T.);
#5727 = LINE('',#5728,#5729);
#5728 = CARTESIAN_POINT('',(2.5,0.286,2.96));
#5729 = VECTOR('',#5730,1.);
#5730 = DIRECTION('',(0.,1.,-1.110223024625E-16));
#5731 = PLANE('',#5732);
#5732 = AXIS2_PLACEMENT_3D('',#5733,#5734,#5735);
#5733 = CARTESIAN_POINT('',(-3.,1.775,2.96));
#5734 = DIRECTION('',(0.,1.110223024625E-16,1.));
#5735 = DIRECTION('',(0.,-1.,1.110223024625E-16));
#5736 = ADVANCED_FACE('',(#5737),#5755,.F.);
#5737 = FACE_BOUND('',#5738,.F.);
#5738 = EDGE_LOOP('',(#5739,#5747,#5753,#5754));
#5739 = ORIENTED_EDGE('',*,*,#5740,.T.);
#5740 = EDGE_CURVE('',#5151,#5741,#5743,.T.);
#5741 = VERTEX_POINT('',#5742);
#5742 = CARTESIAN_POINT('',(-2.5,0.575,2.46));
#5743 = LINE('',#5744,#5745);
#5744 = CARTESIAN_POINT('',(-3.,0.575,2.46));
#5745 = VECTOR('',#5746,1.);
#5746 = DIRECTION('',(1.,0.,0.));
#5747 = ORIENTED_EDGE('',*,*,#5748,.T.);
#5748 = EDGE_CURVE('',#5741,#5695,#5749,.T.);
#5749 = LINE('',#5750,#5751);
#5750 = CARTESIAN_POINT('',(-2.5,0.575,2.46));
#5751 = VECTOR('',#5752,1.);
#5752 = DIRECTION('',(0.,-0.500421834463,0.865781720524));
#5753 = ORIENTED_EDGE('',*,*,#5702,.F.);
#5754 = ORIENTED_EDGE('',*,*,#5158,.F.);
#5755 = PLANE('',#5756);
#5756 = AXIS2_PLACEMENT_3D('',#5757,#5758,#5759);
#5757 = CARTESIAN_POINT('',(-3.,0.575,2.46));
#5758 = DIRECTION('',(0.,-0.865781720524,-0.500421834463));
#5759 = DIRECTION('',(0.,-0.500421834463,0.865781720524));
#5760 = ADVANCED_FACE('',(#5761),#5779,.F.);
#5761 = FACE_BOUND('',#5762,.F.);
#5762 = EDGE_LOOP('',(#5763,#5771,#5777,#5778));
#5763 = ORIENTED_EDGE('',*,*,#5764,.T.);
#5764 = EDGE_CURVE('',#5143,#5765,#5767,.T.);
#5765 = VERTEX_POINT('',#5766);
#5766 = CARTESIAN_POINT('',(-2.5,1.225,2.46));
#5767 = LINE('',#5768,#5769);
#5768 = CARTESIAN_POINT('',(-3.,1.225,2.46));
#5769 = VECTOR('',#5770,1.);
#5770 = DIRECTION('',(1.,0.,0.));
#5771 = ORIENTED_EDGE('',*,*,#5772,.T.);
#5772 = EDGE_CURVE('',#5765,#5741,#5773,.T.);
#5773 = LINE('',#5774,#5775);
#5774 = CARTESIAN_POINT('',(-2.5,1.225,2.46));
#5775 = VECTOR('',#5776,1.);
#5776 = DIRECTION('',(0.,-1.,1.110223024625E-16));
#5777 = ORIENTED_EDGE('',*,*,#5740,.F.);
#5778 = ORIENTED_EDGE('',*,*,#5150,.F.);
#5779 = PLANE('',#5780);
#5780 = AXIS2_PLACEMENT_3D('',#5781,#5782,#5783);
#5781 = CARTESIAN_POINT('',(-3.,1.225,2.46));
#5782 = DIRECTION('',(0.,-1.110223024625E-16,-1.));
#5783 = DIRECTION('',(0.,-1.,1.110223024625E-16));
#5784 = ADVANCED_FACE('',(#5785),#5803,.F.);
#5785 = FACE_BOUND('',#5786,.F.);
#5786 = EDGE_LOOP('',(#5787,#5795,#5801,#5802));
#5787 = ORIENTED_EDGE('',*,*,#5788,.T.);
#5788 = EDGE_CURVE('',#5135,#5789,#5791,.T.);
#5789 = VERTEX_POINT('',#5790);
#5790 = CARTESIAN_POINT('',(-2.5,1.225,1.46));
#5791 = LINE('',#5792,#5793);
#5792 = CARTESIAN_POINT('',(-3.,1.225,1.46));
#5793 = VECTOR('',#5794,1.);
#5794 = DIRECTION('',(1.,0.,0.));
#5795 = ORIENTED_EDGE('',*,*,#5796,.T.);
#5796 = EDGE_CURVE('',#5789,#5765,#5797,.T.);
#5797 = LINE('',#5798,#5799);
#5798 = CARTESIAN_POINT('',(-2.5,1.225,1.46));
#5799 = VECTOR('',#5800,1.);
#5800 = DIRECTION('',(0.,1.110223024625E-16,1.));
#5801 = ORIENTED_EDGE('',*,*,#5764,.F.);
#5802 = ORIENTED_EDGE('',*,*,#5142,.F.);
#5803 = PLANE('',#5804);
#5804 = AXIS2_PLACEMENT_3D('',#5805,#5806,#5807);
#5805 = CARTESIAN_POINT('',(-3.,1.225,1.46));
#5806 = DIRECTION('',(0.,-1.,1.110223024625E-16));
#5807 = DIRECTION('',(0.,1.110223024625E-16,1.));
#5808 = ADVANCED_FACE('',(#5809),#5827,.F.);
#5809 = FACE_BOUND('',#5810,.F.);
#5810 = EDGE_LOOP('',(#5811,#5819,#5825,#5826));
#5811 = ORIENTED_EDGE('',*,*,#5812,.T.);
#5812 = EDGE_CURVE('',#5127,#5813,#5815,.T.);
#5813 = VERTEX_POINT('',#5814);
#5814 = CARTESIAN_POINT('',(-2.5,1.775,1.46));
#5815 = LINE('',#5816,#5817);
#5816 = CARTESIAN_POINT('',(-3.,1.775,1.46));
#5817 = VECTOR('',#5818,1.);
#5818 = DIRECTION('',(1.,0.,0.));
#5819 = ORIENTED_EDGE('',*,*,#5820,.T.);
#5820 = EDGE_CURVE('',#5813,#5789,#5821,.T.);
#5821 = LINE('',#5822,#5823);
#5822 = CARTESIAN_POINT('',(-2.5,1.775,1.46));
#5823 = VECTOR('',#5824,1.);
#5824 = DIRECTION('',(0.,-1.,1.110223024625E-16));
#5825 = ORIENTED_EDGE('',*,*,#5788,.F.);
#5826 = ORIENTED_EDGE('',*,*,#5134,.F.);
#5827 = PLANE('',#5828);
#5828 = AXIS2_PLACEMENT_3D('',#5829,#5830,#5831);
#5829 = CARTESIAN_POINT('',(-3.,1.775,1.46));
#5830 = DIRECTION('',(0.,-1.110223024625E-16,-1.));
#5831 = DIRECTION('',(0.,-1.,1.110223024625E-16));
#5832 = ADVANCED_FACE('',(#5833),#5959,.F.);
#5833 = FACE_BOUND('',#5834,.F.);
#5834 = EDGE_LOOP('',(#5835,#5836,#5837,#5845,#5853,#5859,#5860,#5868,
    #5876,#5882,#5883,#5891,#5899,#5905,#5906,#5914,#5922,#5928,#5929,
    #5937,#5945,#5951,#5952,#5958));
#5835 = ORIENTED_EDGE('',*,*,#5126,.F.);
#5836 = ORIENTED_EDGE('',*,*,#5358,.T.);
#5837 = ORIENTED_EDGE('',*,*,#5838,.T.);
#5838 = EDGE_CURVE('',#5351,#5839,#5841,.T.);
#5839 = VERTEX_POINT('',#5840);
#5840 = CARTESIAN_POINT('',(-1.6,1.775,0.2));
#5841 = LINE('',#5842,#5843);
#5842 = CARTESIAN_POINT('',(-1.6,1.775,6.E-02));
#5843 = VECTOR('',#5844,1.);
#5844 = DIRECTION('',(0.,0.,1.));
#5845 = ORIENTED_EDGE('',*,*,#5846,.T.);
#5846 = EDGE_CURVE('',#5839,#5847,#5849,.T.);
#5847 = VERTEX_POINT('',#5848);
#5848 = CARTESIAN_POINT('',(-1.4,1.775,0.2));
#5849 = LINE('',#5850,#5851);
#5850 = CARTESIAN_POINT('',(-1.6,1.775,0.2));
#5851 = VECTOR('',#5852,1.);
#5852 = DIRECTION('',(1.,0.,0.));
#5853 = ORIENTED_EDGE('',*,*,#5854,.F.);
#5854 = EDGE_CURVE('',#5327,#5847,#5855,.T.);
#5855 = LINE('',#5856,#5857);
#5856 = CARTESIAN_POINT('',(-1.4,1.775,6.E-02));
#5857 = VECTOR('',#5858,1.);
#5858 = DIRECTION('',(0.,0.,1.));
#5859 = ORIENTED_EDGE('',*,*,#5326,.T.);
#5860 = ORIENTED_EDGE('',*,*,#5861,.T.);
#5861 = EDGE_CURVE('',#5319,#5862,#5864,.T.);
#5862 = VERTEX_POINT('',#5863);
#5863 = CARTESIAN_POINT('',(-0.6,1.775,0.2));
#5864 = LINE('',#5865,#5866);
#5865 = CARTESIAN_POINT('',(-0.6,1.775,6.E-02));
#5866 = VECTOR('',#5867,1.);
#5867 = DIRECTION('',(0.,0.,1.));
#5868 = ORIENTED_EDGE('',*,*,#5869,.T.);
#5869 = EDGE_CURVE('',#5862,#5870,#5872,.T.);
#5870 = VERTEX_POINT('',#5871);
#5871 = CARTESIAN_POINT('',(-0.4,1.775,0.2));
#5872 = LINE('',#5873,#5874);
#5873 = CARTESIAN_POINT('',(-0.6,1.775,0.2));
#5874 = VECTOR('',#5875,1.);
#5875 = DIRECTION('',(1.,0.,0.));
#5876 = ORIENTED_EDGE('',*,*,#5877,.F.);
#5877 = EDGE_CURVE('',#5295,#5870,#5878,.T.);
#5878 = LINE('',#5879,#5880);
#5879 = CARTESIAN_POINT('',(-0.4,1.775,6.E-02));
#5880 = VECTOR('',#5881,1.);
#5881 = DIRECTION('',(0.,0.,1.));
#5882 = ORIENTED_EDGE('',*,*,#5294,.T.);
#5883 = ORIENTED_EDGE('',*,*,#5884,.T.);
#5884 = EDGE_CURVE('',#5287,#5885,#5887,.T.);
#5885 = VERTEX_POINT('',#5886);
#5886 = CARTESIAN_POINT('',(0.4,1.775,0.2));
#5887 = LINE('',#5888,#5889);
#5888 = CARTESIAN_POINT('',(0.4,1.775,6.E-02));
#5889 = VECTOR('',#5890,1.);
#5890 = DIRECTION('',(0.,0.,1.));
#5891 = ORIENTED_EDGE('',*,*,#5892,.T.);
#5892 = EDGE_CURVE('',#5885,#5893,#5895,.T.);
#5893 = VERTEX_POINT('',#5894);
#5894 = CARTESIAN_POINT('',(0.6,1.775,0.2));
#5895 = LINE('',#5896,#5897);
#5896 = CARTESIAN_POINT('',(0.4,1.775,0.2));
#5897 = VECTOR('',#5898,1.);
#5898 = DIRECTION('',(1.,0.,0.));
#5899 = ORIENTED_EDGE('',*,*,#5900,.F.);
#5900 = EDGE_CURVE('',#5263,#5893,#5901,.T.);
#5901 = LINE('',#5902,#5903);
#5902 = CARTESIAN_POINT('',(0.6,1.775,6.E-02));
#5903 = VECTOR('',#5904,1.);
#5904 = DIRECTION('',(0.,0.,1.));
#5905 = ORIENTED_EDGE('',*,*,#5262,.T.);
#5906 = ORIENTED_EDGE('',*,*,#5907,.T.);
#5907 = EDGE_CURVE('',#5255,#5908,#5910,.T.);
#5908 = VERTEX_POINT('',#5909);
#5909 = CARTESIAN_POINT('',(1.4,1.775,0.2));
#5910 = LINE('',#5911,#5912);
#5911 = CARTESIAN_POINT('',(1.4,1.775,6.E-02));
#5912 = VECTOR('',#5913,1.);
#5913 = DIRECTION('',(0.,0.,1.));
#5914 = ORIENTED_EDGE('',*,*,#5915,.T.);
#5915 = EDGE_CURVE('',#5908,#5916,#5918,.T.);
#5916 = VERTEX_POINT('',#5917);
#5917 = CARTESIAN_POINT('',(1.6,1.775,0.2));
#5918 = LINE('',#5919,#5920);
#5919 = CARTESIAN_POINT('',(1.4,1.775,0.2));
#5920 = VECTOR('',#5921,1.);
#5921 = DIRECTION('',(1.,0.,0.));
#5922 = ORIENTED_EDGE('',*,*,#5923,.F.);
#5923 = EDGE_CURVE('',#5231,#5916,#5924,.T.);
#5924 = LINE('',#5925,#5926);
#5925 = CARTESIAN_POINT('',(1.6,1.775,6.E-02));
#5926 = VECTOR('',#5927,1.);
#5927 = DIRECTION('',(0.,0.,1.));
#5928 = ORIENTED_EDGE('',*,*,#5230,.T.);
#5929 = ORIENTED_EDGE('',*,*,#5930,.T.);
#5930 = EDGE_CURVE('',#5221,#5931,#5933,.T.);
#5931 = VERTEX_POINT('',#5932);
#5932 = CARTESIAN_POINT('',(3.,1.775,1.46));
#5933 = LINE('',#5934,#5935);
#5934 = CARTESIAN_POINT('',(3.,1.775,6.E-02));
#5935 = VECTOR('',#5936,1.);
#5936 = DIRECTION('',(0.,1.110223024625E-16,1.));
#5937 = ORIENTED_EDGE('',*,*,#5938,.F.);
#5938 = EDGE_CURVE('',#5939,#5931,#5941,.T.);
#5939 = VERTEX_POINT('',#5940);
#5940 = CARTESIAN_POINT('',(2.5,1.775,1.46));
#5941 = LINE('',#5942,#5943);
#5942 = CARTESIAN_POINT('',(2.5,1.775,1.46));
#5943 = VECTOR('',#5944,1.);
#5944 = DIRECTION('',(1.,0.,0.));
#5945 = ORIENTED_EDGE('',*,*,#5946,.F.);
#5946 = EDGE_CURVE('',#5687,#5939,#5947,.T.);
#5947 = LINE('',#5948,#5949);
#5948 = CARTESIAN_POINT('',(2.5,1.775,2.96));
#5949 = VECTOR('',#5950,1.);
#5950 = DIRECTION('',(0.,-1.110223024625E-16,-1.));
#5951 = ORIENTED_EDGE('',*,*,#5684,.F.);
#5952 = ORIENTED_EDGE('',*,*,#5953,.T.);
#5953 = EDGE_CURVE('',#5685,#5813,#5954,.T.);
#5954 = LINE('',#5955,#5956);
#5955 = CARTESIAN_POINT('',(-2.5,1.775,2.96));
#5956 = VECTOR('',#5957,1.);
#5957 = DIRECTION('',(0.,-1.110223024625E-16,-1.));
#5958 = ORIENTED_EDGE('',*,*,#5812,.F.);
#5959 = PLANE('',#5960);
#5960 = AXIS2_PLACEMENT_3D('',#5961,#5962,#5963);
#5961 = CARTESIAN_POINT('',(-3.,1.775,6.E-02));
#5962 = DIRECTION('',(0.,-1.,1.110223024625E-16));
#5963 = DIRECTION('',(1.,0.,0.));
#5964 = ADVANCED_FACE('',(#5965),#6031,.T.);
#5965 = FACE_BOUND('',#5966,.T.);
#5966 = EDGE_LOOP('',(#5967,#5968,#5969,#5977,#5985,#5993,#5999,#6000,
    #6001,#6009,#6017,#6025));
#5967 = ORIENTED_EDGE('',*,*,#5220,.F.);
#5968 = ORIENTED_EDGE('',*,*,#5930,.T.);
#5969 = ORIENTED_EDGE('',*,*,#5970,.T.);
#5970 = EDGE_CURVE('',#5931,#5971,#5973,.T.);
#5971 = VERTEX_POINT('',#5972);
#5972 = CARTESIAN_POINT('',(3.,1.225,1.46));
#5973 = LINE('',#5974,#5975);
#5974 = CARTESIAN_POINT('',(3.,1.775,1.46));
#5975 = VECTOR('',#5976,1.);
#5976 = DIRECTION('',(0.,-1.,1.110223024625E-16));
#5977 = ORIENTED_EDGE('',*,*,#5978,.T.);
#5978 = EDGE_CURVE('',#5971,#5979,#5981,.T.);
#5979 = VERTEX_POINT('',#5980);
#5980 = CARTESIAN_POINT('',(3.,1.225,2.46));
#5981 = LINE('',#5982,#5983);
#5982 = CARTESIAN_POINT('',(3.,1.225,1.46));
#5983 = VECTOR('',#5984,1.);
#5984 = DIRECTION('',(0.,1.110223024625E-16,1.));
#5985 = ORIENTED_EDGE('',*,*,#5986,.T.);
#5986 = EDGE_CURVE('',#5979,#5987,#5989,.T.);
#5987 = VERTEX_POINT('',#5988);
#5988 = CARTESIAN_POINT('',(3.,0.575,2.46));
#5989 = LINE('',#5990,#5991);
#5990 = CARTESIAN_POINT('',(3.,1.225,2.46));
#5991 = VECTOR('',#5992,1.);
#5992 = DIRECTION('',(0.,-1.,1.110223024625E-16));
#5993 = ORIENTED_EDGE('',*,*,#5994,.T.);
#5994 = EDGE_CURVE('',#5987,#5711,#5995,.T.);
#5995 = LINE('',#5996,#5997);
#5996 = CARTESIAN_POINT('',(3.,0.575,2.46));
#5997 = VECTOR('',#5998,1.);
#5998 = DIRECTION('',(0.,-0.500421834463,0.865781720524));
#5999 = ORIENTED_EDGE('',*,*,#5710,.T.);
#6000 = ORIENTED_EDGE('',*,*,#5564,.F.);
#6001 = ORIENTED_EDGE('',*,*,#6002,.T.);
#6002 = EDGE_CURVE('',#5557,#6003,#6005,.T.);
#6003 = VERTEX_POINT('',#6004);
#6004 = CARTESIAN_POINT('',(3.,-1.975,1.26));
#6005 = LINE('',#6006,#6007);
#6006 = CARTESIAN_POINT('',(3.,-2.475,1.26));
#6007 = VECTOR('',#6008,1.);
#6008 = DIRECTION('',(0.,1.,-1.110223024625E-16));
#6009 = ORIENTED_EDGE('',*,*,#6010,.T.);
#6010 = EDGE_CURVE('',#6003,#6011,#6013,.T.);
#6011 = VERTEX_POINT('',#6012);
#6012 = CARTESIAN_POINT('',(3.,-1.975,0.61));
#6013 = LINE('',#6014,#6015);
#6014 = CARTESIAN_POINT('',(3.,-1.975,1.26));
#6015 = VECTOR('',#6016,1.);
#6016 = DIRECTION('',(0.,-1.110223024625E-16,-1.));
#6017 = ORIENTED_EDGE('',*,*,#6018,.T.);
#6018 = EDGE_CURVE('',#6011,#6019,#6021,.T.);
#6019 = VERTEX_POINT('',#6020);
#6020 = CARTESIAN_POINT('',(3.,-0.975,0.61));
#6021 = LINE('',#6022,#6023);
#6022 = CARTESIAN_POINT('',(3.,-1.975,0.61));
#6023 = VECTOR('',#6024,1.);
#6024 = DIRECTION('',(0.,1.,-1.110223024625E-16));
#6025 = ORIENTED_EDGE('',*,*,#6026,.T.);
#6026 = EDGE_CURVE('',#6019,#5223,#6027,.T.);
#6027 = LINE('',#6028,#6029);
#6028 = CARTESIAN_POINT('',(3.,-0.975,0.61));
#6029 = VECTOR('',#6030,1.);
#6030 = DIRECTION('',(0.,-1.110223024625E-16,-1.));
#6031 = PLANE('',#6032);
#6032 = AXIS2_PLACEMENT_3D('',#6033,#6034,#6035);
#6033 = CARTESIAN_POINT('',(3.,1.775,6.E-02));
#6034 = DIRECTION('',(1.,0.,0.));
#6035 = DIRECTION('',(0.,-1.,1.110223024625E-16));
#6036 = ADVANCED_FACE('',(#6037),#6055,.F.);
#6037 = FACE_BOUND('',#6038,.F.);
#6038 = EDGE_LOOP('',(#6039,#6047,#6053,#6054));
#6039 = ORIENTED_EDGE('',*,*,#6040,.F.);
#6040 = EDGE_CURVE('',#6041,#5406,#6043,.T.);
#6041 = VERTEX_POINT('',#6042);
#6042 = CARTESIAN_POINT('',(2.7,-0.975,0.61));
#6043 = LINE('',#6044,#6045);
#6044 = CARTESIAN_POINT('',(2.7,-0.975,0.61));
#6045 = VECTOR('',#6046,1.);
#6046 = DIRECTION('',(0.,0.,-1.));
#6047 = ORIENTED_EDGE('',*,*,#6048,.T.);
#6048 = EDGE_CURVE('',#6041,#6019,#6049,.T.);
#6049 = LINE('',#6050,#6051);
#6050 = CARTESIAN_POINT('',(2.5,-0.975,0.61));
#6051 = VECTOR('',#6052,1.);
#6052 = DIRECTION('',(1.,0.,0.));
#6053 = ORIENTED_EDGE('',*,*,#6026,.T.);
#6054 = ORIENTED_EDGE('',*,*,#5413,.F.);
#6055 = PLANE('',#6056);
#6056 = AXIS2_PLACEMENT_3D('',#6057,#6058,#6059);
#6057 = CARTESIAN_POINT('',(2.5,-0.975,0.61));
#6058 = DIRECTION('',(0.,1.,-1.110223024625E-16));
#6059 = DIRECTION('',(0.,-1.110223024625E-16,-1.));
#6060 = ADVANCED_FACE('',(#6061),#6086,.T.);
#6061 = FACE_BOUND('',#6062,.T.);
#6062 = EDGE_LOOP('',(#6063,#6071,#6072,#6080));
#6063 = ORIENTED_EDGE('',*,*,#6064,.F.);
#6064 = EDGE_CURVE('',#5398,#6065,#6067,.T.);
#6065 = VERTEX_POINT('',#6066);
#6066 = CARTESIAN_POINT('',(2.5,-0.975,1.E-02));
#6067 = LINE('',#6068,#6069);
#6068 = CARTESIAN_POINT('',(2.5,-0.975,0.61));
#6069 = VECTOR('',#6070,1.);
#6070 = DIRECTION('',(0.,0.,-1.));
#6071 = ORIENTED_EDGE('',*,*,#5405,.T.);
#6072 = ORIENTED_EDGE('',*,*,#6073,.T.);
#6073 = EDGE_CURVE('',#5406,#6074,#6076,.T.);
#6074 = VERTEX_POINT('',#6075);
#6075 = CARTESIAN_POINT('',(2.7,-0.975,1.E-02));
#6076 = LINE('',#6077,#6078);
#6077 = CARTESIAN_POINT('',(2.7,-0.975,0.61));
#6078 = VECTOR('',#6079,1.);
#6079 = DIRECTION('',(0.,0.,-1.));
#6080 = ORIENTED_EDGE('',*,*,#6081,.F.);
#6081 = EDGE_CURVE('',#6065,#6074,#6082,.T.);
#6082 = LINE('',#6083,#6084);
#6083 = CARTESIAN_POINT('',(2.5,-0.975,1.E-02));
#6084 = VECTOR('',#6085,1.);
#6085 = DIRECTION('',(1.,0.,0.));
#6086 = PLANE('',#6087);
#6087 = AXIS2_PLACEMENT_3D('',#6088,#6089,#6090);
#6088 = CARTESIAN_POINT('',(2.5,-0.975,0.61));
#6089 = DIRECTION('',(0.,1.,0.));
#6090 = DIRECTION('',(0.,0.,-1.));
#6091 = ADVANCED_FACE('',(#6092),#6110,.T.);
#6092 = FACE_BOUND('',#6093,.T.);
#6093 = EDGE_LOOP('',(#6094,#6102,#6108,#6109));
#6094 = ORIENTED_EDGE('',*,*,#6095,.T.);
#6095 = EDGE_CURVE('',#6065,#6096,#6098,.T.);
#6096 = VERTEX_POINT('',#6097);
#6097 = CARTESIAN_POINT('',(2.5,-2.475,1.E-02));
#6098 = LINE('',#6099,#6100);
#6099 = CARTESIAN_POINT('',(2.5,-0.975,1.E-02));
#6100 = VECTOR('',#6101,1.);
#6101 = DIRECTION('',(0.,-1.,-5.782411586589E-18));
#6102 = ORIENTED_EDGE('',*,*,#6103,.T.);
#6103 = EDGE_CURVE('',#6096,#5390,#6104,.T.);
#6104 = LINE('',#6105,#6106);
#6105 = CARTESIAN_POINT('',(2.5,-2.475,1.E-02));
#6106 = VECTOR('',#6107,1.);
#6107 = DIRECTION('',(0.,0.,1.));
#6108 = ORIENTED_EDGE('',*,*,#5397,.F.);
#6109 = ORIENTED_EDGE('',*,*,#6064,.T.);
#6110 = PLANE('',#6111);
#6111 = AXIS2_PLACEMENT_3D('',#6112,#6113,#6114);
#6112 = CARTESIAN_POINT('',(2.5,-1.843181818182,0.516818181818));
#6113 = DIRECTION('',(-1.,-0.,-0.));
#6114 = DIRECTION('',(0.,0.,-1.));
#6115 = ADVANCED_FACE('',(#6116),#6141,.F.);
#6116 = FACE_BOUND('',#6117,.F.);
#6117 = EDGE_LOOP('',(#6118,#6128,#6134,#6135));
#6118 = ORIENTED_EDGE('',*,*,#6119,.T.);
#6119 = EDGE_CURVE('',#6120,#6122,#6124,.T.);
#6120 = VERTEX_POINT('',#6121);
#6121 = CARTESIAN_POINT('',(-2.5,-0.975,1.E-02));
#6122 = VERTEX_POINT('',#6123);
#6123 = CARTESIAN_POINT('',(-2.5,-2.475,1.E-02));
#6124 = LINE('',#6125,#6126);
#6125 = CARTESIAN_POINT('',(-2.5,-0.975,1.E-02));
#6126 = VECTOR('',#6127,1.);
#6127 = DIRECTION('',(0.,-1.,-5.782411586589E-18));
#6128 = ORIENTED_EDGE('',*,*,#6129,.T.);
#6129 = EDGE_CURVE('',#6122,#5382,#6130,.T.);
#6130 = LINE('',#6131,#6132);
#6131 = CARTESIAN_POINT('',(-2.5,-2.475,1.E-02));
#6132 = VECTOR('',#6133,1.);
#6133 = DIRECTION('',(0.,0.,1.));
#6134 = ORIENTED_EDGE('',*,*,#5381,.F.);
#6135 = ORIENTED_EDGE('',*,*,#6136,.T.);
#6136 = EDGE_CURVE('',#5374,#6120,#6137,.T.);
#6137 = LINE('',#6138,#6139);
#6138 = CARTESIAN_POINT('',(-2.5,-0.975,0.61));
#6139 = VECTOR('',#6140,1.);
#6140 = DIRECTION('',(0.,0.,-1.));
#6141 = PLANE('',#6142);
#6142 = AXIS2_PLACEMENT_3D('',#6143,#6144,#6145);
#6143 = CARTESIAN_POINT('',(-2.5,-1.843181818182,0.516818181818));
#6144 = DIRECTION('',(-1.,-0.,-0.));
#6145 = DIRECTION('',(0.,0.,-1.));
#6146 = ADVANCED_FACE('',(#6147),#6165,.T.);
#6147 = FACE_BOUND('',#6148,.T.);
#6148 = EDGE_LOOP('',(#6149,#6157,#6158,#6159));
#6149 = ORIENTED_EDGE('',*,*,#6150,.F.);
#6150 = EDGE_CURVE('',#5366,#6151,#6153,.T.);
#6151 = VERTEX_POINT('',#6152);
#6152 = CARTESIAN_POINT('',(-2.7,-0.975,1.E-02));
#6153 = LINE('',#6154,#6155);
#6154 = CARTESIAN_POINT('',(-2.7,-0.975,0.61));
#6155 = VECTOR('',#6156,1.);
#6156 = DIRECTION('',(0.,0.,-1.));
#6157 = ORIENTED_EDGE('',*,*,#5373,.T.);
#6158 = ORIENTED_EDGE('',*,*,#6136,.T.);
#6159 = ORIENTED_EDGE('',*,*,#6160,.F.);
#6160 = EDGE_CURVE('',#6151,#6120,#6161,.T.);
#6161 = LINE('',#6162,#6163);
#6162 = CARTESIAN_POINT('',(-2.7,-0.975,1.E-02));
#6163 = VECTOR('',#6164,1.);
#6164 = DIRECTION('',(1.,0.,0.));
#6165 = PLANE('',#6166);
#6166 = AXIS2_PLACEMENT_3D('',#6167,#6168,#6169);
#6167 = CARTESIAN_POINT('',(-2.7,-0.975,0.61));
#6168 = DIRECTION('',(0.,1.,0.));
#6169 = DIRECTION('',(0.,0.,-1.));
#6170 = ADVANCED_FACE('',(#6171),#6205,.T.);
#6171 = FACE_BOUND('',#6172,.T.);
#6172 = EDGE_LOOP('',(#6173,#6181,#6182,#6183,#6191,#6199));
#6173 = ORIENTED_EDGE('',*,*,#6174,.T.);
#6174 = EDGE_CURVE('',#6175,#5343,#6177,.T.);
#6175 = VERTEX_POINT('',#6176);
#6176 = CARTESIAN_POINT('',(-1.6,1.675,0.));
#6177 = LINE('',#6178,#6179);
#6178 = CARTESIAN_POINT('',(-1.6,1.675,0.));
#6179 = VECTOR('',#6180,1.);
#6180 = DIRECTION('',(0.,0.,1.));
#6181 = ORIENTED_EDGE('',*,*,#5350,.T.);
#6182 = ORIENTED_EDGE('',*,*,#5838,.T.);
#6183 = ORIENTED_EDGE('',*,*,#6184,.T.);
#6184 = EDGE_CURVE('',#5839,#6185,#6187,.T.);
#6185 = VERTEX_POINT('',#6186);
#6186 = CARTESIAN_POINT('',(-1.6,2.475,0.2));
#6187 = LINE('',#6188,#6189);
#6188 = CARTESIAN_POINT('',(-1.6,1.775,0.2));
#6189 = VECTOR('',#6190,1.);
#6190 = DIRECTION('',(0.,1.,0.));
#6191 = ORIENTED_EDGE('',*,*,#6192,.T.);
#6192 = EDGE_CURVE('',#6185,#6193,#6195,.T.);
#6193 = VERTEX_POINT('',#6194);
#6194 = CARTESIAN_POINT('',(-1.6,2.475,0.));
#6195 = LINE('',#6196,#6197);
#6196 = CARTESIAN_POINT('',(-1.6,2.475,0.2));
#6197 = VECTOR('',#6198,1.);
#6198 = DIRECTION('',(0.,0.,-1.));
#6199 = ORIENTED_EDGE('',*,*,#6200,.T.);
#6200 = EDGE_CURVE('',#6193,#6175,#6201,.T.);
#6201 = LINE('',#6202,#6203);
#6202 = CARTESIAN_POINT('',(-1.6,2.475,0.));
#6203 = VECTOR('',#6204,1.);
#6204 = DIRECTION('',(0.,-1.,0.));
#6205 = PLANE('',#6206);
#6206 = AXIS2_PLACEMENT_3D('',#6207,#6208,#6209);
#6207 = CARTESIAN_POINT('',(-1.6,2.082,9.3E-02));
#6208 = DIRECTION('',(-1.,-0.,-0.));
#6209 = DIRECTION('',(0.,0.,-1.));
#6210 = ADVANCED_FACE('',(#6211),#6229,.T.);
#6211 = FACE_BOUND('',#6212,.T.);
#6212 = EDGE_LOOP('',(#6213,#6221,#6227,#6228));
#6213 = ORIENTED_EDGE('',*,*,#6214,.T.);
#6214 = EDGE_CURVE('',#6175,#6215,#6217,.T.);
#6215 = VERTEX_POINT('',#6216);
#6216 = CARTESIAN_POINT('',(-1.4,1.675,0.));
#6217 = LINE('',#6218,#6219);
#6218 = CARTESIAN_POINT('',(-1.6,1.675,0.));
#6219 = VECTOR('',#6220,1.);
#6220 = DIRECTION('',(1.,0.,0.));
#6221 = ORIENTED_EDGE('',*,*,#6222,.T.);
#6222 = EDGE_CURVE('',#6215,#5335,#6223,.T.);
#6223 = LINE('',#6224,#6225);
#6224 = CARTESIAN_POINT('',(-1.4,1.675,0.));
#6225 = VECTOR('',#6226,1.);
#6226 = DIRECTION('',(0.,0.,1.));
#6227 = ORIENTED_EDGE('',*,*,#5342,.F.);
#6228 = ORIENTED_EDGE('',*,*,#6174,.F.);
#6229 = PLANE('',#6230);
#6230 = AXIS2_PLACEMENT_3D('',#6231,#6232,#6233);
#6231 = CARTESIAN_POINT('',(-1.6,1.675,0.));
#6232 = DIRECTION('',(0.,-1.,0.));
#6233 = DIRECTION('',(0.,0.,1.));
#6234 = ADVANCED_FACE('',(#6235),#6262,.F.);
#6235 = FACE_BOUND('',#6236,.F.);
#6236 = EDGE_LOOP('',(#6237,#6238,#6239,#6240,#6248,#6256));
#6237 = ORIENTED_EDGE('',*,*,#6222,.T.);
#6238 = ORIENTED_EDGE('',*,*,#5334,.T.);
#6239 = ORIENTED_EDGE('',*,*,#5854,.T.);
#6240 = ORIENTED_EDGE('',*,*,#6241,.T.);
#6241 = EDGE_CURVE('',#5847,#6242,#6244,.T.);
#6242 = VERTEX_POINT('',#6243);
#6243 = CARTESIAN_POINT('',(-1.4,2.475,0.2));
#6244 = LINE('',#6245,#6246);
#6245 = CARTESIAN_POINT('',(-1.4,1.775,0.2));
#6246 = VECTOR('',#6247,1.);
#6247 = DIRECTION('',(0.,1.,0.));
#6248 = ORIENTED_EDGE('',*,*,#6249,.T.);
#6249 = EDGE_CURVE('',#6242,#6250,#6252,.T.);
#6250 = VERTEX_POINT('',#6251);
#6251 = CARTESIAN_POINT('',(-1.4,2.475,0.));
#6252 = LINE('',#6253,#6254);
#6253 = CARTESIAN_POINT('',(-1.4,2.475,0.2));
#6254 = VECTOR('',#6255,1.);
#6255 = DIRECTION('',(0.,0.,-1.));
#6256 = ORIENTED_EDGE('',*,*,#6257,.T.);
#6257 = EDGE_CURVE('',#6250,#6215,#6258,.T.);
#6258 = LINE('',#6259,#6260);
#6259 = CARTESIAN_POINT('',(-1.4,2.475,0.));
#6260 = VECTOR('',#6261,1.);
#6261 = DIRECTION('',(0.,-1.,0.));
#6262 = PLANE('',#6263);
#6263 = AXIS2_PLACEMENT_3D('',#6264,#6265,#6266);
#6264 = CARTESIAN_POINT('',(-1.4,2.082,9.3E-02));
#6265 = DIRECTION('',(-1.,-0.,-0.));
#6266 = DIRECTION('',(0.,0.,-1.));
#6267 = ADVANCED_FACE('',(#6268),#6302,.T.);
#6268 = FACE_BOUND('',#6269,.T.);
#6269 = EDGE_LOOP('',(#6270,#6278,#6279,#6280,#6288,#6296));
#6270 = ORIENTED_EDGE('',*,*,#6271,.T.);
#6271 = EDGE_CURVE('',#6272,#5311,#6274,.T.);
#6272 = VERTEX_POINT('',#6273);
#6273 = CARTESIAN_POINT('',(-0.6,1.675,0.));
#6274 = LINE('',#6275,#6276);
#6275 = CARTESIAN_POINT('',(-0.6,1.675,0.));
#6276 = VECTOR('',#6277,1.);
#6277 = DIRECTION('',(0.,0.,1.));
#6278 = ORIENTED_EDGE('',*,*,#5318,.T.);
#6279 = ORIENTED_EDGE('',*,*,#5861,.T.);
#6280 = ORIENTED_EDGE('',*,*,#6281,.T.);
#6281 = EDGE_CURVE('',#5862,#6282,#6284,.T.);
#6282 = VERTEX_POINT('',#6283);
#6283 = CARTESIAN_POINT('',(-0.6,2.475,0.2));
#6284 = LINE('',#6285,#6286);
#6285 = CARTESIAN_POINT('',(-0.6,1.775,0.2));
#6286 = VECTOR('',#6287,1.);
#6287 = DIRECTION('',(0.,1.,0.));
#6288 = ORIENTED_EDGE('',*,*,#6289,.T.);
#6289 = EDGE_CURVE('',#6282,#6290,#6292,.T.);
#6290 = VERTEX_POINT('',#6291);
#6291 = CARTESIAN_POINT('',(-0.6,2.475,0.));
#6292 = LINE('',#6293,#6294);
#6293 = CARTESIAN_POINT('',(-0.6,2.475,0.2));
#6294 = VECTOR('',#6295,1.);
#6295 = DIRECTION('',(0.,0.,-1.));
#6296 = ORIENTED_EDGE('',*,*,#6297,.T.);
#6297 = EDGE_CURVE('',#6290,#6272,#6298,.T.);
#6298 = LINE('',#6299,#6300);
#6299 = CARTESIAN_POINT('',(-0.6,2.475,0.));
#6300 = VECTOR('',#6301,1.);
#6301 = DIRECTION('',(0.,-1.,0.));
#6302 = PLANE('',#6303);
#6303 = AXIS2_PLACEMENT_3D('',#6304,#6305,#6306);
#6304 = CARTESIAN_POINT('',(-0.6,2.082,9.3E-02));
#6305 = DIRECTION('',(-1.,-0.,-0.));
#6306 = DIRECTION('',(0.,0.,-1.));
#6307 = ADVANCED_FACE('',(#6308),#6326,.T.);
#6308 = FACE_BOUND('',#6309,.T.);
#6309 = EDGE_LOOP('',(#6310,#6318,#6324,#6325));
#6310 = ORIENTED_EDGE('',*,*,#6311,.T.);
#6311 = EDGE_CURVE('',#6272,#6312,#6314,.T.);
#6312 = VERTEX_POINT('',#6313);
#6313 = CARTESIAN_POINT('',(-0.4,1.675,0.));
#6314 = LINE('',#6315,#6316);
#6315 = CARTESIAN_POINT('',(-0.6,1.675,0.));
#6316 = VECTOR('',#6317,1.);
#6317 = DIRECTION('',(1.,0.,0.));
#6318 = ORIENTED_EDGE('',*,*,#6319,.T.);
#6319 = EDGE_CURVE('',#6312,#5303,#6320,.T.);
#6320 = LINE('',#6321,#6322);
#6321 = CARTESIAN_POINT('',(-0.4,1.675,0.));
#6322 = VECTOR('',#6323,1.);
#6323 = DIRECTION('',(0.,0.,1.));
#6324 = ORIENTED_EDGE('',*,*,#5310,.F.);
#6325 = ORIENTED_EDGE('',*,*,#6271,.F.);
#6326 = PLANE('',#6327);
#6327 = AXIS2_PLACEMENT_3D('',#6328,#6329,#6330);
#6328 = CARTESIAN_POINT('',(-0.6,1.675,0.));
#6329 = DIRECTION('',(0.,-1.,0.));
#6330 = DIRECTION('',(0.,0.,1.));
#6331 = ADVANCED_FACE('',(#6332),#6359,.F.);
#6332 = FACE_BOUND('',#6333,.F.);
#6333 = EDGE_LOOP('',(#6334,#6335,#6336,#6337,#6345,#6353));
#6334 = ORIENTED_EDGE('',*,*,#6319,.T.);
#6335 = ORIENTED_EDGE('',*,*,#5302,.T.);
#6336 = ORIENTED_EDGE('',*,*,#5877,.T.);
#6337 = ORIENTED_EDGE('',*,*,#6338,.T.);
#6338 = EDGE_CURVE('',#5870,#6339,#6341,.T.);
#6339 = VERTEX_POINT('',#6340);
#6340 = CARTESIAN_POINT('',(-0.4,2.475,0.2));
#6341 = LINE('',#6342,#6343);
#6342 = CARTESIAN_POINT('',(-0.4,1.775,0.2));
#6343 = VECTOR('',#6344,1.);
#6344 = DIRECTION('',(0.,1.,0.));
#6345 = ORIENTED_EDGE('',*,*,#6346,.T.);
#6346 = EDGE_CURVE('',#6339,#6347,#6349,.T.);
#6347 = VERTEX_POINT('',#6348);
#6348 = CARTESIAN_POINT('',(-0.4,2.475,0.));
#6349 = LINE('',#6350,#6351);
#6350 = CARTESIAN_POINT('',(-0.4,2.475,0.2));
#6351 = VECTOR('',#6352,1.);
#6352 = DIRECTION('',(0.,0.,-1.));
#6353 = ORIENTED_EDGE('',*,*,#6354,.T.);
#6354 = EDGE_CURVE('',#6347,#6312,#6355,.T.);
#6355 = LINE('',#6356,#6357);
#6356 = CARTESIAN_POINT('',(-0.4,2.475,0.));
#6357 = VECTOR('',#6358,1.);
#6358 = DIRECTION('',(0.,-1.,0.));
#6359 = PLANE('',#6360);
#6360 = AXIS2_PLACEMENT_3D('',#6361,#6362,#6363);
#6361 = CARTESIAN_POINT('',(-0.4,2.082,9.3E-02));
#6362 = DIRECTION('',(-1.,-0.,-0.));
#6363 = DIRECTION('',(0.,0.,-1.));
#6364 = ADVANCED_FACE('',(#6365),#6399,.T.);
#6365 = FACE_BOUND('',#6366,.T.);
#6366 = EDGE_LOOP('',(#6367,#6375,#6376,#6377,#6385,#6393));
#6367 = ORIENTED_EDGE('',*,*,#6368,.T.);
#6368 = EDGE_CURVE('',#6369,#5279,#6371,.T.);
#6369 = VERTEX_POINT('',#6370);
#6370 = CARTESIAN_POINT('',(0.4,1.675,0.));
#6371 = LINE('',#6372,#6373);
#6372 = CARTESIAN_POINT('',(0.4,1.675,0.));
#6373 = VECTOR('',#6374,1.);
#6374 = DIRECTION('',(0.,0.,1.));
#6375 = ORIENTED_EDGE('',*,*,#5286,.T.);
#6376 = ORIENTED_EDGE('',*,*,#5884,.T.);
#6377 = ORIENTED_EDGE('',*,*,#6378,.T.);
#6378 = EDGE_CURVE('',#5885,#6379,#6381,.T.);
#6379 = VERTEX_POINT('',#6380);
#6380 = CARTESIAN_POINT('',(0.4,2.475,0.2));
#6381 = LINE('',#6382,#6383);
#6382 = CARTESIAN_POINT('',(0.4,1.775,0.2));
#6383 = VECTOR('',#6384,1.);
#6384 = DIRECTION('',(0.,1.,0.));
#6385 = ORIENTED_EDGE('',*,*,#6386,.T.);
#6386 = EDGE_CURVE('',#6379,#6387,#6389,.T.);
#6387 = VERTEX_POINT('',#6388);
#6388 = CARTESIAN_POINT('',(0.4,2.475,0.));
#6389 = LINE('',#6390,#6391);
#6390 = CARTESIAN_POINT('',(0.4,2.475,0.2));
#6391 = VECTOR('',#6392,1.);
#6392 = DIRECTION('',(0.,0.,-1.));
#6393 = ORIENTED_EDGE('',*,*,#6394,.T.);
#6394 = EDGE_CURVE('',#6387,#6369,#6395,.T.);
#6395 = LINE('',#6396,#6397);
#6396 = CARTESIAN_POINT('',(0.4,2.475,0.));
#6397 = VECTOR('',#6398,1.);
#6398 = DIRECTION('',(0.,-1.,0.));
#6399 = PLANE('',#6400);
#6400 = AXIS2_PLACEMENT_3D('',#6401,#6402,#6403);
#6401 = CARTESIAN_POINT('',(0.4,2.082,9.3E-02));
#6402 = DIRECTION('',(-1.,-0.,-0.));
#6403 = DIRECTION('',(0.,0.,-1.));
#6404 = ADVANCED_FACE('',(#6405),#6423,.T.);
#6405 = FACE_BOUND('',#6406,.T.);
#6406 = EDGE_LOOP('',(#6407,#6415,#6421,#6422));
#6407 = ORIENTED_EDGE('',*,*,#6408,.T.);
#6408 = EDGE_CURVE('',#6369,#6409,#6411,.T.);
#6409 = VERTEX_POINT('',#6410);
#6410 = CARTESIAN_POINT('',(0.6,1.675,0.));
#6411 = LINE('',#6412,#6413);
#6412 = CARTESIAN_POINT('',(0.4,1.675,0.));
#6413 = VECTOR('',#6414,1.);
#6414 = DIRECTION('',(1.,0.,0.));
#6415 = ORIENTED_EDGE('',*,*,#6416,.T.);
#6416 = EDGE_CURVE('',#6409,#5271,#6417,.T.);
#6417 = LINE('',#6418,#6419);
#6418 = CARTESIAN_POINT('',(0.6,1.675,0.));
#6419 = VECTOR('',#6420,1.);
#6420 = DIRECTION('',(0.,0.,1.));
#6421 = ORIENTED_EDGE('',*,*,#5278,.F.);
#6422 = ORIENTED_EDGE('',*,*,#6368,.F.);
#6423 = PLANE('',#6424);
#6424 = AXIS2_PLACEMENT_3D('',#6425,#6426,#6427);
#6425 = CARTESIAN_POINT('',(0.4,1.675,0.));
#6426 = DIRECTION('',(0.,-1.,0.));
#6427 = DIRECTION('',(0.,0.,1.));
#6428 = ADVANCED_FACE('',(#6429),#6456,.F.);
#6429 = FACE_BOUND('',#6430,.F.);
#6430 = EDGE_LOOP('',(#6431,#6432,#6433,#6434,#6442,#6450));
#6431 = ORIENTED_EDGE('',*,*,#6416,.T.);
#6432 = ORIENTED_EDGE('',*,*,#5270,.T.);
#6433 = ORIENTED_EDGE('',*,*,#5900,.T.);
#6434 = ORIENTED_EDGE('',*,*,#6435,.T.);
#6435 = EDGE_CURVE('',#5893,#6436,#6438,.T.);
#6436 = VERTEX_POINT('',#6437);
#6437 = CARTESIAN_POINT('',(0.6,2.475,0.2));
#6438 = LINE('',#6439,#6440);
#6439 = CARTESIAN_POINT('',(0.6,1.775,0.2));
#6440 = VECTOR('',#6441,1.);
#6441 = DIRECTION('',(0.,1.,0.));
#6442 = ORIENTED_EDGE('',*,*,#6443,.T.);
#6443 = EDGE_CURVE('',#6436,#6444,#6446,.T.);
#6444 = VERTEX_POINT('',#6445);
#6445 = CARTESIAN_POINT('',(0.6,2.475,0.));
#6446 = LINE('',#6447,#6448);
#6447 = CARTESIAN_POINT('',(0.6,2.475,0.2));
#6448 = VECTOR('',#6449,1.);
#6449 = DIRECTION('',(0.,0.,-1.));
#6450 = ORIENTED_EDGE('',*,*,#6451,.T.);
#6451 = EDGE_CURVE('',#6444,#6409,#6452,.T.);
#6452 = LINE('',#6453,#6454);
#6453 = CARTESIAN_POINT('',(0.6,2.475,0.));
#6454 = VECTOR('',#6455,1.);
#6455 = DIRECTION('',(0.,-1.,0.));
#6456 = PLANE('',#6457);
#6457 = AXIS2_PLACEMENT_3D('',#6458,#6459,#6460);
#6458 = CARTESIAN_POINT('',(0.6,2.082,9.3E-02));
#6459 = DIRECTION('',(-1.,-0.,-0.));
#6460 = DIRECTION('',(0.,0.,-1.));
#6461 = ADVANCED_FACE('',(#6462),#6496,.T.);
#6462 = FACE_BOUND('',#6463,.T.);
#6463 = EDGE_LOOP('',(#6464,#6472,#6473,#6474,#6482,#6490));
#6464 = ORIENTED_EDGE('',*,*,#6465,.T.);
#6465 = EDGE_CURVE('',#6466,#5247,#6468,.T.);
#6466 = VERTEX_POINT('',#6467);
#6467 = CARTESIAN_POINT('',(1.4,1.675,0.));
#6468 = LINE('',#6469,#6470);
#6469 = CARTESIAN_POINT('',(1.4,1.675,0.));
#6470 = VECTOR('',#6471,1.);
#6471 = DIRECTION('',(0.,0.,1.));
#6472 = ORIENTED_EDGE('',*,*,#5254,.T.);
#6473 = ORIENTED_EDGE('',*,*,#5907,.T.);
#6474 = ORIENTED_EDGE('',*,*,#6475,.T.);
#6475 = EDGE_CURVE('',#5908,#6476,#6478,.T.);
#6476 = VERTEX_POINT('',#6477);
#6477 = CARTESIAN_POINT('',(1.4,2.475,0.2));
#6478 = LINE('',#6479,#6480);
#6479 = CARTESIAN_POINT('',(1.4,1.775,0.2));
#6480 = VECTOR('',#6481,1.);
#6481 = DIRECTION('',(0.,1.,0.));
#6482 = ORIENTED_EDGE('',*,*,#6483,.T.);
#6483 = EDGE_CURVE('',#6476,#6484,#6486,.T.);
#6484 = VERTEX_POINT('',#6485);
#6485 = CARTESIAN_POINT('',(1.4,2.475,0.));
#6486 = LINE('',#6487,#6488);
#6487 = CARTESIAN_POINT('',(1.4,2.475,0.2));
#6488 = VECTOR('',#6489,1.);
#6489 = DIRECTION('',(0.,0.,-1.));
#6490 = ORIENTED_EDGE('',*,*,#6491,.T.);
#6491 = EDGE_CURVE('',#6484,#6466,#6492,.T.);
#6492 = LINE('',#6493,#6494);
#6493 = CARTESIAN_POINT('',(1.4,2.475,0.));
#6494 = VECTOR('',#6495,1.);
#6495 = DIRECTION('',(0.,-1.,0.));
#6496 = PLANE('',#6497);
#6497 = AXIS2_PLACEMENT_3D('',#6498,#6499,#6500);
#6498 = CARTESIAN_POINT('',(1.4,2.082,9.3E-02));
#6499 = DIRECTION('',(-1.,-0.,-0.));
#6500 = DIRECTION('',(0.,0.,-1.));
#6501 = ADVANCED_FACE('',(#6502),#6520,.T.);
#6502 = FACE_BOUND('',#6503,.T.);
#6503 = EDGE_LOOP('',(#6504,#6512,#6518,#6519));
#6504 = ORIENTED_EDGE('',*,*,#6505,.T.);
#6505 = EDGE_CURVE('',#6466,#6506,#6508,.T.);
#6506 = VERTEX_POINT('',#6507);
#6507 = CARTESIAN_POINT('',(1.6,1.675,0.));
#6508 = LINE('',#6509,#6510);
#6509 = CARTESIAN_POINT('',(1.4,1.675,0.));
#6510 = VECTOR('',#6511,1.);
#6511 = DIRECTION('',(1.,0.,0.));
#6512 = ORIENTED_EDGE('',*,*,#6513,.T.);
#6513 = EDGE_CURVE('',#6506,#5239,#6514,.T.);
#6514 = LINE('',#6515,#6516);
#6515 = CARTESIAN_POINT('',(1.6,1.675,0.));
#6516 = VECTOR('',#6517,1.);
#6517 = DIRECTION('',(0.,0.,1.));
#6518 = ORIENTED_EDGE('',*,*,#5246,.F.);
#6519 = ORIENTED_EDGE('',*,*,#6465,.F.);
#6520 = PLANE('',#6521);
#6521 = AXIS2_PLACEMENT_3D('',#6522,#6523,#6524);
#6522 = CARTESIAN_POINT('',(1.4,1.675,0.));
#6523 = DIRECTION('',(0.,-1.,0.));
#6524 = DIRECTION('',(0.,0.,1.));
#6525 = ADVANCED_FACE('',(#6526),#6553,.F.);
#6526 = FACE_BOUND('',#6527,.F.);
#6527 = EDGE_LOOP('',(#6528,#6529,#6530,#6531,#6539,#6547));
#6528 = ORIENTED_EDGE('',*,*,#6513,.T.);
#6529 = ORIENTED_EDGE('',*,*,#5238,.T.);
#6530 = ORIENTED_EDGE('',*,*,#5923,.T.);
#6531 = ORIENTED_EDGE('',*,*,#6532,.T.);
#6532 = EDGE_CURVE('',#5916,#6533,#6535,.T.);
#6533 = VERTEX_POINT('',#6534);
#6534 = CARTESIAN_POINT('',(1.6,2.475,0.2));
#6535 = LINE('',#6536,#6537);
#6536 = CARTESIAN_POINT('',(1.6,1.775,0.2));
#6537 = VECTOR('',#6538,1.);
#6538 = DIRECTION('',(0.,1.,0.));
#6539 = ORIENTED_EDGE('',*,*,#6540,.T.);
#6540 = EDGE_CURVE('',#6533,#6541,#6543,.T.);
#6541 = VERTEX_POINT('',#6542);
#6542 = CARTESIAN_POINT('',(1.6,2.475,0.));
#6543 = LINE('',#6544,#6545);
#6544 = CARTESIAN_POINT('',(1.6,2.475,0.2));
#6545 = VECTOR('',#6546,1.);
#6546 = DIRECTION('',(0.,0.,-1.));
#6547 = ORIENTED_EDGE('',*,*,#6548,.T.);
#6548 = EDGE_CURVE('',#6541,#6506,#6549,.T.);
#6549 = LINE('',#6550,#6551);
#6550 = CARTESIAN_POINT('',(1.6,2.475,0.));
#6551 = VECTOR('',#6552,1.);
#6552 = DIRECTION('',(0.,-1.,0.));
#6553 = PLANE('',#6554);
#6554 = AXIS2_PLACEMENT_3D('',#6555,#6556,#6557);
#6555 = CARTESIAN_POINT('',(1.6,2.082,9.3E-02));
#6556 = DIRECTION('',(-1.,-0.,-0.));
#6557 = DIRECTION('',(0.,0.,-1.));
#6558 = ADVANCED_FACE('',(#6559),#6580,.T.);
#6559 = FACE_BOUND('',#6560,.T.);
#6560 = EDGE_LOOP('',(#6561,#6569,#6570,#6571,#6572,#6573,#6574));
#6561 = ORIENTED_EDGE('',*,*,#6562,.T.);
#6562 = EDGE_CURVE('',#6563,#5501,#6565,.T.);
#6563 = VERTEX_POINT('',#6564);
#6564 = CARTESIAN_POINT('',(-2.7,-2.475,1.E-02));
#6565 = LINE('',#6566,#6567);
#6566 = CARTESIAN_POINT('',(-2.7,-2.475,1.E-02));
#6567 = VECTOR('',#6568,1.);
#6568 = DIRECTION('',(0.,0.,1.));
#6569 = ORIENTED_EDGE('',*,*,#5508,.T.);
#6570 = ORIENTED_EDGE('',*,*,#5484,.T.);
#6571 = ORIENTED_EDGE('',*,*,#5460,.T.);
#6572 = ORIENTED_EDGE('',*,*,#5436,.T.);
#6573 = ORIENTED_EDGE('',*,*,#6150,.T.);
#6574 = ORIENTED_EDGE('',*,*,#6575,.T.);
#6575 = EDGE_CURVE('',#6151,#6563,#6576,.T.);
#6576 = LINE('',#6577,#6578);
#6577 = CARTESIAN_POINT('',(-2.7,-0.975,1.E-02));
#6578 = VECTOR('',#6579,1.);
#6579 = DIRECTION('',(0.,-1.,-5.782411586589E-18));
#6580 = PLANE('',#6581);
#6581 = AXIS2_PLACEMENT_3D('',#6582,#6583,#6584);
#6582 = CARTESIAN_POINT('',(-2.7,-1.843181818182,0.516818181818));
#6583 = DIRECTION('',(-1.,-0.,-0.));
#6584 = DIRECTION('',(0.,0.,-1.));
#6585 = ADVANCED_FACE('',(#6586),#6598,.T.);
#6586 = FACE_BOUND('',#6587,.T.);
#6587 = EDGE_LOOP('',(#6588,#6594,#6595,#6596,#6597));
#6588 = ORIENTED_EDGE('',*,*,#6589,.T.);
#6589 = EDGE_CURVE('',#6563,#6122,#6590,.T.);
#6590 = LINE('',#6591,#6592);
#6591 = CARTESIAN_POINT('',(-2.7,-2.475,1.E-02));
#6592 = VECTOR('',#6593,1.);
#6593 = DIRECTION('',(1.,0.,0.));
#6594 = ORIENTED_EDGE('',*,*,#6129,.T.);
#6595 = ORIENTED_EDGE('',*,*,#5533,.T.);
#6596 = ORIENTED_EDGE('',*,*,#5525,.F.);
#6597 = ORIENTED_EDGE('',*,*,#6562,.F.);
#6598 = PLANE('',#6599);
#6599 = AXIS2_PLACEMENT_3D('',#6600,#6601,#6602);
#6600 = CARTESIAN_POINT('',(-2.7,-2.475,1.E-02));
#6601 = DIRECTION('',(0.,-1.,0.));
#6602 = DIRECTION('',(0.,0.,1.));
#6603 = ADVANCED_FACE('',(#6604),#6623,.T.);
#6604 = FACE_BOUND('',#6605,.T.);
#6605 = EDGE_LOOP('',(#6606,#6614,#6620,#6621,#6622));
#6606 = ORIENTED_EDGE('',*,*,#6607,.T.);
#6607 = EDGE_CURVE('',#6096,#6608,#6610,.T.);
#6608 = VERTEX_POINT('',#6609);
#6609 = CARTESIAN_POINT('',(2.7,-2.475,1.E-02));
#6610 = LINE('',#6611,#6612);
#6611 = CARTESIAN_POINT('',(2.5,-2.475,1.E-02));
#6612 = VECTOR('',#6613,1.);
#6613 = DIRECTION('',(1.,0.,0.));
#6614 = ORIENTED_EDGE('',*,*,#6615,.T.);
#6615 = EDGE_CURVE('',#6608,#5549,#6616,.T.);
#6616 = LINE('',#6617,#6618);
#6617 = CARTESIAN_POINT('',(2.7,-2.475,1.E-02));
#6618 = VECTOR('',#6619,1.);
#6619 = DIRECTION('',(0.,0.,1.));
#6620 = ORIENTED_EDGE('',*,*,#5548,.F.);
#6621 = ORIENTED_EDGE('',*,*,#5540,.F.);
#6622 = ORIENTED_EDGE('',*,*,#6103,.F.);
#6623 = PLANE('',#6624);
#6624 = AXIS2_PLACEMENT_3D('',#6625,#6626,#6627);
#6625 = CARTESIAN_POINT('',(2.5,-2.475,1.E-02));
#6626 = DIRECTION('',(0.,-1.,0.));
#6627 = DIRECTION('',(0.,0.,1.));
#6628 = ADVANCED_FACE('',(#6629),#6647,.F.);
#6629 = FACE_BOUND('',#6630,.F.);
#6630 = EDGE_LOOP('',(#6631,#6639,#6640,#6641));
#6631 = ORIENTED_EDGE('',*,*,#6632,.F.);
#6632 = EDGE_CURVE('',#5549,#6633,#6635,.T.);
#6633 = VERTEX_POINT('',#6634);
#6634 = CARTESIAN_POINT('',(2.7,-1.975,1.26));
#6635 = LINE('',#6636,#6637);
#6636 = CARTESIAN_POINT('',(2.7,-2.475,1.26));
#6637 = VECTOR('',#6638,1.);
#6638 = DIRECTION('',(0.,1.,0.));
#6639 = ORIENTED_EDGE('',*,*,#5556,.T.);
#6640 = ORIENTED_EDGE('',*,*,#6002,.T.);
#6641 = ORIENTED_EDGE('',*,*,#6642,.F.);
#6642 = EDGE_CURVE('',#6633,#6003,#6643,.T.);
#6643 = LINE('',#6644,#6645);
#6644 = CARTESIAN_POINT('',(2.5,-1.975,1.26));
#6645 = VECTOR('',#6646,1.);
#6646 = DIRECTION('',(1.,0.,0.));
#6647 = PLANE('',#6648);
#6648 = AXIS2_PLACEMENT_3D('',#6649,#6650,#6651);
#6649 = CARTESIAN_POINT('',(2.5,-2.475,1.26));
#6650 = DIRECTION('',(0.,1.110223024625E-16,1.));
#6651 = DIRECTION('',(0.,1.,-1.110223024625E-16));
#6652 = ADVANCED_FACE('',(#6653),#6701,.F.);
#6653 = FACE_BOUND('',#6654,.F.);
#6654 = EDGE_LOOP('',(#6655,#6656,#6664,#6672,#6678,#6679,#6687,#6695));
#6655 = ORIENTED_EDGE('',*,*,#5580,.F.);
#6656 = ORIENTED_EDGE('',*,*,#6657,.T.);
#6657 = EDGE_CURVE('',#5581,#6658,#6660,.T.);
#6658 = VERTEX_POINT('',#6659);
#6659 = CARTESIAN_POINT('',(2.2,0.525,0.46));
#6660 = LINE('',#6661,#6662);
#6661 = CARTESIAN_POINT('',(2.2,-2.475,0.46));
#6662 = VECTOR('',#6663,1.);
#6663 = DIRECTION('',(0.,1.,-1.110223024625E-16));
#6664 = ORIENTED_EDGE('',*,*,#6665,.T.);
#6665 = EDGE_CURVE('',#6658,#6666,#6668,.T.);
#6666 = VERTEX_POINT('',#6667);
#6667 = CARTESIAN_POINT('',(2.2,0.525,2.56));
#6668 = LINE('',#6669,#6670);
#6669 = CARTESIAN_POINT('',(2.2,0.525,0.46));
#6670 = VECTOR('',#6671,1.);
#6671 = DIRECTION('',(0.,1.110223024625E-16,1.));
#6672 = ORIENTED_EDGE('',*,*,#6673,.F.);
#6673 = EDGE_CURVE('',#5639,#6666,#6674,.T.);
#6674 = LINE('',#6675,#6676);
#6675 = CARTESIAN_POINT('',(2.2,-2.475,2.56));
#6676 = VECTOR('',#6677,1.);
#6677 = DIRECTION('',(0.,1.,-1.110223024625E-16));
#6678 = ORIENTED_EDGE('',*,*,#5646,.F.);
#6679 = ORIENTED_EDGE('',*,*,#6680,.F.);
#6680 = EDGE_CURVE('',#6681,#5647,#6683,.T.);
#6681 = VERTEX_POINT('',#6682);
#6682 = CARTESIAN_POINT('',(2.2,-7.5E-02,2.06));
#6683 = LINE('',#6684,#6685);
#6684 = CARTESIAN_POINT('',(2.2,-2.475,2.06));
#6685 = VECTOR('',#6686,1.);
#6686 = DIRECTION('',(0.,-1.,1.110223024625E-16));
#6687 = ORIENTED_EDGE('',*,*,#6688,.T.);
#6688 = EDGE_CURVE('',#6681,#6689,#6691,.T.);
#6689 = VERTEX_POINT('',#6690);
#6690 = CARTESIAN_POINT('',(2.2,-7.5E-02,1.46));
#6691 = LINE('',#6692,#6693);
#6692 = CARTESIAN_POINT('',(2.2,-7.5E-02,1.11));
#6693 = VECTOR('',#6694,1.);
#6694 = DIRECTION('',(0.,-1.110223024625E-16,-1.));
#6695 = ORIENTED_EDGE('',*,*,#6696,.F.);
#6696 = EDGE_CURVE('',#5583,#6689,#6697,.T.);
#6697 = LINE('',#6698,#6699);
#6698 = CARTESIAN_POINT('',(2.2,-2.475,1.46));
#6699 = VECTOR('',#6700,1.);
#6700 = DIRECTION('',(0.,1.,-1.110223024625E-16));
#6701 = PLANE('',#6702);
#6702 = AXIS2_PLACEMENT_3D('',#6703,#6704,#6705);
#6703 = CARTESIAN_POINT('',(2.2,-2.475,0.46));
#6704 = DIRECTION('',(1.,0.,0.));
#6705 = DIRECTION('',(-0.,1.110223024625E-16,1.));
#6706 = ADVANCED_FACE('',(#6707),#6725,.F.);
#6707 = FACE_BOUND('',#6708,.F.);
#6708 = EDGE_LOOP('',(#6709,#6710,#6711,#6719));
#6709 = ORIENTED_EDGE('',*,*,#5670,.F.);
#6710 = ORIENTED_EDGE('',*,*,#6696,.T.);
#6711 = ORIENTED_EDGE('',*,*,#6712,.T.);
#6712 = EDGE_CURVE('',#6689,#6713,#6715,.T.);
#6713 = VERTEX_POINT('',#6714);
#6714 = CARTESIAN_POINT('',(2.55,-7.5E-02,1.46));
#6715 = LINE('',#6716,#6717);
#6716 = CARTESIAN_POINT('',(-2.55,-7.5E-02,1.46));
#6717 = VECTOR('',#6718,1.);
#6718 = DIRECTION('',(1.,0.,0.));
#6719 = ORIENTED_EDGE('',*,*,#6720,.F.);
#6720 = EDGE_CURVE('',#5663,#6713,#6721,.T.);
#6721 = LINE('',#6722,#6723);
#6722 = CARTESIAN_POINT('',(2.55,-2.475,1.46));
#6723 = VECTOR('',#6724,1.);
#6724 = DIRECTION('',(0.,1.,-1.110223024625E-16));
#6725 = PLANE('',#6726);
#6726 = AXIS2_PLACEMENT_3D('',#6727,#6728,#6729);
#6727 = CARTESIAN_POINT('',(-2.55,-2.475,1.46));
#6728 = DIRECTION('',(0.,-1.110223024625E-16,-1.));
#6729 = DIRECTION('',(1.,0.,0.));
#6730 = ADVANCED_FACE('',(#6731),#6749,.F.);
#6731 = FACE_BOUND('',#6732,.F.);
#6732 = EDGE_LOOP('',(#6733,#6734,#6742,#6748));
#6733 = ORIENTED_EDGE('',*,*,#6720,.T.);
#6734 = ORIENTED_EDGE('',*,*,#6735,.T.);
#6735 = EDGE_CURVE('',#6713,#6736,#6738,.T.);
#6736 = VERTEX_POINT('',#6737);
#6737 = CARTESIAN_POINT('',(2.55,-7.5E-02,2.06));
#6738 = LINE('',#6739,#6740);
#6739 = CARTESIAN_POINT('',(2.55,-7.5E-02,1.46));
#6740 = VECTOR('',#6741,1.);
#6741 = DIRECTION('',(0.,1.110223024625E-16,1.));
#6742 = ORIENTED_EDGE('',*,*,#6743,.F.);
#6743 = EDGE_CURVE('',#5655,#6736,#6744,.T.);
#6744 = LINE('',#6745,#6746);
#6745 = CARTESIAN_POINT('',(2.55,-2.475,2.06));
#6746 = VECTOR('',#6747,1.);
#6747 = DIRECTION('',(0.,1.,-1.110223024625E-16));
#6748 = ORIENTED_EDGE('',*,*,#5662,.F.);
#6749 = PLANE('',#6750);
#6750 = AXIS2_PLACEMENT_3D('',#6751,#6752,#6753);
#6751 = CARTESIAN_POINT('',(2.55,-2.475,1.46));
#6752 = DIRECTION('',(1.,0.,0.));
#6753 = DIRECTION('',(-0.,1.110223024625E-16,1.));
#6754 = ADVANCED_FACE('',(#6755),#6766,.F.);
#6755 = FACE_BOUND('',#6756,.F.);
#6756 = EDGE_LOOP('',(#6757,#6758,#6759,#6765));
#6757 = ORIENTED_EDGE('',*,*,#5654,.F.);
#6758 = ORIENTED_EDGE('',*,*,#6743,.T.);
#6759 = ORIENTED_EDGE('',*,*,#6760,.T.);
#6760 = EDGE_CURVE('',#6736,#6681,#6761,.T.);
#6761 = LINE('',#6762,#6763);
#6762 = CARTESIAN_POINT('',(2.55,-7.5E-02,2.06));
#6763 = VECTOR('',#6764,1.);
#6764 = DIRECTION('',(-1.,0.,0.));
#6765 = ORIENTED_EDGE('',*,*,#6680,.T.);
#6766 = PLANE('',#6767);
#6767 = AXIS2_PLACEMENT_3D('',#6768,#6769,#6770);
#6768 = CARTESIAN_POINT('',(2.55,-2.475,2.06));
#6769 = DIRECTION('',(0.,1.110223024625E-16,1.));
#6770 = DIRECTION('',(-1.,0.,0.));
#6771 = ADVANCED_FACE('',(#6772),#6790,.F.);
#6772 = FACE_BOUND('',#6773,.F.);
#6773 = EDGE_LOOP('',(#6774,#6775,#6783,#6789));
#6774 = ORIENTED_EDGE('',*,*,#6673,.T.);
#6775 = ORIENTED_EDGE('',*,*,#6776,.T.);
#6776 = EDGE_CURVE('',#6666,#6777,#6779,.T.);
#6777 = VERTEX_POINT('',#6778);
#6778 = CARTESIAN_POINT('',(-2.2,0.525,2.56));
#6779 = LINE('',#6780,#6781);
#6780 = CARTESIAN_POINT('',(2.2,0.525,2.56));
#6781 = VECTOR('',#6782,1.);
#6782 = DIRECTION('',(-1.,0.,0.));
#6783 = ORIENTED_EDGE('',*,*,#6784,.F.);
#6784 = EDGE_CURVE('',#5631,#6777,#6785,.T.);
#6785 = LINE('',#6786,#6787);
#6786 = CARTESIAN_POINT('',(-2.2,-2.475,2.56));
#6787 = VECTOR('',#6788,1.);
#6788 = DIRECTION('',(0.,1.,-1.110223024625E-16));
#6789 = ORIENTED_EDGE('',*,*,#5638,.F.);
#6790 = PLANE('',#6791);
#6791 = AXIS2_PLACEMENT_3D('',#6792,#6793,#6794);
#6792 = CARTESIAN_POINT('',(2.2,-2.475,2.56));
#6793 = DIRECTION('',(0.,1.110223024625E-16,1.));
#6794 = DIRECTION('',(-1.,0.,0.));
#6795 = ADVANCED_FACE('',(#6796),#6837,.F.);
#6796 = FACE_BOUND('',#6797,.F.);
#6797 = EDGE_LOOP('',(#6798,#6799,#6800,#6808,#6814,#6815,#6823,#6831));
#6798 = ORIENTED_EDGE('',*,*,#5630,.F.);
#6799 = ORIENTED_EDGE('',*,*,#6784,.T.);
#6800 = ORIENTED_EDGE('',*,*,#6801,.T.);
#6801 = EDGE_CURVE('',#6777,#6802,#6804,.T.);
#6802 = VERTEX_POINT('',#6803);
#6803 = CARTESIAN_POINT('',(-2.2,0.525,0.46));
#6804 = LINE('',#6805,#6806);
#6805 = CARTESIAN_POINT('',(-2.2,0.525,2.56));
#6806 = VECTOR('',#6807,1.);
#6807 = DIRECTION('',(0.,-1.110223024625E-16,-1.));
#6808 = ORIENTED_EDGE('',*,*,#6809,.F.);
#6809 = EDGE_CURVE('',#5591,#6802,#6810,.T.);
#6810 = LINE('',#6811,#6812);
#6811 = CARTESIAN_POINT('',(-2.2,-2.475,0.46));
#6812 = VECTOR('',#6813,1.);
#6813 = DIRECTION('',(0.,1.,-1.110223024625E-16));
#6814 = ORIENTED_EDGE('',*,*,#5598,.F.);
#6815 = ORIENTED_EDGE('',*,*,#6816,.F.);
#6816 = EDGE_CURVE('',#6817,#5599,#6819,.T.);
#6817 = VERTEX_POINT('',#6818);
#6818 = CARTESIAN_POINT('',(-2.2,-7.5E-02,1.46));
#6819 = LINE('',#6820,#6821);
#6820 = CARTESIAN_POINT('',(-2.2,-2.475,1.46));
#6821 = VECTOR('',#6822,1.);
#6822 = DIRECTION('',(0.,-1.,1.110223024625E-16));
#6823 = ORIENTED_EDGE('',*,*,#6824,.T.);
#6824 = EDGE_CURVE('',#6817,#6825,#6827,.T.);
#6825 = VERTEX_POINT('',#6826);
#6826 = CARTESIAN_POINT('',(-2.2,-7.5E-02,2.06));
#6827 = LINE('',#6828,#6829);
#6828 = CARTESIAN_POINT('',(-2.2,-7.5E-02,2.16));
#6829 = VECTOR('',#6830,1.);
#6830 = DIRECTION('',(0.,1.110223024625E-16,1.));
#6831 = ORIENTED_EDGE('',*,*,#6832,.F.);
#6832 = EDGE_CURVE('',#5623,#6825,#6833,.T.);
#6833 = LINE('',#6834,#6835);
#6834 = CARTESIAN_POINT('',(-2.2,-2.475,2.06));
#6835 = VECTOR('',#6836,1.);
#6836 = DIRECTION('',(0.,1.,-1.110223024625E-16));
#6837 = PLANE('',#6838);
#6838 = AXIS2_PLACEMENT_3D('',#6839,#6840,#6841);
#6839 = CARTESIAN_POINT('',(-2.2,-2.475,2.56));
#6840 = DIRECTION('',(-1.,0.,0.));
#6841 = DIRECTION('',(-0.,-1.110223024625E-16,-1.));
#6842 = ADVANCED_FACE('',(#6843),#6861,.F.);
#6843 = FACE_BOUND('',#6844,.F.);
#6844 = EDGE_LOOP('',(#6845,#6846,#6847,#6855));
#6845 = ORIENTED_EDGE('',*,*,#5622,.F.);
#6846 = ORIENTED_EDGE('',*,*,#6832,.T.);
#6847 = ORIENTED_EDGE('',*,*,#6848,.T.);
#6848 = EDGE_CURVE('',#6825,#6849,#6851,.T.);
#6849 = VERTEX_POINT('',#6850);
#6850 = CARTESIAN_POINT('',(-2.55,-7.5E-02,2.06));
#6851 = LINE('',#6852,#6853);
#6852 = CARTESIAN_POINT('',(2.55,-7.5E-02,2.06));
#6853 = VECTOR('',#6854,1.);
#6854 = DIRECTION('',(-1.,0.,0.));
#6855 = ORIENTED_EDGE('',*,*,#6856,.F.);
#6856 = EDGE_CURVE('',#5615,#6849,#6857,.T.);
#6857 = LINE('',#6858,#6859);
#6858 = CARTESIAN_POINT('',(-2.55,-2.475,2.06));
#6859 = VECTOR('',#6860,1.);
#6860 = DIRECTION('',(0.,1.,-1.110223024625E-16));
#6861 = PLANE('',#6862);
#6862 = AXIS2_PLACEMENT_3D('',#6863,#6864,#6865);
#6863 = CARTESIAN_POINT('',(2.55,-2.475,2.06));
#6864 = DIRECTION('',(0.,1.110223024625E-16,1.));
#6865 = DIRECTION('',(-1.,0.,0.));
#6866 = ADVANCED_FACE('',(#6867),#6885,.F.);
#6867 = FACE_BOUND('',#6868,.F.);
#6868 = EDGE_LOOP('',(#6869,#6870,#6878,#6884));
#6869 = ORIENTED_EDGE('',*,*,#6856,.T.);
#6870 = ORIENTED_EDGE('',*,*,#6871,.T.);
#6871 = EDGE_CURVE('',#6849,#6872,#6874,.T.);
#6872 = VERTEX_POINT('',#6873);
#6873 = CARTESIAN_POINT('',(-2.55,-7.5E-02,1.46));
#6874 = LINE('',#6875,#6876);
#6875 = CARTESIAN_POINT('',(-2.55,-7.5E-02,2.06));
#6876 = VECTOR('',#6877,1.);
#6877 = DIRECTION('',(0.,-1.110223024625E-16,-1.));
#6878 = ORIENTED_EDGE('',*,*,#6879,.F.);
#6879 = EDGE_CURVE('',#5607,#6872,#6880,.T.);
#6880 = LINE('',#6881,#6882);
#6881 = CARTESIAN_POINT('',(-2.55,-2.475,1.46));
#6882 = VECTOR('',#6883,1.);
#6883 = DIRECTION('',(0.,1.,-1.110223024625E-16));
#6884 = ORIENTED_EDGE('',*,*,#5614,.F.);
#6885 = PLANE('',#6886);
#6886 = AXIS2_PLACEMENT_3D('',#6887,#6888,#6889);
#6887 = CARTESIAN_POINT('',(-2.55,-2.475,2.06));
#6888 = DIRECTION('',(-1.,0.,0.));
#6889 = DIRECTION('',(-0.,-1.110223024625E-16,-1.));
#6890 = ADVANCED_FACE('',(#6891),#6902,.F.);
#6891 = FACE_BOUND('',#6892,.F.);
#6892 = EDGE_LOOP('',(#6893,#6894,#6895,#6901));
#6893 = ORIENTED_EDGE('',*,*,#5606,.F.);
#6894 = ORIENTED_EDGE('',*,*,#6879,.T.);
#6895 = ORIENTED_EDGE('',*,*,#6896,.T.);
#6896 = EDGE_CURVE('',#6872,#6817,#6897,.T.);
#6897 = LINE('',#6898,#6899);
#6898 = CARTESIAN_POINT('',(-2.55,-7.5E-02,1.46));
#6899 = VECTOR('',#6900,1.);
#6900 = DIRECTION('',(1.,0.,0.));
#6901 = ORIENTED_EDGE('',*,*,#6816,.T.);
#6902 = PLANE('',#6903);
#6903 = AXIS2_PLACEMENT_3D('',#6904,#6905,#6906);
#6904 = CARTESIAN_POINT('',(-2.55,-2.475,1.46));
#6905 = DIRECTION('',(0.,-1.110223024625E-16,-1.));
#6906 = DIRECTION('',(1.,0.,0.));
#6907 = ADVANCED_FACE('',(#6908),#6919,.F.);
#6908 = FACE_BOUND('',#6909,.F.);
#6909 = EDGE_LOOP('',(#6910,#6911,#6917,#6918));
#6910 = ORIENTED_EDGE('',*,*,#6809,.T.);
#6911 = ORIENTED_EDGE('',*,*,#6912,.T.);
#6912 = EDGE_CURVE('',#6802,#6658,#6913,.T.);
#6913 = LINE('',#6914,#6915);
#6914 = CARTESIAN_POINT('',(-2.2,0.525,0.46));
#6915 = VECTOR('',#6916,1.);
#6916 = DIRECTION('',(1.,0.,0.));
#6917 = ORIENTED_EDGE('',*,*,#6657,.F.);
#6918 = ORIENTED_EDGE('',*,*,#5590,.F.);
#6919 = PLANE('',#6920);
#6920 = AXIS2_PLACEMENT_3D('',#6921,#6922,#6923);
#6921 = CARTESIAN_POINT('',(-2.2,-2.475,0.46));
#6922 = DIRECTION('',(0.,-1.110223024625E-16,-1.));
#6923 = DIRECTION('',(1.,0.,0.));
#6924 = ADVANCED_FACE('',(#6925),#6959,.F.);
#6925 = FACE_BOUND('',#6926,.F.);
#6926 = EDGE_LOOP('',(#6927,#6928,#6936,#6944,#6952,#6958));
#6927 = ORIENTED_EDGE('',*,*,#5946,.T.);
#6928 = ORIENTED_EDGE('',*,*,#6929,.T.);
#6929 = EDGE_CURVE('',#5939,#6930,#6932,.T.);
#6930 = VERTEX_POINT('',#6931);
#6931 = CARTESIAN_POINT('',(2.5,1.225,1.46));
#6932 = LINE('',#6933,#6934);
#6933 = CARTESIAN_POINT('',(2.5,1.775,1.46));
#6934 = VECTOR('',#6935,1.);
#6935 = DIRECTION('',(0.,-1.,1.110223024625E-16));
#6936 = ORIENTED_EDGE('',*,*,#6937,.T.);
#6937 = EDGE_CURVE('',#6930,#6938,#6940,.T.);
#6938 = VERTEX_POINT('',#6939);
#6939 = CARTESIAN_POINT('',(2.5,1.225,2.46));
#6940 = LINE('',#6941,#6942);
#6941 = CARTESIAN_POINT('',(2.5,1.225,1.46));
#6942 = VECTOR('',#6943,1.);
#6943 = DIRECTION('',(0.,1.110223024625E-16,1.));
#6944 = ORIENTED_EDGE('',*,*,#6945,.T.);
#6945 = EDGE_CURVE('',#6938,#6946,#6948,.T.);
#6946 = VERTEX_POINT('',#6947);
#6947 = CARTESIAN_POINT('',(2.5,0.575,2.46));
#6948 = LINE('',#6949,#6950);
#6949 = CARTESIAN_POINT('',(2.5,1.225,2.46));
#6950 = VECTOR('',#6951,1.);
#6951 = DIRECTION('',(0.,-1.,1.110223024625E-16));
#6952 = ORIENTED_EDGE('',*,*,#6953,.T.);
#6953 = EDGE_CURVE('',#6946,#5719,#6954,.T.);
#6954 = LINE('',#6955,#6956);
#6955 = CARTESIAN_POINT('',(2.5,0.575,2.46));
#6956 = VECTOR('',#6957,1.);
#6957 = DIRECTION('',(0.,-0.500421834463,0.865781720524));
#6958 = ORIENTED_EDGE('',*,*,#5726,.T.);
#6959 = PLANE('',#6960);
#6960 = AXIS2_PLACEMENT_3D('',#6961,#6962,#6963);
#6961 = CARTESIAN_POINT('',(2.5,1.22787099059,2.3670284193));
#6962 = DIRECTION('',(-1.,0.,0.));
#6963 = DIRECTION('',(0.,1.,-1.110223024625E-16));
#6964 = ADVANCED_FACE('',(#6965),#6976,.F.);
#6965 = FACE_BOUND('',#6966,.F.);
#6966 = EDGE_LOOP('',(#6967,#6973,#6974,#6975));
#6967 = ORIENTED_EDGE('',*,*,#6968,.T.);
#6968 = EDGE_CURVE('',#6946,#5987,#6969,.T.);
#6969 = LINE('',#6970,#6971);
#6970 = CARTESIAN_POINT('',(2.5,0.575,2.46));
#6971 = VECTOR('',#6972,1.);
#6972 = DIRECTION('',(1.,0.,0.));
#6973 = ORIENTED_EDGE('',*,*,#5994,.T.);
#6974 = ORIENTED_EDGE('',*,*,#5718,.F.);
#6975 = ORIENTED_EDGE('',*,*,#6953,.F.);
#6976 = PLANE('',#6977);
#6977 = AXIS2_PLACEMENT_3D('',#6978,#6979,#6980);
#6978 = CARTESIAN_POINT('',(2.5,0.575,2.46));
#6979 = DIRECTION('',(0.,-0.865781720524,-0.500421834463));
#6980 = DIRECTION('',(0.,-0.500421834463,0.865781720524));
#6981 = ADVANCED_FACE('',(#6982),#6990,.T.);
#6982 = FACE_BOUND('',#6983,.T.);
#6983 = EDGE_LOOP('',(#6984,#6985,#6986,#6987,#6988,#6989));
#6984 = ORIENTED_EDGE('',*,*,#5953,.T.);
#6985 = ORIENTED_EDGE('',*,*,#5820,.T.);
#6986 = ORIENTED_EDGE('',*,*,#5796,.T.);
#6987 = ORIENTED_EDGE('',*,*,#5772,.T.);
#6988 = ORIENTED_EDGE('',*,*,#5748,.T.);
#6989 = ORIENTED_EDGE('',*,*,#5694,.T.);
#6990 = PLANE('',#6991);
#6991 = AXIS2_PLACEMENT_3D('',#6992,#6993,#6994);
#6992 = CARTESIAN_POINT('',(-2.5,1.22787099059,2.3670284193));
#6993 = DIRECTION('',(-1.,0.,0.));
#6994 = DIRECTION('',(0.,1.,-1.110223024625E-16));
#6995 = ADVANCED_FACE('',(#6996),#7007,.F.);
#6996 = FACE_BOUND('',#6997,.F.);
#6997 = EDGE_LOOP('',(#6998,#6999,#7000,#7006));
#6998 = ORIENTED_EDGE('',*,*,#5938,.T.);
#6999 = ORIENTED_EDGE('',*,*,#5970,.T.);
#7000 = ORIENTED_EDGE('',*,*,#7001,.F.);
#7001 = EDGE_CURVE('',#6930,#5971,#7002,.T.);
#7002 = LINE('',#7003,#7004);
#7003 = CARTESIAN_POINT('',(2.5,1.225,1.46));
#7004 = VECTOR('',#7005,1.);
#7005 = DIRECTION('',(1.,0.,0.));
#7006 = ORIENTED_EDGE('',*,*,#6929,.F.);
#7007 = PLANE('',#7008);
#7008 = AXIS2_PLACEMENT_3D('',#7009,#7010,#7011);
#7009 = CARTESIAN_POINT('',(2.5,1.775,1.46));
#7010 = DIRECTION('',(0.,-1.110223024625E-16,-1.));
#7011 = DIRECTION('',(0.,-1.,1.110223024625E-16));
#7012 = ADVANCED_FACE('',(#7013),#7024,.T.);
#7013 = FACE_BOUND('',#7014,.T.);
#7014 = EDGE_LOOP('',(#7015,#7016,#7017,#7023));
#7015 = ORIENTED_EDGE('',*,*,#5915,.T.);
#7016 = ORIENTED_EDGE('',*,*,#6532,.T.);
#7017 = ORIENTED_EDGE('',*,*,#7018,.F.);
#7018 = EDGE_CURVE('',#6476,#6533,#7019,.T.);
#7019 = LINE('',#7020,#7021);
#7020 = CARTESIAN_POINT('',(1.4,2.475,0.2));
#7021 = VECTOR('',#7022,1.);
#7022 = DIRECTION('',(1.,0.,0.));
#7023 = ORIENTED_EDGE('',*,*,#6475,.F.);
#7024 = PLANE('',#7025);
#7025 = AXIS2_PLACEMENT_3D('',#7026,#7027,#7028);
#7026 = CARTESIAN_POINT('',(1.4,1.775,0.2));
#7027 = DIRECTION('',(0.,0.,1.));
#7028 = DIRECTION('',(0.,1.,0.));
#7029 = ADVANCED_FACE('',(#7030),#7041,.T.);
#7030 = FACE_BOUND('',#7031,.T.);
#7031 = EDGE_LOOP('',(#7032,#7033,#7034,#7040));
#7032 = ORIENTED_EDGE('',*,*,#5892,.T.);
#7033 = ORIENTED_EDGE('',*,*,#6435,.T.);
#7034 = ORIENTED_EDGE('',*,*,#7035,.F.);
#7035 = EDGE_CURVE('',#6379,#6436,#7036,.T.);
#7036 = LINE('',#7037,#7038);
#7037 = CARTESIAN_POINT('',(0.4,2.475,0.2));
#7038 = VECTOR('',#7039,1.);
#7039 = DIRECTION('',(1.,0.,0.));
#7040 = ORIENTED_EDGE('',*,*,#6378,.F.);
#7041 = PLANE('',#7042);
#7042 = AXIS2_PLACEMENT_3D('',#7043,#7044,#7045);
#7043 = CARTESIAN_POINT('',(0.4,1.775,0.2));
#7044 = DIRECTION('',(0.,0.,1.));
#7045 = DIRECTION('',(0.,1.,0.));
#7046 = ADVANCED_FACE('',(#7047),#7058,.T.);
#7047 = FACE_BOUND('',#7048,.T.);
#7048 = EDGE_LOOP('',(#7049,#7050,#7051,#7057));
#7049 = ORIENTED_EDGE('',*,*,#5869,.T.);
#7050 = ORIENTED_EDGE('',*,*,#6338,.T.);
#7051 = ORIENTED_EDGE('',*,*,#7052,.F.);
#7052 = EDGE_CURVE('',#6282,#6339,#7053,.T.);
#7053 = LINE('',#7054,#7055);
#7054 = CARTESIAN_POINT('',(-0.6,2.475,0.2));
#7055 = VECTOR('',#7056,1.);
#7056 = DIRECTION('',(1.,0.,0.));
#7057 = ORIENTED_EDGE('',*,*,#6281,.F.);
#7058 = PLANE('',#7059);
#7059 = AXIS2_PLACEMENT_3D('',#7060,#7061,#7062);
#7060 = CARTESIAN_POINT('',(-0.6,1.775,0.2));
#7061 = DIRECTION('',(0.,0.,1.));
#7062 = DIRECTION('',(0.,1.,0.));
#7063 = ADVANCED_FACE('',(#7064),#7075,.T.);
#7064 = FACE_BOUND('',#7065,.T.);
#7065 = EDGE_LOOP('',(#7066,#7067,#7068,#7074));
#7066 = ORIENTED_EDGE('',*,*,#5846,.T.);
#7067 = ORIENTED_EDGE('',*,*,#6241,.T.);
#7068 = ORIENTED_EDGE('',*,*,#7069,.F.);
#7069 = EDGE_CURVE('',#6185,#6242,#7070,.T.);
#7070 = LINE('',#7071,#7072);
#7071 = CARTESIAN_POINT('',(-1.6,2.475,0.2));
#7072 = VECTOR('',#7073,1.);
#7073 = DIRECTION('',(1.,0.,0.));
#7074 = ORIENTED_EDGE('',*,*,#6184,.F.);
#7075 = PLANE('',#7076);
#7076 = AXIS2_PLACEMENT_3D('',#7077,#7078,#7079);
#7077 = CARTESIAN_POINT('',(-1.6,1.775,0.2));
#7078 = DIRECTION('',(0.,0.,1.));
#7079 = DIRECTION('',(0.,1.,0.));
#7080 = ADVANCED_FACE('',(#7081),#7099,.F.);
#7081 = FACE_BOUND('',#7082,.F.);
#7082 = EDGE_LOOP('',(#7083,#7091,#7097,#7098));
#7083 = ORIENTED_EDGE('',*,*,#7084,.F.);
#7084 = EDGE_CURVE('',#7085,#6041,#7087,.T.);
#7085 = VERTEX_POINT('',#7086);
#7086 = CARTESIAN_POINT('',(2.7,-1.975,0.61));
#7087 = LINE('',#7088,#7089);
#7088 = CARTESIAN_POINT('',(2.7,-1.975,0.61));
#7089 = VECTOR('',#7090,1.);
#7090 = DIRECTION('',(0.,1.,0.));
#7091 = ORIENTED_EDGE('',*,*,#7092,.T.);
#7092 = EDGE_CURVE('',#7085,#6011,#7093,.T.);
#7093 = LINE('',#7094,#7095);
#7094 = CARTESIAN_POINT('',(2.5,-1.975,0.61));
#7095 = VECTOR('',#7096,1.);
#7096 = DIRECTION('',(1.,0.,0.));
#7097 = ORIENTED_EDGE('',*,*,#6018,.T.);
#7098 = ORIENTED_EDGE('',*,*,#6048,.F.);
#7099 = PLANE('',#7100);
#7100 = AXIS2_PLACEMENT_3D('',#7101,#7102,#7103);
#7101 = CARTESIAN_POINT('',(2.5,-1.975,0.61));
#7102 = DIRECTION('',(0.,1.110223024625E-16,1.));
#7103 = DIRECTION('',(0.,1.,-1.110223024625E-16));
#7104 = ADVANCED_FACE('',(#7105),#7116,.F.);
#7105 = FACE_BOUND('',#7106,.F.);
#7106 = EDGE_LOOP('',(#7107,#7113,#7114,#7115));
#7107 = ORIENTED_EDGE('',*,*,#7108,.F.);
#7108 = EDGE_CURVE('',#6633,#7085,#7109,.T.);
#7109 = LINE('',#7110,#7111);
#7110 = CARTESIAN_POINT('',(2.7,-1.975,1.26));
#7111 = VECTOR('',#7112,1.);
#7112 = DIRECTION('',(0.,0.,-1.));
#7113 = ORIENTED_EDGE('',*,*,#6642,.T.);
#7114 = ORIENTED_EDGE('',*,*,#6010,.T.);
#7115 = ORIENTED_EDGE('',*,*,#7092,.F.);
#7116 = PLANE('',#7117);
#7117 = AXIS2_PLACEMENT_3D('',#7118,#7119,#7120);
#7118 = CARTESIAN_POINT('',(2.5,-1.975,1.26));
#7119 = DIRECTION('',(0.,1.,-1.110223024625E-16));
#7120 = DIRECTION('',(0.,-1.110223024625E-16,-1.));
#7121 = ADVANCED_FACE('',(#7122),#7133,.F.);
#7122 = FACE_BOUND('',#7123,.F.);
#7123 = EDGE_LOOP('',(#7124,#7130,#7131,#7132));
#7124 = ORIENTED_EDGE('',*,*,#7125,.T.);
#7125 = EDGE_CURVE('',#6938,#5979,#7126,.T.);
#7126 = LINE('',#7127,#7128);
#7127 = CARTESIAN_POINT('',(2.5,1.225,2.46));
#7128 = VECTOR('',#7129,1.);
#7129 = DIRECTION('',(1.,0.,0.));
#7130 = ORIENTED_EDGE('',*,*,#5986,.T.);
#7131 = ORIENTED_EDGE('',*,*,#6968,.F.);
#7132 = ORIENTED_EDGE('',*,*,#6945,.F.);
#7133 = PLANE('',#7134);
#7134 = AXIS2_PLACEMENT_3D('',#7135,#7136,#7137);
#7135 = CARTESIAN_POINT('',(2.5,1.225,2.46));
#7136 = DIRECTION('',(0.,-1.110223024625E-16,-1.));
#7137 = DIRECTION('',(0.,-1.,1.110223024625E-16));
#7138 = ADVANCED_FACE('',(#7139),#7145,.F.);
#7139 = FACE_BOUND('',#7140,.F.);
#7140 = EDGE_LOOP('',(#7141,#7142,#7143,#7144));
#7141 = ORIENTED_EDGE('',*,*,#7001,.T.);
#7142 = ORIENTED_EDGE('',*,*,#5978,.T.);
#7143 = ORIENTED_EDGE('',*,*,#7125,.F.);
#7144 = ORIENTED_EDGE('',*,*,#6937,.F.);
#7145 = PLANE('',#7146);
#7146 = AXIS2_PLACEMENT_3D('',#7147,#7148,#7149);
#7147 = CARTESIAN_POINT('',(2.5,1.225,1.46));
#7148 = DIRECTION('',(0.,-1.,1.110223024625E-16));
#7149 = DIRECTION('',(0.,1.110223024625E-16,1.));
#7150 = ADVANCED_FACE('',(#7151),#7165,.F.);
#7151 = FACE_BOUND('',#7152,.F.);
#7152 = EDGE_LOOP('',(#7153,#7154,#7155,#7156,#7157,#7158,#7159));
#7153 = ORIENTED_EDGE('',*,*,#6615,.T.);
#7154 = ORIENTED_EDGE('',*,*,#6632,.T.);
#7155 = ORIENTED_EDGE('',*,*,#7108,.T.);
#7156 = ORIENTED_EDGE('',*,*,#7084,.T.);
#7157 = ORIENTED_EDGE('',*,*,#6040,.T.);
#7158 = ORIENTED_EDGE('',*,*,#6073,.T.);
#7159 = ORIENTED_EDGE('',*,*,#7160,.T.);
#7160 = EDGE_CURVE('',#6074,#6608,#7161,.T.);
#7161 = LINE('',#7162,#7163);
#7162 = CARTESIAN_POINT('',(2.7,-0.975,1.E-02));
#7163 = VECTOR('',#7164,1.);
#7164 = DIRECTION('',(0.,-1.,-5.782411586589E-18));
#7165 = PLANE('',#7166);
#7166 = AXIS2_PLACEMENT_3D('',#7167,#7168,#7169);
#7167 = CARTESIAN_POINT('',(2.7,-1.843181818182,0.516818181818));
#7168 = DIRECTION('',(-1.,-0.,-0.));
#7169 = DIRECTION('',(0.,0.,-1.));
#7170 = ADVANCED_FACE('',(#7171),#7177,.T.);
#7171 = FACE_BOUND('',#7172,.T.);
#7172 = EDGE_LOOP('',(#7173,#7174,#7175,#7176));
#7173 = ORIENTED_EDGE('',*,*,#6081,.T.);
#7174 = ORIENTED_EDGE('',*,*,#7160,.T.);
#7175 = ORIENTED_EDGE('',*,*,#6607,.F.);
#7176 = ORIENTED_EDGE('',*,*,#6095,.F.);
#7177 = PLANE('',#7178);
#7178 = AXIS2_PLACEMENT_3D('',#7179,#7180,#7181);
#7179 = CARTESIAN_POINT('',(2.5,-0.975,1.E-02));
#7180 = DIRECTION('',(0.,5.782411586589E-18,-1.));
#7181 = DIRECTION('',(0.,-1.,-5.782411586589E-18));
#7182 = ADVANCED_FACE('',(#7183),#7189,.T.);
#7183 = FACE_BOUND('',#7184,.T.);
#7184 = EDGE_LOOP('',(#7185,#7186,#7187,#7188));
#7185 = ORIENTED_EDGE('',*,*,#6160,.T.);
#7186 = ORIENTED_EDGE('',*,*,#6119,.T.);
#7187 = ORIENTED_EDGE('',*,*,#6589,.F.);
#7188 = ORIENTED_EDGE('',*,*,#6575,.F.);
#7189 = PLANE('',#7190);
#7190 = AXIS2_PLACEMENT_3D('',#7191,#7192,#7193);
#7191 = CARTESIAN_POINT('',(-2.7,-0.975,1.E-02));
#7192 = DIRECTION('',(0.,5.782411586589E-18,-1.));
#7193 = DIRECTION('',(0.,-1.,-5.782411586589E-18));
#7194 = ADVANCED_FACE('',(#7195),#7206,.T.);
#7195 = FACE_BOUND('',#7196,.T.);
#7196 = EDGE_LOOP('',(#7197,#7198,#7199,#7205));
#7197 = ORIENTED_EDGE('',*,*,#7069,.T.);
#7198 = ORIENTED_EDGE('',*,*,#6249,.T.);
#7199 = ORIENTED_EDGE('',*,*,#7200,.F.);
#7200 = EDGE_CURVE('',#6193,#6250,#7201,.T.);
#7201 = LINE('',#7202,#7203);
#7202 = CARTESIAN_POINT('',(-1.6,2.475,0.));
#7203 = VECTOR('',#7204,1.);
#7204 = DIRECTION('',(1.,0.,0.));
#7205 = ORIENTED_EDGE('',*,*,#6192,.F.);
#7206 = PLANE('',#7207);
#7207 = AXIS2_PLACEMENT_3D('',#7208,#7209,#7210);
#7208 = CARTESIAN_POINT('',(-1.6,2.475,0.2));
#7209 = DIRECTION('',(0.,1.,0.));
#7210 = DIRECTION('',(0.,0.,-1.));
#7211 = ADVANCED_FACE('',(#7212),#7218,.T.);
#7212 = FACE_BOUND('',#7213,.T.);
#7213 = EDGE_LOOP('',(#7214,#7215,#7216,#7217));
#7214 = ORIENTED_EDGE('',*,*,#7200,.T.);
#7215 = ORIENTED_EDGE('',*,*,#6257,.T.);
#7216 = ORIENTED_EDGE('',*,*,#6214,.F.);
#7217 = ORIENTED_EDGE('',*,*,#6200,.F.);
#7218 = PLANE('',#7219);
#7219 = AXIS2_PLACEMENT_3D('',#7220,#7221,#7222);
#7220 = CARTESIAN_POINT('',(-1.6,2.475,0.));
#7221 = DIRECTION('',(0.,0.,-1.));
#7222 = DIRECTION('',(0.,-1.,0.));
#7223 = ADVANCED_FACE('',(#7224),#7235,.T.);
#7224 = FACE_BOUND('',#7225,.T.);
#7225 = EDGE_LOOP('',(#7226,#7227,#7228,#7234));
#7226 = ORIENTED_EDGE('',*,*,#7052,.T.);
#7227 = ORIENTED_EDGE('',*,*,#6346,.T.);
#7228 = ORIENTED_EDGE('',*,*,#7229,.F.);
#7229 = EDGE_CURVE('',#6290,#6347,#7230,.T.);
#7230 = LINE('',#7231,#7232);
#7231 = CARTESIAN_POINT('',(-0.6,2.475,0.));
#7232 = VECTOR('',#7233,1.);
#7233 = DIRECTION('',(1.,0.,0.));
#7234 = ORIENTED_EDGE('',*,*,#6289,.F.);
#7235 = PLANE('',#7236);
#7236 = AXIS2_PLACEMENT_3D('',#7237,#7238,#7239);
#7237 = CARTESIAN_POINT('',(-0.6,2.475,0.2));
#7238 = DIRECTION('',(0.,1.,0.));
#7239 = DIRECTION('',(0.,0.,-1.));
#7240 = ADVANCED_FACE('',(#7241),#7247,.T.);
#7241 = FACE_BOUND('',#7242,.T.);
#7242 = EDGE_LOOP('',(#7243,#7244,#7245,#7246));
#7243 = ORIENTED_EDGE('',*,*,#7229,.T.);
#7244 = ORIENTED_EDGE('',*,*,#6354,.T.);
#7245 = ORIENTED_EDGE('',*,*,#6311,.F.);
#7246 = ORIENTED_EDGE('',*,*,#6297,.F.);
#7247 = PLANE('',#7248);
#7248 = AXIS2_PLACEMENT_3D('',#7249,#7250,#7251);
#7249 = CARTESIAN_POINT('',(-0.6,2.475,0.));
#7250 = DIRECTION('',(0.,0.,-1.));
#7251 = DIRECTION('',(0.,-1.,0.));
#7252 = ADVANCED_FACE('',(#7253),#7264,.T.);
#7253 = FACE_BOUND('',#7254,.T.);
#7254 = EDGE_LOOP('',(#7255,#7256,#7257,#7263));
#7255 = ORIENTED_EDGE('',*,*,#7035,.T.);
#7256 = ORIENTED_EDGE('',*,*,#6443,.T.);
#7257 = ORIENTED_EDGE('',*,*,#7258,.F.);
#7258 = EDGE_CURVE('',#6387,#6444,#7259,.T.);
#7259 = LINE('',#7260,#7261);
#7260 = CARTESIAN_POINT('',(0.4,2.475,0.));
#7261 = VECTOR('',#7262,1.);
#7262 = DIRECTION('',(1.,0.,0.));
#7263 = ORIENTED_EDGE('',*,*,#6386,.F.);
#7264 = PLANE('',#7265);
#7265 = AXIS2_PLACEMENT_3D('',#7266,#7267,#7268);
#7266 = CARTESIAN_POINT('',(0.4,2.475,0.2));
#7267 = DIRECTION('',(0.,1.,0.));
#7268 = DIRECTION('',(0.,0.,-1.));
#7269 = ADVANCED_FACE('',(#7270),#7276,.T.);
#7270 = FACE_BOUND('',#7271,.T.);
#7271 = EDGE_LOOP('',(#7272,#7273,#7274,#7275));
#7272 = ORIENTED_EDGE('',*,*,#7258,.T.);
#7273 = ORIENTED_EDGE('',*,*,#6451,.T.);
#7274 = ORIENTED_EDGE('',*,*,#6408,.F.);
#7275 = ORIENTED_EDGE('',*,*,#6394,.F.);
#7276 = PLANE('',#7277);
#7277 = AXIS2_PLACEMENT_3D('',#7278,#7279,#7280);
#7278 = CARTESIAN_POINT('',(0.4,2.475,0.));
#7279 = DIRECTION('',(0.,0.,-1.));
#7280 = DIRECTION('',(0.,-1.,0.));
#7281 = ADVANCED_FACE('',(#7282),#7293,.T.);
#7282 = FACE_BOUND('',#7283,.T.);
#7283 = EDGE_LOOP('',(#7284,#7285,#7286,#7292));
#7284 = ORIENTED_EDGE('',*,*,#7018,.T.);
#7285 = ORIENTED_EDGE('',*,*,#6540,.T.);
#7286 = ORIENTED_EDGE('',*,*,#7287,.F.);
#7287 = EDGE_CURVE('',#6484,#6541,#7288,.T.);
#7288 = LINE('',#7289,#7290);
#7289 = CARTESIAN_POINT('',(1.4,2.475,0.));
#7290 = VECTOR('',#7291,1.);
#7291 = DIRECTION('',(1.,0.,0.));
#7292 = ORIENTED_EDGE('',*,*,#6483,.F.);
#7293 = PLANE('',#7294);
#7294 = AXIS2_PLACEMENT_3D('',#7295,#7296,#7297);
#7295 = CARTESIAN_POINT('',(1.4,2.475,0.2));
#7296 = DIRECTION('',(0.,1.,0.));
#7297 = DIRECTION('',(0.,0.,-1.));
#7298 = ADVANCED_FACE('',(#7299),#7305,.T.);
#7299 = FACE_BOUND('',#7300,.T.);
#7300 = EDGE_LOOP('',(#7301,#7302,#7303,#7304));
#7301 = ORIENTED_EDGE('',*,*,#7287,.T.);
#7302 = ORIENTED_EDGE('',*,*,#6548,.T.);
#7303 = ORIENTED_EDGE('',*,*,#6505,.F.);
#7304 = ORIENTED_EDGE('',*,*,#6491,.F.);
#7305 = PLANE('',#7306);
#7306 = AXIS2_PLACEMENT_3D('',#7307,#7308,#7309);
#7307 = CARTESIAN_POINT('',(1.4,2.475,0.));
#7308 = DIRECTION('',(0.,0.,-1.));
#7309 = DIRECTION('',(0.,-1.,0.));
#7310 = ADVANCED_FACE('',(#7311),#7317,.T.);
#7311 = FACE_BOUND('',#7312,.T.);
#7312 = EDGE_LOOP('',(#7313,#7314,#7315,#7316));
#7313 = ORIENTED_EDGE('',*,*,#6712,.T.);
#7314 = ORIENTED_EDGE('',*,*,#6735,.T.);
#7315 = ORIENTED_EDGE('',*,*,#6760,.T.);
#7316 = ORIENTED_EDGE('',*,*,#6688,.T.);
#7317 = PLANE('',#7318);
#7318 = AXIS2_PLACEMENT_3D('',#7319,#7320,#7321);
#7319 = CARTESIAN_POINT('',(5.45372713851E-16,-7.5E-02,1.76));
#7320 = DIRECTION('',(0.,-1.,1.110223024625E-16));
#7321 = DIRECTION('',(1.,0.,0.));
#7322 = ADVANCED_FACE('',(#7323,#7329,#7363,#7397,#7431),#7465,.T.);
#7323 = FACE_BOUND('',#7324,.T.);
#7324 = EDGE_LOOP('',(#7325,#7326,#7327,#7328));
#7325 = ORIENTED_EDGE('',*,*,#6665,.T.);
#7326 = ORIENTED_EDGE('',*,*,#6776,.T.);
#7327 = ORIENTED_EDGE('',*,*,#6801,.T.);
#7328 = ORIENTED_EDGE('',*,*,#6912,.T.);
#7329 = FACE_BOUND('',#7330,.T.);
#7330 = EDGE_LOOP('',(#7331,#7341,#7349,#7357));
#7331 = ORIENTED_EDGE('',*,*,#7332,.F.);
#7332 = EDGE_CURVE('',#7333,#7335,#7337,.T.);
#7333 = VERTEX_POINT('',#7334);
#7334 = CARTESIAN_POINT('',(-1.6,0.525,1.66));
#7335 = VERTEX_POINT('',#7336);
#7336 = CARTESIAN_POINT('',(-1.4,0.525,1.66));
#7337 = LINE('',#7338,#7339);
#7338 = CARTESIAN_POINT('',(-1.6,0.525,1.66));
#7339 = VECTOR('',#7340,1.);
#7340 = DIRECTION('',(1.,0.,0.));
#7341 = ORIENTED_EDGE('',*,*,#7342,.F.);
#7342 = EDGE_CURVE('',#7343,#7333,#7345,.T.);
#7343 = VERTEX_POINT('',#7344);
#7344 = CARTESIAN_POINT('',(-1.6,0.525,2.14));
#7345 = LINE('',#7346,#7347);
#7346 = CARTESIAN_POINT('',(-1.6,0.525,2.14));
#7347 = VECTOR('',#7348,1.);
#7348 = DIRECTION('',(0.,0.,-1.));
#7349 = ORIENTED_EDGE('',*,*,#7350,.T.);
#7350 = EDGE_CURVE('',#7343,#7351,#7353,.T.);
#7351 = VERTEX_POINT('',#7352);
#7352 = CARTESIAN_POINT('',(-1.4,0.525,2.14));
#7353 = LINE('',#7354,#7355);
#7354 = CARTESIAN_POINT('',(-1.6,0.525,2.14));
#7355 = VECTOR('',#7356,1.);
#7356 = DIRECTION('',(1.,0.,0.));
#7357 = ORIENTED_EDGE('',*,*,#7358,.T.);
#7358 = EDGE_CURVE('',#7351,#7335,#7359,.T.);
#7359 = LINE('',#7360,#7361);
#7360 = CARTESIAN_POINT('',(-1.4,0.525,2.14));
#7361 = VECTOR('',#7362,1.);
#7362 = DIRECTION('',(0.,0.,-1.));
#7363 = FACE_BOUND('',#7364,.T.);
#7364 = EDGE_LOOP('',(#7365,#7375,#7383,#7391));
#7365 = ORIENTED_EDGE('',*,*,#7366,.F.);
#7366 = EDGE_CURVE('',#7367,#7369,#7371,.T.);
#7367 = VERTEX_POINT('',#7368);
#7368 = CARTESIAN_POINT('',(-0.6,0.525,2.14));
#7369 = VERTEX_POINT('',#7370);
#7370 = CARTESIAN_POINT('',(-0.6,0.525,1.66));
#7371 = LINE('',#7372,#7373);
#7372 = CARTESIAN_POINT('',(-0.6,0.525,2.14));
#7373 = VECTOR('',#7374,1.);
#7374 = DIRECTION('',(0.,0.,-1.));
#7375 = ORIENTED_EDGE('',*,*,#7376,.T.);
#7376 = EDGE_CURVE('',#7367,#7377,#7379,.T.);
#7377 = VERTEX_POINT('',#7378);
#7378 = CARTESIAN_POINT('',(-0.4,0.525,2.14));
#7379 = LINE('',#7380,#7381);
#7380 = CARTESIAN_POINT('',(-0.6,0.525,2.14));
#7381 = VECTOR('',#7382,1.);
#7382 = DIRECTION('',(1.,0.,0.));
#7383 = ORIENTED_EDGE('',*,*,#7384,.T.);
#7384 = EDGE_CURVE('',#7377,#7385,#7387,.T.);
#7385 = VERTEX_POINT('',#7386);
#7386 = CARTESIAN_POINT('',(-0.4,0.525,1.66));
#7387 = LINE('',#7388,#7389);
#7388 = CARTESIAN_POINT('',(-0.4,0.525,2.14));
#7389 = VECTOR('',#7390,1.);
#7390 = DIRECTION('',(0.,0.,-1.));
#7391 = ORIENTED_EDGE('',*,*,#7392,.F.);
#7392 = EDGE_CURVE('',#7369,#7385,#7393,.T.);
#7393 = LINE('',#7394,#7395);
#7394 = CARTESIAN_POINT('',(-0.6,0.525,1.66));
#7395 = VECTOR('',#7396,1.);
#7396 = DIRECTION('',(1.,0.,0.));
#7397 = FACE_BOUND('',#7398,.T.);
#7398 = EDGE_LOOP('',(#7399,#7409,#7417,#7425));
#7399 = ORIENTED_EDGE('',*,*,#7400,.F.);
#7400 = EDGE_CURVE('',#7401,#7403,#7405,.T.);
#7401 = VERTEX_POINT('',#7402);
#7402 = CARTESIAN_POINT('',(0.4,0.525,2.14));
#7403 = VERTEX_POINT('',#7404);
#7404 = CARTESIAN_POINT('',(0.4,0.525,1.66));
#7405 = LINE('',#7406,#7407);
#7406 = CARTESIAN_POINT('',(0.4,0.525,2.14));
#7407 = VECTOR('',#7408,1.);
#7408 = DIRECTION('',(0.,0.,-1.));
#7409 = ORIENTED_EDGE('',*,*,#7410,.T.);
#7410 = EDGE_CURVE('',#7401,#7411,#7413,.T.);
#7411 = VERTEX_POINT('',#7412);
#7412 = CARTESIAN_POINT('',(0.6,0.525,2.14));
#7413 = LINE('',#7414,#7415);
#7414 = CARTESIAN_POINT('',(0.4,0.525,2.14));
#7415 = VECTOR('',#7416,1.);
#7416 = DIRECTION('',(1.,0.,0.));
#7417 = ORIENTED_EDGE('',*,*,#7418,.T.);
#7418 = EDGE_CURVE('',#7411,#7419,#7421,.T.);
#7419 = VERTEX_POINT('',#7420);
#7420 = CARTESIAN_POINT('',(0.6,0.525,1.66));
#7421 = LINE('',#7422,#7423);
#7422 = CARTESIAN_POINT('',(0.6,0.525,2.14));
#7423 = VECTOR('',#7424,1.);
#7424 = DIRECTION('',(0.,0.,-1.));
#7425 = ORIENTED_EDGE('',*,*,#7426,.F.);
#7426 = EDGE_CURVE('',#7403,#7419,#7427,.T.);
#7427 = LINE('',#7428,#7429);
#7428 = CARTESIAN_POINT('',(0.4,0.525,1.66));
#7429 = VECTOR('',#7430,1.);
#7430 = DIRECTION('',(1.,0.,0.));
#7431 = FACE_BOUND('',#7432,.T.);
#7432 = EDGE_LOOP('',(#7433,#7443,#7451,#7459));
#7433 = ORIENTED_EDGE('',*,*,#7434,.F.);
#7434 = EDGE_CURVE('',#7435,#7437,#7439,.T.);
#7435 = VERTEX_POINT('',#7436);
#7436 = CARTESIAN_POINT('',(1.4,0.525,2.14));
#7437 = VERTEX_POINT('',#7438);
#7438 = CARTESIAN_POINT('',(1.4,0.525,1.66));
#7439 = LINE('',#7440,#7441);
#7440 = CARTESIAN_POINT('',(1.4,0.525,2.14));
#7441 = VECTOR('',#7442,1.);
#7442 = DIRECTION('',(0.,0.,-1.));
#7443 = ORIENTED_EDGE('',*,*,#7444,.T.);
#7444 = EDGE_CURVE('',#7435,#7445,#7447,.T.);
#7445 = VERTEX_POINT('',#7446);
#7446 = CARTESIAN_POINT('',(1.6,0.525,2.14));
#7447 = LINE('',#7448,#7449);
#7448 = CARTESIAN_POINT('',(1.4,0.525,2.14));
#7449 = VECTOR('',#7450,1.);
#7450 = DIRECTION('',(1.,0.,0.));
#7451 = ORIENTED_EDGE('',*,*,#7452,.T.);
#7452 = EDGE_CURVE('',#7445,#7453,#7455,.T.);
#7453 = VERTEX_POINT('',#7454);
#7454 = CARTESIAN_POINT('',(1.6,0.525,1.66));
#7455 = LINE('',#7456,#7457);
#7456 = CARTESIAN_POINT('',(1.6,0.525,2.14));
#7457 = VECTOR('',#7458,1.);
#7458 = DIRECTION('',(0.,0.,-1.));
#7459 = ORIENTED_EDGE('',*,*,#7460,.F.);
#7460 = EDGE_CURVE('',#7437,#7453,#7461,.T.);
#7461 = LINE('',#7462,#7463);
#7462 = CARTESIAN_POINT('',(1.4,0.525,1.66));
#7463 = VECTOR('',#7464,1.);
#7464 = DIRECTION('',(1.,0.,0.));
#7465 = PLANE('',#7466);
#7466 = AXIS2_PLACEMENT_3D('',#7467,#7468,#7469);
#7467 = CARTESIAN_POINT('',(-6.832141690001E-17,0.525,1.51));
#7468 = DIRECTION('',(0.,-1.,1.110223024625E-16));
#7469 = DIRECTION('',(1.,0.,0.));
#7470 = ADVANCED_FACE('',(#7471),#7477,.T.);
#7471 = FACE_BOUND('',#7472,.T.);
#7472 = EDGE_LOOP('',(#7473,#7474,#7475,#7476));
#7473 = ORIENTED_EDGE('',*,*,#6896,.T.);
#7474 = ORIENTED_EDGE('',*,*,#6824,.T.);
#7475 = ORIENTED_EDGE('',*,*,#6848,.T.);
#7476 = ORIENTED_EDGE('',*,*,#6871,.T.);
#7477 = PLANE('',#7478);
#7478 = AXIS2_PLACEMENT_3D('',#7479,#7480,#7481);
#7479 = CARTESIAN_POINT('',(5.45372713851E-16,-7.5E-02,1.76));
#7480 = DIRECTION('',(0.,-1.,1.110223024625E-16));
#7481 = DIRECTION('',(1.,0.,0.));
#7482 = ADVANCED_FACE('',(#7483),#7508,.T.);
#7483 = FACE_BOUND('',#7484,.T.);
#7484 = EDGE_LOOP('',(#7485,#7486,#7494,#7502));
#7485 = ORIENTED_EDGE('',*,*,#7332,.T.);
#7486 = ORIENTED_EDGE('',*,*,#7487,.T.);
#7487 = EDGE_CURVE('',#7335,#7488,#7490,.T.);
#7488 = VERTEX_POINT('',#7489);
#7489 = CARTESIAN_POINT('',(-1.4,-1.225,1.79));
#7490 = LINE('',#7491,#7492);
#7491 = CARTESIAN_POINT('',(-1.4,0.525,1.66));
#7492 = VECTOR('',#7493,1.);
#7493 = DIRECTION('',(0.,-0.997252183706,7.408159078957E-02));
#7494 = ORIENTED_EDGE('',*,*,#7495,.F.);
#7495 = EDGE_CURVE('',#7496,#7488,#7498,.T.);
#7496 = VERTEX_POINT('',#7497);
#7497 = CARTESIAN_POINT('',(-1.6,-1.225,1.79));
#7498 = LINE('',#7499,#7500);
#7499 = CARTESIAN_POINT('',(-1.6,-1.225,1.79));
#7500 = VECTOR('',#7501,1.);
#7501 = DIRECTION('',(1.,0.,0.));
#7502 = ORIENTED_EDGE('',*,*,#7503,.F.);
#7503 = EDGE_CURVE('',#7333,#7496,#7504,.T.);
#7504 = LINE('',#7505,#7506);
#7505 = CARTESIAN_POINT('',(-1.6,0.525,1.66));
#7506 = VECTOR('',#7507,1.);
#7507 = DIRECTION('',(0.,-0.997252183706,7.408159078957E-02));
#7508 = PLANE('',#7509);
#7509 = AXIS2_PLACEMENT_3D('',#7510,#7511,#7512);
#7510 = CARTESIAN_POINT('',(-1.6,0.525,1.66));
#7511 = DIRECTION('',(0.,-7.408159078957E-02,-0.997252183706));
#7512 = DIRECTION('',(0.,-0.997252183706,7.408159078957E-02));
#7513 = ADVANCED_FACE('',(#7514),#7532,.F.);
#7514 = FACE_BOUND('',#7515,.F.);
#7515 = EDGE_LOOP('',(#7516,#7524,#7530,#7531));
#7516 = ORIENTED_EDGE('',*,*,#7517,.T.);
#7517 = EDGE_CURVE('',#7488,#7518,#7520,.T.);
#7518 = VERTEX_POINT('',#7519);
#7519 = CARTESIAN_POINT('',(-1.4,-1.225,2.14));
#7520 = LINE('',#7521,#7522);
#7521 = CARTESIAN_POINT('',(-1.4,-1.225,1.79));
#7522 = VECTOR('',#7523,1.);
#7523 = DIRECTION('',(0.,0.,1.));
#7524 = ORIENTED_EDGE('',*,*,#7525,.T.);
#7525 = EDGE_CURVE('',#7518,#7351,#7526,.T.);
#7526 = LINE('',#7527,#7528);
#7527 = CARTESIAN_POINT('',(-1.4,-1.225,2.14));
#7528 = VECTOR('',#7529,1.);
#7529 = DIRECTION('',(0.,1.,0.));
#7530 = ORIENTED_EDGE('',*,*,#7358,.T.);
#7531 = ORIENTED_EDGE('',*,*,#7487,.T.);
#7532 = PLANE('',#7533);
#7533 = AXIS2_PLACEMENT_3D('',#7534,#7535,#7536);
#7534 = CARTESIAN_POINT('',(-1.4,-0.323759014354,1.931294517928));
#7535 = DIRECTION('',(-1.,-0.,-0.));
#7536 = DIRECTION('',(0.,0.,-1.));
#7537 = ADVANCED_FACE('',(#7538),#7556,.T.);
#7538 = FACE_BOUND('',#7539,.T.);
#7539 = EDGE_LOOP('',(#7540,#7548,#7549,#7550));
#7540 = ORIENTED_EDGE('',*,*,#7541,.T.);
#7541 = EDGE_CURVE('',#7542,#7518,#7544,.T.);
#7542 = VERTEX_POINT('',#7543);
#7543 = CARTESIAN_POINT('',(-1.6,-1.225,2.14));
#7544 = LINE('',#7545,#7546);
#7545 = CARTESIAN_POINT('',(-1.6,-1.225,2.14));
#7546 = VECTOR('',#7547,1.);
#7547 = DIRECTION('',(1.,0.,0.));
#7548 = ORIENTED_EDGE('',*,*,#7525,.T.);
#7549 = ORIENTED_EDGE('',*,*,#7350,.F.);
#7550 = ORIENTED_EDGE('',*,*,#7551,.F.);
#7551 = EDGE_CURVE('',#7542,#7343,#7552,.T.);
#7552 = LINE('',#7553,#7554);
#7553 = CARTESIAN_POINT('',(-1.6,-1.225,2.14));
#7554 = VECTOR('',#7555,1.);
#7555 = DIRECTION('',(0.,1.,0.));
#7556 = PLANE('',#7557);
#7557 = AXIS2_PLACEMENT_3D('',#7558,#7559,#7560);
#7558 = CARTESIAN_POINT('',(-1.6,-1.225,2.14));
#7559 = DIRECTION('',(0.,0.,1.));
#7560 = DIRECTION('',(0.,1.,0.));
#7561 = ADVANCED_FACE('',(#7562),#7573,.T.);
#7562 = FACE_BOUND('',#7563,.T.);
#7563 = EDGE_LOOP('',(#7564,#7570,#7571,#7572));
#7564 = ORIENTED_EDGE('',*,*,#7565,.T.);
#7565 = EDGE_CURVE('',#7496,#7542,#7566,.T.);
#7566 = LINE('',#7567,#7568);
#7567 = CARTESIAN_POINT('',(-1.6,-1.225,1.79));
#7568 = VECTOR('',#7569,1.);
#7569 = DIRECTION('',(0.,0.,1.));
#7570 = ORIENTED_EDGE('',*,*,#7551,.T.);
#7571 = ORIENTED_EDGE('',*,*,#7342,.T.);
#7572 = ORIENTED_EDGE('',*,*,#7503,.T.);
#7573 = PLANE('',#7574);
#7574 = AXIS2_PLACEMENT_3D('',#7575,#7576,#7577);
#7575 = CARTESIAN_POINT('',(-1.6,-0.323759014354,1.931294517928));
#7576 = DIRECTION('',(-1.,-0.,-0.));
#7577 = DIRECTION('',(0.,0.,-1.));
#7578 = ADVANCED_FACE('',(#7579),#7604,.T.);
#7579 = FACE_BOUND('',#7580,.T.);
#7580 = EDGE_LOOP('',(#7581,#7591,#7597,#7598));
#7581 = ORIENTED_EDGE('',*,*,#7582,.T.);
#7582 = EDGE_CURVE('',#7583,#7585,#7587,.T.);
#7583 = VERTEX_POINT('',#7584);
#7584 = CARTESIAN_POINT('',(-0.6,-1.225,1.79));
#7585 = VERTEX_POINT('',#7586);
#7586 = CARTESIAN_POINT('',(-0.6,-1.225,2.14));
#7587 = LINE('',#7588,#7589);
#7588 = CARTESIAN_POINT('',(-0.6,-1.225,1.79));
#7589 = VECTOR('',#7590,1.);
#7590 = DIRECTION('',(0.,0.,1.));
#7591 = ORIENTED_EDGE('',*,*,#7592,.T.);
#7592 = EDGE_CURVE('',#7585,#7367,#7593,.T.);
#7593 = LINE('',#7594,#7595);
#7594 = CARTESIAN_POINT('',(-0.6,-1.225,2.14));
#7595 = VECTOR('',#7596,1.);
#7596 = DIRECTION('',(0.,1.,0.));
#7597 = ORIENTED_EDGE('',*,*,#7366,.T.);
#7598 = ORIENTED_EDGE('',*,*,#7599,.T.);
#7599 = EDGE_CURVE('',#7369,#7583,#7600,.T.);
#7600 = LINE('',#7601,#7602);
#7601 = CARTESIAN_POINT('',(-0.6,0.525,1.66));
#7602 = VECTOR('',#7603,1.);
#7603 = DIRECTION('',(0.,-0.997252183706,7.408159078957E-02));
#7604 = PLANE('',#7605);
#7605 = AXIS2_PLACEMENT_3D('',#7606,#7607,#7608);
#7606 = CARTESIAN_POINT('',(-0.6,-0.323759014354,1.931294517928));
#7607 = DIRECTION('',(-1.,-0.,-0.));
#7608 = DIRECTION('',(0.,0.,-1.));
#7609 = ADVANCED_FACE('',(#7610),#7628,.T.);
#7610 = FACE_BOUND('',#7611,.T.);
#7611 = EDGE_LOOP('',(#7612,#7613,#7621,#7627));
#7612 = ORIENTED_EDGE('',*,*,#7392,.T.);
#7613 = ORIENTED_EDGE('',*,*,#7614,.T.);
#7614 = EDGE_CURVE('',#7385,#7615,#7617,.T.);
#7615 = VERTEX_POINT('',#7616);
#7616 = CARTESIAN_POINT('',(-0.4,-1.225,1.79));
#7617 = LINE('',#7618,#7619);
#7618 = CARTESIAN_POINT('',(-0.4,0.525,1.66));
#7619 = VECTOR('',#7620,1.);
#7620 = DIRECTION('',(0.,-0.997252183706,7.408159078957E-02));
#7621 = ORIENTED_EDGE('',*,*,#7622,.F.);
#7622 = EDGE_CURVE('',#7583,#7615,#7623,.T.);
#7623 = LINE('',#7624,#7625);
#7624 = CARTESIAN_POINT('',(-0.6,-1.225,1.79));
#7625 = VECTOR('',#7626,1.);
#7626 = DIRECTION('',(1.,0.,0.));
#7627 = ORIENTED_EDGE('',*,*,#7599,.F.);
#7628 = PLANE('',#7629);
#7629 = AXIS2_PLACEMENT_3D('',#7630,#7631,#7632);
#7630 = CARTESIAN_POINT('',(-0.6,0.525,1.66));
#7631 = DIRECTION('',(0.,-7.408159078957E-02,-0.997252183706));
#7632 = DIRECTION('',(0.,-0.997252183706,7.408159078957E-02));
#7633 = ADVANCED_FACE('',(#7634),#7652,.F.);
#7634 = FACE_BOUND('',#7635,.F.);
#7635 = EDGE_LOOP('',(#7636,#7644,#7650,#7651));
#7636 = ORIENTED_EDGE('',*,*,#7637,.T.);
#7637 = EDGE_CURVE('',#7615,#7638,#7640,.T.);
#7638 = VERTEX_POINT('',#7639);
#7639 = CARTESIAN_POINT('',(-0.4,-1.225,2.14));
#7640 = LINE('',#7641,#7642);
#7641 = CARTESIAN_POINT('',(-0.4,-1.225,1.79));
#7642 = VECTOR('',#7643,1.);
#7643 = DIRECTION('',(0.,0.,1.));
#7644 = ORIENTED_EDGE('',*,*,#7645,.T.);
#7645 = EDGE_CURVE('',#7638,#7377,#7646,.T.);
#7646 = LINE('',#7647,#7648);
#7647 = CARTESIAN_POINT('',(-0.4,-1.225,2.14));
#7648 = VECTOR('',#7649,1.);
#7649 = DIRECTION('',(0.,1.,0.));
#7650 = ORIENTED_EDGE('',*,*,#7384,.T.);
#7651 = ORIENTED_EDGE('',*,*,#7614,.T.);
#7652 = PLANE('',#7653);
#7653 = AXIS2_PLACEMENT_3D('',#7654,#7655,#7656);
#7654 = CARTESIAN_POINT('',(-0.4,-0.323759014354,1.931294517928));
#7655 = DIRECTION('',(-1.,-0.,-0.));
#7656 = DIRECTION('',(0.,0.,-1.));
#7657 = ADVANCED_FACE('',(#7658),#7669,.T.);
#7658 = FACE_BOUND('',#7659,.T.);
#7659 = EDGE_LOOP('',(#7660,#7666,#7667,#7668));
#7660 = ORIENTED_EDGE('',*,*,#7661,.T.);
#7661 = EDGE_CURVE('',#7585,#7638,#7662,.T.);
#7662 = LINE('',#7663,#7664);
#7663 = CARTESIAN_POINT('',(-0.6,-1.225,2.14));
#7664 = VECTOR('',#7665,1.);
#7665 = DIRECTION('',(1.,0.,0.));
#7666 = ORIENTED_EDGE('',*,*,#7645,.T.);
#7667 = ORIENTED_EDGE('',*,*,#7376,.F.);
#7668 = ORIENTED_EDGE('',*,*,#7592,.F.);
#7669 = PLANE('',#7670);
#7670 = AXIS2_PLACEMENT_3D('',#7671,#7672,#7673);
#7671 = CARTESIAN_POINT('',(-0.6,-1.225,2.14));
#7672 = DIRECTION('',(0.,0.,1.));
#7673 = DIRECTION('',(0.,1.,0.));
#7674 = ADVANCED_FACE('',(#7675),#7700,.T.);
#7675 = FACE_BOUND('',#7676,.T.);
#7676 = EDGE_LOOP('',(#7677,#7687,#7693,#7694));
#7677 = ORIENTED_EDGE('',*,*,#7678,.T.);
#7678 = EDGE_CURVE('',#7679,#7681,#7683,.T.);
#7679 = VERTEX_POINT('',#7680);
#7680 = CARTESIAN_POINT('',(0.4,-1.225,1.79));
#7681 = VERTEX_POINT('',#7682);
#7682 = CARTESIAN_POINT('',(0.4,-1.225,2.14));
#7683 = LINE('',#7684,#7685);
#7684 = CARTESIAN_POINT('',(0.4,-1.225,1.79));
#7685 = VECTOR('',#7686,1.);
#7686 = DIRECTION('',(0.,0.,1.));
#7687 = ORIENTED_EDGE('',*,*,#7688,.T.);
#7688 = EDGE_CURVE('',#7681,#7401,#7689,.T.);
#7689 = LINE('',#7690,#7691);
#7690 = CARTESIAN_POINT('',(0.4,-1.225,2.14));
#7691 = VECTOR('',#7692,1.);
#7692 = DIRECTION('',(0.,1.,0.));
#7693 = ORIENTED_EDGE('',*,*,#7400,.T.);
#7694 = ORIENTED_EDGE('',*,*,#7695,.T.);
#7695 = EDGE_CURVE('',#7403,#7679,#7696,.T.);
#7696 = LINE('',#7697,#7698);
#7697 = CARTESIAN_POINT('',(0.4,0.525,1.66));
#7698 = VECTOR('',#7699,1.);
#7699 = DIRECTION('',(0.,-0.997252183706,7.408159078957E-02));
#7700 = PLANE('',#7701);
#7701 = AXIS2_PLACEMENT_3D('',#7702,#7703,#7704);
#7702 = CARTESIAN_POINT('',(0.4,-0.323759014354,1.931294517928));
#7703 = DIRECTION('',(-1.,-0.,-0.));
#7704 = DIRECTION('',(0.,0.,-1.));
#7705 = ADVANCED_FACE('',(#7706),#7724,.T.);
#7706 = FACE_BOUND('',#7707,.T.);
#7707 = EDGE_LOOP('',(#7708,#7709,#7717,#7723));
#7708 = ORIENTED_EDGE('',*,*,#7426,.T.);
#7709 = ORIENTED_EDGE('',*,*,#7710,.T.);
#7710 = EDGE_CURVE('',#7419,#7711,#7713,.T.);
#7711 = VERTEX_POINT('',#7712);
#7712 = CARTESIAN_POINT('',(0.6,-1.225,1.79));
#7713 = LINE('',#7714,#7715);
#7714 = CARTESIAN_POINT('',(0.6,0.525,1.66));
#7715 = VECTOR('',#7716,1.);
#7716 = DIRECTION('',(0.,-0.997252183706,7.408159078957E-02));
#7717 = ORIENTED_EDGE('',*,*,#7718,.F.);
#7718 = EDGE_CURVE('',#7679,#7711,#7719,.T.);
#7719 = LINE('',#7720,#7721);
#7720 = CARTESIAN_POINT('',(0.4,-1.225,1.79));
#7721 = VECTOR('',#7722,1.);
#7722 = DIRECTION('',(1.,0.,0.));
#7723 = ORIENTED_EDGE('',*,*,#7695,.F.);
#7724 = PLANE('',#7725);
#7725 = AXIS2_PLACEMENT_3D('',#7726,#7727,#7728);
#7726 = CARTESIAN_POINT('',(0.4,0.525,1.66));
#7727 = DIRECTION('',(0.,-7.408159078957E-02,-0.997252183706));
#7728 = DIRECTION('',(0.,-0.997252183706,7.408159078957E-02));
#7729 = ADVANCED_FACE('',(#7730),#7748,.F.);
#7730 = FACE_BOUND('',#7731,.F.);
#7731 = EDGE_LOOP('',(#7732,#7740,#7746,#7747));
#7732 = ORIENTED_EDGE('',*,*,#7733,.T.);
#7733 = EDGE_CURVE('',#7711,#7734,#7736,.T.);
#7734 = VERTEX_POINT('',#7735);
#7735 = CARTESIAN_POINT('',(0.6,-1.225,2.14));
#7736 = LINE('',#7737,#7738);
#7737 = CARTESIAN_POINT('',(0.6,-1.225,1.79));
#7738 = VECTOR('',#7739,1.);
#7739 = DIRECTION('',(0.,0.,1.));
#7740 = ORIENTED_EDGE('',*,*,#7741,.T.);
#7741 = EDGE_CURVE('',#7734,#7411,#7742,.T.);
#7742 = LINE('',#7743,#7744);
#7743 = CARTESIAN_POINT('',(0.6,-1.225,2.14));
#7744 = VECTOR('',#7745,1.);
#7745 = DIRECTION('',(0.,1.,0.));
#7746 = ORIENTED_EDGE('',*,*,#7418,.T.);
#7747 = ORIENTED_EDGE('',*,*,#7710,.T.);
#7748 = PLANE('',#7749);
#7749 = AXIS2_PLACEMENT_3D('',#7750,#7751,#7752);
#7750 = CARTESIAN_POINT('',(0.6,-0.323759014354,1.931294517928));
#7751 = DIRECTION('',(-1.,-0.,-0.));
#7752 = DIRECTION('',(0.,0.,-1.));
#7753 = ADVANCED_FACE('',(#7754),#7765,.T.);
#7754 = FACE_BOUND('',#7755,.T.);
#7755 = EDGE_LOOP('',(#7756,#7762,#7763,#7764));
#7756 = ORIENTED_EDGE('',*,*,#7757,.T.);
#7757 = EDGE_CURVE('',#7681,#7734,#7758,.T.);
#7758 = LINE('',#7759,#7760);
#7759 = CARTESIAN_POINT('',(0.4,-1.225,2.14));
#7760 = VECTOR('',#7761,1.);
#7761 = DIRECTION('',(1.,0.,0.));
#7762 = ORIENTED_EDGE('',*,*,#7741,.T.);
#7763 = ORIENTED_EDGE('',*,*,#7410,.F.);
#7764 = ORIENTED_EDGE('',*,*,#7688,.F.);
#7765 = PLANE('',#7766);
#7766 = AXIS2_PLACEMENT_3D('',#7767,#7768,#7769);
#7767 = CARTESIAN_POINT('',(0.4,-1.225,2.14));
#7768 = DIRECTION('',(0.,0.,1.));
#7769 = DIRECTION('',(0.,1.,0.));
#7770 = ADVANCED_FACE('',(#7771),#7796,.T.);
#7771 = FACE_BOUND('',#7772,.T.);
#7772 = EDGE_LOOP('',(#7773,#7783,#7789,#7790));
#7773 = ORIENTED_EDGE('',*,*,#7774,.T.);
#7774 = EDGE_CURVE('',#7775,#7777,#7779,.T.);
#7775 = VERTEX_POINT('',#7776);
#7776 = CARTESIAN_POINT('',(1.4,-1.225,1.79));
#7777 = VERTEX_POINT('',#7778);
#7778 = CARTESIAN_POINT('',(1.4,-1.225,2.14));
#7779 = LINE('',#7780,#7781);
#7780 = CARTESIAN_POINT('',(1.4,-1.225,1.79));
#7781 = VECTOR('',#7782,1.);
#7782 = DIRECTION('',(0.,0.,1.));
#7783 = ORIENTED_EDGE('',*,*,#7784,.T.);
#7784 = EDGE_CURVE('',#7777,#7435,#7785,.T.);
#7785 = LINE('',#7786,#7787);
#7786 = CARTESIAN_POINT('',(1.4,-1.225,2.14));
#7787 = VECTOR('',#7788,1.);
#7788 = DIRECTION('',(0.,1.,0.));
#7789 = ORIENTED_EDGE('',*,*,#7434,.T.);
#7790 = ORIENTED_EDGE('',*,*,#7791,.T.);
#7791 = EDGE_CURVE('',#7437,#7775,#7792,.T.);
#7792 = LINE('',#7793,#7794);
#7793 = CARTESIAN_POINT('',(1.4,0.525,1.66));
#7794 = VECTOR('',#7795,1.);
#7795 = DIRECTION('',(0.,-0.997252183706,7.408159078957E-02));
#7796 = PLANE('',#7797);
#7797 = AXIS2_PLACEMENT_3D('',#7798,#7799,#7800);
#7798 = CARTESIAN_POINT('',(1.4,-0.323759014354,1.931294517928));
#7799 = DIRECTION('',(-1.,-0.,-0.));
#7800 = DIRECTION('',(0.,0.,-1.));
#7801 = ADVANCED_FACE('',(#7802),#7820,.T.);
#7802 = FACE_BOUND('',#7803,.T.);
#7803 = EDGE_LOOP('',(#7804,#7805,#7813,#7819));
#7804 = ORIENTED_EDGE('',*,*,#7460,.T.);
#7805 = ORIENTED_EDGE('',*,*,#7806,.T.);
#7806 = EDGE_CURVE('',#7453,#7807,#7809,.T.);
#7807 = VERTEX_POINT('',#7808);
#7808 = CARTESIAN_POINT('',(1.6,-1.225,1.79));
#7809 = LINE('',#7810,#7811);
#7810 = CARTESIAN_POINT('',(1.6,0.525,1.66));
#7811 = VECTOR('',#7812,1.);
#7812 = DIRECTION('',(0.,-0.997252183706,7.408159078957E-02));
#7813 = ORIENTED_EDGE('',*,*,#7814,.F.);
#7814 = EDGE_CURVE('',#7775,#7807,#7815,.T.);
#7815 = LINE('',#7816,#7817);
#7816 = CARTESIAN_POINT('',(1.4,-1.225,1.79));
#7817 = VECTOR('',#7818,1.);
#7818 = DIRECTION('',(1.,0.,0.));
#7819 = ORIENTED_EDGE('',*,*,#7791,.F.);
#7820 = PLANE('',#7821);
#7821 = AXIS2_PLACEMENT_3D('',#7822,#7823,#7824);
#7822 = CARTESIAN_POINT('',(1.4,0.525,1.66));
#7823 = DIRECTION('',(0.,-7.408159078957E-02,-0.997252183706));
#7824 = DIRECTION('',(0.,-0.997252183706,7.408159078957E-02));
#7825 = ADVANCED_FACE('',(#7826),#7844,.F.);
#7826 = FACE_BOUND('',#7827,.F.);
#7827 = EDGE_LOOP('',(#7828,#7836,#7842,#7843));
#7828 = ORIENTED_EDGE('',*,*,#7829,.T.);
#7829 = EDGE_CURVE('',#7807,#7830,#7832,.T.);
#7830 = VERTEX_POINT('',#7831);
#7831 = CARTESIAN_POINT('',(1.6,-1.225,2.14));
#7832 = LINE('',#7833,#7834);
#7833 = CARTESIAN_POINT('',(1.6,-1.225,1.79));
#7834 = VECTOR('',#7835,1.);
#7835 = DIRECTION('',(0.,0.,1.));
#7836 = ORIENTED_EDGE('',*,*,#7837,.T.);
#7837 = EDGE_CURVE('',#7830,#7445,#7838,.T.);
#7838 = LINE('',#7839,#7840);
#7839 = CARTESIAN_POINT('',(1.6,-1.225,2.14));
#7840 = VECTOR('',#7841,1.);
#7841 = DIRECTION('',(0.,1.,0.));
#7842 = ORIENTED_EDGE('',*,*,#7452,.T.);
#7843 = ORIENTED_EDGE('',*,*,#7806,.T.);
#7844 = PLANE('',#7845);
#7845 = AXIS2_PLACEMENT_3D('',#7846,#7847,#7848);
#7846 = CARTESIAN_POINT('',(1.6,-0.323759014354,1.931294517928));
#7847 = DIRECTION('',(-1.,-0.,-0.));
#7848 = DIRECTION('',(0.,0.,-1.));
#7849 = ADVANCED_FACE('',(#7850),#7861,.T.);
#7850 = FACE_BOUND('',#7851,.T.);
#7851 = EDGE_LOOP('',(#7852,#7858,#7859,#7860));
#7852 = ORIENTED_EDGE('',*,*,#7853,.T.);
#7853 = EDGE_CURVE('',#7777,#7830,#7854,.T.);
#7854 = LINE('',#7855,#7856);
#7855 = CARTESIAN_POINT('',(1.4,-1.225,2.14));
#7856 = VECTOR('',#7857,1.);
#7857 = DIRECTION('',(1.,0.,0.));
#7858 = ORIENTED_EDGE('',*,*,#7837,.T.);
#7859 = ORIENTED_EDGE('',*,*,#7444,.F.);
#7860 = ORIENTED_EDGE('',*,*,#7784,.F.);
#7861 = PLANE('',#7862);
#7862 = AXIS2_PLACEMENT_3D('',#7863,#7864,#7865);
#7863 = CARTESIAN_POINT('',(1.4,-1.225,2.14));
#7864 = DIRECTION('',(0.,0.,1.));
#7865 = DIRECTION('',(0.,1.,0.));
#7866 = ADVANCED_FACE('',(#7867),#7873,.T.);
#7867 = FACE_BOUND('',#7868,.T.);
#7868 = EDGE_LOOP('',(#7869,#7870,#7871,#7872));
#7869 = ORIENTED_EDGE('',*,*,#7495,.T.);
#7870 = ORIENTED_EDGE('',*,*,#7517,.T.);
#7871 = ORIENTED_EDGE('',*,*,#7541,.F.);
#7872 = ORIENTED_EDGE('',*,*,#7565,.F.);
#7873 = PLANE('',#7874);
#7874 = AXIS2_PLACEMENT_3D('',#7875,#7876,#7877);
#7875 = CARTESIAN_POINT('',(-1.6,-1.225,1.79));
#7876 = DIRECTION('',(0.,-1.,0.));
#7877 = DIRECTION('',(0.,0.,1.));
#7878 = ADVANCED_FACE('',(#7879),#7885,.T.);
#7879 = FACE_BOUND('',#7880,.T.);
#7880 = EDGE_LOOP('',(#7881,#7882,#7883,#7884));
#7881 = ORIENTED_EDGE('',*,*,#7622,.T.);
#7882 = ORIENTED_EDGE('',*,*,#7637,.T.);
#7883 = ORIENTED_EDGE('',*,*,#7661,.F.);
#7884 = ORIENTED_EDGE('',*,*,#7582,.F.);
#7885 = PLANE('',#7886);
#7886 = AXIS2_PLACEMENT_3D('',#7887,#7888,#7889);
#7887 = CARTESIAN_POINT('',(-0.6,-1.225,1.79));
#7888 = DIRECTION('',(0.,-1.,0.));
#7889 = DIRECTION('',(0.,0.,1.));
#7890 = ADVANCED_FACE('',(#7891),#7897,.T.);
#7891 = FACE_BOUND('',#7892,.T.);
#7892 = EDGE_LOOP('',(#7893,#7894,#7895,#7896));
#7893 = ORIENTED_EDGE('',*,*,#7718,.T.);
#7894 = ORIENTED_EDGE('',*,*,#7733,.T.);
#7895 = ORIENTED_EDGE('',*,*,#7757,.F.);
#7896 = ORIENTED_EDGE('',*,*,#7678,.F.);
#7897 = PLANE('',#7898);
#7898 = AXIS2_PLACEMENT_3D('',#7899,#7900,#7901);
#7899 = CARTESIAN_POINT('',(0.4,-1.225,1.79));
#7900 = DIRECTION('',(0.,-1.,0.));
#7901 = DIRECTION('',(0.,0.,1.));
#7902 = ADVANCED_FACE('',(#7903),#7909,.T.);
#7903 = FACE_BOUND('',#7904,.T.);
#7904 = EDGE_LOOP('',(#7905,#7906,#7907,#7908));
#7905 = ORIENTED_EDGE('',*,*,#7814,.T.);
#7906 = ORIENTED_EDGE('',*,*,#7829,.T.);
#7907 = ORIENTED_EDGE('',*,*,#7853,.F.);
#7908 = ORIENTED_EDGE('',*,*,#7774,.F.);
#7909 = PLANE('',#7910);
#7910 = AXIS2_PLACEMENT_3D('',#7911,#7912,#7913);
#7911 = CARTESIAN_POINT('',(1.4,-1.225,1.79));
#7912 = DIRECTION('',(0.,-1.,0.));
#7913 = DIRECTION('',(0.,0.,1.));
#7914 = ( GEOMETRIC_REPRESENTATION_CONTEXT(3) 
GLOBAL_UNCERTAINTY_ASSIGNED_CONTEXT((#7918)) 
GLOBAL_UNIT_ASSIGNED_CONTEXT((#7915,#7916,#7917)) REPRESENTATION_CONTEXT
('Context #1','3D Context with UNIT and UNCERTAINTY') );
#7915 = ( LENGTH_UNIT() NAMED_UNIT(*) SI_UNIT(.MILLI.,.METRE.) );
#7916 = ( NAMED_UNIT(*) PLANE_ANGLE_UNIT() SI_UNIT($,.RADIAN.) );
#7917 = ( NAMED_UNIT(*) SI_UNIT($,.STERADIAN.) SOLID_ANGLE_UNIT() );
#7918 = UNCERTAINTY_MEASURE_WITH_UNIT(LENGTH_MEASURE(1.E-07),#7915,
  'distance_accuracy_value','confusion accuracy');
#7919 = CONTEXT_DEPENDENT_SHAPE_REPRESENTATION(#7920,#7922);
#7920 = ( REPRESENTATION_RELATIONSHIP('','',#5109,#10) 
REPRESENTATION_RELATIONSHIP_WITH_TRANSFORMATION(#7921) 
SHAPE_REPRESENTATION_RELATIONSHIP() );
#7921 = ITEM_DEFINED_TRANSFORMATION('','',#11,#35);
#7922 = PRODUCT_DEFINITION_SHAPE('Placement','Placement of an item',
  #7923);
#7923 = NEXT_ASSEMBLY_USAGE_OCCURRENCE('6','J2','',#5,#5104,$);
#7924 = PRODUCT_RELATED_PRODUCT_CATEGORY('part',$,(#5106));
#7925 = CONTEXT_DEPENDENT_SHAPE_REPRESENTATION(#7926,#7928);
#7926 = ( REPRESENTATION_RELATIONSHIP('','',#5109,#10) 
REPRESENTATION_RELATIONSHIP_WITH_TRANSFORMATION(#7927) 
SHAPE_REPRESENTATION_RELATIONSHIP() );
#7927 = ITEM_DEFINED_TRANSFORMATION('','',#11,#39);
#7928 = PRODUCT_DEFINITION_SHAPE('Placement','Placement of an item',
  #7929);
#7929 = NEXT_ASSEMBLY_USAGE_OCCURRENCE('7','J1','',#5,#5104,$);
#7930 = CONTEXT_DEPENDENT_SHAPE_REPRESENTATION(#7931,#7933);
#7931 = ( REPRESENTATION_RELATIONSHIP('','',#76,#10) 
REPRESENTATION_RELATIONSHIP_WITH_TRANSFORMATION(#7932) 
SHAPE_REPRESENTATION_RELATIONSHIP() );
#7932 = ITEM_DEFINED_TRANSFORMATION('','',#11,#43);
#7933 = PRODUCT_DEFINITION_SHAPE('Placement','Placement of an item',
  #7934);
#7934 = NEXT_ASSEMBLY_USAGE_OCCURRENCE('8','R4','',#5,#71,$);
#7935 = SHAPE_DEFINITION_REPRESENTATION(#7936,#7942);
#7936 = PRODUCT_DEFINITION_SHAPE('','',#7937);
#7937 = PRODUCT_DEFINITION('design','',#7938,#7941);
#7938 = PRODUCT_DEFINITION_FORMATION('','',#7939);
#7939 = PRODUCT(
  'Bosch_LGA-16_4.5x3mm_P0.5mm_LayoutBorder7x1y_ClockwisePinNumbering',
  'Bosch_LGA-16_4.5x3mm_P0.5mm_LayoutBorder7x1y_ClockwisePinNumbering',
  '',(#7940));
#7940 = PRODUCT_CONTEXT('',#2,'mechanical');
#7941 = PRODUCT_DEFINITION_CONTEXT('part definition',#2,'design');
#7942 = ADVANCED_BREP_SHAPE_REPRESENTATION('',(#11,#7943),#10410);
#7943 = MANIFOLD_SOLID_BREP('',#7944);
#7944 = CLOSED_SHELL('',(#7945,#7962,#7987,#8030,#8061,#8085,#8109,#8126
    ,#8682,#8713,#8737,#8761,#8778,#8809,#8833,#8857,#8874,#8905,#8929,
    #8953,#8970,#9001,#9025,#9049,#9066,#9097,#9121,#9145,#9162,#9193,
    #9217,#9241,#9258,#9289,#9313,#9337,#9354,#9385,#9409,#9433,#9450,
    #9481,#9505,#9529,#9546,#9577,#9601,#9625,#9642,#9673,#9697,#9721,
    #9738,#9769,#9793,#9817,#9834,#9865,#9889,#9913,#9930,#9961,#9985,
    #10009,#10026,#10057,#10081,#10105,#10122,#10153,#10177,#10201,
    #10218,#10230,#10242,#10254,#10266,#10278,#10290,#10302,#10314,
    #10326,#10338,#10350,#10362,#10374,#10386,#10398));
#7945 = ADVANCED_FACE('',(#7946),#7957,.F.);
#7946 = FACE_BOUND('',#7947,.T.);
#7947 = EDGE_LOOP('',(#7948));
#7948 = ORIENTED_EDGE('',*,*,#7949,.F.);
#7949 = EDGE_CURVE('',#7950,#7950,#7952,.T.);
#7950 = VERTEX_POINT('',#7951);
#7951 = CARTESIAN_POINT('',(-1.75,0.9,0.93));
#7952 = CIRCLE('',#7953,0.1);
#7953 = AXIS2_PLACEMENT_3D('',#7954,#7955,#7956);
#7954 = CARTESIAN_POINT('',(-1.75,1.,0.93));
#7955 = DIRECTION('',(0.,-0.,-1.));
#7956 = DIRECTION('',(1.110223024625E-16,-1.,0.));
#7957 = PLANE('',#7958);
#7958 = AXIS2_PLACEMENT_3D('',#7959,#7960,#7961);
#7959 = CARTESIAN_POINT('',(-1.75,1.,0.93));
#7960 = DIRECTION('',(0.,0.,-1.));
#7961 = DIRECTION('',(1.110223024625E-16,-1.,0.));
#7962 = ADVANCED_FACE('',(#7963),#7982,.F.);
#7963 = FACE_BOUND('',#7964,.F.);
#7964 = EDGE_LOOP('',(#7965,#7973,#7980,#7981));
#7965 = ORIENTED_EDGE('',*,*,#7966,.F.);
#7966 = EDGE_CURVE('',#7967,#7950,#7969,.T.);
#7967 = VERTEX_POINT('',#7968);
#7968 = CARTESIAN_POINT('',(-1.75,0.9,0.95));
#7969 = LINE('',#7970,#7971);
#7970 = CARTESIAN_POINT('',(-1.75,0.9,0.95));
#7971 = VECTOR('',#7972,1.);
#7972 = DIRECTION('',(0.,0.,-1.));
#7973 = ORIENTED_EDGE('',*,*,#7974,.T.);
#7974 = EDGE_CURVE('',#7967,#7967,#7975,.T.);
#7975 = CIRCLE('',#7976,0.1);
#7976 = AXIS2_PLACEMENT_3D('',#7977,#7978,#7979);
#7977 = CARTESIAN_POINT('',(-1.75,1.,0.95));
#7978 = DIRECTION('',(0.,-0.,-1.));
#7979 = DIRECTION('',(1.110223024625E-16,-1.,0.));
#7980 = ORIENTED_EDGE('',*,*,#7966,.T.);
#7981 = ORIENTED_EDGE('',*,*,#7949,.F.);
#7982 = CYLINDRICAL_SURFACE('',#7983,0.1);
#7983 = AXIS2_PLACEMENT_3D('',#7984,#7985,#7986);
#7984 = CARTESIAN_POINT('',(-1.75,1.,0.95));
#7985 = DIRECTION('',(0.,0.,-1.));
#7986 = DIRECTION('',(1.110223024625E-16,-1.,0.));
#7987 = ADVANCED_FACE('',(#7988,#8022),#8025,.T.);
#7988 = FACE_BOUND('',#7989,.T.);
#7989 = EDGE_LOOP('',(#7990,#8000,#8008,#8016));
#7990 = ORIENTED_EDGE('',*,*,#7991,.F.);
#7991 = EDGE_CURVE('',#7992,#7994,#7996,.T.);
#7992 = VERTEX_POINT('',#7993);
#7993 = CARTESIAN_POINT('',(-2.25,1.5,0.95));
#7994 = VERTEX_POINT('',#7995);
#7995 = CARTESIAN_POINT('',(2.25,1.5,0.95));
#7996 = LINE('',#7997,#7998);
#7997 = CARTESIAN_POINT('',(-2.25,1.5,0.95));
#7998 = VECTOR('',#7999,1.);
#7999 = DIRECTION('',(1.,1.110223024625E-16,0.));
#8000 = ORIENTED_EDGE('',*,*,#8001,.T.);
#8001 = EDGE_CURVE('',#7992,#8002,#8004,.T.);
#8002 = VERTEX_POINT('',#8003);
#8003 = CARTESIAN_POINT('',(-2.25,-1.5,0.95));
#8004 = LINE('',#8005,#8006);
#8005 = CARTESIAN_POINT('',(-2.25,1.5,0.95));
#8006 = VECTOR('',#8007,1.);
#8007 = DIRECTION('',(1.110223024625E-16,-1.,0.));
#8008 = ORIENTED_EDGE('',*,*,#8009,.T.);
#8009 = EDGE_CURVE('',#8002,#8010,#8012,.T.);
#8010 = VERTEX_POINT('',#8011);
#8011 = CARTESIAN_POINT('',(2.25,-1.5,0.95));
#8012 = LINE('',#8013,#8014);
#8013 = CARTESIAN_POINT('',(-2.25,-1.5,0.95));
#8014 = VECTOR('',#8015,1.);
#8015 = DIRECTION('',(1.,1.110223024625E-16,0.));
#8016 = ORIENTED_EDGE('',*,*,#8017,.F.);
#8017 = EDGE_CURVE('',#7994,#8010,#8018,.T.);
#8018 = LINE('',#8019,#8020);
#8019 = CARTESIAN_POINT('',(2.25,1.5,0.95));
#8020 = VECTOR('',#8021,1.);
#8021 = DIRECTION('',(1.110223024625E-16,-1.,0.));
#8022 = FACE_BOUND('',#8023,.T.);
#8023 = EDGE_LOOP('',(#8024));
#8024 = ORIENTED_EDGE('',*,*,#7974,.T.);
#8025 = PLANE('',#8026);
#8026 = AXIS2_PLACEMENT_3D('',#8027,#8028,#8029);
#8027 = CARTESIAN_POINT('',(-2.25,1.5,0.95));
#8028 = DIRECTION('',(0.,0.,1.));
#8029 = DIRECTION('',(1.110223024625E-16,-1.,0.));
#8030 = ADVANCED_FACE('',(#8031),#8056,.F.);
#8031 = FACE_BOUND('',#8032,.F.);
#8032 = EDGE_LOOP('',(#8033,#8041,#8049,#8055));
#8033 = ORIENTED_EDGE('',*,*,#8034,.F.);
#8034 = EDGE_CURVE('',#8035,#7992,#8037,.T.);
#8035 = VERTEX_POINT('',#8036);
#8036 = CARTESIAN_POINT('',(-2.25,1.5,0.1));
#8037 = LINE('',#8038,#8039);
#8038 = CARTESIAN_POINT('',(-2.25,1.5,0.1));
#8039 = VECTOR('',#8040,1.);
#8040 = DIRECTION('',(0.,0.,1.));
#8041 = ORIENTED_EDGE('',*,*,#8042,.T.);
#8042 = EDGE_CURVE('',#8035,#8043,#8045,.T.);
#8043 = VERTEX_POINT('',#8044);
#8044 = CARTESIAN_POINT('',(2.25,1.5,0.1));
#8045 = LINE('',#8046,#8047);
#8046 = CARTESIAN_POINT('',(-2.25,1.5,0.1));
#8047 = VECTOR('',#8048,1.);
#8048 = DIRECTION('',(1.,1.110223024625E-16,0.));
#8049 = ORIENTED_EDGE('',*,*,#8050,.T.);
#8050 = EDGE_CURVE('',#8043,#7994,#8051,.T.);
#8051 = LINE('',#8052,#8053);
#8052 = CARTESIAN_POINT('',(2.25,1.5,0.1));
#8053 = VECTOR('',#8054,1.);
#8054 = DIRECTION('',(0.,0.,1.));
#8055 = ORIENTED_EDGE('',*,*,#7991,.F.);
#8056 = PLANE('',#8057);
#8057 = AXIS2_PLACEMENT_3D('',#8058,#8059,#8060);
#8058 = CARTESIAN_POINT('',(-2.25,1.5,0.1));
#8059 = DIRECTION('',(1.110223024625E-16,-1.,0.));
#8060 = DIRECTION('',(0.,0.,1.));
#8061 = ADVANCED_FACE('',(#8062),#8080,.T.);
#8062 = FACE_BOUND('',#8063,.T.);
#8063 = EDGE_LOOP('',(#8064,#8072,#8073,#8074));
#8064 = ORIENTED_EDGE('',*,*,#8065,.F.);
#8065 = EDGE_CURVE('',#8043,#8066,#8068,.T.);
#8066 = VERTEX_POINT('',#8067);
#8067 = CARTESIAN_POINT('',(2.25,-1.5,0.1));
#8068 = LINE('',#8069,#8070);
#8069 = CARTESIAN_POINT('',(2.25,1.5,0.1));
#8070 = VECTOR('',#8071,1.);
#8071 = DIRECTION('',(1.110223024625E-16,-1.,0.));
#8072 = ORIENTED_EDGE('',*,*,#8050,.T.);
#8073 = ORIENTED_EDGE('',*,*,#8017,.T.);
#8074 = ORIENTED_EDGE('',*,*,#8075,.F.);
#8075 = EDGE_CURVE('',#8066,#8010,#8076,.T.);
#8076 = LINE('',#8077,#8078);
#8077 = CARTESIAN_POINT('',(2.25,-1.5,0.1));
#8078 = VECTOR('',#8079,1.);
#8079 = DIRECTION('',(0.,0.,1.));
#8080 = PLANE('',#8081);
#8081 = AXIS2_PLACEMENT_3D('',#8082,#8083,#8084);
#8082 = CARTESIAN_POINT('',(2.25,1.5,0.1));
#8083 = DIRECTION('',(1.,1.110223024625E-16,0.));
#8084 = DIRECTION('',(0.,-0.,1.));
#8085 = ADVANCED_FACE('',(#8086),#8104,.F.);
#8086 = FACE_BOUND('',#8087,.F.);
#8087 = EDGE_LOOP('',(#8088,#8096,#8097,#8098));
#8088 = ORIENTED_EDGE('',*,*,#8089,.F.);
#8089 = EDGE_CURVE('',#8035,#8090,#8092,.T.);
#8090 = VERTEX_POINT('',#8091);
#8091 = CARTESIAN_POINT('',(-2.25,-1.5,0.1));
#8092 = LINE('',#8093,#8094);
#8093 = CARTESIAN_POINT('',(-2.25,1.5,0.1));
#8094 = VECTOR('',#8095,1.);
#8095 = DIRECTION('',(1.110223024625E-16,-1.,0.));
#8096 = ORIENTED_EDGE('',*,*,#8034,.T.);
#8097 = ORIENTED_EDGE('',*,*,#8001,.T.);
#8098 = ORIENTED_EDGE('',*,*,#8099,.F.);
#8099 = EDGE_CURVE('',#8090,#8002,#8100,.T.);
#8100 = LINE('',#8101,#8102);
#8101 = CARTESIAN_POINT('',(-2.25,-1.5,0.1));
#8102 = VECTOR('',#8103,1.);
#8103 = DIRECTION('',(0.,0.,1.));
#8104 = PLANE('',#8105);
#8105 = AXIS2_PLACEMENT_3D('',#8106,#8107,#8108);
#8106 = CARTESIAN_POINT('',(-2.25,1.5,0.1));
#8107 = DIRECTION('',(1.,1.110223024625E-16,0.));
#8108 = DIRECTION('',(0.,-0.,1.));
#8109 = ADVANCED_FACE('',(#8110),#8121,.T.);
#8110 = FACE_BOUND('',#8111,.T.);
#8111 = EDGE_LOOP('',(#8112,#8113,#8119,#8120));
#8112 = ORIENTED_EDGE('',*,*,#8099,.F.);
#8113 = ORIENTED_EDGE('',*,*,#8114,.T.);
#8114 = EDGE_CURVE('',#8090,#8066,#8115,.T.);
#8115 = LINE('',#8116,#8117);
#8116 = CARTESIAN_POINT('',(-2.25,-1.5,0.1));
#8117 = VECTOR('',#8118,1.);
#8118 = DIRECTION('',(1.,1.110223024625E-16,0.));
#8119 = ORIENTED_EDGE('',*,*,#8075,.T.);
#8120 = ORIENTED_EDGE('',*,*,#8009,.F.);
#8121 = PLANE('',#8122);
#8122 = AXIS2_PLACEMENT_3D('',#8123,#8124,#8125);
#8123 = CARTESIAN_POINT('',(-2.25,-1.5,0.1));
#8124 = DIRECTION('',(1.110223024625E-16,-1.,0.));
#8125 = DIRECTION('',(0.,0.,1.));
#8126 = ADVANCED_FACE('',(#8127,#8133,#8167,#8201,#8235,#8269,#8303,
    #8337,#8371,#8405,#8439,#8473,#8507,#8541,#8575,#8609,#8643),#8677,
  .F.);
#8127 = FACE_BOUND('',#8128,.F.);
#8128 = EDGE_LOOP('',(#8129,#8130,#8131,#8132));
#8129 = ORIENTED_EDGE('',*,*,#8042,.F.);
#8130 = ORIENTED_EDGE('',*,*,#8089,.T.);
#8131 = ORIENTED_EDGE('',*,*,#8114,.T.);
#8132 = ORIENTED_EDGE('',*,*,#8065,.F.);
#8133 = FACE_BOUND('',#8134,.F.);
#8134 = EDGE_LOOP('',(#8135,#8145,#8153,#8161));
#8135 = ORIENTED_EDGE('',*,*,#8136,.F.);
#8136 = EDGE_CURVE('',#8137,#8139,#8141,.T.);
#8137 = VERTEX_POINT('',#8138);
#8138 = CARTESIAN_POINT('',(-1.625,1.4,0.1));
#8139 = VERTEX_POINT('',#8140);
#8140 = CARTESIAN_POINT('',(-1.625,0.925,0.1));
#8141 = LINE('',#8142,#8143);
#8142 = CARTESIAN_POINT('',(-1.625,1.4,0.1));
#8143 = VECTOR('',#8144,1.);
#8144 = DIRECTION('',(1.224646799147E-16,-1.,0.));
#8145 = ORIENTED_EDGE('',*,*,#8146,.F.);
#8146 = EDGE_CURVE('',#8147,#8137,#8149,.T.);
#8147 = VERTEX_POINT('',#8148);
#8148 = CARTESIAN_POINT('',(-1.375,1.4,0.1));
#8149 = LINE('',#8150,#8151);
#8150 = CARTESIAN_POINT('',(-1.375,1.4,0.1));
#8151 = VECTOR('',#8152,1.);
#8152 = DIRECTION('',(-1.,-1.224646799147E-16,0.));
#8153 = ORIENTED_EDGE('',*,*,#8154,.F.);
#8154 = EDGE_CURVE('',#8155,#8147,#8157,.T.);
#8155 = VERTEX_POINT('',#8156);
#8156 = CARTESIAN_POINT('',(-1.375,0.925,0.1));
#8157 = LINE('',#8158,#8159);
#8158 = CARTESIAN_POINT('',(-1.375,0.925,0.1));
#8159 = VECTOR('',#8160,1.);
#8160 = DIRECTION('',(-1.224646799147E-16,1.,0.));
#8161 = ORIENTED_EDGE('',*,*,#8162,.F.);
#8162 = EDGE_CURVE('',#8139,#8155,#8163,.T.);
#8163 = LINE('',#8164,#8165);
#8164 = CARTESIAN_POINT('',(-1.625,0.925,0.1));
#8165 = VECTOR('',#8166,1.);
#8166 = DIRECTION('',(1.,1.224646799147E-16,0.));
#8167 = FACE_BOUND('',#8168,.F.);
#8168 = EDGE_LOOP('',(#8169,#8179,#8187,#8195));
#8169 = ORIENTED_EDGE('',*,*,#8170,.F.);
#8170 = EDGE_CURVE('',#8171,#8173,#8175,.T.);
#8171 = VERTEX_POINT('',#8172);
#8172 = CARTESIAN_POINT('',(-1.125,1.4,0.1));
#8173 = VERTEX_POINT('',#8174);
#8174 = CARTESIAN_POINT('',(-1.125,0.925,0.1));
#8175 = LINE('',#8176,#8177);
#8176 = CARTESIAN_POINT('',(-1.125,1.4,0.1));
#8177 = VECTOR('',#8178,1.);
#8178 = DIRECTION('',(1.224646799147E-16,-1.,0.));
#8179 = ORIENTED_EDGE('',*,*,#8180,.F.);
#8180 = EDGE_CURVE('',#8181,#8171,#8183,.T.);
#8181 = VERTEX_POINT('',#8182);
#8182 = CARTESIAN_POINT('',(-0.875,1.4,0.1));
#8183 = LINE('',#8184,#8185);
#8184 = CARTESIAN_POINT('',(-0.875,1.4,0.1));
#8185 = VECTOR('',#8186,1.);
#8186 = DIRECTION('',(-1.,-1.224646799147E-16,0.));
#8187 = ORIENTED_EDGE('',*,*,#8188,.F.);
#8188 = EDGE_CURVE('',#8189,#8181,#8191,.T.);
#8189 = VERTEX_POINT('',#8190);
#8190 = CARTESIAN_POINT('',(-0.875,0.925,0.1));
#8191 = LINE('',#8192,#8193);
#8192 = CARTESIAN_POINT('',(-0.875,0.925,0.1));
#8193 = VECTOR('',#8194,1.);
#8194 = DIRECTION('',(-1.224646799147E-16,1.,0.));
#8195 = ORIENTED_EDGE('',*,*,#8196,.F.);
#8196 = EDGE_CURVE('',#8173,#8189,#8197,.T.);
#8197 = LINE('',#8198,#8199);
#8198 = CARTESIAN_POINT('',(-1.125,0.925,0.1));
#8199 = VECTOR('',#8200,1.);
#8200 = DIRECTION('',(1.,1.224646799147E-16,0.));
#8201 = FACE_BOUND('',#8202,.F.);
#8202 = EDGE_LOOP('',(#8203,#8213,#8221,#8229));
#8203 = ORIENTED_EDGE('',*,*,#8204,.F.);
#8204 = EDGE_CURVE('',#8205,#8207,#8209,.T.);
#8205 = VERTEX_POINT('',#8206);
#8206 = CARTESIAN_POINT('',(-0.625,1.4,0.1));
#8207 = VERTEX_POINT('',#8208);
#8208 = CARTESIAN_POINT('',(-0.625,0.925,0.1));
#8209 = LINE('',#8210,#8211);
#8210 = CARTESIAN_POINT('',(-0.625,1.4,0.1));
#8211 = VECTOR('',#8212,1.);
#8212 = DIRECTION('',(1.224646799147E-16,-1.,0.));
#8213 = ORIENTED_EDGE('',*,*,#8214,.F.);
#8214 = EDGE_CURVE('',#8215,#8205,#8217,.T.);
#8215 = VERTEX_POINT('',#8216);
#8216 = CARTESIAN_POINT('',(-0.375,1.4,0.1));
#8217 = LINE('',#8218,#8219);
#8218 = CARTESIAN_POINT('',(-0.375,1.4,0.1));
#8219 = VECTOR('',#8220,1.);
#8220 = DIRECTION('',(-1.,-1.224646799147E-16,0.));
#8221 = ORIENTED_EDGE('',*,*,#8222,.F.);
#8222 = EDGE_CURVE('',#8223,#8215,#8225,.T.);
#8223 = VERTEX_POINT('',#8224);
#8224 = CARTESIAN_POINT('',(-0.375,0.925,0.1));
#8225 = LINE('',#8226,#8227);
#8226 = CARTESIAN_POINT('',(-0.375,0.925,0.1));
#8227 = VECTOR('',#8228,1.);
#8228 = DIRECTION('',(-1.224646799147E-16,1.,0.));
#8229 = ORIENTED_EDGE('',*,*,#8230,.F.);
#8230 = EDGE_CURVE('',#8207,#8223,#8231,.T.);
#8231 = LINE('',#8232,#8233);
#8232 = CARTESIAN_POINT('',(-0.625,0.925,0.1));
#8233 = VECTOR('',#8234,1.);
#8234 = DIRECTION('',(1.,1.224646799147E-16,0.));
#8235 = FACE_BOUND('',#8236,.F.);
#8236 = EDGE_LOOP('',(#8237,#8247,#8255,#8263));
#8237 = ORIENTED_EDGE('',*,*,#8238,.F.);
#8238 = EDGE_CURVE('',#8239,#8241,#8243,.T.);
#8239 = VERTEX_POINT('',#8240);
#8240 = CARTESIAN_POINT('',(-0.125,1.4,0.1));
#8241 = VERTEX_POINT('',#8242);
#8242 = CARTESIAN_POINT('',(-0.125,0.925,0.1));
#8243 = LINE('',#8244,#8245);
#8244 = CARTESIAN_POINT('',(-0.125,1.4,0.1));
#8245 = VECTOR('',#8246,1.);
#8246 = DIRECTION('',(1.224646799147E-16,-1.,0.));
#8247 = ORIENTED_EDGE('',*,*,#8248,.F.);
#8248 = EDGE_CURVE('',#8249,#8239,#8251,.T.);
#8249 = VERTEX_POINT('',#8250);
#8250 = CARTESIAN_POINT('',(0.125,1.4,0.1));
#8251 = LINE('',#8252,#8253);
#8252 = CARTESIAN_POINT('',(0.125,1.4,0.1));
#8253 = VECTOR('',#8254,1.);
#8254 = DIRECTION('',(-1.,-1.224646799147E-16,0.));
#8255 = ORIENTED_EDGE('',*,*,#8256,.F.);
#8256 = EDGE_CURVE('',#8257,#8249,#8259,.T.);
#8257 = VERTEX_POINT('',#8258);
#8258 = CARTESIAN_POINT('',(0.125,0.925,0.1));
#8259 = LINE('',#8260,#8261);
#8260 = CARTESIAN_POINT('',(0.125,0.925,0.1));
#8261 = VECTOR('',#8262,1.);
#8262 = DIRECTION('',(-1.224646799147E-16,1.,0.));
#8263 = ORIENTED_EDGE('',*,*,#8264,.F.);
#8264 = EDGE_CURVE('',#8241,#8257,#8265,.T.);
#8265 = LINE('',#8266,#8267);
#8266 = CARTESIAN_POINT('',(-0.125,0.925,0.1));
#8267 = VECTOR('',#8268,1.);
#8268 = DIRECTION('',(1.,1.224646799147E-16,0.));
#8269 = FACE_BOUND('',#8270,.F.);
#8270 = EDGE_LOOP('',(#8271,#8281,#8289,#8297));
#8271 = ORIENTED_EDGE('',*,*,#8272,.F.);
#8272 = EDGE_CURVE('',#8273,#8275,#8277,.T.);
#8273 = VERTEX_POINT('',#8274);
#8274 = CARTESIAN_POINT('',(-2.15,-0.125,0.1));
#8275 = VERTEX_POINT('',#8276);
#8276 = CARTESIAN_POINT('',(-1.675,-0.125,0.1));
#8277 = LINE('',#8278,#8279);
#8278 = CARTESIAN_POINT('',(-2.15,-0.125,0.1));
#8279 = VECTOR('',#8280,1.);
#8280 = DIRECTION('',(1.,1.110223024625E-16,0.));
#8281 = ORIENTED_EDGE('',*,*,#8282,.F.);
#8282 = EDGE_CURVE('',#8283,#8273,#8285,.T.);
#8283 = VERTEX_POINT('',#8284);
#8284 = CARTESIAN_POINT('',(-2.15,0.125,0.1));
#8285 = LINE('',#8286,#8287);
#8286 = CARTESIAN_POINT('',(-2.15,0.125,0.1));
#8287 = VECTOR('',#8288,1.);
#8288 = DIRECTION('',(1.110223024625E-16,-1.,0.));
#8289 = ORIENTED_EDGE('',*,*,#8290,.F.);
#8290 = EDGE_CURVE('',#8291,#8283,#8293,.T.);
#8291 = VERTEX_POINT('',#8292);
#8292 = CARTESIAN_POINT('',(-1.675,0.125,0.1));
#8293 = LINE('',#8294,#8295);
#8294 = CARTESIAN_POINT('',(-1.675,0.125,0.1));
#8295 = VECTOR('',#8296,1.);
#8296 = DIRECTION('',(-1.,-1.110223024625E-16,0.));
#8297 = ORIENTED_EDGE('',*,*,#8298,.F.);
#8298 = EDGE_CURVE('',#8275,#8291,#8299,.T.);
#8299 = LINE('',#8300,#8301);
#8300 = CARTESIAN_POINT('',(-1.675,-0.125,0.1));
#8301 = VECTOR('',#8302,1.);
#8302 = DIRECTION('',(-1.110223024625E-16,1.,0.));
#8303 = FACE_BOUND('',#8304,.F.);
#8304 = EDGE_LOOP('',(#8305,#8315,#8323,#8331));
#8305 = ORIENTED_EDGE('',*,*,#8306,.F.);
#8306 = EDGE_CURVE('',#8307,#8309,#8311,.T.);
#8307 = VERTEX_POINT('',#8308);
#8308 = CARTESIAN_POINT('',(-1.375,-1.4,0.1));
#8309 = VERTEX_POINT('',#8310);
#8310 = CARTESIAN_POINT('',(-1.375,-0.925,0.1));
#8311 = LINE('',#8312,#8313);
#8312 = CARTESIAN_POINT('',(-1.375,-1.4,0.1));
#8313 = VECTOR('',#8314,1.);
#8314 = DIRECTION('',(-1.144237745222E-17,1.,0.));
#8315 = ORIENTED_EDGE('',*,*,#8316,.F.);
#8316 = EDGE_CURVE('',#8317,#8307,#8319,.T.);
#8317 = VERTEX_POINT('',#8318);
#8318 = CARTESIAN_POINT('',(-1.625,-1.4,0.1));
#8319 = LINE('',#8320,#8321);
#8320 = CARTESIAN_POINT('',(-1.625,-1.4,0.1));
#8321 = VECTOR('',#8322,1.);
#8322 = DIRECTION('',(1.,1.144237745222E-17,0.));
#8323 = ORIENTED_EDGE('',*,*,#8324,.F.);
#8324 = EDGE_CURVE('',#8325,#8317,#8327,.T.);
#8325 = VERTEX_POINT('',#8326);
#8326 = CARTESIAN_POINT('',(-1.625,-0.925,0.1));
#8327 = LINE('',#8328,#8329);
#8328 = CARTESIAN_POINT('',(-1.625,-0.925,0.1));
#8329 = VECTOR('',#8330,1.);
#8330 = DIRECTION('',(1.144237745222E-17,-1.,0.));
#8331 = ORIENTED_EDGE('',*,*,#8332,.F.);
#8332 = EDGE_CURVE('',#8309,#8325,#8333,.T.);
#8333 = LINE('',#8334,#8335);
#8334 = CARTESIAN_POINT('',(-1.375,-0.925,0.1));
#8335 = VECTOR('',#8336,1.);
#8336 = DIRECTION('',(-1.,-1.144237745222E-17,0.));
#8337 = FACE_BOUND('',#8338,.F.);
#8338 = EDGE_LOOP('',(#8339,#8349,#8357,#8365));
#8339 = ORIENTED_EDGE('',*,*,#8340,.F.);
#8340 = EDGE_CURVE('',#8341,#8343,#8345,.T.);
#8341 = VERTEX_POINT('',#8342);
#8342 = CARTESIAN_POINT('',(-0.875,-1.4,0.1));
#8343 = VERTEX_POINT('',#8344);
#8344 = CARTESIAN_POINT('',(-0.875,-0.925,0.1));
#8345 = LINE('',#8346,#8347);
#8346 = CARTESIAN_POINT('',(-0.875,-1.4,0.1));
#8347 = VECTOR('',#8348,1.);
#8348 = DIRECTION('',(-1.144237745222E-17,1.,0.));
#8349 = ORIENTED_EDGE('',*,*,#8350,.F.);
#8350 = EDGE_CURVE('',#8351,#8341,#8353,.T.);
#8351 = VERTEX_POINT('',#8352);
#8352 = CARTESIAN_POINT('',(-1.125,-1.4,0.1));
#8353 = LINE('',#8354,#8355);
#8354 = CARTESIAN_POINT('',(-1.125,-1.4,0.1));
#8355 = VECTOR('',#8356,1.);
#8356 = DIRECTION('',(1.,1.144237745222E-17,0.));
#8357 = ORIENTED_EDGE('',*,*,#8358,.F.);
#8358 = EDGE_CURVE('',#8359,#8351,#8361,.T.);
#8359 = VERTEX_POINT('',#8360);
#8360 = CARTESIAN_POINT('',(-1.125,-0.925,0.1));
#8361 = LINE('',#8362,#8363);
#8362 = CARTESIAN_POINT('',(-1.125,-0.925,0.1));
#8363 = VECTOR('',#8364,1.);
#8364 = DIRECTION('',(1.144237745222E-17,-1.,0.));
#8365 = ORIENTED_EDGE('',*,*,#8366,.F.);
#8366 = EDGE_CURVE('',#8343,#8359,#8367,.T.);
#8367 = LINE('',#8368,#8369);
#8368 = CARTESIAN_POINT('',(-0.875,-0.925,0.1));
#8369 = VECTOR('',#8370,1.);
#8370 = DIRECTION('',(-1.,-1.144237745222E-17,0.));
#8371 = FACE_BOUND('',#8372,.F.);
#8372 = EDGE_LOOP('',(#8373,#8383,#8391,#8399));
#8373 = ORIENTED_EDGE('',*,*,#8374,.F.);
#8374 = EDGE_CURVE('',#8375,#8377,#8379,.T.);
#8375 = VERTEX_POINT('',#8376);
#8376 = CARTESIAN_POINT('',(-0.375,-1.4,0.1));
#8377 = VERTEX_POINT('',#8378);
#8378 = CARTESIAN_POINT('',(-0.375,-0.925,0.1));
#8379 = LINE('',#8380,#8381);
#8380 = CARTESIAN_POINT('',(-0.375,-1.4,0.1));
#8381 = VECTOR('',#8382,1.);
#8382 = DIRECTION('',(-1.144237745222E-17,1.,0.));
#8383 = ORIENTED_EDGE('',*,*,#8384,.F.);
#8384 = EDGE_CURVE('',#8385,#8375,#8387,.T.);
#8385 = VERTEX_POINT('',#8386);
#8386 = CARTESIAN_POINT('',(-0.625,-1.4,0.1));
#8387 = LINE('',#8388,#8389);
#8388 = CARTESIAN_POINT('',(-0.625,-1.4,0.1));
#8389 = VECTOR('',#8390,1.);
#8390 = DIRECTION('',(1.,1.144237745222E-17,0.));
#8391 = ORIENTED_EDGE('',*,*,#8392,.F.);
#8392 = EDGE_CURVE('',#8393,#8385,#8395,.T.);
#8393 = VERTEX_POINT('',#8394);
#8394 = CARTESIAN_POINT('',(-0.625,-0.925,0.1));
#8395 = LINE('',#8396,#8397);
#8396 = CARTESIAN_POINT('',(-0.625,-0.925,0.1));
#8397 = VECTOR('',#8398,1.);
#8398 = DIRECTION('',(1.144237745222E-17,-1.,0.));
#8399 = ORIENTED_EDGE('',*,*,#8400,.F.);
#8400 = EDGE_CURVE('',#8377,#8393,#8401,.T.);
#8401 = LINE('',#8402,#8403);
#8402 = CARTESIAN_POINT('',(-0.375,-0.925,0.1));
#8403 = VECTOR('',#8404,1.);
#8404 = DIRECTION('',(-1.,-1.144237745222E-17,0.));
#8405 = FACE_BOUND('',#8406,.F.);
#8406 = EDGE_LOOP('',(#8407,#8417,#8425,#8433));
#8407 = ORIENTED_EDGE('',*,*,#8408,.F.);
#8408 = EDGE_CURVE('',#8409,#8411,#8413,.T.);
#8409 = VERTEX_POINT('',#8410);
#8410 = CARTESIAN_POINT('',(0.125,-1.4,0.1));
#8411 = VERTEX_POINT('',#8412);
#8412 = CARTESIAN_POINT('',(0.125,-0.925,0.1));
#8413 = LINE('',#8414,#8415);
#8414 = CARTESIAN_POINT('',(0.125,-1.4,0.1));
#8415 = VECTOR('',#8416,1.);
#8416 = DIRECTION('',(-1.144237745222E-17,1.,0.));
#8417 = ORIENTED_EDGE('',*,*,#8418,.F.);
#8418 = EDGE_CURVE('',#8419,#8409,#8421,.T.);
#8419 = VERTEX_POINT('',#8420);
#8420 = CARTESIAN_POINT('',(-0.125,-1.4,0.1));
#8421 = LINE('',#8422,#8423);
#8422 = CARTESIAN_POINT('',(-0.125,-1.4,0.1));
#8423 = VECTOR('',#8424,1.);
#8424 = DIRECTION('',(1.,1.144237745222E-17,0.));
#8425 = ORIENTED_EDGE('',*,*,#8426,.F.);
#8426 = EDGE_CURVE('',#8427,#8419,#8429,.T.);
#8427 = VERTEX_POINT('',#8428);
#8428 = CARTESIAN_POINT('',(-0.125,-0.925,0.1));
#8429 = LINE('',#8430,#8431);
#8430 = CARTESIAN_POINT('',(-0.125,-0.925,0.1));
#8431 = VECTOR('',#8432,1.);
#8432 = DIRECTION('',(1.144237745222E-17,-1.,0.));
#8433 = ORIENTED_EDGE('',*,*,#8434,.F.);
#8434 = EDGE_CURVE('',#8411,#8427,#8435,.T.);
#8435 = LINE('',#8436,#8437);
#8436 = CARTESIAN_POINT('',(0.125,-0.925,0.1));
#8437 = VECTOR('',#8438,1.);
#8438 = DIRECTION('',(-1.,-1.144237745222E-17,0.));
#8439 = FACE_BOUND('',#8440,.F.);
#8440 = EDGE_LOOP('',(#8441,#8451,#8459,#8467));
#8441 = ORIENTED_EDGE('',*,*,#8442,.F.);
#8442 = EDGE_CURVE('',#8443,#8445,#8447,.T.);
#8443 = VERTEX_POINT('',#8444);
#8444 = CARTESIAN_POINT('',(0.375,1.4,0.1));
#8445 = VERTEX_POINT('',#8446);
#8446 = CARTESIAN_POINT('',(0.375,0.925,0.1));
#8447 = LINE('',#8448,#8449);
#8448 = CARTESIAN_POINT('',(0.375,1.4,0.1));
#8449 = VECTOR('',#8450,1.);
#8450 = DIRECTION('',(1.224646799147E-16,-1.,0.));
#8451 = ORIENTED_EDGE('',*,*,#8452,.F.);
#8452 = EDGE_CURVE('',#8453,#8443,#8455,.T.);
#8453 = VERTEX_POINT('',#8454);
#8454 = CARTESIAN_POINT('',(0.625,1.4,0.1));
#8455 = LINE('',#8456,#8457);
#8456 = CARTESIAN_POINT('',(0.625,1.4,0.1));
#8457 = VECTOR('',#8458,1.);
#8458 = DIRECTION('',(-1.,-1.224646799147E-16,0.));
#8459 = ORIENTED_EDGE('',*,*,#8460,.F.);
#8460 = EDGE_CURVE('',#8461,#8453,#8463,.T.);
#8461 = VERTEX_POINT('',#8462);
#8462 = CARTESIAN_POINT('',(0.625,0.925,0.1));
#8463 = LINE('',#8464,#8465);
#8464 = CARTESIAN_POINT('',(0.625,0.925,0.1));
#8465 = VECTOR('',#8466,1.);
#8466 = DIRECTION('',(-1.224646799147E-16,1.,0.));
#8467 = ORIENTED_EDGE('',*,*,#8468,.F.);
#8468 = EDGE_CURVE('',#8445,#8461,#8469,.T.);
#8469 = LINE('',#8470,#8471);
#8470 = CARTESIAN_POINT('',(0.375,0.925,0.1));
#8471 = VECTOR('',#8472,1.);
#8472 = DIRECTION('',(1.,1.224646799147E-16,0.));
#8473 = FACE_BOUND('',#8474,.F.);
#8474 = EDGE_LOOP('',(#8475,#8485,#8493,#8501));
#8475 = ORIENTED_EDGE('',*,*,#8476,.F.);
#8476 = EDGE_CURVE('',#8477,#8479,#8481,.T.);
#8477 = VERTEX_POINT('',#8478);
#8478 = CARTESIAN_POINT('',(0.875,1.4,0.1));
#8479 = VERTEX_POINT('',#8480);
#8480 = CARTESIAN_POINT('',(0.875,0.925,0.1));
#8481 = LINE('',#8482,#8483);
#8482 = CARTESIAN_POINT('',(0.875,1.4,0.1));
#8483 = VECTOR('',#8484,1.);
#8484 = DIRECTION('',(1.224646799147E-16,-1.,0.));
#8485 = ORIENTED_EDGE('',*,*,#8486,.F.);
#8486 = EDGE_CURVE('',#8487,#8477,#8489,.T.);
#8487 = VERTEX_POINT('',#8488);
#8488 = CARTESIAN_POINT('',(1.125,1.4,0.1));
#8489 = LINE('',#8490,#8491);
#8490 = CARTESIAN_POINT('',(1.125,1.4,0.1));
#8491 = VECTOR('',#8492,1.);
#8492 = DIRECTION('',(-1.,-1.224646799147E-16,0.));
#8493 = ORIENTED_EDGE('',*,*,#8494,.F.);
#8494 = EDGE_CURVE('',#8495,#8487,#8497,.T.);
#8495 = VERTEX_POINT('',#8496);
#8496 = CARTESIAN_POINT('',(1.125,0.925,0.1));
#8497 = LINE('',#8498,#8499);
#8498 = CARTESIAN_POINT('',(1.125,0.925,0.1));
#8499 = VECTOR('',#8500,1.);
#8500 = DIRECTION('',(-1.224646799147E-16,1.,0.));
#8501 = ORIENTED_EDGE('',*,*,#8502,.F.);
#8502 = EDGE_CURVE('',#8479,#8495,#8503,.T.);
#8503 = LINE('',#8504,#8505);
#8504 = CARTESIAN_POINT('',(0.875,0.925,0.1));
#8505 = VECTOR('',#8506,1.);
#8506 = DIRECTION('',(1.,1.224646799147E-16,0.));
#8507 = FACE_BOUND('',#8508,.F.);
#8508 = EDGE_LOOP('',(#8509,#8519,#8527,#8535));
#8509 = ORIENTED_EDGE('',*,*,#8510,.F.);
#8510 = EDGE_CURVE('',#8511,#8513,#8515,.T.);
#8511 = VERTEX_POINT('',#8512);
#8512 = CARTESIAN_POINT('',(1.375,1.4,0.1));
#8513 = VERTEX_POINT('',#8514);
#8514 = CARTESIAN_POINT('',(1.375,0.925,0.1));
#8515 = LINE('',#8516,#8517);
#8516 = CARTESIAN_POINT('',(1.375,1.4,0.1));
#8517 = VECTOR('',#8518,1.);
#8518 = DIRECTION('',(1.224646799147E-16,-1.,0.));
#8519 = ORIENTED_EDGE('',*,*,#8520,.F.);
#8520 = EDGE_CURVE('',#8521,#8511,#8523,.T.);
#8521 = VERTEX_POINT('',#8522);
#8522 = CARTESIAN_POINT('',(1.625,1.4,0.1));
#8523 = LINE('',#8524,#8525);
#8524 = CARTESIAN_POINT('',(1.625,1.4,0.1));
#8525 = VECTOR('',#8526,1.);
#8526 = DIRECTION('',(-1.,-1.224646799147E-16,0.));
#8527 = ORIENTED_EDGE('',*,*,#8528,.F.);
#8528 = EDGE_CURVE('',#8529,#8521,#8531,.T.);
#8529 = VERTEX_POINT('',#8530);
#8530 = CARTESIAN_POINT('',(1.625,0.925,0.1));
#8531 = LINE('',#8532,#8533);
#8532 = CARTESIAN_POINT('',(1.625,0.925,0.1));
#8533 = VECTOR('',#8534,1.);
#8534 = DIRECTION('',(-1.224646799147E-16,1.,0.));
#8535 = ORIENTED_EDGE('',*,*,#8536,.F.);
#8536 = EDGE_CURVE('',#8513,#8529,#8537,.T.);
#8537 = LINE('',#8538,#8539);
#8538 = CARTESIAN_POINT('',(1.375,0.925,0.1));
#8539 = VECTOR('',#8540,1.);
#8540 = DIRECTION('',(1.,1.224646799147E-16,0.));
#8541 = FACE_BOUND('',#8542,.F.);
#8542 = EDGE_LOOP('',(#8543,#8553,#8561,#8569));
#8543 = ORIENTED_EDGE('',*,*,#8544,.F.);
#8544 = EDGE_CURVE('',#8545,#8547,#8549,.T.);
#8545 = VERTEX_POINT('',#8546);
#8546 = CARTESIAN_POINT('',(2.15,0.125,0.1));
#8547 = VERTEX_POINT('',#8548);
#8548 = CARTESIAN_POINT('',(1.675,0.125,0.1));
#8549 = LINE('',#8550,#8551);
#8550 = CARTESIAN_POINT('',(2.15,0.125,0.1));
#8551 = VECTOR('',#8552,1.);
#8552 = DIRECTION('',(-1.,-2.334869823773E-16,0.));
#8553 = ORIENTED_EDGE('',*,*,#8554,.F.);
#8554 = EDGE_CURVE('',#8555,#8545,#8557,.T.);
#8555 = VERTEX_POINT('',#8556);
#8556 = CARTESIAN_POINT('',(2.15,-0.125,0.1));
#8557 = LINE('',#8558,#8559);
#8558 = CARTESIAN_POINT('',(2.15,-0.125,0.1));
#8559 = VECTOR('',#8560,1.);
#8560 = DIRECTION('',(-2.334869823773E-16,1.,0.));
#8561 = ORIENTED_EDGE('',*,*,#8562,.F.);
#8562 = EDGE_CURVE('',#8563,#8555,#8565,.T.);
#8563 = VERTEX_POINT('',#8564);
#8564 = CARTESIAN_POINT('',(1.675,-0.125,0.1));
#8565 = LINE('',#8566,#8567);
#8566 = CARTESIAN_POINT('',(1.675,-0.125,0.1));
#8567 = VECTOR('',#8568,1.);
#8568 = DIRECTION('',(1.,2.334869823773E-16,0.));
#8569 = ORIENTED_EDGE('',*,*,#8570,.F.);
#8570 = EDGE_CURVE('',#8547,#8563,#8571,.T.);
#8571 = LINE('',#8572,#8573);
#8572 = CARTESIAN_POINT('',(1.675,0.125,0.1));
#8573 = VECTOR('',#8574,1.);
#8574 = DIRECTION('',(2.334869823773E-16,-1.,0.));
#8575 = FACE_BOUND('',#8576,.F.);
#8576 = EDGE_LOOP('',(#8577,#8587,#8595,#8603));
#8577 = ORIENTED_EDGE('',*,*,#8578,.F.);
#8578 = EDGE_CURVE('',#8579,#8581,#8583,.T.);
#8579 = VERTEX_POINT('',#8580);
#8580 = CARTESIAN_POINT('',(0.625,-1.4,0.1));
#8581 = VERTEX_POINT('',#8582);
#8582 = CARTESIAN_POINT('',(0.625,-0.925,0.1));
#8583 = LINE('',#8584,#8585);
#8584 = CARTESIAN_POINT('',(0.625,-1.4,0.1));
#8585 = VECTOR('',#8586,1.);
#8586 = DIRECTION('',(-1.144237745222E-17,1.,0.));
#8587 = ORIENTED_EDGE('',*,*,#8588,.F.);
#8588 = EDGE_CURVE('',#8589,#8579,#8591,.T.);
#8589 = VERTEX_POINT('',#8590);
#8590 = CARTESIAN_POINT('',(0.375,-1.4,0.1));
#8591 = LINE('',#8592,#8593);
#8592 = CARTESIAN_POINT('',(0.375,-1.4,0.1));
#8593 = VECTOR('',#8594,1.);
#8594 = DIRECTION('',(1.,1.144237745222E-17,0.));
#8595 = ORIENTED_EDGE('',*,*,#8596,.F.);
#8596 = EDGE_CURVE('',#8597,#8589,#8599,.T.);
#8597 = VERTEX_POINT('',#8598);
#8598 = CARTESIAN_POINT('',(0.375,-0.925,0.1));
#8599 = LINE('',#8600,#8601);
#8600 = CARTESIAN_POINT('',(0.375,-0.925,0.1));
#8601 = VECTOR('',#8602,1.);
#8602 = DIRECTION('',(1.144237745222E-17,-1.,0.));
#8603 = ORIENTED_EDGE('',*,*,#8604,.F.);
#8604 = EDGE_CURVE('',#8581,#8597,#8605,.T.);
#8605 = LINE('',#8606,#8607);
#8606 = CARTESIAN_POINT('',(0.625,-0.925,0.1));
#8607 = VECTOR('',#8608,1.);
#8608 = DIRECTION('',(-1.,-1.144237745222E-17,0.));
#8609 = FACE_BOUND('',#8610,.F.);
#8610 = EDGE_LOOP('',(#8611,#8621,#8629,#8637));
#8611 = ORIENTED_EDGE('',*,*,#8612,.F.);
#8612 = EDGE_CURVE('',#8613,#8615,#8617,.T.);
#8613 = VERTEX_POINT('',#8614);
#8614 = CARTESIAN_POINT('',(1.125,-1.4,0.1));
#8615 = VERTEX_POINT('',#8616);
#8616 = CARTESIAN_POINT('',(1.125,-0.925,0.1));
#8617 = LINE('',#8618,#8619);
#8618 = CARTESIAN_POINT('',(1.125,-1.4,0.1));
#8619 = VECTOR('',#8620,1.);
#8620 = DIRECTION('',(-1.144237745222E-17,1.,0.));
#8621 = ORIENTED_EDGE('',*,*,#8622,.F.);
#8622 = EDGE_CURVE('',#8623,#8613,#8625,.T.);
#8623 = VERTEX_POINT('',#8624);
#8624 = CARTESIAN_POINT('',(0.875,-1.4,0.1));
#8625 = LINE('',#8626,#8627);
#8626 = CARTESIAN_POINT('',(0.875,-1.4,0.1));
#8627 = VECTOR('',#8628,1.);
#8628 = DIRECTION('',(1.,1.144237745222E-17,0.));
#8629 = ORIENTED_EDGE('',*,*,#8630,.F.);
#8630 = EDGE_CURVE('',#8631,#8623,#8633,.T.);
#8631 = VERTEX_POINT('',#8632);
#8632 = CARTESIAN_POINT('',(0.875,-0.925,0.1));
#8633 = LINE('',#8634,#8635);
#8634 = CARTESIAN_POINT('',(0.875,-0.925,0.1));
#8635 = VECTOR('',#8636,1.);
#8636 = DIRECTION('',(1.144237745222E-17,-1.,0.));
#8637 = ORIENTED_EDGE('',*,*,#8638,.F.);
#8638 = EDGE_CURVE('',#8615,#8631,#8639,.T.);
#8639 = LINE('',#8640,#8641);
#8640 = CARTESIAN_POINT('',(1.125,-0.925,0.1));
#8641 = VECTOR('',#8642,1.);
#8642 = DIRECTION('',(-1.,-1.144237745222E-17,0.));
#8643 = FACE_BOUND('',#8644,.F.);
#8644 = EDGE_LOOP('',(#8645,#8655,#8663,#8671));
#8645 = ORIENTED_EDGE('',*,*,#8646,.F.);
#8646 = EDGE_CURVE('',#8647,#8649,#8651,.T.);
#8647 = VERTEX_POINT('',#8648);
#8648 = CARTESIAN_POINT('',(1.625,-1.4,0.1));
#8649 = VERTEX_POINT('',#8650);
#8650 = CARTESIAN_POINT('',(1.625,-0.925,0.1));
#8651 = LINE('',#8652,#8653);
#8652 = CARTESIAN_POINT('',(1.625,-1.4,0.1));
#8653 = VECTOR('',#8654,1.);
#8654 = DIRECTION('',(-1.144237745222E-17,1.,0.));
#8655 = ORIENTED_EDGE('',*,*,#8656,.F.);
#8656 = EDGE_CURVE('',#8657,#8647,#8659,.T.);
#8657 = VERTEX_POINT('',#8658);
#8658 = CARTESIAN_POINT('',(1.375,-1.4,0.1));
#8659 = LINE('',#8660,#8661);
#8660 = CARTESIAN_POINT('',(1.375,-1.4,0.1));
#8661 = VECTOR('',#8662,1.);
#8662 = DIRECTION('',(1.,1.144237745222E-17,0.));
#8663 = ORIENTED_EDGE('',*,*,#8664,.F.);
#8664 = EDGE_CURVE('',#8665,#8657,#8667,.T.);
#8665 = VERTEX_POINT('',#8666);
#8666 = CARTESIAN_POINT('',(1.375,-0.925,0.1));
#8667 = LINE('',#8668,#8669);
#8668 = CARTESIAN_POINT('',(1.375,-0.925,0.1));
#8669 = VECTOR('',#8670,1.);
#8670 = DIRECTION('',(1.144237745222E-17,-1.,0.));
#8671 = ORIENTED_EDGE('',*,*,#8672,.F.);
#8672 = EDGE_CURVE('',#8649,#8665,#8673,.T.);
#8673 = LINE('',#8674,#8675);
#8674 = CARTESIAN_POINT('',(1.625,-0.925,0.1));
#8675 = VECTOR('',#8676,1.);
#8676 = DIRECTION('',(-1.,-1.144237745222E-17,0.));
#8677 = PLANE('',#8678);
#8678 = AXIS2_PLACEMENT_3D('',#8679,#8680,#8681);
#8679 = CARTESIAN_POINT('',(-2.25,1.5,0.1));
#8680 = DIRECTION('',(0.,0.,1.));
#8681 = DIRECTION('',(1.110223024625E-16,-1.,0.));
#8682 = ADVANCED_FACE('',(#8683),#8708,.F.);
#8683 = FACE_BOUND('',#8684,.F.);
#8684 = EDGE_LOOP('',(#8685,#8693,#8694,#8702));
#8685 = ORIENTED_EDGE('',*,*,#8686,.T.);
#8686 = EDGE_CURVE('',#8687,#8137,#8689,.T.);
#8687 = VERTEX_POINT('',#8688);
#8688 = CARTESIAN_POINT('',(-1.625,1.4,0.));
#8689 = LINE('',#8690,#8691);
#8690 = CARTESIAN_POINT('',(-1.625,1.4,0.));
#8691 = VECTOR('',#8692,1.);
#8692 = DIRECTION('',(0.,0.,1.));
#8693 = ORIENTED_EDGE('',*,*,#8136,.T.);
#8694 = ORIENTED_EDGE('',*,*,#8695,.F.);
#8695 = EDGE_CURVE('',#8696,#8139,#8698,.T.);
#8696 = VERTEX_POINT('',#8697);
#8697 = CARTESIAN_POINT('',(-1.625,0.925,0.));
#8698 = LINE('',#8699,#8700);
#8699 = CARTESIAN_POINT('',(-1.625,0.925,0.));
#8700 = VECTOR('',#8701,1.);
#8701 = DIRECTION('',(0.,0.,1.));
#8702 = ORIENTED_EDGE('',*,*,#8703,.F.);
#8703 = EDGE_CURVE('',#8687,#8696,#8704,.T.);
#8704 = LINE('',#8705,#8706);
#8705 = CARTESIAN_POINT('',(-1.625,1.4,0.));
#8706 = VECTOR('',#8707,1.);
#8707 = DIRECTION('',(1.224646799147E-16,-1.,0.));
#8708 = PLANE('',#8709);
#8709 = AXIS2_PLACEMENT_3D('',#8710,#8711,#8712);
#8710 = CARTESIAN_POINT('',(-1.625,1.4,0.));
#8711 = DIRECTION('',(1.,1.224646799147E-16,0.));
#8712 = DIRECTION('',(1.224646799147E-16,-1.,0.));
#8713 = ADVANCED_FACE('',(#8714),#8732,.F.);
#8714 = FACE_BOUND('',#8715,.F.);
#8715 = EDGE_LOOP('',(#8716,#8717,#8718,#8726));
#8716 = ORIENTED_EDGE('',*,*,#8695,.T.);
#8717 = ORIENTED_EDGE('',*,*,#8162,.T.);
#8718 = ORIENTED_EDGE('',*,*,#8719,.F.);
#8719 = EDGE_CURVE('',#8720,#8155,#8722,.T.);
#8720 = VERTEX_POINT('',#8721);
#8721 = CARTESIAN_POINT('',(-1.375,0.925,0.));
#8722 = LINE('',#8723,#8724);
#8723 = CARTESIAN_POINT('',(-1.375,0.925,0.));
#8724 = VECTOR('',#8725,1.);
#8725 = DIRECTION('',(0.,0.,1.));
#8726 = ORIENTED_EDGE('',*,*,#8727,.F.);
#8727 = EDGE_CURVE('',#8696,#8720,#8728,.T.);
#8728 = LINE('',#8729,#8730);
#8729 = CARTESIAN_POINT('',(-1.625,0.925,0.));
#8730 = VECTOR('',#8731,1.);
#8731 = DIRECTION('',(1.,1.224646799147E-16,0.));
#8732 = PLANE('',#8733);
#8733 = AXIS2_PLACEMENT_3D('',#8734,#8735,#8736);
#8734 = CARTESIAN_POINT('',(-1.625,0.925,0.));
#8735 = DIRECTION('',(-1.224646799147E-16,1.,0.));
#8736 = DIRECTION('',(1.,1.224646799147E-16,0.));
#8737 = ADVANCED_FACE('',(#8738),#8756,.F.);
#8738 = FACE_BOUND('',#8739,.F.);
#8739 = EDGE_LOOP('',(#8740,#8741,#8742,#8750));
#8740 = ORIENTED_EDGE('',*,*,#8719,.T.);
#8741 = ORIENTED_EDGE('',*,*,#8154,.T.);
#8742 = ORIENTED_EDGE('',*,*,#8743,.F.);
#8743 = EDGE_CURVE('',#8744,#8147,#8746,.T.);
#8744 = VERTEX_POINT('',#8745);
#8745 = CARTESIAN_POINT('',(-1.375,1.4,0.));
#8746 = LINE('',#8747,#8748);
#8747 = CARTESIAN_POINT('',(-1.375,1.4,0.));
#8748 = VECTOR('',#8749,1.);
#8749 = DIRECTION('',(0.,0.,1.));
#8750 = ORIENTED_EDGE('',*,*,#8751,.F.);
#8751 = EDGE_CURVE('',#8720,#8744,#8752,.T.);
#8752 = LINE('',#8753,#8754);
#8753 = CARTESIAN_POINT('',(-1.375,0.925,0.));
#8754 = VECTOR('',#8755,1.);
#8755 = DIRECTION('',(-1.224646799147E-16,1.,0.));
#8756 = PLANE('',#8757);
#8757 = AXIS2_PLACEMENT_3D('',#8758,#8759,#8760);
#8758 = CARTESIAN_POINT('',(-1.375,0.925,0.));
#8759 = DIRECTION('',(-1.,-1.224646799147E-16,0.));
#8760 = DIRECTION('',(-1.224646799147E-16,1.,0.));
#8761 = ADVANCED_FACE('',(#8762),#8773,.F.);
#8762 = FACE_BOUND('',#8763,.F.);
#8763 = EDGE_LOOP('',(#8764,#8765,#8766,#8767));
#8764 = ORIENTED_EDGE('',*,*,#8743,.T.);
#8765 = ORIENTED_EDGE('',*,*,#8146,.T.);
#8766 = ORIENTED_EDGE('',*,*,#8686,.F.);
#8767 = ORIENTED_EDGE('',*,*,#8768,.F.);
#8768 = EDGE_CURVE('',#8744,#8687,#8769,.T.);
#8769 = LINE('',#8770,#8771);
#8770 = CARTESIAN_POINT('',(-1.375,1.4,0.));
#8771 = VECTOR('',#8772,1.);
#8772 = DIRECTION('',(-1.,-1.224646799147E-16,0.));
#8773 = PLANE('',#8774);
#8774 = AXIS2_PLACEMENT_3D('',#8775,#8776,#8777);
#8775 = CARTESIAN_POINT('',(-1.375,1.4,0.));
#8776 = DIRECTION('',(1.224646799147E-16,-1.,0.));
#8777 = DIRECTION('',(-1.,-1.224646799147E-16,0.));
#8778 = ADVANCED_FACE('',(#8779),#8804,.F.);
#8779 = FACE_BOUND('',#8780,.F.);
#8780 = EDGE_LOOP('',(#8781,#8789,#8790,#8798));
#8781 = ORIENTED_EDGE('',*,*,#8782,.T.);
#8782 = EDGE_CURVE('',#8783,#8171,#8785,.T.);
#8783 = VERTEX_POINT('',#8784);
#8784 = CARTESIAN_POINT('',(-1.125,1.4,0.));
#8785 = LINE('',#8786,#8787);
#8786 = CARTESIAN_POINT('',(-1.125,1.4,0.));
#8787 = VECTOR('',#8788,1.);
#8788 = DIRECTION('',(0.,0.,1.));
#8789 = ORIENTED_EDGE('',*,*,#8170,.T.);
#8790 = ORIENTED_EDGE('',*,*,#8791,.F.);
#8791 = EDGE_CURVE('',#8792,#8173,#8794,.T.);
#8792 = VERTEX_POINT('',#8793);
#8793 = CARTESIAN_POINT('',(-1.125,0.925,0.));
#8794 = LINE('',#8795,#8796);
#8795 = CARTESIAN_POINT('',(-1.125,0.925,0.));
#8796 = VECTOR('',#8797,1.);
#8797 = DIRECTION('',(0.,0.,1.));
#8798 = ORIENTED_EDGE('',*,*,#8799,.F.);
#8799 = EDGE_CURVE('',#8783,#8792,#8800,.T.);
#8800 = LINE('',#8801,#8802);
#8801 = CARTESIAN_POINT('',(-1.125,1.4,0.));
#8802 = VECTOR('',#8803,1.);
#8803 = DIRECTION('',(1.224646799147E-16,-1.,0.));
#8804 = PLANE('',#8805);
#8805 = AXIS2_PLACEMENT_3D('',#8806,#8807,#8808);
#8806 = CARTESIAN_POINT('',(-1.125,1.4,0.));
#8807 = DIRECTION('',(1.,1.224646799147E-16,0.));
#8808 = DIRECTION('',(1.224646799147E-16,-1.,0.));
#8809 = ADVANCED_FACE('',(#8810),#8828,.F.);
#8810 = FACE_BOUND('',#8811,.F.);
#8811 = EDGE_LOOP('',(#8812,#8813,#8814,#8822));
#8812 = ORIENTED_EDGE('',*,*,#8791,.T.);
#8813 = ORIENTED_EDGE('',*,*,#8196,.T.);
#8814 = ORIENTED_EDGE('',*,*,#8815,.F.);
#8815 = EDGE_CURVE('',#8816,#8189,#8818,.T.);
#8816 = VERTEX_POINT('',#8817);
#8817 = CARTESIAN_POINT('',(-0.875,0.925,0.));
#8818 = LINE('',#8819,#8820);
#8819 = CARTESIAN_POINT('',(-0.875,0.925,0.));
#8820 = VECTOR('',#8821,1.);
#8821 = DIRECTION('',(0.,0.,1.));
#8822 = ORIENTED_EDGE('',*,*,#8823,.F.);
#8823 = EDGE_CURVE('',#8792,#8816,#8824,.T.);
#8824 = LINE('',#8825,#8826);
#8825 = CARTESIAN_POINT('',(-1.125,0.925,0.));
#8826 = VECTOR('',#8827,1.);
#8827 = DIRECTION('',(1.,1.224646799147E-16,0.));
#8828 = PLANE('',#8829);
#8829 = AXIS2_PLACEMENT_3D('',#8830,#8831,#8832);
#8830 = CARTESIAN_POINT('',(-1.125,0.925,0.));
#8831 = DIRECTION('',(-1.224646799147E-16,1.,0.));
#8832 = DIRECTION('',(1.,1.224646799147E-16,0.));
#8833 = ADVANCED_FACE('',(#8834),#8852,.F.);
#8834 = FACE_BOUND('',#8835,.F.);
#8835 = EDGE_LOOP('',(#8836,#8837,#8838,#8846));
#8836 = ORIENTED_EDGE('',*,*,#8815,.T.);
#8837 = ORIENTED_EDGE('',*,*,#8188,.T.);
#8838 = ORIENTED_EDGE('',*,*,#8839,.F.);
#8839 = EDGE_CURVE('',#8840,#8181,#8842,.T.);
#8840 = VERTEX_POINT('',#8841);
#8841 = CARTESIAN_POINT('',(-0.875,1.4,0.));
#8842 = LINE('',#8843,#8844);
#8843 = CARTESIAN_POINT('',(-0.875,1.4,0.));
#8844 = VECTOR('',#8845,1.);
#8845 = DIRECTION('',(0.,0.,1.));
#8846 = ORIENTED_EDGE('',*,*,#8847,.F.);
#8847 = EDGE_CURVE('',#8816,#8840,#8848,.T.);
#8848 = LINE('',#8849,#8850);
#8849 = CARTESIAN_POINT('',(-0.875,0.925,0.));
#8850 = VECTOR('',#8851,1.);
#8851 = DIRECTION('',(-1.224646799147E-16,1.,0.));
#8852 = PLANE('',#8853);
#8853 = AXIS2_PLACEMENT_3D('',#8854,#8855,#8856);
#8854 = CARTESIAN_POINT('',(-0.875,0.925,0.));
#8855 = DIRECTION('',(-1.,-1.224646799147E-16,0.));
#8856 = DIRECTION('',(-1.224646799147E-16,1.,0.));
#8857 = ADVANCED_FACE('',(#8858),#8869,.F.);
#8858 = FACE_BOUND('',#8859,.F.);
#8859 = EDGE_LOOP('',(#8860,#8861,#8862,#8863));
#8860 = ORIENTED_EDGE('',*,*,#8839,.T.);
#8861 = ORIENTED_EDGE('',*,*,#8180,.T.);
#8862 = ORIENTED_EDGE('',*,*,#8782,.F.);
#8863 = ORIENTED_EDGE('',*,*,#8864,.F.);
#8864 = EDGE_CURVE('',#8840,#8783,#8865,.T.);
#8865 = LINE('',#8866,#8867);
#8866 = CARTESIAN_POINT('',(-0.875,1.4,0.));
#8867 = VECTOR('',#8868,1.);
#8868 = DIRECTION('',(-1.,-1.224646799147E-16,0.));
#8869 = PLANE('',#8870);
#8870 = AXIS2_PLACEMENT_3D('',#8871,#8872,#8873);
#8871 = CARTESIAN_POINT('',(-0.875,1.4,0.));
#8872 = DIRECTION('',(1.224646799147E-16,-1.,0.));
#8873 = DIRECTION('',(-1.,-1.224646799147E-16,0.));
#8874 = ADVANCED_FACE('',(#8875),#8900,.F.);
#8875 = FACE_BOUND('',#8876,.F.);
#8876 = EDGE_LOOP('',(#8877,#8885,#8886,#8894));
#8877 = ORIENTED_EDGE('',*,*,#8878,.T.);
#8878 = EDGE_CURVE('',#8879,#8205,#8881,.T.);
#8879 = VERTEX_POINT('',#8880);
#8880 = CARTESIAN_POINT('',(-0.625,1.4,0.));
#8881 = LINE('',#8882,#8883);
#8882 = CARTESIAN_POINT('',(-0.625,1.4,0.));
#8883 = VECTOR('',#8884,1.);
#8884 = DIRECTION('',(0.,0.,1.));
#8885 = ORIENTED_EDGE('',*,*,#8204,.T.);
#8886 = ORIENTED_EDGE('',*,*,#8887,.F.);
#8887 = EDGE_CURVE('',#8888,#8207,#8890,.T.);
#8888 = VERTEX_POINT('',#8889);
#8889 = CARTESIAN_POINT('',(-0.625,0.925,0.));
#8890 = LINE('',#8891,#8892);
#8891 = CARTESIAN_POINT('',(-0.625,0.925,0.));
#8892 = VECTOR('',#8893,1.);
#8893 = DIRECTION('',(0.,0.,1.));
#8894 = ORIENTED_EDGE('',*,*,#8895,.F.);
#8895 = EDGE_CURVE('',#8879,#8888,#8896,.T.);
#8896 = LINE('',#8897,#8898);
#8897 = CARTESIAN_POINT('',(-0.625,1.4,0.));
#8898 = VECTOR('',#8899,1.);
#8899 = DIRECTION('',(1.224646799147E-16,-1.,0.));
#8900 = PLANE('',#8901);
#8901 = AXIS2_PLACEMENT_3D('',#8902,#8903,#8904);
#8902 = CARTESIAN_POINT('',(-0.625,1.4,0.));
#8903 = DIRECTION('',(1.,1.224646799147E-16,0.));
#8904 = DIRECTION('',(1.224646799147E-16,-1.,0.));
#8905 = ADVANCED_FACE('',(#8906),#8924,.F.);
#8906 = FACE_BOUND('',#8907,.F.);
#8907 = EDGE_LOOP('',(#8908,#8909,#8910,#8918));
#8908 = ORIENTED_EDGE('',*,*,#8887,.T.);
#8909 = ORIENTED_EDGE('',*,*,#8230,.T.);
#8910 = ORIENTED_EDGE('',*,*,#8911,.F.);
#8911 = EDGE_CURVE('',#8912,#8223,#8914,.T.);
#8912 = VERTEX_POINT('',#8913);
#8913 = CARTESIAN_POINT('',(-0.375,0.925,0.));
#8914 = LINE('',#8915,#8916);
#8915 = CARTESIAN_POINT('',(-0.375,0.925,0.));
#8916 = VECTOR('',#8917,1.);
#8917 = DIRECTION('',(0.,0.,1.));
#8918 = ORIENTED_EDGE('',*,*,#8919,.F.);
#8919 = EDGE_CURVE('',#8888,#8912,#8920,.T.);
#8920 = LINE('',#8921,#8922);
#8921 = CARTESIAN_POINT('',(-0.625,0.925,0.));
#8922 = VECTOR('',#8923,1.);
#8923 = DIRECTION('',(1.,1.224646799147E-16,0.));
#8924 = PLANE('',#8925);
#8925 = AXIS2_PLACEMENT_3D('',#8926,#8927,#8928);
#8926 = CARTESIAN_POINT('',(-0.625,0.925,0.));
#8927 = DIRECTION('',(-1.224646799147E-16,1.,0.));
#8928 = DIRECTION('',(1.,1.224646799147E-16,0.));
#8929 = ADVANCED_FACE('',(#8930),#8948,.F.);
#8930 = FACE_BOUND('',#8931,.F.);
#8931 = EDGE_LOOP('',(#8932,#8933,#8934,#8942));
#8932 = ORIENTED_EDGE('',*,*,#8911,.T.);
#8933 = ORIENTED_EDGE('',*,*,#8222,.T.);
#8934 = ORIENTED_EDGE('',*,*,#8935,.F.);
#8935 = EDGE_CURVE('',#8936,#8215,#8938,.T.);
#8936 = VERTEX_POINT('',#8937);
#8937 = CARTESIAN_POINT('',(-0.375,1.4,0.));
#8938 = LINE('',#8939,#8940);
#8939 = CARTESIAN_POINT('',(-0.375,1.4,0.));
#8940 = VECTOR('',#8941,1.);
#8941 = DIRECTION('',(0.,0.,1.));
#8942 = ORIENTED_EDGE('',*,*,#8943,.F.);
#8943 = EDGE_CURVE('',#8912,#8936,#8944,.T.);
#8944 = LINE('',#8945,#8946);
#8945 = CARTESIAN_POINT('',(-0.375,0.925,0.));
#8946 = VECTOR('',#8947,1.);
#8947 = DIRECTION('',(-1.224646799147E-16,1.,0.));
#8948 = PLANE('',#8949);
#8949 = AXIS2_PLACEMENT_3D('',#8950,#8951,#8952);
#8950 = CARTESIAN_POINT('',(-0.375,0.925,0.));
#8951 = DIRECTION('',(-1.,-1.224646799147E-16,0.));
#8952 = DIRECTION('',(-1.224646799147E-16,1.,0.));
#8953 = ADVANCED_FACE('',(#8954),#8965,.F.);
#8954 = FACE_BOUND('',#8955,.F.);
#8955 = EDGE_LOOP('',(#8956,#8957,#8958,#8959));
#8956 = ORIENTED_EDGE('',*,*,#8935,.T.);
#8957 = ORIENTED_EDGE('',*,*,#8214,.T.);
#8958 = ORIENTED_EDGE('',*,*,#8878,.F.);
#8959 = ORIENTED_EDGE('',*,*,#8960,.F.);
#8960 = EDGE_CURVE('',#8936,#8879,#8961,.T.);
#8961 = LINE('',#8962,#8963);
#8962 = CARTESIAN_POINT('',(-0.375,1.4,0.));
#8963 = VECTOR('',#8964,1.);
#8964 = DIRECTION('',(-1.,-1.224646799147E-16,0.));
#8965 = PLANE('',#8966);
#8966 = AXIS2_PLACEMENT_3D('',#8967,#8968,#8969);
#8967 = CARTESIAN_POINT('',(-0.375,1.4,0.));
#8968 = DIRECTION('',(1.224646799147E-16,-1.,0.));
#8969 = DIRECTION('',(-1.,-1.224646799147E-16,0.));
#8970 = ADVANCED_FACE('',(#8971),#8996,.F.);
#8971 = FACE_BOUND('',#8972,.F.);
#8972 = EDGE_LOOP('',(#8973,#8981,#8982,#8990));
#8973 = ORIENTED_EDGE('',*,*,#8974,.T.);
#8974 = EDGE_CURVE('',#8975,#8239,#8977,.T.);
#8975 = VERTEX_POINT('',#8976);
#8976 = CARTESIAN_POINT('',(-0.125,1.4,0.));
#8977 = LINE('',#8978,#8979);
#8978 = CARTESIAN_POINT('',(-0.125,1.4,0.));
#8979 = VECTOR('',#8980,1.);
#8980 = DIRECTION('',(0.,0.,1.));
#8981 = ORIENTED_EDGE('',*,*,#8238,.T.);
#8982 = ORIENTED_EDGE('',*,*,#8983,.F.);
#8983 = EDGE_CURVE('',#8984,#8241,#8986,.T.);
#8984 = VERTEX_POINT('',#8985);
#8985 = CARTESIAN_POINT('',(-0.125,0.925,0.));
#8986 = LINE('',#8987,#8988);
#8987 = CARTESIAN_POINT('',(-0.125,0.925,0.));
#8988 = VECTOR('',#8989,1.);
#8989 = DIRECTION('',(0.,0.,1.));
#8990 = ORIENTED_EDGE('',*,*,#8991,.F.);
#8991 = EDGE_CURVE('',#8975,#8984,#8992,.T.);
#8992 = LINE('',#8993,#8994);
#8993 = CARTESIAN_POINT('',(-0.125,1.4,0.));
#8994 = VECTOR('',#8995,1.);
#8995 = DIRECTION('',(1.224646799147E-16,-1.,0.));
#8996 = PLANE('',#8997);
#8997 = AXIS2_PLACEMENT_3D('',#8998,#8999,#9000);
#8998 = CARTESIAN_POINT('',(-0.125,1.4,0.));
#8999 = DIRECTION('',(1.,1.224646799147E-16,0.));
#9000 = DIRECTION('',(1.224646799147E-16,-1.,0.));
#9001 = ADVANCED_FACE('',(#9002),#9020,.F.);
#9002 = FACE_BOUND('',#9003,.F.);
#9003 = EDGE_LOOP('',(#9004,#9005,#9006,#9014));
#9004 = ORIENTED_EDGE('',*,*,#8983,.T.);
#9005 = ORIENTED_EDGE('',*,*,#8264,.T.);
#9006 = ORIENTED_EDGE('',*,*,#9007,.F.);
#9007 = EDGE_CURVE('',#9008,#8257,#9010,.T.);
#9008 = VERTEX_POINT('',#9009);
#9009 = CARTESIAN_POINT('',(0.125,0.925,0.));
#9010 = LINE('',#9011,#9012);
#9011 = CARTESIAN_POINT('',(0.125,0.925,0.));
#9012 = VECTOR('',#9013,1.);
#9013 = DIRECTION('',(0.,0.,1.));
#9014 = ORIENTED_EDGE('',*,*,#9015,.F.);
#9015 = EDGE_CURVE('',#8984,#9008,#9016,.T.);
#9016 = LINE('',#9017,#9018);
#9017 = CARTESIAN_POINT('',(-0.125,0.925,0.));
#9018 = VECTOR('',#9019,1.);
#9019 = DIRECTION('',(1.,1.224646799147E-16,0.));
#9020 = PLANE('',#9021);
#9021 = AXIS2_PLACEMENT_3D('',#9022,#9023,#9024);
#9022 = CARTESIAN_POINT('',(-0.125,0.925,0.));
#9023 = DIRECTION('',(-1.224646799147E-16,1.,0.));
#9024 = DIRECTION('',(1.,1.224646799147E-16,0.));
#9025 = ADVANCED_FACE('',(#9026),#9044,.F.);
#9026 = FACE_BOUND('',#9027,.F.);
#9027 = EDGE_LOOP('',(#9028,#9029,#9030,#9038));
#9028 = ORIENTED_EDGE('',*,*,#9007,.T.);
#9029 = ORIENTED_EDGE('',*,*,#8256,.T.);
#9030 = ORIENTED_EDGE('',*,*,#9031,.F.);
#9031 = EDGE_CURVE('',#9032,#8249,#9034,.T.);
#9032 = VERTEX_POINT('',#9033);
#9033 = CARTESIAN_POINT('',(0.125,1.4,0.));
#9034 = LINE('',#9035,#9036);
#9035 = CARTESIAN_POINT('',(0.125,1.4,0.));
#9036 = VECTOR('',#9037,1.);
#9037 = DIRECTION('',(0.,0.,1.));
#9038 = ORIENTED_EDGE('',*,*,#9039,.F.);
#9039 = EDGE_CURVE('',#9008,#9032,#9040,.T.);
#9040 = LINE('',#9041,#9042);
#9041 = CARTESIAN_POINT('',(0.125,0.925,0.));
#9042 = VECTOR('',#9043,1.);
#9043 = DIRECTION('',(-1.224646799147E-16,1.,0.));
#9044 = PLANE('',#9045);
#9045 = AXIS2_PLACEMENT_3D('',#9046,#9047,#9048);
#9046 = CARTESIAN_POINT('',(0.125,0.925,0.));
#9047 = DIRECTION('',(-1.,-1.224646799147E-16,0.));
#9048 = DIRECTION('',(-1.224646799147E-16,1.,0.));
#9049 = ADVANCED_FACE('',(#9050),#9061,.F.);
#9050 = FACE_BOUND('',#9051,.F.);
#9051 = EDGE_LOOP('',(#9052,#9053,#9054,#9055));
#9052 = ORIENTED_EDGE('',*,*,#9031,.T.);
#9053 = ORIENTED_EDGE('',*,*,#8248,.T.);
#9054 = ORIENTED_EDGE('',*,*,#8974,.F.);
#9055 = ORIENTED_EDGE('',*,*,#9056,.F.);
#9056 = EDGE_CURVE('',#9032,#8975,#9057,.T.);
#9057 = LINE('',#9058,#9059);
#9058 = CARTESIAN_POINT('',(0.125,1.4,0.));
#9059 = VECTOR('',#9060,1.);
#9060 = DIRECTION('',(-1.,-1.224646799147E-16,0.));
#9061 = PLANE('',#9062);
#9062 = AXIS2_PLACEMENT_3D('',#9063,#9064,#9065);
#9063 = CARTESIAN_POINT('',(0.125,1.4,0.));
#9064 = DIRECTION('',(1.224646799147E-16,-1.,0.));
#9065 = DIRECTION('',(-1.,-1.224646799147E-16,0.));
#9066 = ADVANCED_FACE('',(#9067),#9092,.F.);
#9067 = FACE_BOUND('',#9068,.F.);
#9068 = EDGE_LOOP('',(#9069,#9077,#9078,#9086));
#9069 = ORIENTED_EDGE('',*,*,#9070,.T.);
#9070 = EDGE_CURVE('',#9071,#8273,#9073,.T.);
#9071 = VERTEX_POINT('',#9072);
#9072 = CARTESIAN_POINT('',(-2.15,-0.125,0.));
#9073 = LINE('',#9074,#9075);
#9074 = CARTESIAN_POINT('',(-2.15,-0.125,0.));
#9075 = VECTOR('',#9076,1.);
#9076 = DIRECTION('',(0.,0.,1.));
#9077 = ORIENTED_EDGE('',*,*,#8272,.T.);
#9078 = ORIENTED_EDGE('',*,*,#9079,.F.);
#9079 = EDGE_CURVE('',#9080,#8275,#9082,.T.);
#9080 = VERTEX_POINT('',#9081);
#9081 = CARTESIAN_POINT('',(-1.675,-0.125,0.));
#9082 = LINE('',#9083,#9084);
#9083 = CARTESIAN_POINT('',(-1.675,-0.125,0.));
#9084 = VECTOR('',#9085,1.);
#9085 = DIRECTION('',(0.,0.,1.));
#9086 = ORIENTED_EDGE('',*,*,#9087,.F.);
#9087 = EDGE_CURVE('',#9071,#9080,#9088,.T.);
#9088 = LINE('',#9089,#9090);
#9089 = CARTESIAN_POINT('',(-2.15,-0.125,0.));
#9090 = VECTOR('',#9091,1.);
#9091 = DIRECTION('',(1.,1.110223024625E-16,0.));
#9092 = PLANE('',#9093);
#9093 = AXIS2_PLACEMENT_3D('',#9094,#9095,#9096);
#9094 = CARTESIAN_POINT('',(-2.15,-0.125,0.));
#9095 = DIRECTION('',(-1.110223024625E-16,1.,0.));
#9096 = DIRECTION('',(1.,1.110223024625E-16,0.));
#9097 = ADVANCED_FACE('',(#9098),#9116,.F.);
#9098 = FACE_BOUND('',#9099,.F.);
#9099 = EDGE_LOOP('',(#9100,#9101,#9102,#9110));
#9100 = ORIENTED_EDGE('',*,*,#9079,.T.);
#9101 = ORIENTED_EDGE('',*,*,#8298,.T.);
#9102 = ORIENTED_EDGE('',*,*,#9103,.F.);
#9103 = EDGE_CURVE('',#9104,#8291,#9106,.T.);
#9104 = VERTEX_POINT('',#9105);
#9105 = CARTESIAN_POINT('',(-1.675,0.125,0.));
#9106 = LINE('',#9107,#9108);
#9107 = CARTESIAN_POINT('',(-1.675,0.125,0.));
#9108 = VECTOR('',#9109,1.);
#9109 = DIRECTION('',(0.,0.,1.));
#9110 = ORIENTED_EDGE('',*,*,#9111,.F.);
#9111 = EDGE_CURVE('',#9080,#9104,#9112,.T.);
#9112 = LINE('',#9113,#9114);
#9113 = CARTESIAN_POINT('',(-1.675,-0.125,0.));
#9114 = VECTOR('',#9115,1.);
#9115 = DIRECTION('',(-1.110223024625E-16,1.,0.));
#9116 = PLANE('',#9117);
#9117 = AXIS2_PLACEMENT_3D('',#9118,#9119,#9120);
#9118 = CARTESIAN_POINT('',(-1.675,-0.125,0.));
#9119 = DIRECTION('',(-1.,-1.110223024625E-16,0.));
#9120 = DIRECTION('',(-1.110223024625E-16,1.,0.));
#9121 = ADVANCED_FACE('',(#9122),#9140,.F.);
#9122 = FACE_BOUND('',#9123,.F.);
#9123 = EDGE_LOOP('',(#9124,#9125,#9126,#9134));
#9124 = ORIENTED_EDGE('',*,*,#9103,.T.);
#9125 = ORIENTED_EDGE('',*,*,#8290,.T.);
#9126 = ORIENTED_EDGE('',*,*,#9127,.F.);
#9127 = EDGE_CURVE('',#9128,#8283,#9130,.T.);
#9128 = VERTEX_POINT('',#9129);
#9129 = CARTESIAN_POINT('',(-2.15,0.125,0.));
#9130 = LINE('',#9131,#9132);
#9131 = CARTESIAN_POINT('',(-2.15,0.125,0.));
#9132 = VECTOR('',#9133,1.);
#9133 = DIRECTION('',(0.,0.,1.));
#9134 = ORIENTED_EDGE('',*,*,#9135,.F.);
#9135 = EDGE_CURVE('',#9104,#9128,#9136,.T.);
#9136 = LINE('',#9137,#9138);
#9137 = CARTESIAN_POINT('',(-1.675,0.125,0.));
#9138 = VECTOR('',#9139,1.);
#9139 = DIRECTION('',(-1.,-1.110223024625E-16,0.));
#9140 = PLANE('',#9141);
#9141 = AXIS2_PLACEMENT_3D('',#9142,#9143,#9144);
#9142 = CARTESIAN_POINT('',(-1.675,0.125,0.));
#9143 = DIRECTION('',(1.110223024625E-16,-1.,0.));
#9144 = DIRECTION('',(-1.,-1.110223024625E-16,0.));
#9145 = ADVANCED_FACE('',(#9146),#9157,.F.);
#9146 = FACE_BOUND('',#9147,.F.);
#9147 = EDGE_LOOP('',(#9148,#9149,#9150,#9151));
#9148 = ORIENTED_EDGE('',*,*,#9127,.T.);
#9149 = ORIENTED_EDGE('',*,*,#8282,.T.);
#9150 = ORIENTED_EDGE('',*,*,#9070,.F.);
#9151 = ORIENTED_EDGE('',*,*,#9152,.F.);
#9152 = EDGE_CURVE('',#9128,#9071,#9153,.T.);
#9153 = LINE('',#9154,#9155);
#9154 = CARTESIAN_POINT('',(-2.15,0.125,0.));
#9155 = VECTOR('',#9156,1.);
#9156 = DIRECTION('',(1.110223024625E-16,-1.,0.));
#9157 = PLANE('',#9158);
#9158 = AXIS2_PLACEMENT_3D('',#9159,#9160,#9161);
#9159 = CARTESIAN_POINT('',(-2.15,0.125,0.));
#9160 = DIRECTION('',(1.,1.110223024625E-16,0.));
#9161 = DIRECTION('',(1.110223024625E-16,-1.,0.));
#9162 = ADVANCED_FACE('',(#9163),#9188,.F.);
#9163 = FACE_BOUND('',#9164,.F.);
#9164 = EDGE_LOOP('',(#9165,#9173,#9174,#9182));
#9165 = ORIENTED_EDGE('',*,*,#9166,.T.);
#9166 = EDGE_CURVE('',#9167,#8307,#9169,.T.);
#9167 = VERTEX_POINT('',#9168);
#9168 = CARTESIAN_POINT('',(-1.375,-1.4,0.));
#9169 = LINE('',#9170,#9171);
#9170 = CARTESIAN_POINT('',(-1.375,-1.4,0.));
#9171 = VECTOR('',#9172,1.);
#9172 = DIRECTION('',(0.,0.,1.));
#9173 = ORIENTED_EDGE('',*,*,#8306,.T.);
#9174 = ORIENTED_EDGE('',*,*,#9175,.F.);
#9175 = EDGE_CURVE('',#9176,#8309,#9178,.T.);
#9176 = VERTEX_POINT('',#9177);
#9177 = CARTESIAN_POINT('',(-1.375,-0.925,0.));
#9178 = LINE('',#9179,#9180);
#9179 = CARTESIAN_POINT('',(-1.375,-0.925,0.));
#9180 = VECTOR('',#9181,1.);
#9181 = DIRECTION('',(0.,0.,1.));
#9182 = ORIENTED_EDGE('',*,*,#9183,.F.);
#9183 = EDGE_CURVE('',#9167,#9176,#9184,.T.);
#9184 = LINE('',#9185,#9186);
#9185 = CARTESIAN_POINT('',(-1.375,-1.4,0.));
#9186 = VECTOR('',#9187,1.);
#9187 = DIRECTION('',(-1.144237745222E-17,1.,0.));
#9188 = PLANE('',#9189);
#9189 = AXIS2_PLACEMENT_3D('',#9190,#9191,#9192);
#9190 = CARTESIAN_POINT('',(-1.375,-1.4,0.));
#9191 = DIRECTION('',(-1.,-1.144237745222E-17,0.));
#9192 = DIRECTION('',(-1.144237745222E-17,1.,0.));
#9193 = ADVANCED_FACE('',(#9194),#9212,.F.);
#9194 = FACE_BOUND('',#9195,.F.);
#9195 = EDGE_LOOP('',(#9196,#9197,#9198,#9206));
#9196 = ORIENTED_EDGE('',*,*,#9175,.T.);
#9197 = ORIENTED_EDGE('',*,*,#8332,.T.);
#9198 = ORIENTED_EDGE('',*,*,#9199,.F.);
#9199 = EDGE_CURVE('',#9200,#8325,#9202,.T.);
#9200 = VERTEX_POINT('',#9201);
#9201 = CARTESIAN_POINT('',(-1.625,-0.925,0.));
#9202 = LINE('',#9203,#9204);
#9203 = CARTESIAN_POINT('',(-1.625,-0.925,0.));
#9204 = VECTOR('',#9205,1.);
#9205 = DIRECTION('',(0.,0.,1.));
#9206 = ORIENTED_EDGE('',*,*,#9207,.F.);
#9207 = EDGE_CURVE('',#9176,#9200,#9208,.T.);
#9208 = LINE('',#9209,#9210);
#9209 = CARTESIAN_POINT('',(-1.375,-0.925,0.));
#9210 = VECTOR('',#9211,1.);
#9211 = DIRECTION('',(-1.,-1.144237745222E-17,0.));
#9212 = PLANE('',#9213);
#9213 = AXIS2_PLACEMENT_3D('',#9214,#9215,#9216);
#9214 = CARTESIAN_POINT('',(-1.375,-0.925,0.));
#9215 = DIRECTION('',(1.144237745222E-17,-1.,0.));
#9216 = DIRECTION('',(-1.,-1.144237745222E-17,0.));
#9217 = ADVANCED_FACE('',(#9218),#9236,.F.);
#9218 = FACE_BOUND('',#9219,.F.);
#9219 = EDGE_LOOP('',(#9220,#9221,#9222,#9230));
#9220 = ORIENTED_EDGE('',*,*,#9199,.T.);
#9221 = ORIENTED_EDGE('',*,*,#8324,.T.);
#9222 = ORIENTED_EDGE('',*,*,#9223,.F.);
#9223 = EDGE_CURVE('',#9224,#8317,#9226,.T.);
#9224 = VERTEX_POINT('',#9225);
#9225 = CARTESIAN_POINT('',(-1.625,-1.4,0.));
#9226 = LINE('',#9227,#9228);
#9227 = CARTESIAN_POINT('',(-1.625,-1.4,0.));
#9228 = VECTOR('',#9229,1.);
#9229 = DIRECTION('',(0.,0.,1.));
#9230 = ORIENTED_EDGE('',*,*,#9231,.F.);
#9231 = EDGE_CURVE('',#9200,#9224,#9232,.T.);
#9232 = LINE('',#9233,#9234);
#9233 = CARTESIAN_POINT('',(-1.625,-0.925,0.));
#9234 = VECTOR('',#9235,1.);
#9235 = DIRECTION('',(1.144237745222E-17,-1.,0.));
#9236 = PLANE('',#9237);
#9237 = AXIS2_PLACEMENT_3D('',#9238,#9239,#9240);
#9238 = CARTESIAN_POINT('',(-1.625,-0.925,0.));
#9239 = DIRECTION('',(1.,1.144237745222E-17,0.));
#9240 = DIRECTION('',(1.144237745222E-17,-1.,0.));
#9241 = ADVANCED_FACE('',(#9242),#9253,.F.);
#9242 = FACE_BOUND('',#9243,.F.);
#9243 = EDGE_LOOP('',(#9244,#9245,#9246,#9247));
#9244 = ORIENTED_EDGE('',*,*,#9223,.T.);
#9245 = ORIENTED_EDGE('',*,*,#8316,.T.);
#9246 = ORIENTED_EDGE('',*,*,#9166,.F.);
#9247 = ORIENTED_EDGE('',*,*,#9248,.F.);
#9248 = EDGE_CURVE('',#9224,#9167,#9249,.T.);
#9249 = LINE('',#9250,#9251);
#9250 = CARTESIAN_POINT('',(-1.625,-1.4,0.));
#9251 = VECTOR('',#9252,1.);
#9252 = DIRECTION('',(1.,1.144237745222E-17,0.));
#9253 = PLANE('',#9254);
#9254 = AXIS2_PLACEMENT_3D('',#9255,#9256,#9257);
#9255 = CARTESIAN_POINT('',(-1.625,-1.4,0.));
#9256 = DIRECTION('',(-1.144237745222E-17,1.,0.));
#9257 = DIRECTION('',(1.,1.144237745222E-17,0.));
#9258 = ADVANCED_FACE('',(#9259),#9284,.F.);
#9259 = FACE_BOUND('',#9260,.F.);
#9260 = EDGE_LOOP('',(#9261,#9269,#9270,#9278));
#9261 = ORIENTED_EDGE('',*,*,#9262,.T.);
#9262 = EDGE_CURVE('',#9263,#8341,#9265,.T.);
#9263 = VERTEX_POINT('',#9264);
#9264 = CARTESIAN_POINT('',(-0.875,-1.4,0.));
#9265 = LINE('',#9266,#9267);
#9266 = CARTESIAN_POINT('',(-0.875,-1.4,0.));
#9267 = VECTOR('',#9268,1.);
#9268 = DIRECTION('',(0.,0.,1.));
#9269 = ORIENTED_EDGE('',*,*,#8340,.T.);
#9270 = ORIENTED_EDGE('',*,*,#9271,.F.);
#9271 = EDGE_CURVE('',#9272,#8343,#9274,.T.);
#9272 = VERTEX_POINT('',#9273);
#9273 = CARTESIAN_POINT('',(-0.875,-0.925,0.));
#9274 = LINE('',#9275,#9276);
#9275 = CARTESIAN_POINT('',(-0.875,-0.925,0.));
#9276 = VECTOR('',#9277,1.);
#9277 = DIRECTION('',(0.,0.,1.));
#9278 = ORIENTED_EDGE('',*,*,#9279,.F.);
#9279 = EDGE_CURVE('',#9263,#9272,#9280,.T.);
#9280 = LINE('',#9281,#9282);
#9281 = CARTESIAN_POINT('',(-0.875,-1.4,0.));
#9282 = VECTOR('',#9283,1.);
#9283 = DIRECTION('',(-1.144237745222E-17,1.,0.));
#9284 = PLANE('',#9285);
#9285 = AXIS2_PLACEMENT_3D('',#9286,#9287,#9288);
#9286 = CARTESIAN_POINT('',(-0.875,-1.4,0.));
#9287 = DIRECTION('',(-1.,-1.144237745222E-17,0.));
#9288 = DIRECTION('',(-1.144237745222E-17,1.,0.));
#9289 = ADVANCED_FACE('',(#9290),#9308,.F.);
#9290 = FACE_BOUND('',#9291,.F.);
#9291 = EDGE_LOOP('',(#9292,#9293,#9294,#9302));
#9292 = ORIENTED_EDGE('',*,*,#9271,.T.);
#9293 = ORIENTED_EDGE('',*,*,#8366,.T.);
#9294 = ORIENTED_EDGE('',*,*,#9295,.F.);
#9295 = EDGE_CURVE('',#9296,#8359,#9298,.T.);
#9296 = VERTEX_POINT('',#9297);
#9297 = CARTESIAN_POINT('',(-1.125,-0.925,0.));
#9298 = LINE('',#9299,#9300);
#9299 = CARTESIAN_POINT('',(-1.125,-0.925,0.));
#9300 = VECTOR('',#9301,1.);
#9301 = DIRECTION('',(0.,0.,1.));
#9302 = ORIENTED_EDGE('',*,*,#9303,.F.);
#9303 = EDGE_CURVE('',#9272,#9296,#9304,.T.);
#9304 = LINE('',#9305,#9306);
#9305 = CARTESIAN_POINT('',(-0.875,-0.925,0.));
#9306 = VECTOR('',#9307,1.);
#9307 = DIRECTION('',(-1.,-1.144237745222E-17,0.));
#9308 = PLANE('',#9309);
#9309 = AXIS2_PLACEMENT_3D('',#9310,#9311,#9312);
#9310 = CARTESIAN_POINT('',(-0.875,-0.925,0.));
#9311 = DIRECTION('',(1.144237745222E-17,-1.,0.));
#9312 = DIRECTION('',(-1.,-1.144237745222E-17,0.));
#9313 = ADVANCED_FACE('',(#9314),#9332,.F.);
#9314 = FACE_BOUND('',#9315,.F.);
#9315 = EDGE_LOOP('',(#9316,#9317,#9318,#9326));
#9316 = ORIENTED_EDGE('',*,*,#9295,.T.);
#9317 = ORIENTED_EDGE('',*,*,#8358,.T.);
#9318 = ORIENTED_EDGE('',*,*,#9319,.F.);
#9319 = EDGE_CURVE('',#9320,#8351,#9322,.T.);
#9320 = VERTEX_POINT('',#9321);
#9321 = CARTESIAN_POINT('',(-1.125,-1.4,0.));
#9322 = LINE('',#9323,#9324);
#9323 = CARTESIAN_POINT('',(-1.125,-1.4,0.));
#9324 = VECTOR('',#9325,1.);
#9325 = DIRECTION('',(0.,0.,1.));
#9326 = ORIENTED_EDGE('',*,*,#9327,.F.);
#9327 = EDGE_CURVE('',#9296,#9320,#9328,.T.);
#9328 = LINE('',#9329,#9330);
#9329 = CARTESIAN_POINT('',(-1.125,-0.925,0.));
#9330 = VECTOR('',#9331,1.);
#9331 = DIRECTION('',(1.144237745222E-17,-1.,0.));
#9332 = PLANE('',#9333);
#9333 = AXIS2_PLACEMENT_3D('',#9334,#9335,#9336);
#9334 = CARTESIAN_POINT('',(-1.125,-0.925,0.));
#9335 = DIRECTION('',(1.,1.144237745222E-17,0.));
#9336 = DIRECTION('',(1.144237745222E-17,-1.,0.));
#9337 = ADVANCED_FACE('',(#9338),#9349,.F.);
#9338 = FACE_BOUND('',#9339,.F.);
#9339 = EDGE_LOOP('',(#9340,#9341,#9342,#9343));
#9340 = ORIENTED_EDGE('',*,*,#9319,.T.);
#9341 = ORIENTED_EDGE('',*,*,#8350,.T.);
#9342 = ORIENTED_EDGE('',*,*,#9262,.F.);
#9343 = ORIENTED_EDGE('',*,*,#9344,.F.);
#9344 = EDGE_CURVE('',#9320,#9263,#9345,.T.);
#9345 = LINE('',#9346,#9347);
#9346 = CARTESIAN_POINT('',(-1.125,-1.4,0.));
#9347 = VECTOR('',#9348,1.);
#9348 = DIRECTION('',(1.,1.144237745222E-17,0.));
#9349 = PLANE('',#9350);
#9350 = AXIS2_PLACEMENT_3D('',#9351,#9352,#9353);
#9351 = CARTESIAN_POINT('',(-1.125,-1.4,0.));
#9352 = DIRECTION('',(-1.144237745222E-17,1.,0.));
#9353 = DIRECTION('',(1.,1.144237745222E-17,0.));
#9354 = ADVANCED_FACE('',(#9355),#9380,.F.);
#9355 = FACE_BOUND('',#9356,.F.);
#9356 = EDGE_LOOP('',(#9357,#9365,#9366,#9374));
#9357 = ORIENTED_EDGE('',*,*,#9358,.T.);
#9358 = EDGE_CURVE('',#9359,#8375,#9361,.T.);
#9359 = VERTEX_POINT('',#9360);
#9360 = CARTESIAN_POINT('',(-0.375,-1.4,0.));
#9361 = LINE('',#9362,#9363);
#9362 = CARTESIAN_POINT('',(-0.375,-1.4,0.));
#9363 = VECTOR('',#9364,1.);
#9364 = DIRECTION('',(0.,0.,1.));
#9365 = ORIENTED_EDGE('',*,*,#8374,.T.);
#9366 = ORIENTED_EDGE('',*,*,#9367,.F.);
#9367 = EDGE_CURVE('',#9368,#8377,#9370,.T.);
#9368 = VERTEX_POINT('',#9369);
#9369 = CARTESIAN_POINT('',(-0.375,-0.925,0.));
#9370 = LINE('',#9371,#9372);
#9371 = CARTESIAN_POINT('',(-0.375,-0.925,0.));
#9372 = VECTOR('',#9373,1.);
#9373 = DIRECTION('',(0.,0.,1.));
#9374 = ORIENTED_EDGE('',*,*,#9375,.F.);
#9375 = EDGE_CURVE('',#9359,#9368,#9376,.T.);
#9376 = LINE('',#9377,#9378);
#9377 = CARTESIAN_POINT('',(-0.375,-1.4,0.));
#9378 = VECTOR('',#9379,1.);
#9379 = DIRECTION('',(-1.144237745222E-17,1.,0.));
#9380 = PLANE('',#9381);
#9381 = AXIS2_PLACEMENT_3D('',#9382,#9383,#9384);
#9382 = CARTESIAN_POINT('',(-0.375,-1.4,0.));
#9383 = DIRECTION('',(-1.,-1.144237745222E-17,0.));
#9384 = DIRECTION('',(-1.144237745222E-17,1.,0.));
#9385 = ADVANCED_FACE('',(#9386),#9404,.F.);
#9386 = FACE_BOUND('',#9387,.F.);
#9387 = EDGE_LOOP('',(#9388,#9389,#9390,#9398));
#9388 = ORIENTED_EDGE('',*,*,#9367,.T.);
#9389 = ORIENTED_EDGE('',*,*,#8400,.T.);
#9390 = ORIENTED_EDGE('',*,*,#9391,.F.);
#9391 = EDGE_CURVE('',#9392,#8393,#9394,.T.);
#9392 = VERTEX_POINT('',#9393);
#9393 = CARTESIAN_POINT('',(-0.625,-0.925,0.));
#9394 = LINE('',#9395,#9396);
#9395 = CARTESIAN_POINT('',(-0.625,-0.925,0.));
#9396 = VECTOR('',#9397,1.);
#9397 = DIRECTION('',(0.,0.,1.));
#9398 = ORIENTED_EDGE('',*,*,#9399,.F.);
#9399 = EDGE_CURVE('',#9368,#9392,#9400,.T.);
#9400 = LINE('',#9401,#9402);
#9401 = CARTESIAN_POINT('',(-0.375,-0.925,0.));
#9402 = VECTOR('',#9403,1.);
#9403 = DIRECTION('',(-1.,-1.144237745222E-17,0.));
#9404 = PLANE('',#9405);
#9405 = AXIS2_PLACEMENT_3D('',#9406,#9407,#9408);
#9406 = CARTESIAN_POINT('',(-0.375,-0.925,0.));
#9407 = DIRECTION('',(1.144237745222E-17,-1.,0.));
#9408 = DIRECTION('',(-1.,-1.144237745222E-17,0.));
#9409 = ADVANCED_FACE('',(#9410),#9428,.F.);
#9410 = FACE_BOUND('',#9411,.F.);
#9411 = EDGE_LOOP('',(#9412,#9413,#9414,#9422));
#9412 = ORIENTED_EDGE('',*,*,#9391,.T.);
#9413 = ORIENTED_EDGE('',*,*,#8392,.T.);
#9414 = ORIENTED_EDGE('',*,*,#9415,.F.);
#9415 = EDGE_CURVE('',#9416,#8385,#9418,.T.);
#9416 = VERTEX_POINT('',#9417);
#9417 = CARTESIAN_POINT('',(-0.625,-1.4,0.));
#9418 = LINE('',#9419,#9420);
#9419 = CARTESIAN_POINT('',(-0.625,-1.4,0.));
#9420 = VECTOR('',#9421,1.);
#9421 = DIRECTION('',(0.,0.,1.));
#9422 = ORIENTED_EDGE('',*,*,#9423,.F.);
#9423 = EDGE_CURVE('',#9392,#9416,#9424,.T.);
#9424 = LINE('',#9425,#9426);
#9425 = CARTESIAN_POINT('',(-0.625,-0.925,0.));
#9426 = VECTOR('',#9427,1.);
#9427 = DIRECTION('',(1.144237745222E-17,-1.,0.));
#9428 = PLANE('',#9429);
#9429 = AXIS2_PLACEMENT_3D('',#9430,#9431,#9432);
#9430 = CARTESIAN_POINT('',(-0.625,-0.925,0.));
#9431 = DIRECTION('',(1.,1.144237745222E-17,0.));
#9432 = DIRECTION('',(1.144237745222E-17,-1.,0.));
#9433 = ADVANCED_FACE('',(#9434),#9445,.F.);
#9434 = FACE_BOUND('',#9435,.F.);
#9435 = EDGE_LOOP('',(#9436,#9437,#9438,#9439));
#9436 = ORIENTED_EDGE('',*,*,#9415,.T.);
#9437 = ORIENTED_EDGE('',*,*,#8384,.T.);
#9438 = ORIENTED_EDGE('',*,*,#9358,.F.);
#9439 = ORIENTED_EDGE('',*,*,#9440,.F.);
#9440 = EDGE_CURVE('',#9416,#9359,#9441,.T.);
#9441 = LINE('',#9442,#9443);
#9442 = CARTESIAN_POINT('',(-0.625,-1.4,0.));
#9443 = VECTOR('',#9444,1.);
#9444 = DIRECTION('',(1.,1.144237745222E-17,0.));
#9445 = PLANE('',#9446);
#9446 = AXIS2_PLACEMENT_3D('',#9447,#9448,#9449);
#9447 = CARTESIAN_POINT('',(-0.625,-1.4,0.));
#9448 = DIRECTION('',(-1.144237745222E-17,1.,0.));
#9449 = DIRECTION('',(1.,1.144237745222E-17,0.));
#9450 = ADVANCED_FACE('',(#9451),#9476,.F.);
#9451 = FACE_BOUND('',#9452,.F.);
#9452 = EDGE_LOOP('',(#9453,#9461,#9462,#9470));
#9453 = ORIENTED_EDGE('',*,*,#9454,.T.);
#9454 = EDGE_CURVE('',#9455,#8409,#9457,.T.);
#9455 = VERTEX_POINT('',#9456);
#9456 = CARTESIAN_POINT('',(0.125,-1.4,0.));
#9457 = LINE('',#9458,#9459);
#9458 = CARTESIAN_POINT('',(0.125,-1.4,0.));
#9459 = VECTOR('',#9460,1.);
#9460 = DIRECTION('',(0.,0.,1.));
#9461 = ORIENTED_EDGE('',*,*,#8408,.T.);
#9462 = ORIENTED_EDGE('',*,*,#9463,.F.);
#9463 = EDGE_CURVE('',#9464,#8411,#9466,.T.);
#9464 = VERTEX_POINT('',#9465);
#9465 = CARTESIAN_POINT('',(0.125,-0.925,0.));
#9466 = LINE('',#9467,#9468);
#9467 = CARTESIAN_POINT('',(0.125,-0.925,0.));
#9468 = VECTOR('',#9469,1.);
#9469 = DIRECTION('',(0.,0.,1.));
#9470 = ORIENTED_EDGE('',*,*,#9471,.F.);
#9471 = EDGE_CURVE('',#9455,#9464,#9472,.T.);
#9472 = LINE('',#9473,#9474);
#9473 = CARTESIAN_POINT('',(0.125,-1.4,0.));
#9474 = VECTOR('',#9475,1.);
#9475 = DIRECTION('',(-1.144237745222E-17,1.,0.));
#9476 = PLANE('',#9477);
#9477 = AXIS2_PLACEMENT_3D('',#9478,#9479,#9480);
#9478 = CARTESIAN_POINT('',(0.125,-1.4,0.));
#9479 = DIRECTION('',(-1.,-1.144237745222E-17,0.));
#9480 = DIRECTION('',(-1.144237745222E-17,1.,0.));
#9481 = ADVANCED_FACE('',(#9482),#9500,.F.);
#9482 = FACE_BOUND('',#9483,.F.);
#9483 = EDGE_LOOP('',(#9484,#9485,#9486,#9494));
#9484 = ORIENTED_EDGE('',*,*,#9463,.T.);
#9485 = ORIENTED_EDGE('',*,*,#8434,.T.);
#9486 = ORIENTED_EDGE('',*,*,#9487,.F.);
#9487 = EDGE_CURVE('',#9488,#8427,#9490,.T.);
#9488 = VERTEX_POINT('',#9489);
#9489 = CARTESIAN_POINT('',(-0.125,-0.925,0.));
#9490 = LINE('',#9491,#9492);
#9491 = CARTESIAN_POINT('',(-0.125,-0.925,0.));
#9492 = VECTOR('',#9493,1.);
#9493 = DIRECTION('',(0.,0.,1.));
#9494 = ORIENTED_EDGE('',*,*,#9495,.F.);
#9495 = EDGE_CURVE('',#9464,#9488,#9496,.T.);
#9496 = LINE('',#9497,#9498);
#9497 = CARTESIAN_POINT('',(0.125,-0.925,0.));
#9498 = VECTOR('',#9499,1.);
#9499 = DIRECTION('',(-1.,-1.144237745222E-17,0.));
#9500 = PLANE('',#9501);
#9501 = AXIS2_PLACEMENT_3D('',#9502,#9503,#9504);
#9502 = CARTESIAN_POINT('',(0.125,-0.925,0.));
#9503 = DIRECTION('',(1.144237745222E-17,-1.,0.));
#9504 = DIRECTION('',(-1.,-1.144237745222E-17,0.));
#9505 = ADVANCED_FACE('',(#9506),#9524,.F.);
#9506 = FACE_BOUND('',#9507,.F.);
#9507 = EDGE_LOOP('',(#9508,#9509,#9510,#9518));
#9508 = ORIENTED_EDGE('',*,*,#9487,.T.);
#9509 = ORIENTED_EDGE('',*,*,#8426,.T.);
#9510 = ORIENTED_EDGE('',*,*,#9511,.F.);
#9511 = EDGE_CURVE('',#9512,#8419,#9514,.T.);
#9512 = VERTEX_POINT('',#9513);
#9513 = CARTESIAN_POINT('',(-0.125,-1.4,0.));
#9514 = LINE('',#9515,#9516);
#9515 = CARTESIAN_POINT('',(-0.125,-1.4,0.));
#9516 = VECTOR('',#9517,1.);
#9517 = DIRECTION('',(0.,0.,1.));
#9518 = ORIENTED_EDGE('',*,*,#9519,.F.);
#9519 = EDGE_CURVE('',#9488,#9512,#9520,.T.);
#9520 = LINE('',#9521,#9522);
#9521 = CARTESIAN_POINT('',(-0.125,-0.925,0.));
#9522 = VECTOR('',#9523,1.);
#9523 = DIRECTION('',(1.144237745222E-17,-1.,0.));
#9524 = PLANE('',#9525);
#9525 = AXIS2_PLACEMENT_3D('',#9526,#9527,#9528);
#9526 = CARTESIAN_POINT('',(-0.125,-0.925,0.));
#9527 = DIRECTION('',(1.,1.144237745222E-17,0.));
#9528 = DIRECTION('',(1.144237745222E-17,-1.,0.));
#9529 = ADVANCED_FACE('',(#9530),#9541,.F.);
#9530 = FACE_BOUND('',#9531,.F.);
#9531 = EDGE_LOOP('',(#9532,#9533,#9534,#9535));
#9532 = ORIENTED_EDGE('',*,*,#9511,.T.);
#9533 = ORIENTED_EDGE('',*,*,#8418,.T.);
#9534 = ORIENTED_EDGE('',*,*,#9454,.F.);
#9535 = ORIENTED_EDGE('',*,*,#9536,.F.);
#9536 = EDGE_CURVE('',#9512,#9455,#9537,.T.);
#9537 = LINE('',#9538,#9539);
#9538 = CARTESIAN_POINT('',(-0.125,-1.4,0.));
#9539 = VECTOR('',#9540,1.);
#9540 = DIRECTION('',(1.,1.144237745222E-17,0.));
#9541 = PLANE('',#9542);
#9542 = AXIS2_PLACEMENT_3D('',#9543,#9544,#9545);
#9543 = CARTESIAN_POINT('',(-0.125,-1.4,0.));
#9544 = DIRECTION('',(-1.144237745222E-17,1.,0.));
#9545 = DIRECTION('',(1.,1.144237745222E-17,0.));
#9546 = ADVANCED_FACE('',(#9547),#9572,.F.);
#9547 = FACE_BOUND('',#9548,.F.);
#9548 = EDGE_LOOP('',(#9549,#9557,#9558,#9566));
#9549 = ORIENTED_EDGE('',*,*,#9550,.T.);
#9550 = EDGE_CURVE('',#9551,#8443,#9553,.T.);
#9551 = VERTEX_POINT('',#9552);
#9552 = CARTESIAN_POINT('',(0.375,1.4,0.));
#9553 = LINE('',#9554,#9555);
#9554 = CARTESIAN_POINT('',(0.375,1.4,0.));
#9555 = VECTOR('',#9556,1.);
#9556 = DIRECTION('',(0.,0.,1.));
#9557 = ORIENTED_EDGE('',*,*,#8442,.T.);
#9558 = ORIENTED_EDGE('',*,*,#9559,.F.);
#9559 = EDGE_CURVE('',#9560,#8445,#9562,.T.);
#9560 = VERTEX_POINT('',#9561);
#9561 = CARTESIAN_POINT('',(0.375,0.925,0.));
#9562 = LINE('',#9563,#9564);
#9563 = CARTESIAN_POINT('',(0.375,0.925,0.));
#9564 = VECTOR('',#9565,1.);
#9565 = DIRECTION('',(0.,0.,1.));
#9566 = ORIENTED_EDGE('',*,*,#9567,.F.);
#9567 = EDGE_CURVE('',#9551,#9560,#9568,.T.);
#9568 = LINE('',#9569,#9570);
#9569 = CARTESIAN_POINT('',(0.375,1.4,0.));
#9570 = VECTOR('',#9571,1.);
#9571 = DIRECTION('',(1.224646799147E-16,-1.,0.));
#9572 = PLANE('',#9573);
#9573 = AXIS2_PLACEMENT_3D('',#9574,#9575,#9576);
#9574 = CARTESIAN_POINT('',(0.375,1.4,0.));
#9575 = DIRECTION('',(1.,1.224646799147E-16,0.));
#9576 = DIRECTION('',(1.224646799147E-16,-1.,0.));
#9577 = ADVANCED_FACE('',(#9578),#9596,.F.);
#9578 = FACE_BOUND('',#9579,.F.);
#9579 = EDGE_LOOP('',(#9580,#9581,#9582,#9590));
#9580 = ORIENTED_EDGE('',*,*,#9559,.T.);
#9581 = ORIENTED_EDGE('',*,*,#8468,.T.);
#9582 = ORIENTED_EDGE('',*,*,#9583,.F.);
#9583 = EDGE_CURVE('',#9584,#8461,#9586,.T.);
#9584 = VERTEX_POINT('',#9585);
#9585 = CARTESIAN_POINT('',(0.625,0.925,0.));
#9586 = LINE('',#9587,#9588);
#9587 = CARTESIAN_POINT('',(0.625,0.925,0.));
#9588 = VECTOR('',#9589,1.);
#9589 = DIRECTION('',(0.,0.,1.));
#9590 = ORIENTED_EDGE('',*,*,#9591,.F.);
#9591 = EDGE_CURVE('',#9560,#9584,#9592,.T.);
#9592 = LINE('',#9593,#9594);
#9593 = CARTESIAN_POINT('',(0.375,0.925,0.));
#9594 = VECTOR('',#9595,1.);
#9595 = DIRECTION('',(1.,1.224646799147E-16,0.));
#9596 = PLANE('',#9597);
#9597 = AXIS2_PLACEMENT_3D('',#9598,#9599,#9600);
#9598 = CARTESIAN_POINT('',(0.375,0.925,0.));
#9599 = DIRECTION('',(-1.224646799147E-16,1.,0.));
#9600 = DIRECTION('',(1.,1.224646799147E-16,0.));
#9601 = ADVANCED_FACE('',(#9602),#9620,.F.);
#9602 = FACE_BOUND('',#9603,.F.);
#9603 = EDGE_LOOP('',(#9604,#9605,#9606,#9614));
#9604 = ORIENTED_EDGE('',*,*,#9583,.T.);
#9605 = ORIENTED_EDGE('',*,*,#8460,.T.);
#9606 = ORIENTED_EDGE('',*,*,#9607,.F.);
#9607 = EDGE_CURVE('',#9608,#8453,#9610,.T.);
#9608 = VERTEX_POINT('',#9609);
#9609 = CARTESIAN_POINT('',(0.625,1.4,0.));
#9610 = LINE('',#9611,#9612);
#9611 = CARTESIAN_POINT('',(0.625,1.4,0.));
#9612 = VECTOR('',#9613,1.);
#9613 = DIRECTION('',(0.,0.,1.));
#9614 = ORIENTED_EDGE('',*,*,#9615,.F.);
#9615 = EDGE_CURVE('',#9584,#9608,#9616,.T.);
#9616 = LINE('',#9617,#9618);
#9617 = CARTESIAN_POINT('',(0.625,0.925,0.));
#9618 = VECTOR('',#9619,1.);
#9619 = DIRECTION('',(-1.224646799147E-16,1.,0.));
#9620 = PLANE('',#9621);
#9621 = AXIS2_PLACEMENT_3D('',#9622,#9623,#9624);
#9622 = CARTESIAN_POINT('',(0.625,0.925,0.));
#9623 = DIRECTION('',(-1.,-1.224646799147E-16,0.));
#9624 = DIRECTION('',(-1.224646799147E-16,1.,0.));
#9625 = ADVANCED_FACE('',(#9626),#9637,.F.);
#9626 = FACE_BOUND('',#9627,.F.);
#9627 = EDGE_LOOP('',(#9628,#9629,#9630,#9631));
#9628 = ORIENTED_EDGE('',*,*,#9607,.T.);
#9629 = ORIENTED_EDGE('',*,*,#8452,.T.);
#9630 = ORIENTED_EDGE('',*,*,#9550,.F.);
#9631 = ORIENTED_EDGE('',*,*,#9632,.F.);
#9632 = EDGE_CURVE('',#9608,#9551,#9633,.T.);
#9633 = LINE('',#9634,#9635);
#9634 = CARTESIAN_POINT('',(0.625,1.4,0.));
#9635 = VECTOR('',#9636,1.);
#9636 = DIRECTION('',(-1.,-1.224646799147E-16,0.));
#9637 = PLANE('',#9638);
#9638 = AXIS2_PLACEMENT_3D('',#9639,#9640,#9641);
#9639 = CARTESIAN_POINT('',(0.625,1.4,0.));
#9640 = DIRECTION('',(1.224646799147E-16,-1.,0.));
#9641 = DIRECTION('',(-1.,-1.224646799147E-16,0.));
#9642 = ADVANCED_FACE('',(#9643),#9668,.F.);
#9643 = FACE_BOUND('',#9644,.F.);
#9644 = EDGE_LOOP('',(#9645,#9653,#9654,#9662));
#9645 = ORIENTED_EDGE('',*,*,#9646,.T.);
#9646 = EDGE_CURVE('',#9647,#8477,#9649,.T.);
#9647 = VERTEX_POINT('',#9648);
#9648 = CARTESIAN_POINT('',(0.875,1.4,0.));
#9649 = LINE('',#9650,#9651);
#9650 = CARTESIAN_POINT('',(0.875,1.4,0.));
#9651 = VECTOR('',#9652,1.);
#9652 = DIRECTION('',(0.,0.,1.));
#9653 = ORIENTED_EDGE('',*,*,#8476,.T.);
#9654 = ORIENTED_EDGE('',*,*,#9655,.F.);
#9655 = EDGE_CURVE('',#9656,#8479,#9658,.T.);
#9656 = VERTEX_POINT('',#9657);
#9657 = CARTESIAN_POINT('',(0.875,0.925,0.));
#9658 = LINE('',#9659,#9660);
#9659 = CARTESIAN_POINT('',(0.875,0.925,0.));
#9660 = VECTOR('',#9661,1.);
#9661 = DIRECTION('',(0.,0.,1.));
#9662 = ORIENTED_EDGE('',*,*,#9663,.F.);
#9663 = EDGE_CURVE('',#9647,#9656,#9664,.T.);
#9664 = LINE('',#9665,#9666);
#9665 = CARTESIAN_POINT('',(0.875,1.4,0.));
#9666 = VECTOR('',#9667,1.);
#9667 = DIRECTION('',(1.224646799147E-16,-1.,0.));
#9668 = PLANE('',#9669);
#9669 = AXIS2_PLACEMENT_3D('',#9670,#9671,#9672);
#9670 = CARTESIAN_POINT('',(0.875,1.4,0.));
#9671 = DIRECTION('',(1.,1.224646799147E-16,0.));
#9672 = DIRECTION('',(1.224646799147E-16,-1.,0.));
#9673 = ADVANCED_FACE('',(#9674),#9692,.F.);
#9674 = FACE_BOUND('',#9675,.F.);
#9675 = EDGE_LOOP('',(#9676,#9677,#9678,#9686));
#9676 = ORIENTED_EDGE('',*,*,#9655,.T.);
#9677 = ORIENTED_EDGE('',*,*,#8502,.T.);
#9678 = ORIENTED_EDGE('',*,*,#9679,.F.);
#9679 = EDGE_CURVE('',#9680,#8495,#9682,.T.);
#9680 = VERTEX_POINT('',#9681);
#9681 = CARTESIAN_POINT('',(1.125,0.925,0.));
#9682 = LINE('',#9683,#9684);
#9683 = CARTESIAN_POINT('',(1.125,0.925,0.));
#9684 = VECTOR('',#9685,1.);
#9685 = DIRECTION('',(0.,0.,1.));
#9686 = ORIENTED_EDGE('',*,*,#9687,.F.);
#9687 = EDGE_CURVE('',#9656,#9680,#9688,.T.);
#9688 = LINE('',#9689,#9690);
#9689 = CARTESIAN_POINT('',(0.875,0.925,0.));
#9690 = VECTOR('',#9691,1.);
#9691 = DIRECTION('',(1.,1.224646799147E-16,0.));
#9692 = PLANE('',#9693);
#9693 = AXIS2_PLACEMENT_3D('',#9694,#9695,#9696);
#9694 = CARTESIAN_POINT('',(0.875,0.925,0.));
#9695 = DIRECTION('',(-1.224646799147E-16,1.,0.));
#9696 = DIRECTION('',(1.,1.224646799147E-16,0.));
#9697 = ADVANCED_FACE('',(#9698),#9716,.F.);
#9698 = FACE_BOUND('',#9699,.F.);
#9699 = EDGE_LOOP('',(#9700,#9701,#9702,#9710));
#9700 = ORIENTED_EDGE('',*,*,#9679,.T.);
#9701 = ORIENTED_EDGE('',*,*,#8494,.T.);
#9702 = ORIENTED_EDGE('',*,*,#9703,.F.);
#9703 = EDGE_CURVE('',#9704,#8487,#9706,.T.);
#9704 = VERTEX_POINT('',#9705);
#9705 = CARTESIAN_POINT('',(1.125,1.4,0.));
#9706 = LINE('',#9707,#9708);
#9707 = CARTESIAN_POINT('',(1.125,1.4,0.));
#9708 = VECTOR('',#9709,1.);
#9709 = DIRECTION('',(0.,0.,1.));
#9710 = ORIENTED_EDGE('',*,*,#9711,.F.);
#9711 = EDGE_CURVE('',#9680,#9704,#9712,.T.);
#9712 = LINE('',#9713,#9714);
#9713 = CARTESIAN_POINT('',(1.125,0.925,0.));
#9714 = VECTOR('',#9715,1.);
#9715 = DIRECTION('',(-1.224646799147E-16,1.,0.));
#9716 = PLANE('',#9717);
#9717 = AXIS2_PLACEMENT_3D('',#9718,#9719,#9720);
#9718 = CARTESIAN_POINT('',(1.125,0.925,0.));
#9719 = DIRECTION('',(-1.,-1.224646799147E-16,0.));
#9720 = DIRECTION('',(-1.224646799147E-16,1.,0.));
#9721 = ADVANCED_FACE('',(#9722),#9733,.F.);
#9722 = FACE_BOUND('',#9723,.F.);
#9723 = EDGE_LOOP('',(#9724,#9725,#9726,#9727));
#9724 = ORIENTED_EDGE('',*,*,#9703,.T.);
#9725 = ORIENTED_EDGE('',*,*,#8486,.T.);
#9726 = ORIENTED_EDGE('',*,*,#9646,.F.);
#9727 = ORIENTED_EDGE('',*,*,#9728,.F.);
#9728 = EDGE_CURVE('',#9704,#9647,#9729,.T.);
#9729 = LINE('',#9730,#9731);
#9730 = CARTESIAN_POINT('',(1.125,1.4,0.));
#9731 = VECTOR('',#9732,1.);
#9732 = DIRECTION('',(-1.,-1.224646799147E-16,0.));
#9733 = PLANE('',#9734);
#9734 = AXIS2_PLACEMENT_3D('',#9735,#9736,#9737);
#9735 = CARTESIAN_POINT('',(1.125,1.4,0.));
#9736 = DIRECTION('',(1.224646799147E-16,-1.,0.));
#9737 = DIRECTION('',(-1.,-1.224646799147E-16,0.));
#9738 = ADVANCED_FACE('',(#9739),#9764,.F.);
#9739 = FACE_BOUND('',#9740,.F.);
#9740 = EDGE_LOOP('',(#9741,#9749,#9750,#9758));
#9741 = ORIENTED_EDGE('',*,*,#9742,.T.);
#9742 = EDGE_CURVE('',#9743,#8511,#9745,.T.);
#9743 = VERTEX_POINT('',#9744);
#9744 = CARTESIAN_POINT('',(1.375,1.4,0.));
#9745 = LINE('',#9746,#9747);
#9746 = CARTESIAN_POINT('',(1.375,1.4,0.));
#9747 = VECTOR('',#9748,1.);
#9748 = DIRECTION('',(0.,0.,1.));
#9749 = ORIENTED_EDGE('',*,*,#8510,.T.);
#9750 = ORIENTED_EDGE('',*,*,#9751,.F.);
#9751 = EDGE_CURVE('',#9752,#8513,#9754,.T.);
#9752 = VERTEX_POINT('',#9753);
#9753 = CARTESIAN_POINT('',(1.375,0.925,0.));
#9754 = LINE('',#9755,#9756);
#9755 = CARTESIAN_POINT('',(1.375,0.925,0.));
#9756 = VECTOR('',#9757,1.);
#9757 = DIRECTION('',(0.,0.,1.));
#9758 = ORIENTED_EDGE('',*,*,#9759,.F.);
#9759 = EDGE_CURVE('',#9743,#9752,#9760,.T.);
#9760 = LINE('',#9761,#9762);
#9761 = CARTESIAN_POINT('',(1.375,1.4,0.));
#9762 = VECTOR('',#9763,1.);
#9763 = DIRECTION('',(1.224646799147E-16,-1.,0.));
#9764 = PLANE('',#9765);
#9765 = AXIS2_PLACEMENT_3D('',#9766,#9767,#9768);
#9766 = CARTESIAN_POINT('',(1.375,1.4,0.));
#9767 = DIRECTION('',(1.,1.224646799147E-16,0.));
#9768 = DIRECTION('',(1.224646799147E-16,-1.,0.));
#9769 = ADVANCED_FACE('',(#9770),#9788,.F.);
#9770 = FACE_BOUND('',#9771,.F.);
#9771 = EDGE_LOOP('',(#9772,#9773,#9774,#9782));
#9772 = ORIENTED_EDGE('',*,*,#9751,.T.);
#9773 = ORIENTED_EDGE('',*,*,#8536,.T.);
#9774 = ORIENTED_EDGE('',*,*,#9775,.F.);
#9775 = EDGE_CURVE('',#9776,#8529,#9778,.T.);
#9776 = VERTEX_POINT('',#9777);
#9777 = CARTESIAN_POINT('',(1.625,0.925,0.));
#9778 = LINE('',#9779,#9780);
#9779 = CARTESIAN_POINT('',(1.625,0.925,0.));
#9780 = VECTOR('',#9781,1.);
#9781 = DIRECTION('',(0.,0.,1.));
#9782 = ORIENTED_EDGE('',*,*,#9783,.F.);
#9783 = EDGE_CURVE('',#9752,#9776,#9784,.T.);
#9784 = LINE('',#9785,#9786);
#9785 = CARTESIAN_POINT('',(1.375,0.925,0.));
#9786 = VECTOR('',#9787,1.);
#9787 = DIRECTION('',(1.,1.224646799147E-16,0.));
#9788 = PLANE('',#9789);
#9789 = AXIS2_PLACEMENT_3D('',#9790,#9791,#9792);
#9790 = CARTESIAN_POINT('',(1.375,0.925,0.));
#9791 = DIRECTION('',(-1.224646799147E-16,1.,0.));
#9792 = DIRECTION('',(1.,1.224646799147E-16,0.));
#9793 = ADVANCED_FACE('',(#9794),#9812,.F.);
#9794 = FACE_BOUND('',#9795,.F.);
#9795 = EDGE_LOOP('',(#9796,#9797,#9798,#9806));
#9796 = ORIENTED_EDGE('',*,*,#9775,.T.);
#9797 = ORIENTED_EDGE('',*,*,#8528,.T.);
#9798 = ORIENTED_EDGE('',*,*,#9799,.F.);
#9799 = EDGE_CURVE('',#9800,#8521,#9802,.T.);
#9800 = VERTEX_POINT('',#9801);
#9801 = CARTESIAN_POINT('',(1.625,1.4,0.));
#9802 = LINE('',#9803,#9804);
#9803 = CARTESIAN_POINT('',(1.625,1.4,0.));
#9804 = VECTOR('',#9805,1.);
#9805 = DIRECTION('',(0.,0.,1.));
#9806 = ORIENTED_EDGE('',*,*,#9807,.F.);
#9807 = EDGE_CURVE('',#9776,#9800,#9808,.T.);
#9808 = LINE('',#9809,#9810);
#9809 = CARTESIAN_POINT('',(1.625,0.925,0.));
#9810 = VECTOR('',#9811,1.);
#9811 = DIRECTION('',(-1.224646799147E-16,1.,0.));
#9812 = PLANE('',#9813);
#9813 = AXIS2_PLACEMENT_3D('',#9814,#9815,#9816);
#9814 = CARTESIAN_POINT('',(1.625,0.925,0.));
#9815 = DIRECTION('',(-1.,-1.224646799147E-16,0.));
#9816 = DIRECTION('',(-1.224646799147E-16,1.,0.));
#9817 = ADVANCED_FACE('',(#9818),#9829,.F.);
#9818 = FACE_BOUND('',#9819,.F.);
#9819 = EDGE_LOOP('',(#9820,#9821,#9822,#9823));
#9820 = ORIENTED_EDGE('',*,*,#9799,.T.);
#9821 = ORIENTED_EDGE('',*,*,#8520,.T.);
#9822 = ORIENTED_EDGE('',*,*,#9742,.F.);
#9823 = ORIENTED_EDGE('',*,*,#9824,.F.);
#9824 = EDGE_CURVE('',#9800,#9743,#9825,.T.);
#9825 = LINE('',#9826,#9827);
#9826 = CARTESIAN_POINT('',(1.625,1.4,0.));
#9827 = VECTOR('',#9828,1.);
#9828 = DIRECTION('',(-1.,-1.224646799147E-16,0.));
#9829 = PLANE('',#9830);
#9830 = AXIS2_PLACEMENT_3D('',#9831,#9832,#9833);
#9831 = CARTESIAN_POINT('',(1.625,1.4,0.));
#9832 = DIRECTION('',(1.224646799147E-16,-1.,0.));
#9833 = DIRECTION('',(-1.,-1.224646799147E-16,0.));
#9834 = ADVANCED_FACE('',(#9835),#9860,.F.);
#9835 = FACE_BOUND('',#9836,.F.);
#9836 = EDGE_LOOP('',(#9837,#9845,#9846,#9854));
#9837 = ORIENTED_EDGE('',*,*,#9838,.T.);
#9838 = EDGE_CURVE('',#9839,#8545,#9841,.T.);
#9839 = VERTEX_POINT('',#9840);
#9840 = CARTESIAN_POINT('',(2.15,0.125,0.));
#9841 = LINE('',#9842,#9843);
#9842 = CARTESIAN_POINT('',(2.15,0.125,0.));
#9843 = VECTOR('',#9844,1.);
#9844 = DIRECTION('',(0.,0.,1.));
#9845 = ORIENTED_EDGE('',*,*,#8544,.T.);
#9846 = ORIENTED_EDGE('',*,*,#9847,.F.);
#9847 = EDGE_CURVE('',#9848,#8547,#9850,.T.);
#9848 = VERTEX_POINT('',#9849);
#9849 = CARTESIAN_POINT('',(1.675,0.125,0.));
#9850 = LINE('',#9851,#9852);
#9851 = CARTESIAN_POINT('',(1.675,0.125,0.));
#9852 = VECTOR('',#9853,1.);
#9853 = DIRECTION('',(0.,0.,1.));
#9854 = ORIENTED_EDGE('',*,*,#9855,.F.);
#9855 = EDGE_CURVE('',#9839,#9848,#9856,.T.);
#9856 = LINE('',#9857,#9858);
#9857 = CARTESIAN_POINT('',(2.15,0.125,0.));
#9858 = VECTOR('',#9859,1.);
#9859 = DIRECTION('',(-1.,-2.334869823773E-16,0.));
#9860 = PLANE('',#9861);
#9861 = AXIS2_PLACEMENT_3D('',#9862,#9863,#9864);
#9862 = CARTESIAN_POINT('',(2.15,0.125,0.));
#9863 = DIRECTION('',(2.334869823773E-16,-1.,0.));
#9864 = DIRECTION('',(-1.,-2.334869823773E-16,0.));
#9865 = ADVANCED_FACE('',(#9866),#9884,.F.);
#9866 = FACE_BOUND('',#9867,.F.);
#9867 = EDGE_LOOP('',(#9868,#9869,#9870,#9878));
#9868 = ORIENTED_EDGE('',*,*,#9847,.T.);
#9869 = ORIENTED_EDGE('',*,*,#8570,.T.);
#9870 = ORIENTED_EDGE('',*,*,#9871,.F.);
#9871 = EDGE_CURVE('',#9872,#8563,#9874,.T.);
#9872 = VERTEX_POINT('',#9873);
#9873 = CARTESIAN_POINT('',(1.675,-0.125,0.));
#9874 = LINE('',#9875,#9876);
#9875 = CARTESIAN_POINT('',(1.675,-0.125,0.));
#9876 = VECTOR('',#9877,1.);
#9877 = DIRECTION('',(0.,0.,1.));
#9878 = ORIENTED_EDGE('',*,*,#9879,.F.);
#9879 = EDGE_CURVE('',#9848,#9872,#9880,.T.);
#9880 = LINE('',#9881,#9882);
#9881 = CARTESIAN_POINT('',(1.675,0.125,0.));
#9882 = VECTOR('',#9883,1.);
#9883 = DIRECTION('',(2.334869823773E-16,-1.,0.));
#9884 = PLANE('',#9885);
#9885 = AXIS2_PLACEMENT_3D('',#9886,#9887,#9888);
#9886 = CARTESIAN_POINT('',(1.675,0.125,0.));
#9887 = DIRECTION('',(1.,2.334869823773E-16,0.));
#9888 = DIRECTION('',(2.334869823773E-16,-1.,0.));
#9889 = ADVANCED_FACE('',(#9890),#9908,.F.);
#9890 = FACE_BOUND('',#9891,.F.);
#9891 = EDGE_LOOP('',(#9892,#9893,#9894,#9902));
#9892 = ORIENTED_EDGE('',*,*,#9871,.T.);
#9893 = ORIENTED_EDGE('',*,*,#8562,.T.);
#9894 = ORIENTED_EDGE('',*,*,#9895,.F.);
#9895 = EDGE_CURVE('',#9896,#8555,#9898,.T.);
#9896 = VERTEX_POINT('',#9897);
#9897 = CARTESIAN_POINT('',(2.15,-0.125,0.));
#9898 = LINE('',#9899,#9900);
#9899 = CARTESIAN_POINT('',(2.15,-0.125,0.));
#9900 = VECTOR('',#9901,1.);
#9901 = DIRECTION('',(0.,0.,1.));
#9902 = ORIENTED_EDGE('',*,*,#9903,.F.);
#9903 = EDGE_CURVE('',#9872,#9896,#9904,.T.);
#9904 = LINE('',#9905,#9906);
#9905 = CARTESIAN_POINT('',(1.675,-0.125,0.));
#9906 = VECTOR('',#9907,1.);
#9907 = DIRECTION('',(1.,2.334869823773E-16,0.));
#9908 = PLANE('',#9909);
#9909 = AXIS2_PLACEMENT_3D('',#9910,#9911,#9912);
#9910 = CARTESIAN_POINT('',(1.675,-0.125,0.));
#9911 = DIRECTION('',(-2.334869823773E-16,1.,0.));
#9912 = DIRECTION('',(1.,2.334869823773E-16,0.));
#9913 = ADVANCED_FACE('',(#9914),#9925,.F.);
#9914 = FACE_BOUND('',#9915,.F.);
#9915 = EDGE_LOOP('',(#9916,#9917,#9918,#9919));
#9916 = ORIENTED_EDGE('',*,*,#9895,.T.);
#9917 = ORIENTED_EDGE('',*,*,#8554,.T.);
#9918 = ORIENTED_EDGE('',*,*,#9838,.F.);
#9919 = ORIENTED_EDGE('',*,*,#9920,.F.);
#9920 = EDGE_CURVE('',#9896,#9839,#9921,.T.);
#9921 = LINE('',#9922,#9923);
#9922 = CARTESIAN_POINT('',(2.15,-0.125,0.));
#9923 = VECTOR('',#9924,1.);
#9924 = DIRECTION('',(-2.334869823773E-16,1.,0.));
#9925 = PLANE('',#9926);
#9926 = AXIS2_PLACEMENT_3D('',#9927,#9928,#9929);
#9927 = CARTESIAN_POINT('',(2.15,-0.125,0.));
#9928 = DIRECTION('',(-1.,-2.334869823773E-16,0.));
#9929 = DIRECTION('',(-2.334869823773E-16,1.,0.));
#9930 = ADVANCED_FACE('',(#9931),#9956,.F.);
#9931 = FACE_BOUND('',#9932,.F.);
#9932 = EDGE_LOOP('',(#9933,#9941,#9942,#9950));
#9933 = ORIENTED_EDGE('',*,*,#9934,.T.);
#9934 = EDGE_CURVE('',#9935,#8579,#9937,.T.);
#9935 = VERTEX_POINT('',#9936);
#9936 = CARTESIAN_POINT('',(0.625,-1.4,0.));
#9937 = LINE('',#9938,#9939);
#9938 = CARTESIAN_POINT('',(0.625,-1.4,0.));
#9939 = VECTOR('',#9940,1.);
#9940 = DIRECTION('',(0.,0.,1.));
#9941 = ORIENTED_EDGE('',*,*,#8578,.T.);
#9942 = ORIENTED_EDGE('',*,*,#9943,.F.);
#9943 = EDGE_CURVE('',#9944,#8581,#9946,.T.);
#9944 = VERTEX_POINT('',#9945);
#9945 = CARTESIAN_POINT('',(0.625,-0.925,0.));
#9946 = LINE('',#9947,#9948);
#9947 = CARTESIAN_POINT('',(0.625,-0.925,0.));
#9948 = VECTOR('',#9949,1.);
#9949 = DIRECTION('',(0.,0.,1.));
#9950 = ORIENTED_EDGE('',*,*,#9951,.F.);
#9951 = EDGE_CURVE('',#9935,#9944,#9952,.T.);
#9952 = LINE('',#9953,#9954);
#9953 = CARTESIAN_POINT('',(0.625,-1.4,0.));
#9954 = VECTOR('',#9955,1.);
#9955 = DIRECTION('',(-1.144237745222E-17,1.,0.));
#9956 = PLANE('',#9957);
#9957 = AXIS2_PLACEMENT_3D('',#9958,#9959,#9960);
#9958 = CARTESIAN_POINT('',(0.625,-1.4,0.));
#9959 = DIRECTION('',(-1.,-1.144237745222E-17,0.));
#9960 = DIRECTION('',(-1.144237745222E-17,1.,0.));
#9961 = ADVANCED_FACE('',(#9962),#9980,.F.);
#9962 = FACE_BOUND('',#9963,.F.);
#9963 = EDGE_LOOP('',(#9964,#9965,#9966,#9974));
#9964 = ORIENTED_EDGE('',*,*,#9943,.T.);
#9965 = ORIENTED_EDGE('',*,*,#8604,.T.);
#9966 = ORIENTED_EDGE('',*,*,#9967,.F.);
#9967 = EDGE_CURVE('',#9968,#8597,#9970,.T.);
#9968 = VERTEX_POINT('',#9969);
#9969 = CARTESIAN_POINT('',(0.375,-0.925,0.));
#9970 = LINE('',#9971,#9972);
#9971 = CARTESIAN_POINT('',(0.375,-0.925,0.));
#9972 = VECTOR('',#9973,1.);
#9973 = DIRECTION('',(0.,0.,1.));
#9974 = ORIENTED_EDGE('',*,*,#9975,.F.);
#9975 = EDGE_CURVE('',#9944,#9968,#9976,.T.);
#9976 = LINE('',#9977,#9978);
#9977 = CARTESIAN_POINT('',(0.625,-0.925,0.));
#9978 = VECTOR('',#9979,1.);
#9979 = DIRECTION('',(-1.,-1.144237745222E-17,0.));
#9980 = PLANE('',#9981);
#9981 = AXIS2_PLACEMENT_3D('',#9982,#9983,#9984);
#9982 = CARTESIAN_POINT('',(0.625,-0.925,0.));
#9983 = DIRECTION('',(1.144237745222E-17,-1.,0.));
#9984 = DIRECTION('',(-1.,-1.144237745222E-17,0.));
#9985 = ADVANCED_FACE('',(#9986),#10004,.F.);
#9986 = FACE_BOUND('',#9987,.F.);
#9987 = EDGE_LOOP('',(#9988,#9989,#9990,#9998));
#9988 = ORIENTED_EDGE('',*,*,#9967,.T.);
#9989 = ORIENTED_EDGE('',*,*,#8596,.T.);
#9990 = ORIENTED_EDGE('',*,*,#9991,.F.);
#9991 = EDGE_CURVE('',#9992,#8589,#9994,.T.);
#9992 = VERTEX_POINT('',#9993);
#9993 = CARTESIAN_POINT('',(0.375,-1.4,0.));
#9994 = LINE('',#9995,#9996);
#9995 = CARTESIAN_POINT('',(0.375,-1.4,0.));
#9996 = VECTOR('',#9997,1.);
#9997 = DIRECTION('',(0.,0.,1.));
#9998 = ORIENTED_EDGE('',*,*,#9999,.F.);
#9999 = EDGE_CURVE('',#9968,#9992,#10000,.T.);
#10000 = LINE('',#10001,#10002);
#10001 = CARTESIAN_POINT('',(0.375,-0.925,0.));
#10002 = VECTOR('',#10003,1.);
#10003 = DIRECTION('',(1.144237745222E-17,-1.,0.));
#10004 = PLANE('',#10005);
#10005 = AXIS2_PLACEMENT_3D('',#10006,#10007,#10008);
#10006 = CARTESIAN_POINT('',(0.375,-0.925,0.));
#10007 = DIRECTION('',(1.,1.144237745222E-17,0.));
#10008 = DIRECTION('',(1.144237745222E-17,-1.,0.));
#10009 = ADVANCED_FACE('',(#10010),#10021,.F.);
#10010 = FACE_BOUND('',#10011,.F.);
#10011 = EDGE_LOOP('',(#10012,#10013,#10014,#10015));
#10012 = ORIENTED_EDGE('',*,*,#9991,.T.);
#10013 = ORIENTED_EDGE('',*,*,#8588,.T.);
#10014 = ORIENTED_EDGE('',*,*,#9934,.F.);
#10015 = ORIENTED_EDGE('',*,*,#10016,.F.);
#10016 = EDGE_CURVE('',#9992,#9935,#10017,.T.);
#10017 = LINE('',#10018,#10019);
#10018 = CARTESIAN_POINT('',(0.375,-1.4,0.));
#10019 = VECTOR('',#10020,1.);
#10020 = DIRECTION('',(1.,1.144237745222E-17,0.));
#10021 = PLANE('',#10022);
#10022 = AXIS2_PLACEMENT_3D('',#10023,#10024,#10025);
#10023 = CARTESIAN_POINT('',(0.375,-1.4,0.));
#10024 = DIRECTION('',(-1.144237745222E-17,1.,0.));
#10025 = DIRECTION('',(1.,1.144237745222E-17,0.));
#10026 = ADVANCED_FACE('',(#10027),#10052,.F.);
#10027 = FACE_BOUND('',#10028,.F.);
#10028 = EDGE_LOOP('',(#10029,#10037,#10038,#10046));
#10029 = ORIENTED_EDGE('',*,*,#10030,.T.);
#10030 = EDGE_CURVE('',#10031,#8613,#10033,.T.);
#10031 = VERTEX_POINT('',#10032);
#10032 = CARTESIAN_POINT('',(1.125,-1.4,0.));
#10033 = LINE('',#10034,#10035);
#10034 = CARTESIAN_POINT('',(1.125,-1.4,0.));
#10035 = VECTOR('',#10036,1.);
#10036 = DIRECTION('',(0.,0.,1.));
#10037 = ORIENTED_EDGE('',*,*,#8612,.T.);
#10038 = ORIENTED_EDGE('',*,*,#10039,.F.);
#10039 = EDGE_CURVE('',#10040,#8615,#10042,.T.);
#10040 = VERTEX_POINT('',#10041);
#10041 = CARTESIAN_POINT('',(1.125,-0.925,0.));
#10042 = LINE('',#10043,#10044);
#10043 = CARTESIAN_POINT('',(1.125,-0.925,0.));
#10044 = VECTOR('',#10045,1.);
#10045 = DIRECTION('',(0.,0.,1.));
#10046 = ORIENTED_EDGE('',*,*,#10047,.F.);
#10047 = EDGE_CURVE('',#10031,#10040,#10048,.T.);
#10048 = LINE('',#10049,#10050);
#10049 = CARTESIAN_POINT('',(1.125,-1.4,0.));
#10050 = VECTOR('',#10051,1.);
#10051 = DIRECTION('',(-1.144237745222E-17,1.,0.));
#10052 = PLANE('',#10053);
#10053 = AXIS2_PLACEMENT_3D('',#10054,#10055,#10056);
#10054 = CARTESIAN_POINT('',(1.125,-1.4,0.));
#10055 = DIRECTION('',(-1.,-1.144237745222E-17,0.));
#10056 = DIRECTION('',(-1.144237745222E-17,1.,0.));
#10057 = ADVANCED_FACE('',(#10058),#10076,.F.);
#10058 = FACE_BOUND('',#10059,.F.);
#10059 = EDGE_LOOP('',(#10060,#10061,#10062,#10070));
#10060 = ORIENTED_EDGE('',*,*,#10039,.T.);
#10061 = ORIENTED_EDGE('',*,*,#8638,.T.);
#10062 = ORIENTED_EDGE('',*,*,#10063,.F.);
#10063 = EDGE_CURVE('',#10064,#8631,#10066,.T.);
#10064 = VERTEX_POINT('',#10065);
#10065 = CARTESIAN_POINT('',(0.875,-0.925,0.));
#10066 = LINE('',#10067,#10068);
#10067 = CARTESIAN_POINT('',(0.875,-0.925,0.));
#10068 = VECTOR('',#10069,1.);
#10069 = DIRECTION('',(0.,0.,1.));
#10070 = ORIENTED_EDGE('',*,*,#10071,.F.);
#10071 = EDGE_CURVE('',#10040,#10064,#10072,.T.);
#10072 = LINE('',#10073,#10074);
#10073 = CARTESIAN_POINT('',(1.125,-0.925,0.));
#10074 = VECTOR('',#10075,1.);
#10075 = DIRECTION('',(-1.,-1.144237745222E-17,0.));
#10076 = PLANE('',#10077);
#10077 = AXIS2_PLACEMENT_3D('',#10078,#10079,#10080);
#10078 = CARTESIAN_POINT('',(1.125,-0.925,0.));
#10079 = DIRECTION('',(1.144237745222E-17,-1.,0.));
#10080 = DIRECTION('',(-1.,-1.144237745222E-17,0.));
#10081 = ADVANCED_FACE('',(#10082),#10100,.F.);
#10082 = FACE_BOUND('',#10083,.F.);
#10083 = EDGE_LOOP('',(#10084,#10085,#10086,#10094));
#10084 = ORIENTED_EDGE('',*,*,#10063,.T.);
#10085 = ORIENTED_EDGE('',*,*,#8630,.T.);
#10086 = ORIENTED_EDGE('',*,*,#10087,.F.);
#10087 = EDGE_CURVE('',#10088,#8623,#10090,.T.);
#10088 = VERTEX_POINT('',#10089);
#10089 = CARTESIAN_POINT('',(0.875,-1.4,0.));
#10090 = LINE('',#10091,#10092);
#10091 = CARTESIAN_POINT('',(0.875,-1.4,0.));
#10092 = VECTOR('',#10093,1.);
#10093 = DIRECTION('',(0.,0.,1.));
#10094 = ORIENTED_EDGE('',*,*,#10095,.F.);
#10095 = EDGE_CURVE('',#10064,#10088,#10096,.T.);
#10096 = LINE('',#10097,#10098);
#10097 = CARTESIAN_POINT('',(0.875,-0.925,0.));
#10098 = VECTOR('',#10099,1.);
#10099 = DIRECTION('',(1.144237745222E-17,-1.,0.));
#10100 = PLANE('',#10101);
#10101 = AXIS2_PLACEMENT_3D('',#10102,#10103,#10104);
#10102 = CARTESIAN_POINT('',(0.875,-0.925,0.));
#10103 = DIRECTION('',(1.,1.144237745222E-17,0.));
#10104 = DIRECTION('',(1.144237745222E-17,-1.,0.));
#10105 = ADVANCED_FACE('',(#10106),#10117,.F.);
#10106 = FACE_BOUND('',#10107,.F.);
#10107 = EDGE_LOOP('',(#10108,#10109,#10110,#10111));
#10108 = ORIENTED_EDGE('',*,*,#10087,.T.);
#10109 = ORIENTED_EDGE('',*,*,#8622,.T.);
#10110 = ORIENTED_EDGE('',*,*,#10030,.F.);
#10111 = ORIENTED_EDGE('',*,*,#10112,.F.);
#10112 = EDGE_CURVE('',#10088,#10031,#10113,.T.);
#10113 = LINE('',#10114,#10115);
#10114 = CARTESIAN_POINT('',(0.875,-1.4,0.));
#10115 = VECTOR('',#10116,1.);
#10116 = DIRECTION('',(1.,1.144237745222E-17,0.));
#10117 = PLANE('',#10118);
#10118 = AXIS2_PLACEMENT_3D('',#10119,#10120,#10121);
#10119 = CARTESIAN_POINT('',(0.875,-1.4,0.));
#10120 = DIRECTION('',(-1.144237745222E-17,1.,0.));
#10121 = DIRECTION('',(1.,1.144237745222E-17,0.));
#10122 = ADVANCED_FACE('',(#10123),#10148,.F.);
#10123 = FACE_BOUND('',#10124,.F.);
#10124 = EDGE_LOOP('',(#10125,#10133,#10134,#10142));
#10125 = ORIENTED_EDGE('',*,*,#10126,.T.);
#10126 = EDGE_CURVE('',#10127,#8647,#10129,.T.);
#10127 = VERTEX_POINT('',#10128);
#10128 = CARTESIAN_POINT('',(1.625,-1.4,0.));
#10129 = LINE('',#10130,#10131);
#10130 = CARTESIAN_POINT('',(1.625,-1.4,0.));
#10131 = VECTOR('',#10132,1.);
#10132 = DIRECTION('',(0.,0.,1.));
#10133 = ORIENTED_EDGE('',*,*,#8646,.T.);
#10134 = ORIENTED_EDGE('',*,*,#10135,.F.);
#10135 = EDGE_CURVE('',#10136,#8649,#10138,.T.);
#10136 = VERTEX_POINT('',#10137);
#10137 = CARTESIAN_POINT('',(1.625,-0.925,0.));
#10138 = LINE('',#10139,#10140);
#10139 = CARTESIAN_POINT('',(1.625,-0.925,0.));
#10140 = VECTOR('',#10141,1.);
#10141 = DIRECTION('',(0.,0.,1.));
#10142 = ORIENTED_EDGE('',*,*,#10143,.F.);
#10143 = EDGE_CURVE('',#10127,#10136,#10144,.T.);
#10144 = LINE('',#10145,#10146);
#10145 = CARTESIAN_POINT('',(1.625,-1.4,0.));
#10146 = VECTOR('',#10147,1.);
#10147 = DIRECTION('',(-1.144237745222E-17,1.,0.));
#10148 = PLANE('',#10149);
#10149 = AXIS2_PLACEMENT_3D('',#10150,#10151,#10152);
#10150 = CARTESIAN_POINT('',(1.625,-1.4,0.));
#10151 = DIRECTION('',(-1.,-1.144237745222E-17,0.));
#10152 = DIRECTION('',(-1.144237745222E-17,1.,0.));
#10153 = ADVANCED_FACE('',(#10154),#10172,.F.);
#10154 = FACE_BOUND('',#10155,.F.);
#10155 = EDGE_LOOP('',(#10156,#10157,#10158,#10166));
#10156 = ORIENTED_EDGE('',*,*,#10135,.T.);
#10157 = ORIENTED_EDGE('',*,*,#8672,.T.);
#10158 = ORIENTED_EDGE('',*,*,#10159,.F.);
#10159 = EDGE_CURVE('',#10160,#8665,#10162,.T.);
#10160 = VERTEX_POINT('',#10161);
#10161 = CARTESIAN_POINT('',(1.375,-0.925,0.));
#10162 = LINE('',#10163,#10164);
#10163 = CARTESIAN_POINT('',(1.375,-0.925,0.));
#10164 = VECTOR('',#10165,1.);
#10165 = DIRECTION('',(0.,0.,1.));
#10166 = ORIENTED_EDGE('',*,*,#10167,.F.);
#10167 = EDGE_CURVE('',#10136,#10160,#10168,.T.);
#10168 = LINE('',#10169,#10170);
#10169 = CARTESIAN_POINT('',(1.625,-0.925,0.));
#10170 = VECTOR('',#10171,1.);
#10171 = DIRECTION('',(-1.,-1.144237745222E-17,0.));
#10172 = PLANE('',#10173);
#10173 = AXIS2_PLACEMENT_3D('',#10174,#10175,#10176);
#10174 = CARTESIAN_POINT('',(1.625,-0.925,0.));
#10175 = DIRECTION('',(1.144237745222E-17,-1.,0.));
#10176 = DIRECTION('',(-1.,-1.144237745222E-17,0.));
#10177 = ADVANCED_FACE('',(#10178),#10196,.F.);
#10178 = FACE_BOUND('',#10179,.F.);
#10179 = EDGE_LOOP('',(#10180,#10181,#10182,#10190));
#10180 = ORIENTED_EDGE('',*,*,#10159,.T.);
#10181 = ORIENTED_EDGE('',*,*,#8664,.T.);
#10182 = ORIENTED_EDGE('',*,*,#10183,.F.);
#10183 = EDGE_CURVE('',#10184,#8657,#10186,.T.);
#10184 = VERTEX_POINT('',#10185);
#10185 = CARTESIAN_POINT('',(1.375,-1.4,0.));
#10186 = LINE('',#10187,#10188);
#10187 = CARTESIAN_POINT('',(1.375,-1.4,0.));
#10188 = VECTOR('',#10189,1.);
#10189 = DIRECTION('',(0.,0.,1.));
#10190 = ORIENTED_EDGE('',*,*,#10191,.F.);
#10191 = EDGE_CURVE('',#10160,#10184,#10192,.T.);
#10192 = LINE('',#10193,#10194);
#10193 = CARTESIAN_POINT('',(1.375,-0.925,0.));
#10194 = VECTOR('',#10195,1.);
#10195 = DIRECTION('',(1.144237745222E-17,-1.,0.));
#10196 = PLANE('',#10197);
#10197 = AXIS2_PLACEMENT_3D('',#10198,#10199,#10200);
#10198 = CARTESIAN_POINT('',(1.375,-0.925,0.));
#10199 = DIRECTION('',(1.,1.144237745222E-17,0.));
#10200 = DIRECTION('',(1.144237745222E-17,-1.,0.));
#10201 = ADVANCED_FACE('',(#10202),#10213,.F.);
#10202 = FACE_BOUND('',#10203,.F.);
#10203 = EDGE_LOOP('',(#10204,#10205,#10206,#10207));
#10204 = ORIENTED_EDGE('',*,*,#10183,.T.);
#10205 = ORIENTED_EDGE('',*,*,#8656,.T.);
#10206 = ORIENTED_EDGE('',*,*,#10126,.F.);
#10207 = ORIENTED_EDGE('',*,*,#10208,.F.);
#10208 = EDGE_CURVE('',#10184,#10127,#10209,.T.);
#10209 = LINE('',#10210,#10211);
#10210 = CARTESIAN_POINT('',(1.375,-1.4,0.));
#10211 = VECTOR('',#10212,1.);
#10212 = DIRECTION('',(1.,1.144237745222E-17,0.));
#10213 = PLANE('',#10214);
#10214 = AXIS2_PLACEMENT_3D('',#10215,#10216,#10217);
#10215 = CARTESIAN_POINT('',(1.375,-1.4,0.));
#10216 = DIRECTION('',(-1.144237745222E-17,1.,0.));
#10217 = DIRECTION('',(1.,1.144237745222E-17,0.));
#10218 = ADVANCED_FACE('',(#10219),#10225,.F.);
#10219 = FACE_BOUND('',#10220,.F.);
#10220 = EDGE_LOOP('',(#10221,#10222,#10223,#10224));
#10221 = ORIENTED_EDGE('',*,*,#8703,.T.);
#10222 = ORIENTED_EDGE('',*,*,#8727,.T.);
#10223 = ORIENTED_EDGE('',*,*,#8751,.T.);
#10224 = ORIENTED_EDGE('',*,*,#8768,.T.);
#10225 = PLANE('',#10226);
#10226 = AXIS2_PLACEMENT_3D('',#10227,#10228,#10229);
#10227 = CARTESIAN_POINT('',(-1.5,1.1625,0.));
#10228 = DIRECTION('',(0.,0.,1.));
#10229 = DIRECTION('',(-1.,-1.224646799147E-16,0.));
#10230 = ADVANCED_FACE('',(#10231),#10237,.F.);
#10231 = FACE_BOUND('',#10232,.F.);
#10232 = EDGE_LOOP('',(#10233,#10234,#10235,#10236));
#10233 = ORIENTED_EDGE('',*,*,#8799,.T.);
#10234 = ORIENTED_EDGE('',*,*,#8823,.T.);
#10235 = ORIENTED_EDGE('',*,*,#8847,.T.);
#10236 = ORIENTED_EDGE('',*,*,#8864,.T.);
#10237 = PLANE('',#10238);
#10238 = AXIS2_PLACEMENT_3D('',#10239,#10240,#10241);
#10239 = CARTESIAN_POINT('',(-1.,1.1625,0.));
#10240 = DIRECTION('',(0.,0.,1.));
#10241 = DIRECTION('',(-1.,-1.224646799147E-16,0.));
#10242 = ADVANCED_FACE('',(#10243),#10249,.F.);
#10243 = FACE_BOUND('',#10244,.F.);
#10244 = EDGE_LOOP('',(#10245,#10246,#10247,#10248));
#10245 = ORIENTED_EDGE('',*,*,#8895,.T.);
#10246 = ORIENTED_EDGE('',*,*,#8919,.T.);
#10247 = ORIENTED_EDGE('',*,*,#8943,.T.);
#10248 = ORIENTED_EDGE('',*,*,#8960,.T.);
#10249 = PLANE('',#10250);
#10250 = AXIS2_PLACEMENT_3D('',#10251,#10252,#10253);
#10251 = CARTESIAN_POINT('',(-0.5,1.1625,0.));
#10252 = DIRECTION('',(0.,0.,1.));
#10253 = DIRECTION('',(-1.,-1.224646799147E-16,0.));
#10254 = ADVANCED_FACE('',(#10255),#10261,.F.);
#10255 = FACE_BOUND('',#10256,.F.);
#10256 = EDGE_LOOP('',(#10257,#10258,#10259,#10260));
#10257 = ORIENTED_EDGE('',*,*,#8991,.T.);
#10258 = ORIENTED_EDGE('',*,*,#9015,.T.);
#10259 = ORIENTED_EDGE('',*,*,#9039,.T.);
#10260 = ORIENTED_EDGE('',*,*,#9056,.T.);
#10261 = PLANE('',#10262);
#10262 = AXIS2_PLACEMENT_3D('',#10263,#10264,#10265);
#10263 = CARTESIAN_POINT('',(-2.464601683284E-16,1.1625,0.));
#10264 = DIRECTION('',(0.,0.,1.));
#10265 = DIRECTION('',(-1.,-1.224646799147E-16,0.));
#10266 = ADVANCED_FACE('',(#10267),#10273,.F.);
#10267 = FACE_BOUND('',#10268,.F.);
#10268 = EDGE_LOOP('',(#10269,#10270,#10271,#10272));
#10269 = ORIENTED_EDGE('',*,*,#9087,.T.);
#10270 = ORIENTED_EDGE('',*,*,#9111,.T.);
#10271 = ORIENTED_EDGE('',*,*,#9135,.T.);
#10272 = ORIENTED_EDGE('',*,*,#9152,.T.);
#10273 = PLANE('',#10274);
#10274 = AXIS2_PLACEMENT_3D('',#10275,#10276,#10277);
#10275 = CARTESIAN_POINT('',(-1.9125,-2.24576621451E-16,0.));
#10276 = DIRECTION('',(0.,0.,1.));
#10277 = DIRECTION('',(1.110223024625E-16,-1.,0.));
#10278 = ADVANCED_FACE('',(#10279),#10285,.F.);
#10279 = FACE_BOUND('',#10280,.F.);
#10280 = EDGE_LOOP('',(#10281,#10282,#10283,#10284));
#10281 = ORIENTED_EDGE('',*,*,#9183,.T.);
#10282 = ORIENTED_EDGE('',*,*,#9207,.T.);
#10283 = ORIENTED_EDGE('',*,*,#9231,.T.);
#10284 = ORIENTED_EDGE('',*,*,#9248,.T.);
#10285 = PLANE('',#10286);
#10286 = AXIS2_PLACEMENT_3D('',#10287,#10288,#10289);
#10287 = CARTESIAN_POINT('',(-1.5,-1.1625,0.));
#10288 = DIRECTION('',(0.,0.,1.));
#10289 = DIRECTION('',(1.,1.144237745222E-17,-0.));
#10290 = ADVANCED_FACE('',(#10291),#10297,.F.);
#10291 = FACE_BOUND('',#10292,.F.);
#10292 = EDGE_LOOP('',(#10293,#10294,#10295,#10296));
#10293 = ORIENTED_EDGE('',*,*,#9279,.T.);
#10294 = ORIENTED_EDGE('',*,*,#9303,.T.);
#10295 = ORIENTED_EDGE('',*,*,#9327,.T.);
#10296 = ORIENTED_EDGE('',*,*,#9344,.T.);
#10297 = PLANE('',#10298);
#10298 = AXIS2_PLACEMENT_3D('',#10299,#10300,#10301);
#10299 = CARTESIAN_POINT('',(-1.,-1.1625,0.));
#10300 = DIRECTION('',(0.,0.,1.));
#10301 = DIRECTION('',(1.,1.144237745222E-17,-0.));
#10302 = ADVANCED_FACE('',(#10303),#10309,.F.);
#10303 = FACE_BOUND('',#10304,.F.);
#10304 = EDGE_LOOP('',(#10305,#10306,#10307,#10308));
#10305 = ORIENTED_EDGE('',*,*,#9375,.T.);
#10306 = ORIENTED_EDGE('',*,*,#9399,.T.);
#10307 = ORIENTED_EDGE('',*,*,#9423,.T.);
#10308 = ORIENTED_EDGE('',*,*,#9440,.T.);
#10309 = PLANE('',#10310);
#10310 = AXIS2_PLACEMENT_3D('',#10311,#10312,#10313);
#10311 = CARTESIAN_POINT('',(-0.5,-1.1625,0.));
#10312 = DIRECTION('',(0.,0.,1.));
#10313 = DIRECTION('',(1.,1.144237745222E-17,-0.));
#10314 = ADVANCED_FACE('',(#10315),#10321,.F.);
#10315 = FACE_BOUND('',#10316,.F.);
#10316 = EDGE_LOOP('',(#10317,#10318,#10319,#10320));
#10317 = ORIENTED_EDGE('',*,*,#9471,.T.);
#10318 = ORIENTED_EDGE('',*,*,#9495,.T.);
#10319 = ORIENTED_EDGE('',*,*,#9519,.T.);
#10320 = ORIENTED_EDGE('',*,*,#9536,.T.);
#10321 = PLANE('',#10322);
#10322 = AXIS2_PLACEMENT_3D('',#10323,#10324,#10325);
#10323 = CARTESIAN_POINT('',(1.173967417157E-16,-1.1625,0.));
#10324 = DIRECTION('',(0.,0.,1.));
#10325 = DIRECTION('',(1.,1.144237745222E-17,-0.));
#10326 = ADVANCED_FACE('',(#10327),#10333,.F.);
#10327 = FACE_BOUND('',#10328,.F.);
#10328 = EDGE_LOOP('',(#10329,#10330,#10331,#10332));
#10329 = ORIENTED_EDGE('',*,*,#9567,.T.);
#10330 = ORIENTED_EDGE('',*,*,#9591,.T.);
#10331 = ORIENTED_EDGE('',*,*,#9615,.T.);
#10332 = ORIENTED_EDGE('',*,*,#9632,.T.);
#10333 = PLANE('',#10334);
#10334 = AXIS2_PLACEMENT_3D('',#10335,#10336,#10337);
#10335 = CARTESIAN_POINT('',(0.5,1.1625,0.));
#10336 = DIRECTION('',(0.,0.,1.));
#10337 = DIRECTION('',(-1.,-1.224646799147E-16,0.));
#10338 = ADVANCED_FACE('',(#10339),#10345,.F.);
#10339 = FACE_BOUND('',#10340,.F.);
#10340 = EDGE_LOOP('',(#10341,#10342,#10343,#10344));
#10341 = ORIENTED_EDGE('',*,*,#9663,.T.);
#10342 = ORIENTED_EDGE('',*,*,#9687,.T.);
#10343 = ORIENTED_EDGE('',*,*,#9711,.T.);
#10344 = ORIENTED_EDGE('',*,*,#9728,.T.);
#10345 = PLANE('',#10346);
#10346 = AXIS2_PLACEMENT_3D('',#10347,#10348,#10349);
#10347 = CARTESIAN_POINT('',(1.,1.1625,0.));
#10348 = DIRECTION('',(0.,0.,1.));
#10349 = DIRECTION('',(-1.,-1.224646799147E-16,0.));
#10350 = ADVANCED_FACE('',(#10351),#10357,.F.);
#10351 = FACE_BOUND('',#10352,.F.);
#10352 = EDGE_LOOP('',(#10353,#10354,#10355,#10356));
#10353 = ORIENTED_EDGE('',*,*,#9759,.T.);
#10354 = ORIENTED_EDGE('',*,*,#9783,.T.);
#10355 = ORIENTED_EDGE('',*,*,#9807,.T.);
#10356 = ORIENTED_EDGE('',*,*,#9824,.T.);
#10357 = PLANE('',#10358);
#10358 = AXIS2_PLACEMENT_3D('',#10359,#10360,#10361);
#10359 = CARTESIAN_POINT('',(1.5,1.1625,0.));
#10360 = DIRECTION('',(0.,0.,1.));
#10361 = DIRECTION('',(-1.,-1.224646799147E-16,0.));
#10362 = ADVANCED_FACE('',(#10363),#10369,.F.);
#10363 = FACE_BOUND('',#10364,.F.);
#10364 = EDGE_LOOP('',(#10365,#10366,#10367,#10368));
#10365 = ORIENTED_EDGE('',*,*,#9855,.T.);
#10366 = ORIENTED_EDGE('',*,*,#9879,.T.);
#10367 = ORIENTED_EDGE('',*,*,#9903,.T.);
#10368 = ORIENTED_EDGE('',*,*,#9920,.T.);
#10369 = PLANE('',#10370);
#10370 = AXIS2_PLACEMENT_3D('',#10371,#10372,#10373);
#10371 = CARTESIAN_POINT('',(1.9125,4.58790321788E-16,0.));
#10372 = DIRECTION('',(0.,0.,1.));
#10373 = DIRECTION('',(-2.334869823773E-16,1.,0.));
#10374 = ADVANCED_FACE('',(#10375),#10381,.F.);
#10375 = FACE_BOUND('',#10376,.F.);
#10376 = EDGE_LOOP('',(#10377,#10378,#10379,#10380));
#10377 = ORIENTED_EDGE('',*,*,#9951,.T.);
#10378 = ORIENTED_EDGE('',*,*,#9975,.T.);
#10379 = ORIENTED_EDGE('',*,*,#9999,.T.);
#10380 = ORIENTED_EDGE('',*,*,#10016,.T.);
#10381 = PLANE('',#10382);
#10382 = AXIS2_PLACEMENT_3D('',#10383,#10384,#10385);
#10383 = CARTESIAN_POINT('',(0.5,-1.1625,0.));
#10384 = DIRECTION('',(0.,0.,1.));
#10385 = DIRECTION('',(1.,1.144237745222E-17,-0.));
#10386 = ADVANCED_FACE('',(#10387),#10393,.F.);
#10387 = FACE_BOUND('',#10388,.F.);
#10388 = EDGE_LOOP('',(#10389,#10390,#10391,#10392));
#10389 = ORIENTED_EDGE('',*,*,#10047,.T.);
#10390 = ORIENTED_EDGE('',*,*,#10071,.T.);
#10391 = ORIENTED_EDGE('',*,*,#10095,.T.);
#10392 = ORIENTED_EDGE('',*,*,#10112,.T.);
#10393 = PLANE('',#10394);
#10394 = AXIS2_PLACEMENT_3D('',#10395,#10396,#10397);
#10395 = CARTESIAN_POINT('',(1.,-1.1625,0.));
#10396 = DIRECTION('',(0.,0.,1.));
#10397 = DIRECTION('',(1.,1.144237745222E-17,-0.));
#10398 = ADVANCED_FACE('',(#10399),#10405,.F.);
#10399 = FACE_BOUND('',#10400,.F.);
#10400 = EDGE_LOOP('',(#10401,#10402,#10403,#10404));
#10401 = ORIENTED_EDGE('',*,*,#10143,.T.);
#10402 = ORIENTED_EDGE('',*,*,#10167,.T.);
#10403 = ORIENTED_EDGE('',*,*,#10191,.T.);
#10404 = ORIENTED_EDGE('',*,*,#10208,.T.);
#10405 = PLANE('',#10406);
#10406 = AXIS2_PLACEMENT_3D('',#10407,#10408,#10409);
#10407 = CARTESIAN_POINT('',(1.5,-1.1625,0.));
#10408 = DIRECTION('',(0.,0.,1.));
#10409 = DIRECTION('',(1.,1.144237745222E-17,-0.));
#10410 = ( GEOMETRIC_REPRESENTATION_CONTEXT(3) 
GLOBAL_UNCERTAINTY_ASSIGNED_CONTEXT((#10414)) 
GLOBAL_UNIT_ASSIGNED_CONTEXT((#10411,#10412,#10413)) 
REPRESENTATION_CONTEXT('Context #1',
  '3D Context with UNIT and UNCERTAINTY') );
#10411 = ( LENGTH_UNIT() NAMED_UNIT(*) SI_UNIT(.MILLI.,.METRE.) );
#10412 = ( NAMED_UNIT(*) PLANE_ANGLE_UNIT() SI_UNIT($,.RADIAN.) );
#10413 = ( NAMED_UNIT(*) SI_UNIT($,.STERADIAN.) SOLID_ANGLE_UNIT() );
#10414 = UNCERTAINTY_MEASURE_WITH_UNIT(LENGTH_MEASURE(1.E-07),#10411,
  'distance_accuracy_value','confusion accuracy');
#10415 = CONTEXT_DEPENDENT_SHAPE_REPRESENTATION(#10416,#10418);
#10416 = ( REPRESENTATION_RELATIONSHIP('','',#7942,#10) 
REPRESENTATION_RELATIONSHIP_WITH_TRANSFORMATION(#10417) 
SHAPE_REPRESENTATION_RELATIONSHIP() );
#10417 = ITEM_DEFINED_TRANSFORMATION('','',#11,#47);
#10418 = PRODUCT_DEFINITION_SHAPE('Placement','Placement of an item',
  #10419);
#10419 = NEXT_ASSEMBLY_USAGE_OCCURRENCE('9','U1','',#5,#7937,$);
#10420 = PRODUCT_RELATED_PRODUCT_CATEGORY('part',$,(#7939));
#10421 = CONTEXT_DEPENDENT_SHAPE_REPRESENTATION(#10422,#10424);
#10422 = ( REPRESENTATION_RELATIONSHIP('','',#76,#10) 
REPRESENTATION_RELATIONSHIP_WITH_TRANSFORMATION(#10423) 
SHAPE_REPRESENTATION_RELATIONSHIP() );
#10423 = ITEM_DEFINED_TRANSFORMATION('','',#11,#51);
#10424 = PRODUCT_DEFINITION_SHAPE('Placement','Placement of an item',
  #10425);
#10425 = NEXT_ASSEMBLY_USAGE_OCCURRENCE('10','R1','',#5,#71,$);
#10426 = CONTEXT_DEPENDENT_SHAPE_REPRESENTATION(#10427,#10429);
#10427 = ( REPRESENTATION_RELATIONSHIP('','',#76,#10) 
REPRESENTATION_RELATIONSHIP_WITH_TRANSFORMATION(#10428) 
SHAPE_REPRESENTATION_RELATIONSHIP() );
#10428 = ITEM_DEFINED_TRANSFORMATION('','',#11,#55);
#10429 = PRODUCT_DEFINITION_SHAPE('Placement','Placement of an item',
  #10430);
#10430 = NEXT_ASSEMBLY_USAGE_OCCURRENCE('11','R3','',#5,#71,$);
#10431 = SHAPE_DEFINITION_REPRESENTATION(#10432,#10438);
#10432 = PRODUCT_DEFINITION_SHAPE('','',#10433);
#10433 = PRODUCT_DEFINITION('design','',#10434,#10437);
#10434 = PRODUCT_DEFINITION_FORMATION('','',#10435);
#10435 = PRODUCT('elec_IMU_PCB','elec_IMU_PCB','',(#10436));
#10436 = PRODUCT_CONTEXT('',#2,'mechanical');
#10437 = PRODUCT_DEFINITION_CONTEXT('part definition',#2,'design');
#10438 = ADVANCED_BREP_SHAPE_REPRESENTATION('',(#11,#10439),#10784);
#10439 = MANIFOLD_SOLID_BREP('',#10440);
#10440 = CLOSED_SHELL('',(#10441,#10481,#10512,#10543,#10615,#10687,
    #10699,#10716,#10733,#10750,#10767));
#10441 = ADVANCED_FACE('',(#10442),#10476,.T.);
#10442 = FACE_BOUND('',#10443,.T.);
#10443 = EDGE_LOOP('',(#10444,#10454,#10462,#10470));
#10444 = ORIENTED_EDGE('',*,*,#10445,.T.);
#10445 = EDGE_CURVE('',#10446,#10448,#10450,.T.);
#10446 = VERTEX_POINT('',#10447);
#10447 = CARTESIAN_POINT('',(20.,-20.,0.));
#10448 = VERTEX_POINT('',#10449);
#10449 = CARTESIAN_POINT('',(20.,-20.,0.84));
#10450 = LINE('',#10451,#10452);
#10451 = CARTESIAN_POINT('',(20.,-20.,0.));
#10452 = VECTOR('',#10453,1.);
#10453 = DIRECTION('',(0.,0.,1.));
#10454 = ORIENTED_EDGE('',*,*,#10455,.T.);
#10455 = EDGE_CURVE('',#10448,#10456,#10458,.T.);
#10456 = VERTEX_POINT('',#10457);
#10457 = CARTESIAN_POINT('',(0.,-20.,0.84));
#10458 = LINE('',#10459,#10460);
#10459 = CARTESIAN_POINT('',(20.,-20.,0.84));
#10460 = VECTOR('',#10461,1.);
#10461 = DIRECTION('',(-1.,0.,0.));
#10462 = ORIENTED_EDGE('',*,*,#10463,.F.);
#10463 = EDGE_CURVE('',#10464,#10456,#10466,.T.);
#10464 = VERTEX_POINT('',#10465);
#10465 = CARTESIAN_POINT('',(0.,-20.,0.));
#10466 = LINE('',#10467,#10468);
#10467 = CARTESIAN_POINT('',(0.,-20.,0.));
#10468 = VECTOR('',#10469,1.);
#10469 = DIRECTION('',(0.,0.,1.));
#10470 = ORIENTED_EDGE('',*,*,#10471,.F.);
#10471 = EDGE_CURVE('',#10446,#10464,#10472,.T.);
#10472 = LINE('',#10473,#10474);
#10473 = CARTESIAN_POINT('',(20.,-20.,0.));
#10474 = VECTOR('',#10475,1.);
#10475 = DIRECTION('',(-1.,0.,0.));
#10476 = PLANE('',#10477);
#10477 = AXIS2_PLACEMENT_3D('',#10478,#10479,#10480);
#10478 = CARTESIAN_POINT('',(20.,-20.,0.));
#10479 = DIRECTION('',(0.,-1.,0.));
#10480 = DIRECTION('',(-1.,0.,0.));
#10481 = ADVANCED_FACE('',(#10482),#10507,.T.);
#10482 = FACE_BOUND('',#10483,.T.);
#10483 = EDGE_LOOP('',(#10484,#10494,#10500,#10501));
#10484 = ORIENTED_EDGE('',*,*,#10485,.T.);
#10485 = EDGE_CURVE('',#10486,#10488,#10490,.T.);
#10486 = VERTEX_POINT('',#10487);
#10487 = CARTESIAN_POINT('',(20.,-0.,0.));
#10488 = VERTEX_POINT('',#10489);
#10489 = CARTESIAN_POINT('',(20.,0.,0.84));
#10490 = LINE('',#10491,#10492);
#10491 = CARTESIAN_POINT('',(20.,-0.,0.));
#10492 = VECTOR('',#10493,1.);
#10493 = DIRECTION('',(0.,0.,1.));
#10494 = ORIENTED_EDGE('',*,*,#10495,.T.);
#10495 = EDGE_CURVE('',#10488,#10448,#10496,.T.);
#10496 = LINE('',#10497,#10498);
#10497 = CARTESIAN_POINT('',(20.,0.,0.84));
#10498 = VECTOR('',#10499,1.);
#10499 = DIRECTION('',(0.,-1.,0.));
#10500 = ORIENTED_EDGE('',*,*,#10445,.F.);
#10501 = ORIENTED_EDGE('',*,*,#10502,.F.);
#10502 = EDGE_CURVE('',#10486,#10446,#10503,.T.);
#10503 = LINE('',#10504,#10505);
#10504 = CARTESIAN_POINT('',(20.,-0.,0.));
#10505 = VECTOR('',#10506,1.);
#10506 = DIRECTION('',(0.,-1.,0.));
#10507 = PLANE('',#10508);
#10508 = AXIS2_PLACEMENT_3D('',#10509,#10510,#10511);
#10509 = CARTESIAN_POINT('',(20.,-0.,0.));
#10510 = DIRECTION('',(1.,0.,-0.));
#10511 = DIRECTION('',(0.,-1.,0.));
#10512 = ADVANCED_FACE('',(#10513),#10538,.T.);
#10513 = FACE_BOUND('',#10514,.T.);
#10514 = EDGE_LOOP('',(#10515,#10516,#10524,#10532));
#10515 = ORIENTED_EDGE('',*,*,#10463,.T.);
#10516 = ORIENTED_EDGE('',*,*,#10517,.T.);
#10517 = EDGE_CURVE('',#10456,#10518,#10520,.T.);
#10518 = VERTEX_POINT('',#10519);
#10519 = CARTESIAN_POINT('',(0.,0.,0.84));
#10520 = LINE('',#10521,#10522);
#10521 = CARTESIAN_POINT('',(0.,-20.,0.84));
#10522 = VECTOR('',#10523,1.);
#10523 = DIRECTION('',(0.,1.,0.));
#10524 = ORIENTED_EDGE('',*,*,#10525,.F.);
#10525 = EDGE_CURVE('',#10526,#10518,#10528,.T.);
#10526 = VERTEX_POINT('',#10527);
#10527 = CARTESIAN_POINT('',(0.,-0.,0.));
#10528 = LINE('',#10529,#10530);
#10529 = CARTESIAN_POINT('',(0.,-0.,0.));
#10530 = VECTOR('',#10531,1.);
#10531 = DIRECTION('',(0.,0.,1.));
#10532 = ORIENTED_EDGE('',*,*,#10533,.F.);
#10533 = EDGE_CURVE('',#10464,#10526,#10534,.T.);
#10534 = LINE('',#10535,#10536);
#10535 = CARTESIAN_POINT('',(0.,-20.,0.));
#10536 = VECTOR('',#10537,1.);
#10537 = DIRECTION('',(0.,1.,0.));
#10538 = PLANE('',#10539);
#10539 = AXIS2_PLACEMENT_3D('',#10540,#10541,#10542);
#10540 = CARTESIAN_POINT('',(0.,-20.,0.));
#10541 = DIRECTION('',(-1.,0.,0.));
#10542 = DIRECTION('',(0.,1.,0.));
#10543 = ADVANCED_FACE('',(#10544,#10555,#10566,#10577,#10588,#10599),
  #10610,.F.);
#10544 = FACE_BOUND('',#10545,.F.);
#10545 = EDGE_LOOP('',(#10546,#10547,#10548,#10554));
#10546 = ORIENTED_EDGE('',*,*,#10471,.F.);
#10547 = ORIENTED_EDGE('',*,*,#10502,.F.);
#10548 = ORIENTED_EDGE('',*,*,#10549,.F.);
#10549 = EDGE_CURVE('',#10526,#10486,#10550,.T.);
#10550 = LINE('',#10551,#10552);
#10551 = CARTESIAN_POINT('',(0.,-0.,0.));
#10552 = VECTOR('',#10553,1.);
#10553 = DIRECTION('',(1.,0.,0.));
#10554 = ORIENTED_EDGE('',*,*,#10533,.F.);
#10555 = FACE_BOUND('',#10556,.F.);
#10556 = EDGE_LOOP('',(#10557));
#10557 = ORIENTED_EDGE('',*,*,#10558,.T.);
#10558 = EDGE_CURVE('',#10559,#10559,#10561,.T.);
#10559 = VERTEX_POINT('',#10560);
#10560 = CARTESIAN_POINT('',(3.,-18.1,0.));
#10561 = CIRCLE('',#10562,1.1);
#10562 = AXIS2_PLACEMENT_3D('',#10563,#10564,#10565);
#10563 = CARTESIAN_POINT('',(3.,-17.,0.));
#10564 = DIRECTION('',(-0.,0.,-1.));
#10565 = DIRECTION('',(-0.,-1.,0.));
#10566 = FACE_BOUND('',#10567,.F.);
#10567 = EDGE_LOOP('',(#10568));
#10568 = ORIENTED_EDGE('',*,*,#10569,.T.);
#10569 = EDGE_CURVE('',#10570,#10570,#10572,.T.);
#10570 = VERTEX_POINT('',#10571);
#10571 = CARTESIAN_POINT('',(16.,-18.,0.));
#10572 = CIRCLE('',#10573,1.);
#10573 = AXIS2_PLACEMENT_3D('',#10574,#10575,#10576);
#10574 = CARTESIAN_POINT('',(16.,-17.,0.));
#10575 = DIRECTION('',(-0.,0.,-1.));
#10576 = DIRECTION('',(-0.,-1.,0.));
#10577 = FACE_BOUND('',#10578,.F.);
#10578 = EDGE_LOOP('',(#10579));
#10579 = ORIENTED_EDGE('',*,*,#10580,.T.);
#10580 = EDGE_CURVE('',#10581,#10581,#10583,.T.);
#10581 = VERTEX_POINT('',#10582);
#10582 = CARTESIAN_POINT('',(3.,-4.,0.));
#10583 = CIRCLE('',#10584,1.);
#10584 = AXIS2_PLACEMENT_3D('',#10585,#10586,#10587);
#10585 = CARTESIAN_POINT('',(3.,-3.,0.));
#10586 = DIRECTION('',(-0.,0.,-1.));
#10587 = DIRECTION('',(-0.,-1.,0.));
#10588 = FACE_BOUND('',#10589,.F.);
#10589 = EDGE_LOOP('',(#10590));
#10590 = ORIENTED_EDGE('',*,*,#10591,.T.);
#10591 = EDGE_CURVE('',#10592,#10592,#10594,.T.);
#10592 = VERTEX_POINT('',#10593);
#10593 = CARTESIAN_POINT('',(10.5,-6.5,0.));
#10594 = CIRCLE('',#10595,0.5);
#10595 = AXIS2_PLACEMENT_3D('',#10596,#10597,#10598);
#10596 = CARTESIAN_POINT('',(10.5,-6.,0.));
#10597 = DIRECTION('',(-0.,0.,-1.));
#10598 = DIRECTION('',(-0.,-1.,0.));
#10599 = FACE_BOUND('',#10600,.F.);
#10600 = EDGE_LOOP('',(#10601));
#10601 = ORIENTED_EDGE('',*,*,#10602,.T.);
#10602 = EDGE_CURVE('',#10603,#10603,#10605,.T.);
#10603 = VERTEX_POINT('',#10604);
#10604 = CARTESIAN_POINT('',(17.,-4.1,0.));
#10605 = CIRCLE('',#10606,1.1);
#10606 = AXIS2_PLACEMENT_3D('',#10607,#10608,#10609);
#10607 = CARTESIAN_POINT('',(17.,-3.,0.));
#10608 = DIRECTION('',(-0.,0.,-1.));
#10609 = DIRECTION('',(-0.,-1.,0.));
#10610 = PLANE('',#10611);
#10611 = AXIS2_PLACEMENT_3D('',#10612,#10613,#10614);
#10612 = CARTESIAN_POINT('',(0.,0.,0.));
#10613 = DIRECTION('',(0.,0.,1.));
#10614 = DIRECTION('',(1.,0.,-0.));
#10615 = ADVANCED_FACE('',(#10616,#10627,#10638,#10649,#10660,#10671),
  #10682,.T.);
#10616 = FACE_BOUND('',#10617,.T.);
#10617 = EDGE_LOOP('',(#10618,#10619,#10620,#10626));
#10618 = ORIENTED_EDGE('',*,*,#10455,.F.);
#10619 = ORIENTED_EDGE('',*,*,#10495,.F.);
#10620 = ORIENTED_EDGE('',*,*,#10621,.F.);
#10621 = EDGE_CURVE('',#10518,#10488,#10622,.T.);
#10622 = LINE('',#10623,#10624);
#10623 = CARTESIAN_POINT('',(0.,0.,0.84));
#10624 = VECTOR('',#10625,1.);
#10625 = DIRECTION('',(1.,0.,0.));
#10626 = ORIENTED_EDGE('',*,*,#10517,.F.);
#10627 = FACE_BOUND('',#10628,.T.);
#10628 = EDGE_LOOP('',(#10629));
#10629 = ORIENTED_EDGE('',*,*,#10630,.T.);
#10630 = EDGE_CURVE('',#10631,#10631,#10633,.T.);
#10631 = VERTEX_POINT('',#10632);
#10632 = CARTESIAN_POINT('',(3.,-18.1,0.84));
#10633 = CIRCLE('',#10634,1.1);
#10634 = AXIS2_PLACEMENT_3D('',#10635,#10636,#10637);
#10635 = CARTESIAN_POINT('',(3.,-17.,0.84));
#10636 = DIRECTION('',(-0.,0.,-1.));
#10637 = DIRECTION('',(-0.,-1.,0.));
#10638 = FACE_BOUND('',#10639,.T.);
#10639 = EDGE_LOOP('',(#10640));
#10640 = ORIENTED_EDGE('',*,*,#10641,.T.);
#10641 = EDGE_CURVE('',#10642,#10642,#10644,.T.);
#10642 = VERTEX_POINT('',#10643);
#10643 = CARTESIAN_POINT('',(16.,-18.,0.84));
#10644 = CIRCLE('',#10645,1.);
#10645 = AXIS2_PLACEMENT_3D('',#10646,#10647,#10648);
#10646 = CARTESIAN_POINT('',(16.,-17.,0.84));
#10647 = DIRECTION('',(-0.,0.,-1.));
#10648 = DIRECTION('',(-0.,-1.,0.));
#10649 = FACE_BOUND('',#10650,.T.);
#10650 = EDGE_LOOP('',(#10651));
#10651 = ORIENTED_EDGE('',*,*,#10652,.T.);
#10652 = EDGE_CURVE('',#10653,#10653,#10655,.T.);
#10653 = VERTEX_POINT('',#10654);
#10654 = CARTESIAN_POINT('',(3.,-4.,0.84));
#10655 = CIRCLE('',#10656,1.);
#10656 = AXIS2_PLACEMENT_3D('',#10657,#10658,#10659);
#10657 = CARTESIAN_POINT('',(3.,-3.,0.84));
#10658 = DIRECTION('',(-0.,0.,-1.));
#10659 = DIRECTION('',(-0.,-1.,0.));
#10660 = FACE_BOUND('',#10661,.T.);
#10661 = EDGE_LOOP('',(#10662));
#10662 = ORIENTED_EDGE('',*,*,#10663,.T.);
#10663 = EDGE_CURVE('',#10664,#10664,#10666,.T.);
#10664 = VERTEX_POINT('',#10665);
#10665 = CARTESIAN_POINT('',(10.5,-6.5,0.84));
#10666 = CIRCLE('',#10667,0.5);
#10667 = AXIS2_PLACEMENT_3D('',#10668,#10669,#10670);
#10668 = CARTESIAN_POINT('',(10.5,-6.,0.84));
#10669 = DIRECTION('',(-0.,0.,-1.));
#10670 = DIRECTION('',(-0.,-1.,0.));
#10671 = FACE_BOUND('',#10672,.T.);
#10672 = EDGE_LOOP('',(#10673));
#10673 = ORIENTED_EDGE('',*,*,#10674,.T.);
#10674 = EDGE_CURVE('',#10675,#10675,#10677,.T.);
#10675 = VERTEX_POINT('',#10676);
#10676 = CARTESIAN_POINT('',(17.,-4.1,0.84));
#10677 = CIRCLE('',#10678,1.1);
#10678 = AXIS2_PLACEMENT_3D('',#10679,#10680,#10681);
#10679 = CARTESIAN_POINT('',(17.,-3.,0.84));
#10680 = DIRECTION('',(-0.,0.,-1.));
#10681 = DIRECTION('',(-0.,-1.,0.));
#10682 = PLANE('',#10683);
#10683 = AXIS2_PLACEMENT_3D('',#10684,#10685,#10686);
#10684 = CARTESIAN_POINT('',(0.,0.,0.84));
#10685 = DIRECTION('',(0.,0.,1.));
#10686 = DIRECTION('',(1.,0.,-0.));
#10687 = ADVANCED_FACE('',(#10688),#10694,.T.);
#10688 = FACE_BOUND('',#10689,.T.);
#10689 = EDGE_LOOP('',(#10690,#10691,#10692,#10693));
#10690 = ORIENTED_EDGE('',*,*,#10525,.T.);
#10691 = ORIENTED_EDGE('',*,*,#10621,.T.);
#10692 = ORIENTED_EDGE('',*,*,#10485,.F.);
#10693 = ORIENTED_EDGE('',*,*,#10549,.F.);
#10694 = PLANE('',#10695);
#10695 = AXIS2_PLACEMENT_3D('',#10696,#10697,#10698);
#10696 = CARTESIAN_POINT('',(0.,0.,0.));
#10697 = DIRECTION('',(0.,1.,0.));
#10698 = DIRECTION('',(1.,0.,0.));
#10699 = ADVANCED_FACE('',(#10700),#10711,.F.);
#10700 = FACE_BOUND('',#10701,.T.);
#10701 = EDGE_LOOP('',(#10702,#10703,#10709,#10710));
#10702 = ORIENTED_EDGE('',*,*,#10558,.T.);
#10703 = ORIENTED_EDGE('',*,*,#10704,.T.);
#10704 = EDGE_CURVE('',#10559,#10631,#10705,.T.);
#10705 = LINE('',#10706,#10707);
#10706 = CARTESIAN_POINT('',(3.,-18.1,-8.1E-02));
#10707 = VECTOR('',#10708,1.);
#10708 = DIRECTION('',(0.,0.,1.));
#10709 = ORIENTED_EDGE('',*,*,#10630,.F.);
#10710 = ORIENTED_EDGE('',*,*,#10704,.F.);
#10711 = CYLINDRICAL_SURFACE('',#10712,1.1);
#10712 = AXIS2_PLACEMENT_3D('',#10713,#10714,#10715);
#10713 = CARTESIAN_POINT('',(3.,-17.,-8.1E-02));
#10714 = DIRECTION('',(-0.,-0.,-1.));
#10715 = DIRECTION('',(-0.,-1.,0.));
#10716 = ADVANCED_FACE('',(#10717),#10728,.F.);
#10717 = FACE_BOUND('',#10718,.T.);
#10718 = EDGE_LOOP('',(#10719,#10720,#10726,#10727));
#10719 = ORIENTED_EDGE('',*,*,#10569,.T.);
#10720 = ORIENTED_EDGE('',*,*,#10721,.T.);
#10721 = EDGE_CURVE('',#10570,#10642,#10722,.T.);
#10722 = LINE('',#10723,#10724);
#10723 = CARTESIAN_POINT('',(16.,-18.,-8.1E-02));
#10724 = VECTOR('',#10725,1.);
#10725 = DIRECTION('',(0.,0.,1.));
#10726 = ORIENTED_EDGE('',*,*,#10641,.F.);
#10727 = ORIENTED_EDGE('',*,*,#10721,.F.);
#10728 = CYLINDRICAL_SURFACE('',#10729,1.);
#10729 = AXIS2_PLACEMENT_3D('',#10730,#10731,#10732);
#10730 = CARTESIAN_POINT('',(16.,-17.,-8.1E-02));
#10731 = DIRECTION('',(-0.,-0.,-1.));
#10732 = DIRECTION('',(-0.,-1.,0.));
#10733 = ADVANCED_FACE('',(#10734),#10745,.F.);
#10734 = FACE_BOUND('',#10735,.T.);
#10735 = EDGE_LOOP('',(#10736,#10737,#10743,#10744));
#10736 = ORIENTED_EDGE('',*,*,#10580,.T.);
#10737 = ORIENTED_EDGE('',*,*,#10738,.T.);
#10738 = EDGE_CURVE('',#10581,#10653,#10739,.T.);
#10739 = LINE('',#10740,#10741);
#10740 = CARTESIAN_POINT('',(3.,-4.,-8.1E-02));
#10741 = VECTOR('',#10742,1.);
#10742 = DIRECTION('',(0.,0.,1.));
#10743 = ORIENTED_EDGE('',*,*,#10652,.F.);
#10744 = ORIENTED_EDGE('',*,*,#10738,.F.);
#10745 = CYLINDRICAL_SURFACE('',#10746,1.);
#10746 = AXIS2_PLACEMENT_3D('',#10747,#10748,#10749);
#10747 = CARTESIAN_POINT('',(3.,-3.,-8.1E-02));
#10748 = DIRECTION('',(-0.,-0.,-1.));
#10749 = DIRECTION('',(-0.,-1.,0.));
#10750 = ADVANCED_FACE('',(#10751),#10762,.F.);
#10751 = FACE_BOUND('',#10752,.T.);
#10752 = EDGE_LOOP('',(#10753,#10754,#10760,#10761));
#10753 = ORIENTED_EDGE('',*,*,#10591,.T.);
#10754 = ORIENTED_EDGE('',*,*,#10755,.T.);
#10755 = EDGE_CURVE('',#10592,#10664,#10756,.T.);
#10756 = LINE('',#10757,#10758);
#10757 = CARTESIAN_POINT('',(10.5,-6.5,-8.1E-02));
#10758 = VECTOR('',#10759,1.);
#10759 = DIRECTION('',(0.,0.,1.));
#10760 = ORIENTED_EDGE('',*,*,#10663,.F.);
#10761 = ORIENTED_EDGE('',*,*,#10755,.F.);
#10762 = CYLINDRICAL_SURFACE('',#10763,0.5);
#10763 = AXIS2_PLACEMENT_3D('',#10764,#10765,#10766);
#10764 = CARTESIAN_POINT('',(10.5,-6.,-8.1E-02));
#10765 = DIRECTION('',(-0.,-0.,-1.));
#10766 = DIRECTION('',(-0.,-1.,0.));
#10767 = ADVANCED_FACE('',(#10768),#10779,.F.);
#10768 = FACE_BOUND('',#10769,.T.);
#10769 = EDGE_LOOP('',(#10770,#10771,#10777,#10778));
#10770 = ORIENTED_EDGE('',*,*,#10602,.T.);
#10771 = ORIENTED_EDGE('',*,*,#10772,.T.);
#10772 = EDGE_CURVE('',#10603,#10675,#10773,.T.);
#10773 = LINE('',#10774,#10775);
#10774 = CARTESIAN_POINT('',(17.,-4.1,-8.1E-02));
#10775 = VECTOR('',#10776,1.);
#10776 = DIRECTION('',(0.,0.,1.));
#10777 = ORIENTED_EDGE('',*,*,#10674,.F.);
#10778 = ORIENTED_EDGE('',*,*,#10772,.F.);
#10779 = CYLINDRICAL_SURFACE('',#10780,1.1);
#10780 = AXIS2_PLACEMENT_3D('',#10781,#10782,#10783);
#10781 = CARTESIAN_POINT('',(17.,-3.,-8.1E-02));
#10782 = DIRECTION('',(-0.,-0.,-1.));
#10783 = DIRECTION('',(-0.,-1.,0.));
#10784 = ( GEOMETRIC_REPRESENTATION_CONTEXT(3) 
GLOBAL_UNCERTAINTY_ASSIGNED_CONTEXT((#10788)) 
GLOBAL_UNIT_ASSIGNED_CONTEXT((#10785,#10786,#10787)) 
REPRESENTATION_CONTEXT('Context #1',
  '3D Context with UNIT and UNCERTAINTY') );
#10785 = ( LENGTH_UNIT() NAMED_UNIT(*) SI_UNIT(.MILLI.,.METRE.) );
#10786 = ( NAMED_UNIT(*) PLANE_ANGLE_UNIT() SI_UNIT($,.RADIAN.) );
#10787 = ( NAMED_UNIT(*) SI_UNIT($,.STERADIAN.) SOLID_ANGLE_UNIT() );
#10788 = UNCERTAINTY_MEASURE_WITH_UNIT(LENGTH_MEASURE(1.E-07),#10785,
  'distance_accuracy_value','confusion accuracy');
#10789 = CONTEXT_DEPENDENT_SHAPE_REPRESENTATION(#10790,#10792);
#10790 = ( REPRESENTATION_RELATIONSHIP('','',#10438,#10) 
REPRESENTATION_RELATIONSHIP_WITH_TRANSFORMATION(#10791) 
SHAPE_REPRESENTATION_RELATIONSHIP() );
#10791 = ITEM_DEFINED_TRANSFORMATION('','',#11,#59);
#10792 = PRODUCT_DEFINITION_SHAPE('Placement','Placement of an item',
  #10793);
#10793 = NEXT_ASSEMBLY_USAGE_OCCURRENCE('12','=>[0:1:1:8]','',#5,#10433,
  $);
#10794 = PRODUCT_RELATED_PRODUCT_CATEGORY('part',$,(#10435));
#10795 = MECHANICAL_DESIGN_GEOMETRIC_PRESENTATION_REPRESENTATION('',(
    #10796),#10784);
#10796 = STYLED_ITEM('color',(#10797),#10439);
#10797 = PRESENTATION_STYLE_ASSIGNMENT((#10798));
#10798 = SURFACE_STYLE_USAGE(.BOTH.,#10799);
#10799 = SURFACE_SIDE_STYLE('',(#10800));
#10800 = SURFACE_STYLE_FILL_AREA(#10801);
#10801 = FILL_AREA_STYLE('',(#10802));
#10802 = FILL_AREA_STYLE_COLOUR('',#10803);
#10803 = COLOUR_RGB('',0.313304153717,0.484529207832,0.410020903123);
ENDSEC;
END-ISO-10303-21;
