ISO-10303-21;
HEADER;
FILE_DESCRIPTION(('KiCad electronic assembly'),'2;1');
FILE_NAME('ASE001189-A1_elec_angle_sensor_STEP.step',
  '2026-03-19T19:51:40',('Pcbnew'),('Kicad'),
  'Open CASCADE STEP processor 7.6','KiCad to STEP converter','Unknown'
  );
FILE_SCHEMA(('AUTOMOTIVE_DESIGN { 1 0 10303 214 1 1 1 1 }'));
ENDSEC;
DATA;
#1 = APPLICATION_PROTOCOL_DEFINITION('international standard',
  'automotive_design',2000,#2);
#2 = APPLICATION_CONTEXT(
  'core data for automotive mechanical design processes');
#3 = SHAPE_DEFINITION_REPRESENTATION(#4,#10);
#4 = PRODUCT_DEFINITION_SHAPE('','',#5);
#5 = PRODUCT_DEFINITION('design','',#6,#9);
#6 = PRODUCT_DEFINITION_FORMATION('','',#7);
#7 = PRODUCT('ASE001189-A1_elec_angle_sensor_STEP 1',
  'ASE001189-A1_elec_angle_sensor_STEP 1','',(#8));
#8 = PRODUCT_CONTEXT('',#2,'mechanical');
#9 = PRODUCT_DEFINITION_CONTEXT('part definition',#2,'design');
#10 = SHAPE_REPRESENTATION('',(#11,#15,#19,#23,#27,#31,#35,#39,#43,#47),
  #51);
#11 = AXIS2_PLACEMENT_3D('',#12,#13,#14);
#12 = CARTESIAN_POINT('',(0.,0.,0.));
#13 = DIRECTION('',(0.,0.,1.));
#14 = DIRECTION('',(1.,0.,-0.));
#15 = AXIS2_PLACEMENT_3D('',#16,#17,#18);
#16 = CARTESIAN_POINT('',(9.5,-7.5,0.96));
#17 = DIRECTION('',(0.,0.,1.));
#18 = DIRECTION('',(1.,0.,0.));
#19 = AXIS2_PLACEMENT_3D('',#20,#21,#22);
#20 = CARTESIAN_POINT('',(3.8,-10.,0.96));
#21 = DIRECTION('',(-0.,0.,1.));
#22 = DIRECTION('',(1.110223024625E-16,-1.,0.));
#23 = AXIS2_PLACEMENT_3D('',#24,#25,#26);
#24 = CARTESIAN_POINT('',(15.9,-10.,0.96));
#25 = DIRECTION('',(0.,-0.,1.));
#26 = DIRECTION('',(1.110223024625E-16,1.,0.));
#27 = AXIS2_PLACEMENT_3D('',#28,#29,#30);
#28 = CARTESIAN_POINT('',(9.2,-13.6,0.96));
#29 = DIRECTION('',(0.,0.,1.));
#30 = DIRECTION('',(1.,0.,0.));
#31 = AXIS2_PLACEMENT_3D('',#32,#33,#34);
#32 = CARTESIAN_POINT('',(11.1,-7.3,0.96));
#33 = DIRECTION('',(-0.,0.,1.));
#34 = DIRECTION('',(1.110223024625E-16,-1.,0.));
#35 = AXIS2_PLACEMENT_3D('',#36,#37,#38);
#36 = CARTESIAN_POINT('',(12.6,-13.8,0.96));
#37 = DIRECTION('',(0.,0.,1.));
#38 = DIRECTION('',(-1.,1.224646799147E-16,0.));
#39 = AXIS2_PLACEMENT_3D('',#40,#41,#42);
#40 = CARTESIAN_POINT('',(10.,-10.,0.96));
#41 = DIRECTION('',(0.,0.,1.));
#42 = DIRECTION('',(1.,0.,0.));
#43 = AXIS2_PLACEMENT_3D('',#44,#45,#46);
#44 = CARTESIAN_POINT('',(10.,-10.,-0.12));
#45 = DIRECTION('',(0.,-1.224646799147E-16,-1.));
#46 = DIRECTION('',(1.,0.,0.));
#47 = AXIS2_PLACEMENT_3D('',#48,#49,#50);
#48 = CARTESIAN_POINT('',(0.,0.,0.));
#49 = DIRECTION('',(0.,0.,1.));
#50 = DIRECTION('',(1.,0.,-0.));
#51 = ( GEOMETRIC_REPRESENTATION_CONTEXT(3) 
GLOBAL_UNCERTAINTY_ASSIGNED_CONTEXT((#55)) GLOBAL_UNIT_ASSIGNED_CONTEXT(
(#52,#53,#54)) REPRESENTATION_CONTEXT('Context #1',
  '3D Context with UNIT and UNCERTAINTY') );
#52 = ( LENGTH_UNIT() NAMED_UNIT(*) SI_UNIT(.MILLI.,.METRE.) );
#53 = ( NAMED_UNIT(*) PLANE_ANGLE_UNIT() SI_UNIT($,.RADIAN.) );
#54 = ( NAMED_UNIT(*) SI_UNIT($,.STERADIAN.) SOLID_ANGLE_UNIT() );
#55 = UNCERTAINTY_MEASURE_WITH_UNIT(LENGTH_MEASURE(1.E-07),#52,
  'distance_accuracy_value','confusion accuracy');
#56 = PRODUCT_RELATED_PRODUCT_CATEGORY('part',$,(#7));
#57 = SHAPE_DEFINITION_REPRESENTATION(#58,#64);
#58 = PRODUCT_DEFINITION_SHAPE('','',#59);
#59 = PRODUCT_DEFINITION('design','',#60,#63);
#60 = PRODUCT_DEFINITION_FORMATION('','',#61);
#61 = PRODUCT('C_0402_1005Metric','C_0402_1005Metric','',(#62));
#62 = PRODUCT_CONTEXT('',#2,'mechanical');
#63 = PRODUCT_DEFINITION_CONTEXT('part definition',#2,'design');
#64 = ADVANCED_BREP_SHAPE_REPRESENTATION('',(#11,#65),#919);
#65 = MANIFOLD_SOLID_BREP('',#66);
#66 = CLOSED_SHELL('',(#67,#143,#174,#199,#224,#248,#272,#297,#322,#339,
    #425,#457,#481,#506,#530,#555,#579,#604,#621,#707,#738,#763,#788,
    #812,#836,#861,#886,#903));
#67 = ADVANCED_FACE('',(#68),#138,.F.);
#68 = FACE_BOUND('',#69,.F.);
#69 = EDGE_LOOP('',(#70,#80,#89,#97,#106,#114,#123,#131));
#70 = ORIENTED_EDGE('',*,*,#71,.F.);
#71 = EDGE_CURVE('',#72,#74,#76,.T.);
#72 = VERTEX_POINT('',#73);
#73 = CARTESIAN_POINT('',(-0.5,-0.25,2.E-02));
#74 = VERTEX_POINT('',#75);
#75 = CARTESIAN_POINT('',(-0.5,-0.25,0.48));
#76 = LINE('',#77,#78);
#77 = CARTESIAN_POINT('',(-0.5,-0.25,0.));
#78 = VECTOR('',#79,1.);
#79 = DIRECTION('',(0.,0.,1.));
#80 = ORIENTED_EDGE('',*,*,#81,.T.);
#81 = EDGE_CURVE('',#72,#82,#84,.T.);
#82 = VERTEX_POINT('',#83);
#83 = CARTESIAN_POINT('',(-0.5,-0.23,0.));
#84 = CIRCLE('',#85,2.E-02);
#85 = AXIS2_PLACEMENT_3D('',#86,#87,#88);
#86 = CARTESIAN_POINT('',(-0.5,-0.23,2.E-02));
#87 = DIRECTION('',(1.,0.,-0.));
#88 = DIRECTION('',(0.,0.,1.));
#89 = ORIENTED_EDGE('',*,*,#90,.T.);
#90 = EDGE_CURVE('',#82,#91,#93,.T.);
#91 = VERTEX_POINT('',#92);
#92 = CARTESIAN_POINT('',(-0.5,0.23,0.));
#93 = LINE('',#94,#95);
#94 = CARTESIAN_POINT('',(-0.5,-0.25,0.));
#95 = VECTOR('',#96,1.);
#96 = DIRECTION('',(0.,1.,0.));
#97 = ORIENTED_EDGE('',*,*,#98,.F.);
#98 = EDGE_CURVE('',#99,#91,#101,.T.);
#99 = VERTEX_POINT('',#100);
#100 = CARTESIAN_POINT('',(-0.5,0.25,2.E-02));
#101 = CIRCLE('',#102,2.E-02);
#102 = AXIS2_PLACEMENT_3D('',#103,#104,#105);
#103 = CARTESIAN_POINT('',(-0.5,0.23,2.E-02));
#104 = DIRECTION('',(-1.,0.,0.));
#105 = DIRECTION('',(0.,0.,1.));
#106 = ORIENTED_EDGE('',*,*,#107,.T.);
#107 = EDGE_CURVE('',#99,#108,#110,.T.);
#108 = VERTEX_POINT('',#109);
#109 = CARTESIAN_POINT('',(-0.5,0.25,0.48));
#110 = LINE('',#111,#112);
#111 = CARTESIAN_POINT('',(-0.5,0.25,0.));
#112 = VECTOR('',#113,1.);
#113 = DIRECTION('',(0.,0.,1.));
#114 = ORIENTED_EDGE('',*,*,#115,.T.);
#115 = EDGE_CURVE('',#108,#116,#118,.T.);
#116 = VERTEX_POINT('',#117);
#117 = CARTESIAN_POINT('',(-0.5,0.23,0.5));
#118 = CIRCLE('',#119,2.E-02);
#119 = AXIS2_PLACEMENT_3D('',#120,#121,#122);
#120 = CARTESIAN_POINT('',(-0.5,0.23,0.48));
#121 = DIRECTION('',(1.,0.,-0.));
#122 = DIRECTION('',(0.,0.,1.));
#123 = ORIENTED_EDGE('',*,*,#124,.F.);
#124 = EDGE_CURVE('',#125,#116,#127,.T.);
#125 = VERTEX_POINT('',#126);
#126 = CARTESIAN_POINT('',(-0.5,-0.23,0.5));
#127 = LINE('',#128,#129);
#128 = CARTESIAN_POINT('',(-0.5,-0.25,0.5));
#129 = VECTOR('',#130,1.);
#130 = DIRECTION('',(0.,1.,0.));
#131 = ORIENTED_EDGE('',*,*,#132,.F.);
#132 = EDGE_CURVE('',#74,#125,#133,.T.);
#133 = CIRCLE('',#134,2.E-02);
#134 = AXIS2_PLACEMENT_3D('',#135,#136,#137);
#135 = CARTESIAN_POINT('',(-0.5,-0.23,0.48));
#136 = DIRECTION('',(-1.,0.,0.));
#137 = DIRECTION('',(0.,0.,1.));
#138 = PLANE('',#139);
#139 = AXIS2_PLACEMENT_3D('',#140,#141,#142);
#140 = CARTESIAN_POINT('',(-0.5,-0.25,0.));
#141 = DIRECTION('',(1.,0.,0.));
#142 = DIRECTION('',(0.,0.,1.));
#143 = ADVANCED_FACE('',(#144),#169,.F.);
#144 = FACE_BOUND('',#145,.F.);
#145 = EDGE_LOOP('',(#146,#156,#162,#163));
#146 = ORIENTED_EDGE('',*,*,#147,.F.);
#147 = EDGE_CURVE('',#148,#150,#152,.T.);
#148 = VERTEX_POINT('',#149);
#149 = CARTESIAN_POINT('',(-0.3,-0.25,2.E-02));
#150 = VERTEX_POINT('',#151);
#151 = CARTESIAN_POINT('',(-0.3,-0.25,0.48));
#152 = LINE('',#153,#154);
#153 = CARTESIAN_POINT('',(-0.3,-0.25,0.));
#154 = VECTOR('',#155,1.);
#155 = DIRECTION('',(0.,0.,1.));
#156 = ORIENTED_EDGE('',*,*,#157,.F.);
#157 = EDGE_CURVE('',#72,#148,#158,.T.);
#158 = LINE('',#159,#160);
#159 = CARTESIAN_POINT('',(-0.5,-0.25,2.E-02));
#160 = VECTOR('',#161,1.);
#161 = DIRECTION('',(1.,0.,0.));
#162 = ORIENTED_EDGE('',*,*,#71,.T.);
#163 = ORIENTED_EDGE('',*,*,#164,.T.);
#164 = EDGE_CURVE('',#74,#150,#165,.T.);
#165 = LINE('',#166,#167);
#166 = CARTESIAN_POINT('',(-0.5,-0.25,0.48));
#167 = VECTOR('',#168,1.);
#168 = DIRECTION('',(1.,0.,0.));
#169 = PLANE('',#170);
#170 = AXIS2_PLACEMENT_3D('',#171,#172,#173);
#171 = CARTESIAN_POINT('',(-0.5,-0.25,0.));
#172 = DIRECTION('',(0.,1.,0.));
#173 = DIRECTION('',(0.,-0.,1.));
#174 = ADVANCED_FACE('',(#175),#194,.T.);
#175 = FACE_BOUND('',#176,.T.);
#176 = EDGE_LOOP('',(#177,#178,#186,#193));
#177 = ORIENTED_EDGE('',*,*,#81,.T.);
#178 = ORIENTED_EDGE('',*,*,#179,.T.);
#179 = EDGE_CURVE('',#82,#180,#182,.T.);
#180 = VERTEX_POINT('',#181);
#181 = CARTESIAN_POINT('',(-0.3,-0.23,0.));
#182 = LINE('',#183,#184);
#183 = CARTESIAN_POINT('',(-0.5,-0.23,0.));
#184 = VECTOR('',#185,1.);
#185 = DIRECTION('',(1.,0.,0.));
#186 = ORIENTED_EDGE('',*,*,#187,.F.);
#187 = EDGE_CURVE('',#148,#180,#188,.T.);
#188 = CIRCLE('',#189,2.E-02);
#189 = AXIS2_PLACEMENT_3D('',#190,#191,#192);
#190 = CARTESIAN_POINT('',(-0.3,-0.23,2.E-02));
#191 = DIRECTION('',(1.,0.,-0.));
#192 = DIRECTION('',(0.,0.,1.));
#193 = ORIENTED_EDGE('',*,*,#157,.F.);
#194 = CYLINDRICAL_SURFACE('',#195,2.E-02);
#195 = AXIS2_PLACEMENT_3D('',#196,#197,#198);
#196 = CARTESIAN_POINT('',(-0.5,-0.23,2.E-02));
#197 = DIRECTION('',(1.,0.,0.));
#198 = DIRECTION('',(0.,-1.,0.));
#199 = ADVANCED_FACE('',(#200),#219,.T.);
#200 = FACE_BOUND('',#201,.T.);
#201 = EDGE_LOOP('',(#202,#203,#212,#218));
#202 = ORIENTED_EDGE('',*,*,#164,.T.);
#203 = ORIENTED_EDGE('',*,*,#204,.T.);
#204 = EDGE_CURVE('',#150,#205,#207,.T.);
#205 = VERTEX_POINT('',#206);
#206 = CARTESIAN_POINT('',(-0.3,-0.23,0.5));
#207 = CIRCLE('',#208,2.E-02);
#208 = AXIS2_PLACEMENT_3D('',#209,#210,#211);
#209 = CARTESIAN_POINT('',(-0.3,-0.23,0.48));
#210 = DIRECTION('',(-1.,0.,0.));
#211 = DIRECTION('',(0.,0.,1.));
#212 = ORIENTED_EDGE('',*,*,#213,.F.);
#213 = EDGE_CURVE('',#125,#205,#214,.T.);
#214 = LINE('',#215,#216);
#215 = CARTESIAN_POINT('',(-0.5,-0.23,0.5));
#216 = VECTOR('',#217,1.);
#217 = DIRECTION('',(1.,0.,0.));
#218 = ORIENTED_EDGE('',*,*,#132,.F.);
#219 = CYLINDRICAL_SURFACE('',#220,2.E-02);
#220 = AXIS2_PLACEMENT_3D('',#221,#222,#223);
#221 = CARTESIAN_POINT('',(-0.5,-0.23,0.48));
#222 = DIRECTION('',(1.,0.,0.));
#223 = DIRECTION('',(0.,-1.,0.));
#224 = ADVANCED_FACE('',(#225),#243,.F.);
#225 = FACE_BOUND('',#226,.F.);
#226 = EDGE_LOOP('',(#227,#228,#229,#237));
#227 = ORIENTED_EDGE('',*,*,#90,.F.);
#228 = ORIENTED_EDGE('',*,*,#179,.T.);
#229 = ORIENTED_EDGE('',*,*,#230,.T.);
#230 = EDGE_CURVE('',#180,#231,#233,.T.);
#231 = VERTEX_POINT('',#232);
#232 = CARTESIAN_POINT('',(-0.3,0.23,0.));
#233 = LINE('',#234,#235);
#234 = CARTESIAN_POINT('',(-0.3,-0.25,0.));
#235 = VECTOR('',#236,1.);
#236 = DIRECTION('',(0.,1.,0.));
#237 = ORIENTED_EDGE('',*,*,#238,.F.);
#238 = EDGE_CURVE('',#91,#231,#239,.T.);
#239 = LINE('',#240,#241);
#240 = CARTESIAN_POINT('',(-0.5,0.23,0.));
#241 = VECTOR('',#242,1.);
#242 = DIRECTION('',(1.,0.,0.));
#243 = PLANE('',#244);
#244 = AXIS2_PLACEMENT_3D('',#245,#246,#247);
#245 = CARTESIAN_POINT('',(-0.5,-0.25,0.));
#246 = DIRECTION('',(0.,0.,1.));
#247 = DIRECTION('',(1.,0.,-0.));
#248 = ADVANCED_FACE('',(#249),#267,.T.);
#249 = FACE_BOUND('',#250,.T.);
#250 = EDGE_LOOP('',(#251,#252,#253,#261));
#251 = ORIENTED_EDGE('',*,*,#124,.F.);
#252 = ORIENTED_EDGE('',*,*,#213,.T.);
#253 = ORIENTED_EDGE('',*,*,#254,.T.);
#254 = EDGE_CURVE('',#205,#255,#257,.T.);
#255 = VERTEX_POINT('',#256);
#256 = CARTESIAN_POINT('',(-0.3,0.23,0.5));
#257 = LINE('',#258,#259);
#258 = CARTESIAN_POINT('',(-0.3,-0.25,0.5));
#259 = VECTOR('',#260,1.);
#260 = DIRECTION('',(0.,1.,0.));
#261 = ORIENTED_EDGE('',*,*,#262,.F.);
#262 = EDGE_CURVE('',#116,#255,#263,.T.);
#263 = LINE('',#264,#265);
#264 = CARTESIAN_POINT('',(-0.5,0.23,0.5));
#265 = VECTOR('',#266,1.);
#266 = DIRECTION('',(1.,0.,0.));
#267 = PLANE('',#268);
#268 = AXIS2_PLACEMENT_3D('',#269,#270,#271);
#269 = CARTESIAN_POINT('',(-0.5,-0.25,0.5));
#270 = DIRECTION('',(0.,0.,1.));
#271 = DIRECTION('',(1.,0.,-0.));
#272 = ADVANCED_FACE('',(#273),#292,.T.);
#273 = FACE_BOUND('',#274,.T.);
#274 = EDGE_LOOP('',(#275,#283,#290,#291));
#275 = ORIENTED_EDGE('',*,*,#276,.T.);
#276 = EDGE_CURVE('',#99,#277,#279,.T.);
#277 = VERTEX_POINT('',#278);
#278 = CARTESIAN_POINT('',(-0.3,0.25,2.E-02));
#279 = LINE('',#280,#281);
#280 = CARTESIAN_POINT('',(-0.5,0.25,2.E-02));
#281 = VECTOR('',#282,1.);
#282 = DIRECTION('',(1.,0.,0.));
#283 = ORIENTED_EDGE('',*,*,#284,.T.);
#284 = EDGE_CURVE('',#277,#231,#285,.T.);
#285 = CIRCLE('',#286,2.E-02);
#286 = AXIS2_PLACEMENT_3D('',#287,#288,#289);
#287 = CARTESIAN_POINT('',(-0.3,0.23,2.E-02));
#288 = DIRECTION('',(-1.,0.,0.));
#289 = DIRECTION('',(0.,0.,1.));
#290 = ORIENTED_EDGE('',*,*,#238,.F.);
#291 = ORIENTED_EDGE('',*,*,#98,.F.);
#292 = CYLINDRICAL_SURFACE('',#293,2.E-02);
#293 = AXIS2_PLACEMENT_3D('',#294,#295,#296);
#294 = CARTESIAN_POINT('',(-0.5,0.23,2.E-02));
#295 = DIRECTION('',(1.,0.,0.));
#296 = DIRECTION('',(-0.,1.,0.));
#297 = ADVANCED_FACE('',(#298),#317,.T.);
#298 = FACE_BOUND('',#299,.T.);
#299 = EDGE_LOOP('',(#300,#301,#302,#311));
#300 = ORIENTED_EDGE('',*,*,#115,.T.);
#301 = ORIENTED_EDGE('',*,*,#262,.T.);
#302 = ORIENTED_EDGE('',*,*,#303,.F.);
#303 = EDGE_CURVE('',#304,#255,#306,.T.);
#304 = VERTEX_POINT('',#305);
#305 = CARTESIAN_POINT('',(-0.3,0.25,0.48));
#306 = CIRCLE('',#307,2.E-02);
#307 = AXIS2_PLACEMENT_3D('',#308,#309,#310);
#308 = CARTESIAN_POINT('',(-0.3,0.23,0.48));
#309 = DIRECTION('',(1.,0.,-0.));
#310 = DIRECTION('',(0.,0.,1.));
#311 = ORIENTED_EDGE('',*,*,#312,.F.);
#312 = EDGE_CURVE('',#108,#304,#313,.T.);
#313 = LINE('',#314,#315);
#314 = CARTESIAN_POINT('',(-0.5,0.25,0.48));
#315 = VECTOR('',#316,1.);
#316 = DIRECTION('',(1.,0.,0.));
#317 = CYLINDRICAL_SURFACE('',#318,2.E-02);
#318 = AXIS2_PLACEMENT_3D('',#319,#320,#321);
#319 = CARTESIAN_POINT('',(-0.5,0.23,0.48));
#320 = DIRECTION('',(1.,0.,0.));
#321 = DIRECTION('',(-0.,1.,0.));
#322 = ADVANCED_FACE('',(#323),#334,.T.);
#323 = FACE_BOUND('',#324,.T.);
#324 = EDGE_LOOP('',(#325,#331,#332,#333));
#325 = ORIENTED_EDGE('',*,*,#326,.F.);
#326 = EDGE_CURVE('',#277,#304,#327,.T.);
#327 = LINE('',#328,#329);
#328 = CARTESIAN_POINT('',(-0.3,0.25,0.));
#329 = VECTOR('',#330,1.);
#330 = DIRECTION('',(0.,0.,1.));
#331 = ORIENTED_EDGE('',*,*,#276,.F.);
#332 = ORIENTED_EDGE('',*,*,#107,.T.);
#333 = ORIENTED_EDGE('',*,*,#312,.T.);
#334 = PLANE('',#335);
#335 = AXIS2_PLACEMENT_3D('',#336,#337,#338);
#336 = CARTESIAN_POINT('',(-0.5,0.25,0.));
#337 = DIRECTION('',(0.,1.,0.));
#338 = DIRECTION('',(0.,-0.,1.));
#339 = ADVANCED_FACE('',(#340,#350),#420,.T.);
#340 = FACE_BOUND('',#341,.T.);
#341 = EDGE_LOOP('',(#342,#343,#344,#345,#346,#347,#348,#349));
#342 = ORIENTED_EDGE('',*,*,#147,.F.);
#343 = ORIENTED_EDGE('',*,*,#187,.T.);
#344 = ORIENTED_EDGE('',*,*,#230,.T.);
#345 = ORIENTED_EDGE('',*,*,#284,.F.);
#346 = ORIENTED_EDGE('',*,*,#326,.T.);
#347 = ORIENTED_EDGE('',*,*,#303,.T.);
#348 = ORIENTED_EDGE('',*,*,#254,.F.);
#349 = ORIENTED_EDGE('',*,*,#204,.F.);
#350 = FACE_BOUND('',#351,.T.);
#351 = EDGE_LOOP('',(#352,#363,#371,#380,#388,#397,#405,#414));
#352 = ORIENTED_EDGE('',*,*,#353,.F.);
#353 = EDGE_CURVE('',#354,#356,#358,.T.);
#354 = VERTEX_POINT('',#355);
#355 = CARTESIAN_POINT('',(-0.3,-0.23,4.E-02));
#356 = VERTEX_POINT('',#357);
#357 = CARTESIAN_POINT('',(-0.3,-0.21,2.E-02));
#358 = CIRCLE('',#359,2.E-02);
#359 = AXIS2_PLACEMENT_3D('',#360,#361,#362);
#360 = CARTESIAN_POINT('',(-0.3,-0.21,4.E-02));
#361 = DIRECTION('',(1.,0.,-0.));
#362 = DIRECTION('',(0.,0.,1.));
#363 = ORIENTED_EDGE('',*,*,#364,.T.);
#364 = EDGE_CURVE('',#354,#365,#367,.T.);
#365 = VERTEX_POINT('',#366);
#366 = CARTESIAN_POINT('',(-0.3,-0.23,0.46));
#367 = LINE('',#368,#369);
#368 = CARTESIAN_POINT('',(-0.3,-0.23,2.E-02));
#369 = VECTOR('',#370,1.);
#370 = DIRECTION('',(0.,0.,1.));
#371 = ORIENTED_EDGE('',*,*,#372,.T.);
#372 = EDGE_CURVE('',#365,#373,#375,.T.);
#373 = VERTEX_POINT('',#374);
#374 = CARTESIAN_POINT('',(-0.3,-0.21,0.48));
#375 = CIRCLE('',#376,2.E-02);
#376 = AXIS2_PLACEMENT_3D('',#377,#378,#379);
#377 = CARTESIAN_POINT('',(-0.3,-0.21,0.46));
#378 = DIRECTION('',(-1.,0.,0.));
#379 = DIRECTION('',(0.,0.,1.));
#380 = ORIENTED_EDGE('',*,*,#381,.T.);
#381 = EDGE_CURVE('',#373,#382,#384,.T.);
#382 = VERTEX_POINT('',#383);
#383 = CARTESIAN_POINT('',(-0.3,0.21,0.48));
#384 = LINE('',#385,#386);
#385 = CARTESIAN_POINT('',(-0.3,-0.23,0.48));
#386 = VECTOR('',#387,1.);
#387 = DIRECTION('',(0.,1.,0.));
#388 = ORIENTED_EDGE('',*,*,#389,.F.);
#389 = EDGE_CURVE('',#390,#382,#392,.T.);
#390 = VERTEX_POINT('',#391);
#391 = CARTESIAN_POINT('',(-0.3,0.23,0.46));
#392 = CIRCLE('',#393,2.E-02);
#393 = AXIS2_PLACEMENT_3D('',#394,#395,#396);
#394 = CARTESIAN_POINT('',(-0.3,0.21,0.46));
#395 = DIRECTION('',(1.,0.,-0.));
#396 = DIRECTION('',(0.,0.,1.));
#397 = ORIENTED_EDGE('',*,*,#398,.F.);
#398 = EDGE_CURVE('',#399,#390,#401,.T.);
#399 = VERTEX_POINT('',#400);
#400 = CARTESIAN_POINT('',(-0.3,0.23,4.E-02));
#401 = LINE('',#402,#403);
#402 = CARTESIAN_POINT('',(-0.3,0.23,2.E-02));
#403 = VECTOR('',#404,1.);
#404 = DIRECTION('',(0.,0.,1.));
#405 = ORIENTED_EDGE('',*,*,#406,.T.);
#406 = EDGE_CURVE('',#399,#407,#409,.T.);
#407 = VERTEX_POINT('',#408);
#408 = CARTESIAN_POINT('',(-0.3,0.21,2.E-02));
#409 = CIRCLE('',#410,2.E-02);
#410 = AXIS2_PLACEMENT_3D('',#411,#412,#413);
#411 = CARTESIAN_POINT('',(-0.3,0.21,4.E-02));
#412 = DIRECTION('',(-1.,0.,0.));
#413 = DIRECTION('',(0.,0.,1.));
#414 = ORIENTED_EDGE('',*,*,#415,.F.);
#415 = EDGE_CURVE('',#356,#407,#416,.T.);
#416 = LINE('',#417,#418);
#417 = CARTESIAN_POINT('',(-0.3,-0.23,2.E-02));
#418 = VECTOR('',#419,1.);
#419 = DIRECTION('',(0.,1.,0.));
#420 = PLANE('',#421);
#421 = AXIS2_PLACEMENT_3D('',#422,#423,#424);
#422 = CARTESIAN_POINT('',(-0.3,-0.25,0.));
#423 = DIRECTION('',(1.,0.,0.));
#424 = DIRECTION('',(0.,0.,1.));
#425 = ADVANCED_FACE('',(#426),#452,.T.);
#426 = FACE_BOUND('',#427,.T.);
#427 = EDGE_LOOP('',(#428,#429,#437,#446));
#428 = ORIENTED_EDGE('',*,*,#353,.T.);
#429 = ORIENTED_EDGE('',*,*,#430,.T.);
#430 = EDGE_CURVE('',#356,#431,#433,.T.);
#431 = VERTEX_POINT('',#432);
#432 = CARTESIAN_POINT('',(0.3,-0.21,2.E-02));
#433 = LINE('',#434,#435);
#434 = CARTESIAN_POINT('',(-0.3,-0.21,2.E-02));
#435 = VECTOR('',#436,1.);
#436 = DIRECTION('',(1.,0.,0.));
#437 = ORIENTED_EDGE('',*,*,#438,.F.);
#438 = EDGE_CURVE('',#439,#431,#441,.T.);
#439 = VERTEX_POINT('',#440);
#440 = CARTESIAN_POINT('',(0.3,-0.23,4.E-02));
#441 = CIRCLE('',#442,2.E-02);
#442 = AXIS2_PLACEMENT_3D('',#443,#444,#445);
#443 = CARTESIAN_POINT('',(0.3,-0.21,4.E-02));
#444 = DIRECTION('',(1.,0.,-0.));
#445 = DIRECTION('',(0.,0.,1.));
#446 = ORIENTED_EDGE('',*,*,#447,.F.);
#447 = EDGE_CURVE('',#354,#439,#448,.T.);
#448 = LINE('',#449,#450);
#449 = CARTESIAN_POINT('',(-0.3,-0.23,4.E-02));
#450 = VECTOR('',#451,1.);
#451 = DIRECTION('',(1.,0.,0.));
#452 = CYLINDRICAL_SURFACE('',#453,2.E-02);
#453 = AXIS2_PLACEMENT_3D('',#454,#455,#456);
#454 = CARTESIAN_POINT('',(-0.3,-0.21,4.E-02));
#455 = DIRECTION('',(1.,0.,0.));
#456 = DIRECTION('',(0.,-1.,0.));
#457 = ADVANCED_FACE('',(#458),#476,.F.);
#458 = FACE_BOUND('',#459,.F.);
#459 = EDGE_LOOP('',(#460,#461,#462,#470));
#460 = ORIENTED_EDGE('',*,*,#415,.F.);
#461 = ORIENTED_EDGE('',*,*,#430,.T.);
#462 = ORIENTED_EDGE('',*,*,#463,.T.);
#463 = EDGE_CURVE('',#431,#464,#466,.T.);
#464 = VERTEX_POINT('',#465);
#465 = CARTESIAN_POINT('',(0.3,0.21,2.E-02));
#466 = LINE('',#467,#468);
#467 = CARTESIAN_POINT('',(0.3,-0.23,2.E-02));
#468 = VECTOR('',#469,1.);
#469 = DIRECTION('',(0.,1.,0.));
#470 = ORIENTED_EDGE('',*,*,#471,.F.);
#471 = EDGE_CURVE('',#407,#464,#472,.T.);
#472 = LINE('',#473,#474);
#473 = CARTESIAN_POINT('',(-0.3,0.21,2.E-02));
#474 = VECTOR('',#475,1.);
#475 = DIRECTION('',(1.,0.,0.));
#476 = PLANE('',#477);
#477 = AXIS2_PLACEMENT_3D('',#478,#479,#480);
#478 = CARTESIAN_POINT('',(-0.3,-0.23,2.E-02));
#479 = DIRECTION('',(0.,0.,1.));
#480 = DIRECTION('',(1.,0.,-0.));
#481 = ADVANCED_FACE('',(#482),#501,.T.);
#482 = FACE_BOUND('',#483,.T.);
#483 = EDGE_LOOP('',(#484,#492,#499,#500));
#484 = ORIENTED_EDGE('',*,*,#485,.T.);
#485 = EDGE_CURVE('',#399,#486,#488,.T.);
#486 = VERTEX_POINT('',#487);
#487 = CARTESIAN_POINT('',(0.3,0.23,4.E-02));
#488 = LINE('',#489,#490);
#489 = CARTESIAN_POINT('',(-0.3,0.23,4.E-02));
#490 = VECTOR('',#491,1.);
#491 = DIRECTION('',(1.,0.,0.));
#492 = ORIENTED_EDGE('',*,*,#493,.T.);
#493 = EDGE_CURVE('',#486,#464,#494,.T.);
#494 = CIRCLE('',#495,2.E-02);
#495 = AXIS2_PLACEMENT_3D('',#496,#497,#498);
#496 = CARTESIAN_POINT('',(0.3,0.21,4.E-02));
#497 = DIRECTION('',(-1.,0.,0.));
#498 = DIRECTION('',(0.,0.,1.));
#499 = ORIENTED_EDGE('',*,*,#471,.F.);
#500 = ORIENTED_EDGE('',*,*,#406,.F.);
#501 = CYLINDRICAL_SURFACE('',#502,2.E-02);
#502 = AXIS2_PLACEMENT_3D('',#503,#504,#505);
#503 = CARTESIAN_POINT('',(-0.3,0.21,4.E-02));
#504 = DIRECTION('',(1.,0.,0.));
#505 = DIRECTION('',(-0.,1.,0.));
#506 = ADVANCED_FACE('',(#507),#525,.T.);
#507 = FACE_BOUND('',#508,.T.);
#508 = EDGE_LOOP('',(#509,#517,#518,#519));
#509 = ORIENTED_EDGE('',*,*,#510,.F.);
#510 = EDGE_CURVE('',#486,#511,#513,.T.);
#511 = VERTEX_POINT('',#512);
#512 = CARTESIAN_POINT('',(0.3,0.23,0.46));
#513 = LINE('',#514,#515);
#514 = CARTESIAN_POINT('',(0.3,0.23,2.E-02));
#515 = VECTOR('',#516,1.);
#516 = DIRECTION('',(0.,0.,1.));
#517 = ORIENTED_EDGE('',*,*,#485,.F.);
#518 = ORIENTED_EDGE('',*,*,#398,.T.);
#519 = ORIENTED_EDGE('',*,*,#520,.T.);
#520 = EDGE_CURVE('',#390,#511,#521,.T.);
#521 = LINE('',#522,#523);
#522 = CARTESIAN_POINT('',(-0.3,0.23,0.46));
#523 = VECTOR('',#524,1.);
#524 = DIRECTION('',(1.,0.,0.));
#525 = PLANE('',#526);
#526 = AXIS2_PLACEMENT_3D('',#527,#528,#529);
#527 = CARTESIAN_POINT('',(-0.3,0.23,2.E-02));
#528 = DIRECTION('',(0.,1.,0.));
#529 = DIRECTION('',(0.,-0.,1.));
#530 = ADVANCED_FACE('',(#531),#550,.T.);
#531 = FACE_BOUND('',#532,.T.);
#532 = EDGE_LOOP('',(#533,#534,#542,#549));
#533 = ORIENTED_EDGE('',*,*,#389,.T.);
#534 = ORIENTED_EDGE('',*,*,#535,.T.);
#535 = EDGE_CURVE('',#382,#536,#538,.T.);
#536 = VERTEX_POINT('',#537);
#537 = CARTESIAN_POINT('',(0.3,0.21,0.48));
#538 = LINE('',#539,#540);
#539 = CARTESIAN_POINT('',(-0.3,0.21,0.48));
#540 = VECTOR('',#541,1.);
#541 = DIRECTION('',(1.,0.,0.));
#542 = ORIENTED_EDGE('',*,*,#543,.F.);
#543 = EDGE_CURVE('',#511,#536,#544,.T.);
#544 = CIRCLE('',#545,2.E-02);
#545 = AXIS2_PLACEMENT_3D('',#546,#547,#548);
#546 = CARTESIAN_POINT('',(0.3,0.21,0.46));
#547 = DIRECTION('',(1.,0.,-0.));
#548 = DIRECTION('',(0.,0.,1.));
#549 = ORIENTED_EDGE('',*,*,#520,.F.);
#550 = CYLINDRICAL_SURFACE('',#551,2.E-02);
#551 = AXIS2_PLACEMENT_3D('',#552,#553,#554);
#552 = CARTESIAN_POINT('',(-0.3,0.21,0.46));
#553 = DIRECTION('',(1.,0.,0.));
#554 = DIRECTION('',(-0.,1.,0.));
#555 = ADVANCED_FACE('',(#556),#574,.T.);
#556 = FACE_BOUND('',#557,.T.);
#557 = EDGE_LOOP('',(#558,#559,#567,#573));
#558 = ORIENTED_EDGE('',*,*,#381,.F.);
#559 = ORIENTED_EDGE('',*,*,#560,.T.);
#560 = EDGE_CURVE('',#373,#561,#563,.T.);
#561 = VERTEX_POINT('',#562);
#562 = CARTESIAN_POINT('',(0.3,-0.21,0.48));
#563 = LINE('',#564,#565);
#564 = CARTESIAN_POINT('',(-0.3,-0.21,0.48));
#565 = VECTOR('',#566,1.);
#566 = DIRECTION('',(1.,0.,0.));
#567 = ORIENTED_EDGE('',*,*,#568,.T.);
#568 = EDGE_CURVE('',#561,#536,#569,.T.);
#569 = LINE('',#570,#571);
#570 = CARTESIAN_POINT('',(0.3,-0.23,0.48));
#571 = VECTOR('',#572,1.);
#572 = DIRECTION('',(0.,1.,0.));
#573 = ORIENTED_EDGE('',*,*,#535,.F.);
#574 = PLANE('',#575);
#575 = AXIS2_PLACEMENT_3D('',#576,#577,#578);
#576 = CARTESIAN_POINT('',(-0.3,-0.23,0.48));
#577 = DIRECTION('',(0.,0.,1.));
#578 = DIRECTION('',(1.,0.,-0.));
#579 = ADVANCED_FACE('',(#580),#599,.T.);
#580 = FACE_BOUND('',#581,.T.);
#581 = EDGE_LOOP('',(#582,#590,#597,#598));
#582 = ORIENTED_EDGE('',*,*,#583,.T.);
#583 = EDGE_CURVE('',#365,#584,#586,.T.);
#584 = VERTEX_POINT('',#585);
#585 = CARTESIAN_POINT('',(0.3,-0.23,0.46));
#586 = LINE('',#587,#588);
#587 = CARTESIAN_POINT('',(-0.3,-0.23,0.46));
#588 = VECTOR('',#589,1.);
#589 = DIRECTION('',(1.,0.,0.));
#590 = ORIENTED_EDGE('',*,*,#591,.T.);
#591 = EDGE_CURVE('',#584,#561,#592,.T.);
#592 = CIRCLE('',#593,2.E-02);
#593 = AXIS2_PLACEMENT_3D('',#594,#595,#596);
#594 = CARTESIAN_POINT('',(0.3,-0.21,0.46));
#595 = DIRECTION('',(-1.,0.,0.));
#596 = DIRECTION('',(0.,0.,1.));
#597 = ORIENTED_EDGE('',*,*,#560,.F.);
#598 = ORIENTED_EDGE('',*,*,#372,.F.);
#599 = CYLINDRICAL_SURFACE('',#600,2.E-02);
#600 = AXIS2_PLACEMENT_3D('',#601,#602,#603);
#601 = CARTESIAN_POINT('',(-0.3,-0.21,0.46));
#602 = DIRECTION('',(1.,0.,0.));
#603 = DIRECTION('',(0.,-1.,0.));
#604 = ADVANCED_FACE('',(#605),#616,.F.);
#605 = FACE_BOUND('',#606,.F.);
#606 = EDGE_LOOP('',(#607,#613,#614,#615));
#607 = ORIENTED_EDGE('',*,*,#608,.F.);
#608 = EDGE_CURVE('',#439,#584,#609,.T.);
#609 = LINE('',#610,#611);
#610 = CARTESIAN_POINT('',(0.3,-0.23,2.E-02));
#611 = VECTOR('',#612,1.);
#612 = DIRECTION('',(0.,0.,1.));
#613 = ORIENTED_EDGE('',*,*,#447,.F.);
#614 = ORIENTED_EDGE('',*,*,#364,.T.);
#615 = ORIENTED_EDGE('',*,*,#583,.T.);
#616 = PLANE('',#617);
#617 = AXIS2_PLACEMENT_3D('',#618,#619,#620);
#618 = CARTESIAN_POINT('',(-0.3,-0.23,2.E-02));
#619 = DIRECTION('',(0.,1.,0.));
#620 = DIRECTION('',(0.,-0.,1.));
#621 = ADVANCED_FACE('',(#622,#692),#702,.F.);
#622 = FACE_BOUND('',#623,.F.);
#623 = EDGE_LOOP('',(#624,#634,#643,#651,#660,#668,#677,#685));
#624 = ORIENTED_EDGE('',*,*,#625,.F.);
#625 = EDGE_CURVE('',#626,#628,#630,.T.);
#626 = VERTEX_POINT('',#627);
#627 = CARTESIAN_POINT('',(0.3,-0.25,2.E-02));
#628 = VERTEX_POINT('',#629);
#629 = CARTESIAN_POINT('',(0.3,-0.25,0.48));
#630 = LINE('',#631,#632);
#631 = CARTESIAN_POINT('',(0.3,-0.25,0.));
#632 = VECTOR('',#633,1.);
#633 = DIRECTION('',(0.,0.,1.));
#634 = ORIENTED_EDGE('',*,*,#635,.T.);
#635 = EDGE_CURVE('',#626,#636,#638,.T.);
#636 = VERTEX_POINT('',#637);
#637 = CARTESIAN_POINT('',(0.3,-0.23,0.));
#638 = CIRCLE('',#639,2.E-02);
#639 = AXIS2_PLACEMENT_3D('',#640,#641,#642);
#640 = CARTESIAN_POINT('',(0.3,-0.23,2.E-02));
#641 = DIRECTION('',(1.,0.,-0.));
#642 = DIRECTION('',(0.,0.,1.));
#643 = ORIENTED_EDGE('',*,*,#644,.T.);
#644 = EDGE_CURVE('',#636,#645,#647,.T.);
#645 = VERTEX_POINT('',#646);
#646 = CARTESIAN_POINT('',(0.3,0.23,0.));
#647 = LINE('',#648,#649);
#648 = CARTESIAN_POINT('',(0.3,-0.25,0.));
#649 = VECTOR('',#650,1.);
#650 = DIRECTION('',(0.,1.,0.));
#651 = ORIENTED_EDGE('',*,*,#652,.F.);
#652 = EDGE_CURVE('',#653,#645,#655,.T.);
#653 = VERTEX_POINT('',#654);
#654 = CARTESIAN_POINT('',(0.3,0.25,2.E-02));
#655 = CIRCLE('',#656,2.E-02);
#656 = AXIS2_PLACEMENT_3D('',#657,#658,#659);
#657 = CARTESIAN_POINT('',(0.3,0.23,2.E-02));
#658 = DIRECTION('',(-1.,0.,0.));
#659 = DIRECTION('',(0.,0.,1.));
#660 = ORIENTED_EDGE('',*,*,#661,.T.);
#661 = EDGE_CURVE('',#653,#662,#664,.T.);
#662 = VERTEX_POINT('',#663);
#663 = CARTESIAN_POINT('',(0.3,0.25,0.48));
#664 = LINE('',#665,#666);
#665 = CARTESIAN_POINT('',(0.3,0.25,0.));
#666 = VECTOR('',#667,1.);
#667 = DIRECTION('',(0.,0.,1.));
#668 = ORIENTED_EDGE('',*,*,#669,.T.);
#669 = EDGE_CURVE('',#662,#670,#672,.T.);
#670 = VERTEX_POINT('',#671);
#671 = CARTESIAN_POINT('',(0.3,0.23,0.5));
#672 = CIRCLE('',#673,2.E-02);
#673 = AXIS2_PLACEMENT_3D('',#674,#675,#676);
#674 = CARTESIAN_POINT('',(0.3,0.23,0.48));
#675 = DIRECTION('',(1.,0.,-0.));
#676 = DIRECTION('',(0.,0.,1.));
#677 = ORIENTED_EDGE('',*,*,#678,.F.);
#678 = EDGE_CURVE('',#679,#670,#681,.T.);
#679 = VERTEX_POINT('',#680);
#680 = CARTESIAN_POINT('',(0.3,-0.23,0.5));
#681 = LINE('',#682,#683);
#682 = CARTESIAN_POINT('',(0.3,-0.25,0.5));
#683 = VECTOR('',#684,1.);
#684 = DIRECTION('',(0.,1.,0.));
#685 = ORIENTED_EDGE('',*,*,#686,.F.);
#686 = EDGE_CURVE('',#628,#679,#687,.T.);
#687 = CIRCLE('',#688,2.E-02);
#688 = AXIS2_PLACEMENT_3D('',#689,#690,#691);
#689 = CARTESIAN_POINT('',(0.3,-0.23,0.48));
#690 = DIRECTION('',(-1.,0.,0.));
#691 = DIRECTION('',(0.,0.,1.));
#692 = FACE_BOUND('',#693,.F.);
#693 = EDGE_LOOP('',(#694,#695,#696,#697,#698,#699,#700,#701));
#694 = ORIENTED_EDGE('',*,*,#438,.F.);
#695 = ORIENTED_EDGE('',*,*,#608,.T.);
#696 = ORIENTED_EDGE('',*,*,#591,.T.);
#697 = ORIENTED_EDGE('',*,*,#568,.T.);
#698 = ORIENTED_EDGE('',*,*,#543,.F.);
#699 = ORIENTED_EDGE('',*,*,#510,.F.);
#700 = ORIENTED_EDGE('',*,*,#493,.T.);
#701 = ORIENTED_EDGE('',*,*,#463,.F.);
#702 = PLANE('',#703);
#703 = AXIS2_PLACEMENT_3D('',#704,#705,#706);
#704 = CARTESIAN_POINT('',(0.3,-0.25,0.));
#705 = DIRECTION('',(1.,0.,0.));
#706 = DIRECTION('',(0.,0.,1.));
#707 = ADVANCED_FACE('',(#708),#733,.F.);
#708 = FACE_BOUND('',#709,.F.);
#709 = EDGE_LOOP('',(#710,#720,#726,#727));
#710 = ORIENTED_EDGE('',*,*,#711,.F.);
#711 = EDGE_CURVE('',#712,#714,#716,.T.);
#712 = VERTEX_POINT('',#713);
#713 = CARTESIAN_POINT('',(0.5,-0.25,2.E-02));
#714 = VERTEX_POINT('',#715);
#715 = CARTESIAN_POINT('',(0.5,-0.25,0.48));
#716 = LINE('',#717,#718);
#717 = CARTESIAN_POINT('',(0.5,-0.25,0.));
#718 = VECTOR('',#719,1.);
#719 = DIRECTION('',(0.,0.,1.));
#720 = ORIENTED_EDGE('',*,*,#721,.F.);
#721 = EDGE_CURVE('',#626,#712,#722,.T.);
#722 = LINE('',#723,#724);
#723 = CARTESIAN_POINT('',(0.3,-0.25,2.E-02));
#724 = VECTOR('',#725,1.);
#725 = DIRECTION('',(1.,0.,0.));
#726 = ORIENTED_EDGE('',*,*,#625,.T.);
#727 = ORIENTED_EDGE('',*,*,#728,.T.);
#728 = EDGE_CURVE('',#628,#714,#729,.T.);
#729 = LINE('',#730,#731);
#730 = CARTESIAN_POINT('',(0.3,-0.25,0.48));
#731 = VECTOR('',#732,1.);
#732 = DIRECTION('',(1.,0.,0.));
#733 = PLANE('',#734);
#734 = AXIS2_PLACEMENT_3D('',#735,#736,#737);
#735 = CARTESIAN_POINT('',(0.3,-0.25,0.));
#736 = DIRECTION('',(0.,1.,0.));
#737 = DIRECTION('',(0.,-0.,1.));
#738 = ADVANCED_FACE('',(#739),#758,.T.);
#739 = FACE_BOUND('',#740,.T.);
#740 = EDGE_LOOP('',(#741,#742,#750,#757));
#741 = ORIENTED_EDGE('',*,*,#635,.T.);
#742 = ORIENTED_EDGE('',*,*,#743,.T.);
#743 = EDGE_CURVE('',#636,#744,#746,.T.);
#744 = VERTEX_POINT('',#745);
#745 = CARTESIAN_POINT('',(0.5,-0.23,0.));
#746 = LINE('',#747,#748);
#747 = CARTESIAN_POINT('',(0.3,-0.23,0.));
#748 = VECTOR('',#749,1.);
#749 = DIRECTION('',(1.,0.,0.));
#750 = ORIENTED_EDGE('',*,*,#751,.F.);
#751 = EDGE_CURVE('',#712,#744,#752,.T.);
#752 = CIRCLE('',#753,2.E-02);
#753 = AXIS2_PLACEMENT_3D('',#754,#755,#756);
#754 = CARTESIAN_POINT('',(0.5,-0.23,2.E-02));
#755 = DIRECTION('',(1.,0.,-0.));
#756 = DIRECTION('',(0.,0.,1.));
#757 = ORIENTED_EDGE('',*,*,#721,.F.);
#758 = CYLINDRICAL_SURFACE('',#759,2.E-02);
#759 = AXIS2_PLACEMENT_3D('',#760,#761,#762);
#760 = CARTESIAN_POINT('',(0.3,-0.23,2.E-02));
#761 = DIRECTION('',(1.,0.,0.));
#762 = DIRECTION('',(0.,-1.,0.));
#763 = ADVANCED_FACE('',(#764),#783,.T.);
#764 = FACE_BOUND('',#765,.T.);
#765 = EDGE_LOOP('',(#766,#767,#776,#782));
#766 = ORIENTED_EDGE('',*,*,#728,.T.);
#767 = ORIENTED_EDGE('',*,*,#768,.T.);
#768 = EDGE_CURVE('',#714,#769,#771,.T.);
#769 = VERTEX_POINT('',#770);
#770 = CARTESIAN_POINT('',(0.5,-0.23,0.5));
#771 = CIRCLE('',#772,2.E-02);
#772 = AXIS2_PLACEMENT_3D('',#773,#774,#775);
#773 = CARTESIAN_POINT('',(0.5,-0.23,0.48));
#774 = DIRECTION('',(-1.,0.,0.));
#775 = DIRECTION('',(0.,0.,1.));
#776 = ORIENTED_EDGE('',*,*,#777,.F.);
#777 = EDGE_CURVE('',#679,#769,#778,.T.);
#778 = LINE('',#779,#780);
#779 = CARTESIAN_POINT('',(0.3,-0.23,0.5));
#780 = VECTOR('',#781,1.);
#781 = DIRECTION('',(1.,0.,0.));
#782 = ORIENTED_EDGE('',*,*,#686,.F.);
#783 = CYLINDRICAL_SURFACE('',#784,2.E-02);
#784 = AXIS2_PLACEMENT_3D('',#785,#786,#787);
#785 = CARTESIAN_POINT('',(0.3,-0.23,0.48));
#786 = DIRECTION('',(1.,0.,0.));
#787 = DIRECTION('',(0.,-1.,0.));
#788 = ADVANCED_FACE('',(#789),#807,.F.);
#789 = FACE_BOUND('',#790,.F.);
#790 = EDGE_LOOP('',(#791,#792,#793,#801));
#791 = ORIENTED_EDGE('',*,*,#644,.F.);
#792 = ORIENTED_EDGE('',*,*,#743,.T.);
#793 = ORIENTED_EDGE('',*,*,#794,.T.);
#794 = EDGE_CURVE('',#744,#795,#797,.T.);
#795 = VERTEX_POINT('',#796);
#796 = CARTESIAN_POINT('',(0.5,0.23,0.));
#797 = LINE('',#798,#799);
#798 = CARTESIAN_POINT('',(0.5,-0.25,0.));
#799 = VECTOR('',#800,1.);
#800 = DIRECTION('',(0.,1.,0.));
#801 = ORIENTED_EDGE('',*,*,#802,.F.);
#802 = EDGE_CURVE('',#645,#795,#803,.T.);
#803 = LINE('',#804,#805);
#804 = CARTESIAN_POINT('',(0.3,0.23,0.));
#805 = VECTOR('',#806,1.);
#806 = DIRECTION('',(1.,0.,0.));
#807 = PLANE('',#808);
#808 = AXIS2_PLACEMENT_3D('',#809,#810,#811);
#809 = CARTESIAN_POINT('',(0.3,-0.25,0.));
#810 = DIRECTION('',(0.,0.,1.));
#811 = DIRECTION('',(1.,0.,-0.));
#812 = ADVANCED_FACE('',(#813),#831,.T.);
#813 = FACE_BOUND('',#814,.T.);
#814 = EDGE_LOOP('',(#815,#816,#817,#825));
#815 = ORIENTED_EDGE('',*,*,#678,.F.);
#816 = ORIENTED_EDGE('',*,*,#777,.T.);
#817 = ORIENTED_EDGE('',*,*,#818,.T.);
#818 = EDGE_CURVE('',#769,#819,#821,.T.);
#819 = VERTEX_POINT('',#820);
#820 = CARTESIAN_POINT('',(0.5,0.23,0.5));
#821 = LINE('',#822,#823);
#822 = CARTESIAN_POINT('',(0.5,-0.25,0.5));
#823 = VECTOR('',#824,1.);
#824 = DIRECTION('',(0.,1.,0.));
#825 = ORIENTED_EDGE('',*,*,#826,.F.);
#826 = EDGE_CURVE('',#670,#819,#827,.T.);
#827 = LINE('',#828,#829);
#828 = CARTESIAN_POINT('',(0.3,0.23,0.5));
#829 = VECTOR('',#830,1.);
#830 = DIRECTION('',(1.,0.,0.));
#831 = PLANE('',#832);
#832 = AXIS2_PLACEMENT_3D('',#833,#834,#835);
#833 = CARTESIAN_POINT('',(0.3,-0.25,0.5));
#834 = DIRECTION('',(0.,0.,1.));
#835 = DIRECTION('',(1.,0.,-0.));
#836 = ADVANCED_FACE('',(#837),#856,.T.);
#837 = FACE_BOUND('',#838,.T.);
#838 = EDGE_LOOP('',(#839,#847,#854,#855));
#839 = ORIENTED_EDGE('',*,*,#840,.T.);
#840 = EDGE_CURVE('',#653,#841,#843,.T.);
#841 = VERTEX_POINT('',#842);
#842 = CARTESIAN_POINT('',(0.5,0.25,2.E-02));
#843 = LINE('',#844,#845);
#844 = CARTESIAN_POINT('',(0.3,0.25,2.E-02));
#845 = VECTOR('',#846,1.);
#846 = DIRECTION('',(1.,0.,0.));
#847 = ORIENTED_EDGE('',*,*,#848,.T.);
#848 = EDGE_CURVE('',#841,#795,#849,.T.);
#849 = CIRCLE('',#850,2.E-02);
#850 = AXIS2_PLACEMENT_3D('',#851,#852,#853);
#851 = CARTESIAN_POINT('',(0.5,0.23,2.E-02));
#852 = DIRECTION('',(-1.,0.,0.));
#853 = DIRECTION('',(0.,0.,1.));
#854 = ORIENTED_EDGE('',*,*,#802,.F.);
#855 = ORIENTED_EDGE('',*,*,#652,.F.);
#856 = CYLINDRICAL_SURFACE('',#857,2.E-02);
#857 = AXIS2_PLACEMENT_3D('',#858,#859,#860);
#858 = CARTESIAN_POINT('',(0.3,0.23,2.E-02));
#859 = DIRECTION('',(1.,0.,0.));
#860 = DIRECTION('',(-0.,1.,0.));
#861 = ADVANCED_FACE('',(#862),#881,.T.);
#862 = FACE_BOUND('',#863,.T.);
#863 = EDGE_LOOP('',(#864,#865,#866,#875));
#864 = ORIENTED_EDGE('',*,*,#669,.T.);
#865 = ORIENTED_EDGE('',*,*,#826,.T.);
#866 = ORIENTED_EDGE('',*,*,#867,.F.);
#867 = EDGE_CURVE('',#868,#819,#870,.T.);
#868 = VERTEX_POINT('',#869);
#869 = CARTESIAN_POINT('',(0.5,0.25,0.48));
#870 = CIRCLE('',#871,2.E-02);
#871 = AXIS2_PLACEMENT_3D('',#872,#873,#874);
#872 = CARTESIAN_POINT('',(0.5,0.23,0.48));
#873 = DIRECTION('',(1.,0.,-0.));
#874 = DIRECTION('',(0.,0.,1.));
#875 = ORIENTED_EDGE('',*,*,#876,.F.);
#876 = EDGE_CURVE('',#662,#868,#877,.T.);
#877 = LINE('',#878,#879);
#878 = CARTESIAN_POINT('',(0.3,0.25,0.48));
#879 = VECTOR('',#880,1.);
#880 = DIRECTION('',(1.,0.,0.));
#881 = CYLINDRICAL_SURFACE('',#882,2.E-02);
#882 = AXIS2_PLACEMENT_3D('',#883,#884,#885);
#883 = CARTESIAN_POINT('',(0.3,0.23,0.48));
#884 = DIRECTION('',(1.,0.,0.));
#885 = DIRECTION('',(-0.,1.,0.));
#886 = ADVANCED_FACE('',(#887),#898,.T.);
#887 = FACE_BOUND('',#888,.T.);
#888 = EDGE_LOOP('',(#889,#895,#896,#897));
#889 = ORIENTED_EDGE('',*,*,#890,.F.);
#890 = EDGE_CURVE('',#841,#868,#891,.T.);
#891 = LINE('',#892,#893);
#892 = CARTESIAN_POINT('',(0.5,0.25,0.));
#893 = VECTOR('',#894,1.);
#894 = DIRECTION('',(0.,0.,1.));
#895 = ORIENTED_EDGE('',*,*,#840,.F.);
#896 = ORIENTED_EDGE('',*,*,#661,.T.);
#897 = ORIENTED_EDGE('',*,*,#876,.T.);
#898 = PLANE('',#899);
#899 = AXIS2_PLACEMENT_3D('',#900,#901,#902);
#900 = CARTESIAN_POINT('',(0.3,0.25,0.));
#901 = DIRECTION('',(0.,1.,0.));
#902 = DIRECTION('',(0.,-0.,1.));
#903 = ADVANCED_FACE('',(#904),#914,.T.);
#904 = FACE_BOUND('',#905,.T.);
#905 = EDGE_LOOP('',(#906,#907,#908,#909,#910,#911,#912,#913));
#906 = ORIENTED_EDGE('',*,*,#711,.F.);
#907 = ORIENTED_EDGE('',*,*,#751,.T.);
#908 = ORIENTED_EDGE('',*,*,#794,.T.);
#909 = ORIENTED_EDGE('',*,*,#848,.F.);
#910 = ORIENTED_EDGE('',*,*,#890,.T.);
#911 = ORIENTED_EDGE('',*,*,#867,.T.);
#912 = ORIENTED_EDGE('',*,*,#818,.F.);
#913 = ORIENTED_EDGE('',*,*,#768,.F.);
#914 = PLANE('',#915);
#915 = AXIS2_PLACEMENT_3D('',#916,#917,#918);
#916 = CARTESIAN_POINT('',(0.5,-0.25,0.));
#917 = DIRECTION('',(1.,0.,0.));
#918 = DIRECTION('',(0.,0.,1.));
#919 = ( GEOMETRIC_REPRESENTATION_CONTEXT(3) 
GLOBAL_UNCERTAINTY_ASSIGNED_CONTEXT((#923)) GLOBAL_UNIT_ASSIGNED_CONTEXT
((#920,#921,#922)) REPRESENTATION_CONTEXT('Context #1',
  '3D Context with UNIT and UNCERTAINTY') );
#920 = ( LENGTH_UNIT() NAMED_UNIT(*) SI_UNIT(.MILLI.,.METRE.) );
#921 = ( NAMED_UNIT(*) PLANE_ANGLE_UNIT() SI_UNIT($,.RADIAN.) );
#922 = ( NAMED_UNIT(*) SI_UNIT($,.STERADIAN.) SOLID_ANGLE_UNIT() );
#923 = UNCERTAINTY_MEASURE_WITH_UNIT(LENGTH_MEASURE(1.E-07),#920,
  'distance_accuracy_value','confusion accuracy');
#924 = CONTEXT_DEPENDENT_SHAPE_REPRESENTATION(#925,#927);
#925 = ( REPRESENTATION_RELATIONSHIP('','',#64,#10) 
REPRESENTATION_RELATIONSHIP_WITH_TRANSFORMATION(#926) 
SHAPE_REPRESENTATION_RELATIONSHIP() );
#926 = ITEM_DEFINED_TRANSFORMATION('','',#11,#15);
#927 = PRODUCT_DEFINITION_SHAPE('Placement','Placement of an item',#928
  );
#928 = NEXT_ASSEMBLY_USAGE_OCCURRENCE('1','C25','',#5,#59,$);
#929 = PRODUCT_RELATED_PRODUCT_CATEGORY('part',$,(#61));
#930 = SHAPE_DEFINITION_REPRESENTATION(#931,#937);
#931 = PRODUCT_DEFINITION_SHAPE('','',#932);
#932 = PRODUCT_DEFINITION('design','',#933,#936);
#933 = PRODUCT_DEFINITION_FORMATION('','',#934);
#934 = PRODUCT('JST_SH_SM04B-SRSS-TB_1x04-1MP_P1.00mm_Horizontal',
  'JST_SH_SM04B-SRSS-TB_1x04-1MP_P1.00mm_Horizontal','',(#935));
#935 = PRODUCT_CONTEXT('',#2,'mechanical');
#936 = PRODUCT_DEFINITION_CONTEXT('part definition',#2,'design');
#937 = ADVANCED_BREP_SHAPE_REPRESENTATION('',(#11,#938),#3742);
#938 = MANIFOLD_SOLID_BREP('',#939);
#939 = CLOSED_SHELL('',(#940,#1044,#1251,#1275,#1299,#1323,#1347,#1508,
    #1564,#1588,#1612,#1636,#1660,#1792,#1864,#1888,#1919,#1943,#1974,
    #1998,#2038,#2062,#2095,#2135,#2159,#2192,#2232,#2256,#2289,#2329,
    #2353,#2386,#2413,#2431,#2456,#2480,#2534,#2558,#2582,#2599,#2623,
    #2670,#2694,#2718,#2735,#2752,#2792,#2809,#2823,#2840,#2857,#2874,
    #2891,#2908,#2932,#2949,#2966,#2978,#2998,#3010,#3022,#3039,#3051,
    #3068,#3080,#3097,#3109,#3126,#3138,#3150,#3298,#3310,#3341,#3365,
    #3389,#3406,#3437,#3461,#3485,#3502,#3533,#3557,#3581,#3598,#3629,
    #3653,#3677,#3694,#3706,#3718,#3730));
#940 = ADVANCED_FACE('',(#941),#1039,.F.);
#941 = FACE_BOUND('',#942,.F.);
#942 = EDGE_LOOP('',(#943,#953,#961,#969,#977,#985,#993,#1001,#1009,
    #1017,#1025,#1033));
#943 = ORIENTED_EDGE('',*,*,#944,.F.);
#944 = EDGE_CURVE('',#945,#947,#949,.T.);
#945 = VERTEX_POINT('',#946);
#946 = CARTESIAN_POINT('',(-3.,1.775,6.E-02));
#947 = VERTEX_POINT('',#948);
#948 = CARTESIAN_POINT('',(-3.,-0.975,6.E-02));
#949 = LINE('',#950,#951);
#950 = CARTESIAN_POINT('',(-3.,1.775,6.E-02));
#951 = VECTOR('',#952,1.);
#952 = DIRECTION('',(0.,-1.,1.110223024625E-16));
#953 = ORIENTED_EDGE('',*,*,#954,.T.);
#954 = EDGE_CURVE('',#945,#955,#957,.T.);
#955 = VERTEX_POINT('',#956);
#956 = CARTESIAN_POINT('',(-3.,1.775,1.46));
#957 = LINE('',#958,#959);
#958 = CARTESIAN_POINT('',(-3.,1.775,6.E-02));
#959 = VECTOR('',#960,1.);
#960 = DIRECTION('',(0.,1.110223024625E-16,1.));
#961 = ORIENTED_EDGE('',*,*,#962,.T.);
#962 = EDGE_CURVE('',#955,#963,#965,.T.);
#963 = VERTEX_POINT('',#964);
#964 = CARTESIAN_POINT('',(-3.,1.225,1.46));
#965 = LINE('',#966,#967);
#966 = CARTESIAN_POINT('',(-3.,1.775,1.46));
#967 = VECTOR('',#968,1.);
#968 = DIRECTION('',(0.,-1.,1.110223024625E-16));
#969 = ORIENTED_EDGE('',*,*,#970,.T.);
#970 = EDGE_CURVE('',#963,#971,#973,.T.);
#971 = VERTEX_POINT('',#972);
#972 = CARTESIAN_POINT('',(-3.,1.225,2.46));
#973 = LINE('',#974,#975);
#974 = CARTESIAN_POINT('',(-3.,1.225,1.46));
#975 = VECTOR('',#976,1.);
#976 = DIRECTION('',(0.,1.110223024625E-16,1.));
#977 = ORIENTED_EDGE('',*,*,#978,.T.);
#978 = EDGE_CURVE('',#971,#979,#981,.T.);
#979 = VERTEX_POINT('',#980);
#980 = CARTESIAN_POINT('',(-3.,0.575,2.46));
#981 = LINE('',#982,#983);
#982 = CARTESIAN_POINT('',(-3.,1.225,2.46));
#983 = VECTOR('',#984,1.);
#984 = DIRECTION('',(0.,-1.,1.110223024625E-16));
#985 = ORIENTED_EDGE('',*,*,#986,.T.);
#986 = EDGE_CURVE('',#979,#987,#989,.T.);
#987 = VERTEX_POINT('',#988);
#988 = CARTESIAN_POINT('',(-3.,0.286,2.96));
#989 = LINE('',#990,#991);
#990 = CARTESIAN_POINT('',(-3.,0.575,2.46));
#991 = VECTOR('',#992,1.);
#992 = DIRECTION('',(0.,-0.500421834463,0.865781720524));
#993 = ORIENTED_EDGE('',*,*,#994,.T.);
#994 = EDGE_CURVE('',#987,#995,#997,.T.);
#995 = VERTEX_POINT('',#996);
#996 = CARTESIAN_POINT('',(-3.,-2.475,2.96));
#997 = LINE('',#998,#999);
#998 = CARTESIAN_POINT('',(-3.,1.775,2.96));
#999 = VECTOR('',#1000,1.);
#1000 = DIRECTION('',(0.,-1.,1.110223024625E-16));
#1001 = ORIENTED_EDGE('',*,*,#1002,.F.);
#1002 = EDGE_CURVE('',#1003,#995,#1005,.T.);
#1003 = VERTEX_POINT('',#1004);
#1004 = CARTESIAN_POINT('',(-3.,-2.475,1.26));
#1005 = LINE('',#1006,#1007);
#1006 = CARTESIAN_POINT('',(-3.,-2.475,6.E-02));
#1007 = VECTOR('',#1008,1.);
#1008 = DIRECTION('',(0.,1.110223024625E-16,1.));
#1009 = ORIENTED_EDGE('',*,*,#1010,.T.);
#1010 = EDGE_CURVE('',#1003,#1011,#1013,.T.);
#1011 = VERTEX_POINT('',#1012);
#1012 = CARTESIAN_POINT('',(-3.,-1.975,1.26));
#1013 = LINE('',#1014,#1015);
#1014 = CARTESIAN_POINT('',(-3.,-2.475,1.26));
#1015 = VECTOR('',#1016,1.);
#1016 = DIRECTION('',(0.,1.,-1.110223024625E-16));
#1017 = ORIENTED_EDGE('',*,*,#1018,.T.);
#1018 = EDGE_CURVE('',#1011,#1019,#1021,.T.);
#1019 = VERTEX_POINT('',#1020);
#1020 = CARTESIAN_POINT('',(-3.,-1.975,0.61));
#1021 = LINE('',#1022,#1023);
#1022 = CARTESIAN_POINT('',(-3.,-1.975,1.26));
#1023 = VECTOR('',#1024,1.);
#1024 = DIRECTION('',(0.,-1.110223024625E-16,-1.));
#1025 = ORIENTED_EDGE('',*,*,#1026,.T.);
#1026 = EDGE_CURVE('',#1019,#1027,#1029,.T.);
#1027 = VERTEX_POINT('',#1028);
#1028 = CARTESIAN_POINT('',(-3.,-0.975,0.61));
#1029 = LINE('',#1030,#1031);
#1030 = CARTESIAN_POINT('',(-3.,-1.975,0.61));
#1031 = VECTOR('',#1032,1.);
#1032 = DIRECTION('',(0.,1.,-1.110223024625E-16));
#1033 = ORIENTED_EDGE('',*,*,#1034,.T.);
#1034 = EDGE_CURVE('',#1027,#947,#1035,.T.);
#1035 = LINE('',#1036,#1037);
#1036 = CARTESIAN_POINT('',(-3.,-0.975,0.61));
#1037 = VECTOR('',#1038,1.);
#1038 = DIRECTION('',(0.,-1.110223024625E-16,-1.));
#1039 = PLANE('',#1040);
#1040 = AXIS2_PLACEMENT_3D('',#1041,#1042,#1043);
#1041 = CARTESIAN_POINT('',(-3.,1.775,6.E-02));
#1042 = DIRECTION('',(1.,0.,0.));
#1043 = DIRECTION('',(0.,-1.,1.110223024625E-16));
#1044 = ADVANCED_FACE('',(#1045),#1246,.F.);
#1045 = FACE_BOUND('',#1046,.F.);
#1046 = EDGE_LOOP('',(#1047,#1057,#1065,#1073,#1081,#1089,#1097,#1105,
    #1113,#1121,#1129,#1137,#1145,#1153,#1161,#1169,#1177,#1185,#1191,
    #1192,#1200,#1208,#1216,#1224,#1232,#1240));
#1047 = ORIENTED_EDGE('',*,*,#1048,.F.);
#1048 = EDGE_CURVE('',#1049,#1051,#1053,.T.);
#1049 = VERTEX_POINT('',#1050);
#1050 = CARTESIAN_POINT('',(3.,1.775,6.E-02));
#1051 = VERTEX_POINT('',#1052);
#1052 = CARTESIAN_POINT('',(3.,-0.975,6.E-02));
#1053 = LINE('',#1054,#1055);
#1054 = CARTESIAN_POINT('',(3.,1.775,6.E-02));
#1055 = VECTOR('',#1056,1.);
#1056 = DIRECTION('',(0.,-1.,1.110223024625E-16));
#1057 = ORIENTED_EDGE('',*,*,#1058,.F.);
#1058 = EDGE_CURVE('',#1059,#1049,#1061,.T.);
#1059 = VERTEX_POINT('',#1060);
#1060 = CARTESIAN_POINT('',(1.6,1.775,6.E-02));
#1061 = LINE('',#1062,#1063);
#1062 = CARTESIAN_POINT('',(-3.,1.775,6.E-02));
#1063 = VECTOR('',#1064,1.);
#1064 = DIRECTION('',(1.,0.,0.));
#1065 = ORIENTED_EDGE('',*,*,#1066,.F.);
#1066 = EDGE_CURVE('',#1067,#1059,#1069,.T.);
#1067 = VERTEX_POINT('',#1068);
#1068 = CARTESIAN_POINT('',(1.6,1.675,6.E-02));
#1069 = LINE('',#1070,#1071);
#1070 = CARTESIAN_POINT('',(1.6,1.675,6.E-02));
#1071 = VECTOR('',#1072,1.);
#1072 = DIRECTION('',(0.,1.,0.));
#1073 = ORIENTED_EDGE('',*,*,#1074,.F.);
#1074 = EDGE_CURVE('',#1075,#1067,#1077,.T.);
#1075 = VERTEX_POINT('',#1076);
#1076 = CARTESIAN_POINT('',(1.4,1.675,6.E-02));
#1077 = LINE('',#1078,#1079);
#1078 = CARTESIAN_POINT('',(1.4,1.675,6.E-02));
#1079 = VECTOR('',#1080,1.);
#1080 = DIRECTION('',(1.,0.,0.));
#1081 = ORIENTED_EDGE('',*,*,#1082,.T.);
#1082 = EDGE_CURVE('',#1075,#1083,#1085,.T.);
#1083 = VERTEX_POINT('',#1084);
#1084 = CARTESIAN_POINT('',(1.4,1.775,6.E-02));
#1085 = LINE('',#1086,#1087);
#1086 = CARTESIAN_POINT('',(1.4,1.675,6.E-02));
#1087 = VECTOR('',#1088,1.);
#1088 = DIRECTION('',(0.,1.,0.));
#1089 = ORIENTED_EDGE('',*,*,#1090,.F.);
#1090 = EDGE_CURVE('',#1091,#1083,#1093,.T.);
#1091 = VERTEX_POINT('',#1092);
#1092 = CARTESIAN_POINT('',(0.6,1.775,6.E-02));
#1093 = LINE('',#1094,#1095);
#1094 = CARTESIAN_POINT('',(-3.,1.775,6.E-02));
#1095 = VECTOR('',#1096,1.);
#1096 = DIRECTION('',(1.,0.,0.));
#1097 = ORIENTED_EDGE('',*,*,#1098,.F.);
#1098 = EDGE_CURVE('',#1099,#1091,#1101,.T.);
#1099 = VERTEX_POINT('',#1100);
#1100 = CARTESIAN_POINT('',(0.6,1.675,6.E-02));
#1101 = LINE('',#1102,#1103);
#1102 = CARTESIAN_POINT('',(0.6,1.675,6.E-02));
#1103 = VECTOR('',#1104,1.);
#1104 = DIRECTION('',(0.,1.,0.));
#1105 = ORIENTED_EDGE('',*,*,#1106,.F.);
#1106 = EDGE_CURVE('',#1107,#1099,#1109,.T.);
#1107 = VERTEX_POINT('',#1108);
#1108 = CARTESIAN_POINT('',(0.4,1.675,6.E-02));
#1109 = LINE('',#1110,#1111);
#1110 = CARTESIAN_POINT('',(0.4,1.675,6.E-02));
#1111 = VECTOR('',#1112,1.);
#1112 = DIRECTION('',(1.,0.,0.));
#1113 = ORIENTED_EDGE('',*,*,#1114,.T.);
#1114 = EDGE_CURVE('',#1107,#1115,#1117,.T.);
#1115 = VERTEX_POINT('',#1116);
#1116 = CARTESIAN_POINT('',(0.4,1.775,6.E-02));
#1117 = LINE('',#1118,#1119);
#1118 = CARTESIAN_POINT('',(0.4,1.675,6.E-02));
#1119 = VECTOR('',#1120,1.);
#1120 = DIRECTION('',(0.,1.,0.));
#1121 = ORIENTED_EDGE('',*,*,#1122,.F.);
#1122 = EDGE_CURVE('',#1123,#1115,#1125,.T.);
#1123 = VERTEX_POINT('',#1124);
#1124 = CARTESIAN_POINT('',(-0.4,1.775,6.E-02));
#1125 = LINE('',#1126,#1127);
#1126 = CARTESIAN_POINT('',(-3.,1.775,6.E-02));
#1127 = VECTOR('',#1128,1.);
#1128 = DIRECTION('',(1.,0.,0.));
#1129 = ORIENTED_EDGE('',*,*,#1130,.F.);
#1130 = EDGE_CURVE('',#1131,#1123,#1133,.T.);
#1131 = VERTEX_POINT('',#1132);
#1132 = CARTESIAN_POINT('',(-0.4,1.675,6.E-02));
#1133 = LINE('',#1134,#1135);
#1134 = CARTESIAN_POINT('',(-0.4,1.675,6.E-02));
#1135 = VECTOR('',#1136,1.);
#1136 = DIRECTION('',(0.,1.,0.));
#1137 = ORIENTED_EDGE('',*,*,#1138,.F.);
#1138 = EDGE_CURVE('',#1139,#1131,#1141,.T.);
#1139 = VERTEX_POINT('',#1140);
#1140 = CARTESIAN_POINT('',(-0.6,1.675,6.E-02));
#1141 = LINE('',#1142,#1143);
#1142 = CARTESIAN_POINT('',(-0.6,1.675,6.E-02));
#1143 = VECTOR('',#1144,1.);
#1144 = DIRECTION('',(1.,0.,0.));
#1145 = ORIENTED_EDGE('',*,*,#1146,.T.);
#1146 = EDGE_CURVE('',#1139,#1147,#1149,.T.);
#1147 = VERTEX_POINT('',#1148);
#1148 = CARTESIAN_POINT('',(-0.6,1.775,6.E-02));
#1149 = LINE('',#1150,#1151);
#1150 = CARTESIAN_POINT('',(-0.6,1.675,6.E-02));
#1151 = VECTOR('',#1152,1.);
#1152 = DIRECTION('',(0.,1.,0.));
#1153 = ORIENTED_EDGE('',*,*,#1154,.F.);
#1154 = EDGE_CURVE('',#1155,#1147,#1157,.T.);
#1155 = VERTEX_POINT('',#1156);
#1156 = CARTESIAN_POINT('',(-1.4,1.775,6.E-02));
#1157 = LINE('',#1158,#1159);
#1158 = CARTESIAN_POINT('',(-3.,1.775,6.E-02));
#1159 = VECTOR('',#1160,1.);
#1160 = DIRECTION('',(1.,0.,0.));
#1161 = ORIENTED_EDGE('',*,*,#1162,.F.);
#1162 = EDGE_CURVE('',#1163,#1155,#1165,.T.);
#1163 = VERTEX_POINT('',#1164);
#1164 = CARTESIAN_POINT('',(-1.4,1.675,6.E-02));
#1165 = LINE('',#1166,#1167);
#1166 = CARTESIAN_POINT('',(-1.4,1.675,6.E-02));
#1167 = VECTOR('',#1168,1.);
#1168 = DIRECTION('',(0.,1.,0.));
#1169 = ORIENTED_EDGE('',*,*,#1170,.F.);
#1170 = EDGE_CURVE('',#1171,#1163,#1173,.T.);
#1171 = VERTEX_POINT('',#1172);
#1172 = CARTESIAN_POINT('',(-1.6,1.675,6.E-02));
#1173 = LINE('',#1174,#1175);
#1174 = CARTESIAN_POINT('',(-1.6,1.675,6.E-02));
#1175 = VECTOR('',#1176,1.);
#1176 = DIRECTION('',(1.,0.,0.));
#1177 = ORIENTED_EDGE('',*,*,#1178,.T.);
#1178 = EDGE_CURVE('',#1171,#1179,#1181,.T.);
#1179 = VERTEX_POINT('',#1180);
#1180 = CARTESIAN_POINT('',(-1.6,1.775,6.E-02));
#1181 = LINE('',#1182,#1183);
#1182 = CARTESIAN_POINT('',(-1.6,1.675,6.E-02));
#1183 = VECTOR('',#1184,1.);
#1184 = DIRECTION('',(0.,1.,0.));
#1185 = ORIENTED_EDGE('',*,*,#1186,.F.);
#1186 = EDGE_CURVE('',#945,#1179,#1187,.T.);
#1187 = LINE('',#1188,#1189);
#1188 = CARTESIAN_POINT('',(-3.,1.775,6.E-02));
#1189 = VECTOR('',#1190,1.);
#1190 = DIRECTION('',(1.,0.,0.));
#1191 = ORIENTED_EDGE('',*,*,#944,.T.);
#1192 = ORIENTED_EDGE('',*,*,#1193,.T.);
#1193 = EDGE_CURVE('',#947,#1194,#1196,.T.);
#1194 = VERTEX_POINT('',#1195);
#1195 = CARTESIAN_POINT('',(-2.7,-0.975,6.E-02));
#1196 = LINE('',#1197,#1198);
#1197 = CARTESIAN_POINT('',(-3.,-0.975,6.E-02));
#1198 = VECTOR('',#1199,1.);
#1199 = DIRECTION('',(1.,0.,0.));
#1200 = ORIENTED_EDGE('',*,*,#1201,.T.);
#1201 = EDGE_CURVE('',#1194,#1202,#1204,.T.);
#1202 = VERTEX_POINT('',#1203);
#1203 = CARTESIAN_POINT('',(-2.5,-0.975,6.E-02));
#1204 = LINE('',#1205,#1206);
#1205 = CARTESIAN_POINT('',(-3.,-0.975,6.E-02));
#1206 = VECTOR('',#1207,1.);
#1207 = DIRECTION('',(1.,0.,0.));
#1208 = ORIENTED_EDGE('',*,*,#1209,.T.);
#1209 = EDGE_CURVE('',#1202,#1210,#1212,.T.);
#1210 = VERTEX_POINT('',#1211);
#1211 = CARTESIAN_POINT('',(-2.5,-2.475,6.E-02));
#1212 = LINE('',#1213,#1214);
#1213 = CARTESIAN_POINT('',(-2.5,-0.975,6.E-02));
#1214 = VECTOR('',#1215,1.);
#1215 = DIRECTION('',(0.,-1.,2.590520390792E-16));
#1216 = ORIENTED_EDGE('',*,*,#1217,.T.);
#1217 = EDGE_CURVE('',#1210,#1218,#1220,.T.);
#1218 = VERTEX_POINT('',#1219);
#1219 = CARTESIAN_POINT('',(2.5,-2.475,6.E-02));
#1220 = LINE('',#1221,#1222);
#1221 = CARTESIAN_POINT('',(-3.,-2.475,6.E-02));
#1222 = VECTOR('',#1223,1.);
#1223 = DIRECTION('',(1.,0.,0.));
#1224 = ORIENTED_EDGE('',*,*,#1225,.F.);
#1225 = EDGE_CURVE('',#1226,#1218,#1228,.T.);
#1226 = VERTEX_POINT('',#1227);
#1227 = CARTESIAN_POINT('',(2.5,-0.975,6.E-02));
#1228 = LINE('',#1229,#1230);
#1229 = CARTESIAN_POINT('',(2.5,-0.975,6.E-02));
#1230 = VECTOR('',#1231,1.);
#1231 = DIRECTION('',(0.,-1.,2.590520390792E-16));
#1232 = ORIENTED_EDGE('',*,*,#1233,.T.);
#1233 = EDGE_CURVE('',#1226,#1234,#1236,.T.);
#1234 = VERTEX_POINT('',#1235);
#1235 = CARTESIAN_POINT('',(2.7,-0.975,6.E-02));
#1236 = LINE('',#1237,#1238);
#1237 = CARTESIAN_POINT('',(2.5,-0.975,6.E-02));
#1238 = VECTOR('',#1239,1.);
#1239 = DIRECTION('',(1.,0.,0.));
#1240 = ORIENTED_EDGE('',*,*,#1241,.T.);
#1241 = EDGE_CURVE('',#1234,#1051,#1242,.T.);
#1242 = LINE('',#1243,#1244);
#1243 = CARTESIAN_POINT('',(2.5,-0.975,6.E-02));
#1244 = VECTOR('',#1245,1.);
#1245 = DIRECTION('',(1.,0.,0.));
#1246 = PLANE('',#1247);
#1247 = AXIS2_PLACEMENT_3D('',#1248,#1249,#1250);
#1248 = CARTESIAN_POINT('',(-3.,1.775,6.E-02));
#1249 = DIRECTION('',(0.,1.110223024625E-16,1.));
#1250 = DIRECTION('',(0.,-1.,1.110223024625E-16));
#1251 = ADVANCED_FACE('',(#1252),#1270,.F.);
#1252 = FACE_BOUND('',#1253,.F.);
#1253 = EDGE_LOOP('',(#1254,#1255,#1263,#1269));
#1254 = ORIENTED_EDGE('',*,*,#1034,.F.);
#1255 = ORIENTED_EDGE('',*,*,#1256,.T.);
#1256 = EDGE_CURVE('',#1027,#1257,#1259,.T.);
#1257 = VERTEX_POINT('',#1258);
#1258 = CARTESIAN_POINT('',(-2.7,-0.975,0.61));
#1259 = LINE('',#1260,#1261);
#1260 = CARTESIAN_POINT('',(-3.,-0.975,0.61));
#1261 = VECTOR('',#1262,1.);
#1262 = DIRECTION('',(1.,0.,0.));
#1263 = ORIENTED_EDGE('',*,*,#1264,.T.);
#1264 = EDGE_CURVE('',#1257,#1194,#1265,.T.);
#1265 = LINE('',#1266,#1267);
#1266 = CARTESIAN_POINT('',(-2.7,-0.975,0.61));
#1267 = VECTOR('',#1268,1.);
#1268 = DIRECTION('',(0.,0.,-1.));
#1269 = ORIENTED_EDGE('',*,*,#1193,.F.);
#1270 = PLANE('',#1271);
#1271 = AXIS2_PLACEMENT_3D('',#1272,#1273,#1274);
#1272 = CARTESIAN_POINT('',(-3.,-0.975,0.61));
#1273 = DIRECTION('',(0.,1.,-1.110223024625E-16));
#1274 = DIRECTION('',(0.,-1.110223024625E-16,-1.));
#1275 = ADVANCED_FACE('',(#1276),#1294,.F.);
#1276 = FACE_BOUND('',#1277,.F.);
#1277 = EDGE_LOOP('',(#1278,#1279,#1287,#1293));
#1278 = ORIENTED_EDGE('',*,*,#1026,.F.);
#1279 = ORIENTED_EDGE('',*,*,#1280,.T.);
#1280 = EDGE_CURVE('',#1019,#1281,#1283,.T.);
#1281 = VERTEX_POINT('',#1282);
#1282 = CARTESIAN_POINT('',(-2.7,-1.975,0.61));
#1283 = LINE('',#1284,#1285);
#1284 = CARTESIAN_POINT('',(-3.,-1.975,0.61));
#1285 = VECTOR('',#1286,1.);
#1286 = DIRECTION('',(1.,0.,0.));
#1287 = ORIENTED_EDGE('',*,*,#1288,.T.);
#1288 = EDGE_CURVE('',#1281,#1257,#1289,.T.);
#1289 = LINE('',#1290,#1291);
#1290 = CARTESIAN_POINT('',(-2.7,-1.975,0.61));
#1291 = VECTOR('',#1292,1.);
#1292 = DIRECTION('',(0.,1.,0.));
#1293 = ORIENTED_EDGE('',*,*,#1256,.F.);
#1294 = PLANE('',#1295);
#1295 = AXIS2_PLACEMENT_3D('',#1296,#1297,#1298);
#1296 = CARTESIAN_POINT('',(-3.,-1.975,0.61));
#1297 = DIRECTION('',(0.,1.110223024625E-16,1.));
#1298 = DIRECTION('',(0.,1.,-1.110223024625E-16));
#1299 = ADVANCED_FACE('',(#1300),#1318,.F.);
#1300 = FACE_BOUND('',#1301,.F.);
#1301 = EDGE_LOOP('',(#1302,#1303,#1311,#1317));
#1302 = ORIENTED_EDGE('',*,*,#1018,.F.);
#1303 = ORIENTED_EDGE('',*,*,#1304,.T.);
#1304 = EDGE_CURVE('',#1011,#1305,#1307,.T.);
#1305 = VERTEX_POINT('',#1306);
#1306 = CARTESIAN_POINT('',(-2.7,-1.975,1.26));
#1307 = LINE('',#1308,#1309);
#1308 = CARTESIAN_POINT('',(-3.,-1.975,1.26));
#1309 = VECTOR('',#1310,1.);
#1310 = DIRECTION('',(1.,0.,0.));
#1311 = ORIENTED_EDGE('',*,*,#1312,.T.);
#1312 = EDGE_CURVE('',#1305,#1281,#1313,.T.);
#1313 = LINE('',#1314,#1315);
#1314 = CARTESIAN_POINT('',(-2.7,-1.975,1.26));
#1315 = VECTOR('',#1316,1.);
#1316 = DIRECTION('',(0.,0.,-1.));
#1317 = ORIENTED_EDGE('',*,*,#1280,.F.);
#1318 = PLANE('',#1319);
#1319 = AXIS2_PLACEMENT_3D('',#1320,#1321,#1322);
#1320 = CARTESIAN_POINT('',(-3.,-1.975,1.26));
#1321 = DIRECTION('',(0.,1.,-1.110223024625E-16));
#1322 = DIRECTION('',(0.,-1.110223024625E-16,-1.));
#1323 = ADVANCED_FACE('',(#1324),#1342,.F.);
#1324 = FACE_BOUND('',#1325,.F.);
#1325 = EDGE_LOOP('',(#1326,#1327,#1335,#1341));
#1326 = ORIENTED_EDGE('',*,*,#1010,.F.);
#1327 = ORIENTED_EDGE('',*,*,#1328,.T.);
#1328 = EDGE_CURVE('',#1003,#1329,#1331,.T.);
#1329 = VERTEX_POINT('',#1330);
#1330 = CARTESIAN_POINT('',(-2.7,-2.475,1.26));
#1331 = LINE('',#1332,#1333);
#1332 = CARTESIAN_POINT('',(-3.,-2.475,1.26));
#1333 = VECTOR('',#1334,1.);
#1334 = DIRECTION('',(1.,0.,0.));
#1335 = ORIENTED_EDGE('',*,*,#1336,.T.);
#1336 = EDGE_CURVE('',#1329,#1305,#1337,.T.);
#1337 = LINE('',#1338,#1339);
#1338 = CARTESIAN_POINT('',(-2.7,-2.475,1.26));
#1339 = VECTOR('',#1340,1.);
#1340 = DIRECTION('',(0.,1.,0.));
#1341 = ORIENTED_EDGE('',*,*,#1304,.F.);
#1342 = PLANE('',#1343);
#1343 = AXIS2_PLACEMENT_3D('',#1344,#1345,#1346);
#1344 = CARTESIAN_POINT('',(-3.,-2.475,1.26));
#1345 = DIRECTION('',(0.,1.110223024625E-16,1.));
#1346 = DIRECTION('',(0.,1.,-1.110223024625E-16));
#1347 = ADVANCED_FACE('',(#1348,#1405),#1503,.T.);
#1348 = FACE_BOUND('',#1349,.T.);
#1349 = EDGE_LOOP('',(#1350,#1351,#1352,#1360,#1366,#1367,#1375,#1383,
    #1391,#1399));
#1350 = ORIENTED_EDGE('',*,*,#1002,.F.);
#1351 = ORIENTED_EDGE('',*,*,#1328,.T.);
#1352 = ORIENTED_EDGE('',*,*,#1353,.T.);
#1353 = EDGE_CURVE('',#1329,#1354,#1356,.T.);
#1354 = VERTEX_POINT('',#1355);
#1355 = CARTESIAN_POINT('',(-2.5,-2.475,1.26));
#1356 = LINE('',#1357,#1358);
#1357 = CARTESIAN_POINT('',(-3.,-2.475,1.26));
#1358 = VECTOR('',#1359,1.);
#1359 = DIRECTION('',(1.,0.,0.));
#1360 = ORIENTED_EDGE('',*,*,#1361,.F.);
#1361 = EDGE_CURVE('',#1210,#1354,#1362,.T.);
#1362 = LINE('',#1363,#1364);
#1363 = CARTESIAN_POINT('',(-2.5,-2.475,6.E-02));
#1364 = VECTOR('',#1365,1.);
#1365 = DIRECTION('',(0.,1.110223024625E-16,1.));
#1366 = ORIENTED_EDGE('',*,*,#1217,.T.);
#1367 = ORIENTED_EDGE('',*,*,#1368,.T.);
#1368 = EDGE_CURVE('',#1218,#1369,#1371,.T.);
#1369 = VERTEX_POINT('',#1370);
#1370 = CARTESIAN_POINT('',(2.5,-2.475,1.26));
#1371 = LINE('',#1372,#1373);
#1372 = CARTESIAN_POINT('',(2.5,-2.475,6.E-02));
#1373 = VECTOR('',#1374,1.);
#1374 = DIRECTION('',(0.,1.110223024625E-16,1.));
#1375 = ORIENTED_EDGE('',*,*,#1376,.T.);
#1376 = EDGE_CURVE('',#1369,#1377,#1379,.T.);
#1377 = VERTEX_POINT('',#1378);
#1378 = CARTESIAN_POINT('',(2.7,-2.475,1.26));
#1379 = LINE('',#1380,#1381);
#1380 = CARTESIAN_POINT('',(2.5,-2.475,1.26));
#1381 = VECTOR('',#1382,1.);
#1382 = DIRECTION('',(1.,0.,0.));
#1383 = ORIENTED_EDGE('',*,*,#1384,.T.);
#1384 = EDGE_CURVE('',#1377,#1385,#1387,.T.);
#1385 = VERTEX_POINT('',#1386);
#1386 = CARTESIAN_POINT('',(3.,-2.475,1.26));
#1387 = LINE('',#1388,#1389);
#1388 = CARTESIAN_POINT('',(2.5,-2.475,1.26));
#1389 = VECTOR('',#1390,1.);
#1390 = DIRECTION('',(1.,0.,0.));
#1391 = ORIENTED_EDGE('',*,*,#1392,.T.);
#1392 = EDGE_CURVE('',#1385,#1393,#1395,.T.);
#1393 = VERTEX_POINT('',#1394);
#1394 = CARTESIAN_POINT('',(3.,-2.475,2.96));
#1395 = LINE('',#1396,#1397);
#1396 = CARTESIAN_POINT('',(3.,-2.475,6.E-02));
#1397 = VECTOR('',#1398,1.);
#1398 = DIRECTION('',(0.,1.110223024625E-16,1.));
#1399 = ORIENTED_EDGE('',*,*,#1400,.F.);
#1400 = EDGE_CURVE('',#995,#1393,#1401,.T.);
#1401 = LINE('',#1402,#1403);
#1402 = CARTESIAN_POINT('',(-3.,-2.475,2.96));
#1403 = VECTOR('',#1404,1.);
#1404 = DIRECTION('',(1.,0.,0.));
#1405 = FACE_BOUND('',#1406,.T.);
#1406 = EDGE_LOOP('',(#1407,#1417,#1425,#1433,#1441,#1449,#1457,#1465,
    #1473,#1481,#1489,#1497));
#1407 = ORIENTED_EDGE('',*,*,#1408,.F.);
#1408 = EDGE_CURVE('',#1409,#1411,#1413,.T.);
#1409 = VERTEX_POINT('',#1410);
#1410 = CARTESIAN_POINT('',(2.2,-2.475,0.46));
#1411 = VERTEX_POINT('',#1412);
#1412 = CARTESIAN_POINT('',(2.2,-2.475,1.46));
#1413 = LINE('',#1414,#1415);
#1414 = CARTESIAN_POINT('',(2.2,-2.475,0.46));
#1415 = VECTOR('',#1416,1.);
#1416 = DIRECTION('',(0.,1.110223024625E-16,1.));
#1417 = ORIENTED_EDGE('',*,*,#1418,.F.);
#1418 = EDGE_CURVE('',#1419,#1409,#1421,.T.);
#1419 = VERTEX_POINT('',#1420);
#1420 = CARTESIAN_POINT('',(-2.2,-2.475,0.46));
#1421 = LINE('',#1422,#1423);
#1422 = CARTESIAN_POINT('',(-2.2,-2.475,0.46));
#1423 = VECTOR('',#1424,1.);
#1424 = DIRECTION('',(1.,0.,0.));
#1425 = ORIENTED_EDGE('',*,*,#1426,.F.);
#1426 = EDGE_CURVE('',#1427,#1419,#1429,.T.);
#1427 = VERTEX_POINT('',#1428);
#1428 = CARTESIAN_POINT('',(-2.2,-2.475,1.46));
#1429 = LINE('',#1430,#1431);
#1430 = CARTESIAN_POINT('',(-2.2,-2.475,2.56));
#1431 = VECTOR('',#1432,1.);
#1432 = DIRECTION('',(0.,-1.110223024625E-16,-1.));
#1433 = ORIENTED_EDGE('',*,*,#1434,.F.);
#1434 = EDGE_CURVE('',#1435,#1427,#1437,.T.);
#1435 = VERTEX_POINT('',#1436);
#1436 = CARTESIAN_POINT('',(-2.55,-2.475,1.46));
#1437 = LINE('',#1438,#1439);
#1438 = CARTESIAN_POINT('',(-2.55,-2.475,1.46));
#1439 = VECTOR('',#1440,1.);
#1440 = DIRECTION('',(1.,0.,0.));
#1441 = ORIENTED_EDGE('',*,*,#1442,.F.);
#1442 = EDGE_CURVE('',#1443,#1435,#1445,.T.);
#1443 = VERTEX_POINT('',#1444);
#1444 = CARTESIAN_POINT('',(-2.55,-2.475,2.06));
#1445 = LINE('',#1446,#1447);
#1446 = CARTESIAN_POINT('',(-2.55,-2.475,2.06));
#1447 = VECTOR('',#1448,1.);
#1448 = DIRECTION('',(0.,-1.110223024625E-16,-1.));
#1449 = ORIENTED_EDGE('',*,*,#1450,.F.);
#1450 = EDGE_CURVE('',#1451,#1443,#1453,.T.);
#1451 = VERTEX_POINT('',#1452);
#1452 = CARTESIAN_POINT('',(-2.2,-2.475,2.06));
#1453 = LINE('',#1454,#1455);
#1454 = CARTESIAN_POINT('',(2.55,-2.475,2.06));
#1455 = VECTOR('',#1456,1.);
#1456 = DIRECTION('',(-1.,0.,0.));
#1457 = ORIENTED_EDGE('',*,*,#1458,.F.);
#1458 = EDGE_CURVE('',#1459,#1451,#1461,.T.);
#1459 = VERTEX_POINT('',#1460);
#1460 = CARTESIAN_POINT('',(-2.2,-2.475,2.56));
#1461 = LINE('',#1462,#1463);
#1462 = CARTESIAN_POINT('',(-2.2,-2.475,2.56));
#1463 = VECTOR('',#1464,1.);
#1464 = DIRECTION('',(0.,-1.110223024625E-16,-1.));
#1465 = ORIENTED_EDGE('',*,*,#1466,.F.);
#1466 = EDGE_CURVE('',#1467,#1459,#1469,.T.);
#1467 = VERTEX_POINT('',#1468);
#1468 = CARTESIAN_POINT('',(2.2,-2.475,2.56));
#1469 = LINE('',#1470,#1471);
#1470 = CARTESIAN_POINT('',(2.2,-2.475,2.56));
#1471 = VECTOR('',#1472,1.);
#1472 = DIRECTION('',(-1.,0.,0.));
#1473 = ORIENTED_EDGE('',*,*,#1474,.F.);
#1474 = EDGE_CURVE('',#1475,#1467,#1477,.T.);
#1475 = VERTEX_POINT('',#1476);
#1476 = CARTESIAN_POINT('',(2.2,-2.475,2.06));
#1477 = LINE('',#1478,#1479);
#1478 = CARTESIAN_POINT('',(2.2,-2.475,0.46));
#1479 = VECTOR('',#1480,1.);
#1480 = DIRECTION('',(0.,1.110223024625E-16,1.));
#1481 = ORIENTED_EDGE('',*,*,#1482,.F.);
#1482 = EDGE_CURVE('',#1483,#1475,#1485,.T.);
#1483 = VERTEX_POINT('',#1484);
#1484 = CARTESIAN_POINT('',(2.55,-2.475,2.06));
#1485 = LINE('',#1486,#1487);
#1486 = CARTESIAN_POINT('',(2.55,-2.475,2.06));
#1487 = VECTOR('',#1488,1.);
#1488 = DIRECTION('',(-1.,0.,0.));
#1489 = ORIENTED_EDGE('',*,*,#1490,.F.);
#1490 = EDGE_CURVE('',#1491,#1483,#1493,.T.);
#1491 = VERTEX_POINT('',#1492);
#1492 = CARTESIAN_POINT('',(2.55,-2.475,1.46));
#1493 = LINE('',#1494,#1495);
#1494 = CARTESIAN_POINT('',(2.55,-2.475,1.46));
#1495 = VECTOR('',#1496,1.);
#1496 = DIRECTION('',(0.,1.110223024625E-16,1.));
#1497 = ORIENTED_EDGE('',*,*,#1498,.F.);
#1498 = EDGE_CURVE('',#1411,#1491,#1499,.T.);
#1499 = LINE('',#1500,#1501);
#1500 = CARTESIAN_POINT('',(-2.55,-2.475,1.46));
#1501 = VECTOR('',#1502,1.);
#1502 = DIRECTION('',(1.,0.,0.));
#1503 = PLANE('',#1504);
#1504 = AXIS2_PLACEMENT_3D('',#1505,#1506,#1507);
#1505 = CARTESIAN_POINT('',(-3.,-2.475,6.E-02));
#1506 = DIRECTION('',(0.,-1.,1.110223024625E-16));
#1507 = DIRECTION('',(1.,0.,0.));
#1508 = ADVANCED_FACE('',(#1509),#1559,.T.);
#1509 = FACE_BOUND('',#1510,.T.);
#1510 = EDGE_LOOP('',(#1511,#1521,#1529,#1535,#1536,#1537,#1545,#1553));
#1511 = ORIENTED_EDGE('',*,*,#1512,.F.);
#1512 = EDGE_CURVE('',#1513,#1515,#1517,.T.);
#1513 = VERTEX_POINT('',#1514);
#1514 = CARTESIAN_POINT('',(-2.5,1.775,2.96));
#1515 = VERTEX_POINT('',#1516);
#1516 = CARTESIAN_POINT('',(2.5,1.775,2.96));
#1517 = LINE('',#1518,#1519);
#1518 = CARTESIAN_POINT('',(-3.,1.775,2.96));
#1519 = VECTOR('',#1520,1.);
#1520 = DIRECTION('',(1.,0.,0.));
#1521 = ORIENTED_EDGE('',*,*,#1522,.F.);
#1522 = EDGE_CURVE('',#1523,#1513,#1525,.T.);
#1523 = VERTEX_POINT('',#1524);
#1524 = CARTESIAN_POINT('',(-2.5,0.286,2.96));
#1525 = LINE('',#1526,#1527);
#1526 = CARTESIAN_POINT('',(-2.5,0.286,2.96));
#1527 = VECTOR('',#1528,1.);
#1528 = DIRECTION('',(0.,1.,-1.110223024625E-16));
#1529 = ORIENTED_EDGE('',*,*,#1530,.F.);
#1530 = EDGE_CURVE('',#987,#1523,#1531,.T.);
#1531 = LINE('',#1532,#1533);
#1532 = CARTESIAN_POINT('',(-3.,0.286,2.96));
#1533 = VECTOR('',#1534,1.);
#1534 = DIRECTION('',(1.,0.,0.));
#1535 = ORIENTED_EDGE('',*,*,#994,.T.);
#1536 = ORIENTED_EDGE('',*,*,#1400,.T.);
#1537 = ORIENTED_EDGE('',*,*,#1538,.F.);
#1538 = EDGE_CURVE('',#1539,#1393,#1541,.T.);
#1539 = VERTEX_POINT('',#1540);
#1540 = CARTESIAN_POINT('',(3.,0.286,2.96));
#1541 = LINE('',#1542,#1543);
#1542 = CARTESIAN_POINT('',(3.,1.775,2.96));
#1543 = VECTOR('',#1544,1.);
#1544 = DIRECTION('',(0.,-1.,1.110223024625E-16));
#1545 = ORIENTED_EDGE('',*,*,#1546,.F.);
#1546 = EDGE_CURVE('',#1547,#1539,#1549,.T.);
#1547 = VERTEX_POINT('',#1548);
#1548 = CARTESIAN_POINT('',(2.5,0.286,2.96));
#1549 = LINE('',#1550,#1551);
#1550 = CARTESIAN_POINT('',(2.5,0.286,2.96));
#1551 = VECTOR('',#1552,1.);
#1552 = DIRECTION('',(1.,0.,0.));
#1553 = ORIENTED_EDGE('',*,*,#1554,.T.);
#1554 = EDGE_CURVE('',#1547,#1515,#1555,.T.);
#1555 = LINE('',#1556,#1557);
#1556 = CARTESIAN_POINT('',(2.5,0.286,2.96));
#1557 = VECTOR('',#1558,1.);
#1558 = DIRECTION('',(0.,1.,-1.110223024625E-16));
#1559 = PLANE('',#1560);
#1560 = AXIS2_PLACEMENT_3D('',#1561,#1562,#1563);
#1561 = CARTESIAN_POINT('',(-3.,1.775,2.96));
#1562 = DIRECTION('',(0.,1.110223024625E-16,1.));
#1563 = DIRECTION('',(0.,-1.,1.110223024625E-16));
#1564 = ADVANCED_FACE('',(#1565),#1583,.F.);
#1565 = FACE_BOUND('',#1566,.F.);
#1566 = EDGE_LOOP('',(#1567,#1575,#1581,#1582));
#1567 = ORIENTED_EDGE('',*,*,#1568,.T.);
#1568 = EDGE_CURVE('',#979,#1569,#1571,.T.);
#1569 = VERTEX_POINT('',#1570);
#1570 = CARTESIAN_POINT('',(-2.5,0.575,2.46));
#1571 = LINE('',#1572,#1573);
#1572 = CARTESIAN_POINT('',(-3.,0.575,2.46));
#1573 = VECTOR('',#1574,1.);
#1574 = DIRECTION('',(1.,0.,0.));
#1575 = ORIENTED_EDGE('',*,*,#1576,.T.);
#1576 = EDGE_CURVE('',#1569,#1523,#1577,.T.);
#1577 = LINE('',#1578,#1579);
#1578 = CARTESIAN_POINT('',(-2.5,0.575,2.46));
#1579 = VECTOR('',#1580,1.);
#1580 = DIRECTION('',(0.,-0.500421834463,0.865781720524));
#1581 = ORIENTED_EDGE('',*,*,#1530,.F.);
#1582 = ORIENTED_EDGE('',*,*,#986,.F.);
#1583 = PLANE('',#1584);
#1584 = AXIS2_PLACEMENT_3D('',#1585,#1586,#1587);
#1585 = CARTESIAN_POINT('',(-3.,0.575,2.46));
#1586 = DIRECTION('',(0.,-0.865781720524,-0.500421834463));
#1587 = DIRECTION('',(0.,-0.500421834463,0.865781720524));
#1588 = ADVANCED_FACE('',(#1589),#1607,.F.);
#1589 = FACE_BOUND('',#1590,.F.);
#1590 = EDGE_LOOP('',(#1591,#1599,#1605,#1606));
#1591 = ORIENTED_EDGE('',*,*,#1592,.T.);
#1592 = EDGE_CURVE('',#971,#1593,#1595,.T.);
#1593 = VERTEX_POINT('',#1594);
#1594 = CARTESIAN_POINT('',(-2.5,1.225,2.46));
#1595 = LINE('',#1596,#1597);
#1596 = CARTESIAN_POINT('',(-3.,1.225,2.46));
#1597 = VECTOR('',#1598,1.);
#1598 = DIRECTION('',(1.,0.,0.));
#1599 = ORIENTED_EDGE('',*,*,#1600,.T.);
#1600 = EDGE_CURVE('',#1593,#1569,#1601,.T.);
#1601 = LINE('',#1602,#1603);
#1602 = CARTESIAN_POINT('',(-2.5,1.225,2.46));
#1603 = VECTOR('',#1604,1.);
#1604 = DIRECTION('',(0.,-1.,1.110223024625E-16));
#1605 = ORIENTED_EDGE('',*,*,#1568,.F.);
#1606 = ORIENTED_EDGE('',*,*,#978,.F.);
#1607 = PLANE('',#1608);
#1608 = AXIS2_PLACEMENT_3D('',#1609,#1610,#1611);
#1609 = CARTESIAN_POINT('',(-3.,1.225,2.46));
#1610 = DIRECTION('',(0.,-1.110223024625E-16,-1.));
#1611 = DIRECTION('',(0.,-1.,1.110223024625E-16));
#1612 = ADVANCED_FACE('',(#1613),#1631,.F.);
#1613 = FACE_BOUND('',#1614,.F.);
#1614 = EDGE_LOOP('',(#1615,#1623,#1629,#1630));
#1615 = ORIENTED_EDGE('',*,*,#1616,.T.);
#1616 = EDGE_CURVE('',#963,#1617,#1619,.T.);
#1617 = VERTEX_POINT('',#1618);
#1618 = CARTESIAN_POINT('',(-2.5,1.225,1.46));
#1619 = LINE('',#1620,#1621);
#1620 = CARTESIAN_POINT('',(-3.,1.225,1.46));
#1621 = VECTOR('',#1622,1.);
#1622 = DIRECTION('',(1.,0.,0.));
#1623 = ORIENTED_EDGE('',*,*,#1624,.T.);
#1624 = EDGE_CURVE('',#1617,#1593,#1625,.T.);
#1625 = LINE('',#1626,#1627);
#1626 = CARTESIAN_POINT('',(-2.5,1.225,1.46));
#1627 = VECTOR('',#1628,1.);
#1628 = DIRECTION('',(0.,1.110223024625E-16,1.));
#1629 = ORIENTED_EDGE('',*,*,#1592,.F.);
#1630 = ORIENTED_EDGE('',*,*,#970,.F.);
#1631 = PLANE('',#1632);
#1632 = AXIS2_PLACEMENT_3D('',#1633,#1634,#1635);
#1633 = CARTESIAN_POINT('',(-3.,1.225,1.46));
#1634 = DIRECTION('',(0.,-1.,1.110223024625E-16));
#1635 = DIRECTION('',(0.,1.110223024625E-16,1.));
#1636 = ADVANCED_FACE('',(#1637),#1655,.F.);
#1637 = FACE_BOUND('',#1638,.F.);
#1638 = EDGE_LOOP('',(#1639,#1647,#1653,#1654));
#1639 = ORIENTED_EDGE('',*,*,#1640,.T.);
#1640 = EDGE_CURVE('',#955,#1641,#1643,.T.);
#1641 = VERTEX_POINT('',#1642);
#1642 = CARTESIAN_POINT('',(-2.5,1.775,1.46));
#1643 = LINE('',#1644,#1645);
#1644 = CARTESIAN_POINT('',(-3.,1.775,1.46));
#1645 = VECTOR('',#1646,1.);
#1646 = DIRECTION('',(1.,0.,0.));
#1647 = ORIENTED_EDGE('',*,*,#1648,.T.);
#1648 = EDGE_CURVE('',#1641,#1617,#1649,.T.);
#1649 = LINE('',#1650,#1651);
#1650 = CARTESIAN_POINT('',(-2.5,1.775,1.46));
#1651 = VECTOR('',#1652,1.);
#1652 = DIRECTION('',(0.,-1.,1.110223024625E-16));
#1653 = ORIENTED_EDGE('',*,*,#1616,.F.);
#1654 = ORIENTED_EDGE('',*,*,#962,.F.);
#1655 = PLANE('',#1656);
#1656 = AXIS2_PLACEMENT_3D('',#1657,#1658,#1659);
#1657 = CARTESIAN_POINT('',(-3.,1.775,1.46));
#1658 = DIRECTION('',(0.,-1.110223024625E-16,-1.));
#1659 = DIRECTION('',(0.,-1.,1.110223024625E-16));
#1660 = ADVANCED_FACE('',(#1661),#1787,.F.);
#1661 = FACE_BOUND('',#1662,.F.);
#1662 = EDGE_LOOP('',(#1663,#1664,#1665,#1673,#1681,#1687,#1688,#1696,
    #1704,#1710,#1711,#1719,#1727,#1733,#1734,#1742,#1750,#1756,#1757,
    #1765,#1773,#1779,#1780,#1786));
#1663 = ORIENTED_EDGE('',*,*,#954,.F.);
#1664 = ORIENTED_EDGE('',*,*,#1186,.T.);
#1665 = ORIENTED_EDGE('',*,*,#1666,.T.);
#1666 = EDGE_CURVE('',#1179,#1667,#1669,.T.);
#1667 = VERTEX_POINT('',#1668);
#1668 = CARTESIAN_POINT('',(-1.6,1.775,0.2));
#1669 = LINE('',#1670,#1671);
#1670 = CARTESIAN_POINT('',(-1.6,1.775,6.E-02));
#1671 = VECTOR('',#1672,1.);
#1672 = DIRECTION('',(0.,0.,1.));
#1673 = ORIENTED_EDGE('',*,*,#1674,.T.);
#1674 = EDGE_CURVE('',#1667,#1675,#1677,.T.);
#1675 = VERTEX_POINT('',#1676);
#1676 = CARTESIAN_POINT('',(-1.4,1.775,0.2));
#1677 = LINE('',#1678,#1679);
#1678 = CARTESIAN_POINT('',(-1.6,1.775,0.2));
#1679 = VECTOR('',#1680,1.);
#1680 = DIRECTION('',(1.,0.,0.));
#1681 = ORIENTED_EDGE('',*,*,#1682,.F.);
#1682 = EDGE_CURVE('',#1155,#1675,#1683,.T.);
#1683 = LINE('',#1684,#1685);
#1684 = CARTESIAN_POINT('',(-1.4,1.775,6.E-02));
#1685 = VECTOR('',#1686,1.);
#1686 = DIRECTION('',(0.,0.,1.));
#1687 = ORIENTED_EDGE('',*,*,#1154,.T.);
#1688 = ORIENTED_EDGE('',*,*,#1689,.T.);
#1689 = EDGE_CURVE('',#1147,#1690,#1692,.T.);
#1690 = VERTEX_POINT('',#1691);
#1691 = CARTESIAN_POINT('',(-0.6,1.775,0.2));
#1692 = LINE('',#1693,#1694);
#1693 = CARTESIAN_POINT('',(-0.6,1.775,6.E-02));
#1694 = VECTOR('',#1695,1.);
#1695 = DIRECTION('',(0.,0.,1.));
#1696 = ORIENTED_EDGE('',*,*,#1697,.T.);
#1697 = EDGE_CURVE('',#1690,#1698,#1700,.T.);
#1698 = VERTEX_POINT('',#1699);
#1699 = CARTESIAN_POINT('',(-0.4,1.775,0.2));
#1700 = LINE('',#1701,#1702);
#1701 = CARTESIAN_POINT('',(-0.6,1.775,0.2));
#1702 = VECTOR('',#1703,1.);
#1703 = DIRECTION('',(1.,0.,0.));
#1704 = ORIENTED_EDGE('',*,*,#1705,.F.);
#1705 = EDGE_CURVE('',#1123,#1698,#1706,.T.);
#1706 = LINE('',#1707,#1708);
#1707 = CARTESIAN_POINT('',(-0.4,1.775,6.E-02));
#1708 = VECTOR('',#1709,1.);
#1709 = DIRECTION('',(0.,0.,1.));
#1710 = ORIENTED_EDGE('',*,*,#1122,.T.);
#1711 = ORIENTED_EDGE('',*,*,#1712,.T.);
#1712 = EDGE_CURVE('',#1115,#1713,#1715,.T.);
#1713 = VERTEX_POINT('',#1714);
#1714 = CARTESIAN_POINT('',(0.4,1.775,0.2));
#1715 = LINE('',#1716,#1717);
#1716 = CARTESIAN_POINT('',(0.4,1.775,6.E-02));
#1717 = VECTOR('',#1718,1.);
#1718 = DIRECTION('',(0.,0.,1.));
#1719 = ORIENTED_EDGE('',*,*,#1720,.T.);
#1720 = EDGE_CURVE('',#1713,#1721,#1723,.T.);
#1721 = VERTEX_POINT('',#1722);
#1722 = CARTESIAN_POINT('',(0.6,1.775,0.2));
#1723 = LINE('',#1724,#1725);
#1724 = CARTESIAN_POINT('',(0.4,1.775,0.2));
#1725 = VECTOR('',#1726,1.);
#1726 = DIRECTION('',(1.,0.,0.));
#1727 = ORIENTED_EDGE('',*,*,#1728,.F.);
#1728 = EDGE_CURVE('',#1091,#1721,#1729,.T.);
#1729 = LINE('',#1730,#1731);
#1730 = CARTESIAN_POINT('',(0.6,1.775,6.E-02));
#1731 = VECTOR('',#1732,1.);
#1732 = DIRECTION('',(0.,0.,1.));
#1733 = ORIENTED_EDGE('',*,*,#1090,.T.);
#1734 = ORIENTED_EDGE('',*,*,#1735,.T.);
#1735 = EDGE_CURVE('',#1083,#1736,#1738,.T.);
#1736 = VERTEX_POINT('',#1737);
#1737 = CARTESIAN_POINT('',(1.4,1.775,0.2));
#1738 = LINE('',#1739,#1740);
#1739 = CARTESIAN_POINT('',(1.4,1.775,6.E-02));
#1740 = VECTOR('',#1741,1.);
#1741 = DIRECTION('',(0.,0.,1.));
#1742 = ORIENTED_EDGE('',*,*,#1743,.T.);
#1743 = EDGE_CURVE('',#1736,#1744,#1746,.T.);
#1744 = VERTEX_POINT('',#1745);
#1745 = CARTESIAN_POINT('',(1.6,1.775,0.2));
#1746 = LINE('',#1747,#1748);
#1747 = CARTESIAN_POINT('',(1.4,1.775,0.2));
#1748 = VECTOR('',#1749,1.);
#1749 = DIRECTION('',(1.,0.,0.));
#1750 = ORIENTED_EDGE('',*,*,#1751,.F.);
#1751 = EDGE_CURVE('',#1059,#1744,#1752,.T.);
#1752 = LINE('',#1753,#1754);
#1753 = CARTESIAN_POINT('',(1.6,1.775,6.E-02));
#1754 = VECTOR('',#1755,1.);
#1755 = DIRECTION('',(0.,0.,1.));
#1756 = ORIENTED_EDGE('',*,*,#1058,.T.);
#1757 = ORIENTED_EDGE('',*,*,#1758,.T.);
#1758 = EDGE_CURVE('',#1049,#1759,#1761,.T.);
#1759 = VERTEX_POINT('',#1760);
#1760 = CARTESIAN_POINT('',(3.,1.775,1.46));
#1761 = LINE('',#1762,#1763);
#1762 = CARTESIAN_POINT('',(3.,1.775,6.E-02));
#1763 = VECTOR('',#1764,1.);
#1764 = DIRECTION('',(0.,1.110223024625E-16,1.));
#1765 = ORIENTED_EDGE('',*,*,#1766,.F.);
#1766 = EDGE_CURVE('',#1767,#1759,#1769,.T.);
#1767 = VERTEX_POINT('',#1768);
#1768 = CARTESIAN_POINT('',(2.5,1.775,1.46));
#1769 = LINE('',#1770,#1771);
#1770 = CARTESIAN_POINT('',(2.5,1.775,1.46));
#1771 = VECTOR('',#1772,1.);
#1772 = DIRECTION('',(1.,0.,0.));
#1773 = ORIENTED_EDGE('',*,*,#1774,.F.);
#1774 = EDGE_CURVE('',#1515,#1767,#1775,.T.);
#1775 = LINE('',#1776,#1777);
#1776 = CARTESIAN_POINT('',(2.5,1.775,2.96));
#1777 = VECTOR('',#1778,1.);
#1778 = DIRECTION('',(0.,-1.110223024625E-16,-1.));
#1779 = ORIENTED_EDGE('',*,*,#1512,.F.);
#1780 = ORIENTED_EDGE('',*,*,#1781,.T.);
#1781 = EDGE_CURVE('',#1513,#1641,#1782,.T.);
#1782 = LINE('',#1783,#1784);
#1783 = CARTESIAN_POINT('',(-2.5,1.775,2.96));
#1784 = VECTOR('',#1785,1.);
#1785 = DIRECTION('',(0.,-1.110223024625E-16,-1.));
#1786 = ORIENTED_EDGE('',*,*,#1640,.F.);
#1787 = PLANE('',#1788);
#1788 = AXIS2_PLACEMENT_3D('',#1789,#1790,#1791);
#1789 = CARTESIAN_POINT('',(-3.,1.775,6.E-02));
#1790 = DIRECTION('',(0.,-1.,1.110223024625E-16));
#1791 = DIRECTION('',(1.,0.,0.));
#1792 = ADVANCED_FACE('',(#1793),#1859,.T.);
#1793 = FACE_BOUND('',#1794,.T.);
#1794 = EDGE_LOOP('',(#1795,#1796,#1797,#1805,#1813,#1821,#1827,#1828,
    #1829,#1837,#1845,#1853));
#1795 = ORIENTED_EDGE('',*,*,#1048,.F.);
#1796 = ORIENTED_EDGE('',*,*,#1758,.T.);
#1797 = ORIENTED_EDGE('',*,*,#1798,.T.);
#1798 = EDGE_CURVE('',#1759,#1799,#1801,.T.);
#1799 = VERTEX_POINT('',#1800);
#1800 = CARTESIAN_POINT('',(3.,1.225,1.46));
#1801 = LINE('',#1802,#1803);
#1802 = CARTESIAN_POINT('',(3.,1.775,1.46));
#1803 = VECTOR('',#1804,1.);
#1804 = DIRECTION('',(0.,-1.,1.110223024625E-16));
#1805 = ORIENTED_EDGE('',*,*,#1806,.T.);
#1806 = EDGE_CURVE('',#1799,#1807,#1809,.T.);
#1807 = VERTEX_POINT('',#1808);
#1808 = CARTESIAN_POINT('',(3.,1.225,2.46));
#1809 = LINE('',#1810,#1811);
#1810 = CARTESIAN_POINT('',(3.,1.225,1.46));
#1811 = VECTOR('',#1812,1.);
#1812 = DIRECTION('',(0.,1.110223024625E-16,1.));
#1813 = ORIENTED_EDGE('',*,*,#1814,.T.);
#1814 = EDGE_CURVE('',#1807,#1815,#1817,.T.);
#1815 = VERTEX_POINT('',#1816);
#1816 = CARTESIAN_POINT('',(3.,0.575,2.46));
#1817 = LINE('',#1818,#1819);
#1818 = CARTESIAN_POINT('',(3.,1.225,2.46));
#1819 = VECTOR('',#1820,1.);
#1820 = DIRECTION('',(0.,-1.,1.110223024625E-16));
#1821 = ORIENTED_EDGE('',*,*,#1822,.T.);
#1822 = EDGE_CURVE('',#1815,#1539,#1823,.T.);
#1823 = LINE('',#1824,#1825);
#1824 = CARTESIAN_POINT('',(3.,0.575,2.46));
#1825 = VECTOR('',#1826,1.);
#1826 = DIRECTION('',(0.,-0.500421834463,0.865781720524));
#1827 = ORIENTED_EDGE('',*,*,#1538,.T.);
#1828 = ORIENTED_EDGE('',*,*,#1392,.F.);
#1829 = ORIENTED_EDGE('',*,*,#1830,.T.);
#1830 = EDGE_CURVE('',#1385,#1831,#1833,.T.);
#1831 = VERTEX_POINT('',#1832);
#1832 = CARTESIAN_POINT('',(3.,-1.975,1.26));
#1833 = LINE('',#1834,#1835);
#1834 = CARTESIAN_POINT('',(3.,-2.475,1.26));
#1835 = VECTOR('',#1836,1.);
#1836 = DIRECTION('',(0.,1.,-1.110223024625E-16));
#1837 = ORIENTED_EDGE('',*,*,#1838,.T.);
#1838 = EDGE_CURVE('',#1831,#1839,#1841,.T.);
#1839 = VERTEX_POINT('',#1840);
#1840 = CARTESIAN_POINT('',(3.,-1.975,0.61));
#1841 = LINE('',#1842,#1843);
#1842 = CARTESIAN_POINT('',(3.,-1.975,1.26));
#1843 = VECTOR('',#1844,1.);
#1844 = DIRECTION('',(0.,-1.110223024625E-16,-1.));
#1845 = ORIENTED_EDGE('',*,*,#1846,.T.);
#1846 = EDGE_CURVE('',#1839,#1847,#1849,.T.);
#1847 = VERTEX_POINT('',#1848);
#1848 = CARTESIAN_POINT('',(3.,-0.975,0.61));
#1849 = LINE('',#1850,#1851);
#1850 = CARTESIAN_POINT('',(3.,-1.975,0.61));
#1851 = VECTOR('',#1852,1.);
#1852 = DIRECTION('',(0.,1.,-1.110223024625E-16));
#1853 = ORIENTED_EDGE('',*,*,#1854,.T.);
#1854 = EDGE_CURVE('',#1847,#1051,#1855,.T.);
#1855 = LINE('',#1856,#1857);
#1856 = CARTESIAN_POINT('',(3.,-0.975,0.61));
#1857 = VECTOR('',#1858,1.);
#1858 = DIRECTION('',(0.,-1.110223024625E-16,-1.));
#1859 = PLANE('',#1860);
#1860 = AXIS2_PLACEMENT_3D('',#1861,#1862,#1863);
#1861 = CARTESIAN_POINT('',(3.,1.775,6.E-02));
#1862 = DIRECTION('',(1.,0.,0.));
#1863 = DIRECTION('',(0.,-1.,1.110223024625E-16));
#1864 = ADVANCED_FACE('',(#1865),#1883,.F.);
#1865 = FACE_BOUND('',#1866,.F.);
#1866 = EDGE_LOOP('',(#1867,#1875,#1881,#1882));
#1867 = ORIENTED_EDGE('',*,*,#1868,.F.);
#1868 = EDGE_CURVE('',#1869,#1234,#1871,.T.);
#1869 = VERTEX_POINT('',#1870);
#1870 = CARTESIAN_POINT('',(2.7,-0.975,0.61));
#1871 = LINE('',#1872,#1873);
#1872 = CARTESIAN_POINT('',(2.7,-0.975,0.61));
#1873 = VECTOR('',#1874,1.);
#1874 = DIRECTION('',(0.,0.,-1.));
#1875 = ORIENTED_EDGE('',*,*,#1876,.T.);
#1876 = EDGE_CURVE('',#1869,#1847,#1877,.T.);
#1877 = LINE('',#1878,#1879);
#1878 = CARTESIAN_POINT('',(2.5,-0.975,0.61));
#1879 = VECTOR('',#1880,1.);
#1880 = DIRECTION('',(1.,0.,0.));
#1881 = ORIENTED_EDGE('',*,*,#1854,.T.);
#1882 = ORIENTED_EDGE('',*,*,#1241,.F.);
#1883 = PLANE('',#1884);
#1884 = AXIS2_PLACEMENT_3D('',#1885,#1886,#1887);
#1885 = CARTESIAN_POINT('',(2.5,-0.975,0.61));
#1886 = DIRECTION('',(0.,1.,-1.110223024625E-16));
#1887 = DIRECTION('',(0.,-1.110223024625E-16,-1.));
#1888 = ADVANCED_FACE('',(#1889),#1914,.T.);
#1889 = FACE_BOUND('',#1890,.T.);
#1890 = EDGE_LOOP('',(#1891,#1899,#1900,#1908));
#1891 = ORIENTED_EDGE('',*,*,#1892,.F.);
#1892 = EDGE_CURVE('',#1226,#1893,#1895,.T.);
#1893 = VERTEX_POINT('',#1894);
#1894 = CARTESIAN_POINT('',(2.5,-0.975,1.E-02));
#1895 = LINE('',#1896,#1897);
#1896 = CARTESIAN_POINT('',(2.5,-0.975,0.61));
#1897 = VECTOR('',#1898,1.);
#1898 = DIRECTION('',(0.,0.,-1.));
#1899 = ORIENTED_EDGE('',*,*,#1233,.T.);
#1900 = ORIENTED_EDGE('',*,*,#1901,.T.);
#1901 = EDGE_CURVE('',#1234,#1902,#1904,.T.);
#1902 = VERTEX_POINT('',#1903);
#1903 = CARTESIAN_POINT('',(2.7,-0.975,1.E-02));
#1904 = LINE('',#1905,#1906);
#1905 = CARTESIAN_POINT('',(2.7,-0.975,0.61));
#1906 = VECTOR('',#1907,1.);
#1907 = DIRECTION('',(0.,0.,-1.));
#1908 = ORIENTED_EDGE('',*,*,#1909,.F.);
#1909 = EDGE_CURVE('',#1893,#1902,#1910,.T.);
#1910 = LINE('',#1911,#1912);
#1911 = CARTESIAN_POINT('',(2.5,-0.975,1.E-02));
#1912 = VECTOR('',#1913,1.);
#1913 = DIRECTION('',(1.,0.,0.));
#1914 = PLANE('',#1915);
#1915 = AXIS2_PLACEMENT_3D('',#1916,#1917,#1918);
#1916 = CARTESIAN_POINT('',(2.5,-0.975,0.61));
#1917 = DIRECTION('',(0.,1.,0.));
#1918 = DIRECTION('',(0.,0.,-1.));
#1919 = ADVANCED_FACE('',(#1920),#1938,.T.);
#1920 = FACE_BOUND('',#1921,.T.);
#1921 = EDGE_LOOP('',(#1922,#1930,#1936,#1937));
#1922 = ORIENTED_EDGE('',*,*,#1923,.T.);
#1923 = EDGE_CURVE('',#1893,#1924,#1926,.T.);
#1924 = VERTEX_POINT('',#1925);
#1925 = CARTESIAN_POINT('',(2.5,-2.475,1.E-02));
#1926 = LINE('',#1927,#1928);
#1927 = CARTESIAN_POINT('',(2.5,-0.975,1.E-02));
#1928 = VECTOR('',#1929,1.);
#1929 = DIRECTION('',(0.,-1.,-5.782411586589E-18));
#1930 = ORIENTED_EDGE('',*,*,#1931,.T.);
#1931 = EDGE_CURVE('',#1924,#1218,#1932,.T.);
#1932 = LINE('',#1933,#1934);
#1933 = CARTESIAN_POINT('',(2.5,-2.475,1.E-02));
#1934 = VECTOR('',#1935,1.);
#1935 = DIRECTION('',(0.,0.,1.));
#1936 = ORIENTED_EDGE('',*,*,#1225,.F.);
#1937 = ORIENTED_EDGE('',*,*,#1892,.T.);
#1938 = PLANE('',#1939);
#1939 = AXIS2_PLACEMENT_3D('',#1940,#1941,#1942);
#1940 = CARTESIAN_POINT('',(2.5,-1.843181818182,0.516818181818));
#1941 = DIRECTION('',(-1.,-0.,-0.));
#1942 = DIRECTION('',(0.,0.,-1.));
#1943 = ADVANCED_FACE('',(#1944),#1969,.F.);
#1944 = FACE_BOUND('',#1945,.F.);
#1945 = EDGE_LOOP('',(#1946,#1956,#1962,#1963));
#1946 = ORIENTED_EDGE('',*,*,#1947,.T.);
#1947 = EDGE_CURVE('',#1948,#1950,#1952,.T.);
#1948 = VERTEX_POINT('',#1949);
#1949 = CARTESIAN_POINT('',(-2.5,-0.975,1.E-02));
#1950 = VERTEX_POINT('',#1951);
#1951 = CARTESIAN_POINT('',(-2.5,-2.475,1.E-02));
#1952 = LINE('',#1953,#1954);
#1953 = CARTESIAN_POINT('',(-2.5,-0.975,1.E-02));
#1954 = VECTOR('',#1955,1.);
#1955 = DIRECTION('',(0.,-1.,-5.782411586589E-18));
#1956 = ORIENTED_EDGE('',*,*,#1957,.T.);
#1957 = EDGE_CURVE('',#1950,#1210,#1958,.T.);
#1958 = LINE('',#1959,#1960);
#1959 = CARTESIAN_POINT('',(-2.5,-2.475,1.E-02));
#1960 = VECTOR('',#1961,1.);
#1961 = DIRECTION('',(0.,0.,1.));
#1962 = ORIENTED_EDGE('',*,*,#1209,.F.);
#1963 = ORIENTED_EDGE('',*,*,#1964,.T.);
#1964 = EDGE_CURVE('',#1202,#1948,#1965,.T.);
#1965 = LINE('',#1966,#1967);
#1966 = CARTESIAN_POINT('',(-2.5,-0.975,0.61));
#1967 = VECTOR('',#1968,1.);
#1968 = DIRECTION('',(0.,0.,-1.));
#1969 = PLANE('',#1970);
#1970 = AXIS2_PLACEMENT_3D('',#1971,#1972,#1973);
#1971 = CARTESIAN_POINT('',(-2.5,-1.843181818182,0.516818181818));
#1972 = DIRECTION('',(-1.,-0.,-0.));
#1973 = DIRECTION('',(0.,0.,-1.));
#1974 = ADVANCED_FACE('',(#1975),#1993,.T.);
#1975 = FACE_BOUND('',#1976,.T.);
#1976 = EDGE_LOOP('',(#1977,#1985,#1986,#1987));
#1977 = ORIENTED_EDGE('',*,*,#1978,.F.);
#1978 = EDGE_CURVE('',#1194,#1979,#1981,.T.);
#1979 = VERTEX_POINT('',#1980);
#1980 = CARTESIAN_POINT('',(-2.7,-0.975,1.E-02));
#1981 = LINE('',#1982,#1983);
#1982 = CARTESIAN_POINT('',(-2.7,-0.975,0.61));
#1983 = VECTOR('',#1984,1.);
#1984 = DIRECTION('',(0.,0.,-1.));
#1985 = ORIENTED_EDGE('',*,*,#1201,.T.);
#1986 = ORIENTED_EDGE('',*,*,#1964,.T.);
#1987 = ORIENTED_EDGE('',*,*,#1988,.F.);
#1988 = EDGE_CURVE('',#1979,#1948,#1989,.T.);
#1989 = LINE('',#1990,#1991);
#1990 = CARTESIAN_POINT('',(-2.7,-0.975,1.E-02));
#1991 = VECTOR('',#1992,1.);
#1992 = DIRECTION('',(1.,0.,0.));
#1993 = PLANE('',#1994);
#1994 = AXIS2_PLACEMENT_3D('',#1995,#1996,#1997);
#1995 = CARTESIAN_POINT('',(-2.7,-0.975,0.61));
#1996 = DIRECTION('',(0.,1.,0.));
#1997 = DIRECTION('',(0.,0.,-1.));
#1998 = ADVANCED_FACE('',(#1999),#2033,.T.);
#1999 = FACE_BOUND('',#2000,.T.);
#2000 = EDGE_LOOP('',(#2001,#2009,#2010,#2011,#2019,#2027));
#2001 = ORIENTED_EDGE('',*,*,#2002,.T.);
#2002 = EDGE_CURVE('',#2003,#1171,#2005,.T.);
#2003 = VERTEX_POINT('',#2004);
#2004 = CARTESIAN_POINT('',(-1.6,1.675,0.));
#2005 = LINE('',#2006,#2007);
#2006 = CARTESIAN_POINT('',(-1.6,1.675,0.));
#2007 = VECTOR('',#2008,1.);
#2008 = DIRECTION('',(0.,0.,1.));
#2009 = ORIENTED_EDGE('',*,*,#1178,.T.);
#2010 = ORIENTED_EDGE('',*,*,#1666,.T.);
#2011 = ORIENTED_EDGE('',*,*,#2012,.T.);
#2012 = EDGE_CURVE('',#1667,#2013,#2015,.T.);
#2013 = VERTEX_POINT('',#2014);
#2014 = CARTESIAN_POINT('',(-1.6,2.475,0.2));
#2015 = LINE('',#2016,#2017);
#2016 = CARTESIAN_POINT('',(-1.6,1.775,0.2));
#2017 = VECTOR('',#2018,1.);
#2018 = DIRECTION('',(0.,1.,0.));
#2019 = ORIENTED_EDGE('',*,*,#2020,.T.);
#2020 = EDGE_CURVE('',#2013,#2021,#2023,.T.);
#2021 = VERTEX_POINT('',#2022);
#2022 = CARTESIAN_POINT('',(-1.6,2.475,0.));
#2023 = LINE('',#2024,#2025);
#2024 = CARTESIAN_POINT('',(-1.6,2.475,0.2));
#2025 = VECTOR('',#2026,1.);
#2026 = DIRECTION('',(0.,0.,-1.));
#2027 = ORIENTED_EDGE('',*,*,#2028,.T.);
#2028 = EDGE_CURVE('',#2021,#2003,#2029,.T.);
#2029 = LINE('',#2030,#2031);
#2030 = CARTESIAN_POINT('',(-1.6,2.475,0.));
#2031 = VECTOR('',#2032,1.);
#2032 = DIRECTION('',(0.,-1.,0.));
#2033 = PLANE('',#2034);
#2034 = AXIS2_PLACEMENT_3D('',#2035,#2036,#2037);
#2035 = CARTESIAN_POINT('',(-1.6,2.082,9.3E-02));
#2036 = DIRECTION('',(-1.,-0.,-0.));
#2037 = DIRECTION('',(0.,0.,-1.));
#2038 = ADVANCED_FACE('',(#2039),#2057,.T.);
#2039 = FACE_BOUND('',#2040,.T.);
#2040 = EDGE_LOOP('',(#2041,#2049,#2055,#2056));
#2041 = ORIENTED_EDGE('',*,*,#2042,.T.);
#2042 = EDGE_CURVE('',#2003,#2043,#2045,.T.);
#2043 = VERTEX_POINT('',#2044);
#2044 = CARTESIAN_POINT('',(-1.4,1.675,0.));
#2045 = LINE('',#2046,#2047);
#2046 = CARTESIAN_POINT('',(-1.6,1.675,0.));
#2047 = VECTOR('',#2048,1.);
#2048 = DIRECTION('',(1.,0.,0.));
#2049 = ORIENTED_EDGE('',*,*,#2050,.T.);
#2050 = EDGE_CURVE('',#2043,#1163,#2051,.T.);
#2051 = LINE('',#2052,#2053);
#2052 = CARTESIAN_POINT('',(-1.4,1.675,0.));
#2053 = VECTOR('',#2054,1.);
#2054 = DIRECTION('',(0.,0.,1.));
#2055 = ORIENTED_EDGE('',*,*,#1170,.F.);
#2056 = ORIENTED_EDGE('',*,*,#2002,.F.);
#2057 = PLANE('',#2058);
#2058 = AXIS2_PLACEMENT_3D('',#2059,#2060,#2061);
#2059 = CARTESIAN_POINT('',(-1.6,1.675,0.));
#2060 = DIRECTION('',(0.,-1.,0.));
#2061 = DIRECTION('',(0.,0.,1.));
#2062 = ADVANCED_FACE('',(#2063),#2090,.F.);
#2063 = FACE_BOUND('',#2064,.F.);
#2064 = EDGE_LOOP('',(#2065,#2066,#2067,#2068,#2076,#2084));
#2065 = ORIENTED_EDGE('',*,*,#2050,.T.);
#2066 = ORIENTED_EDGE('',*,*,#1162,.T.);
#2067 = ORIENTED_EDGE('',*,*,#1682,.T.);
#2068 = ORIENTED_EDGE('',*,*,#2069,.T.);
#2069 = EDGE_CURVE('',#1675,#2070,#2072,.T.);
#2070 = VERTEX_POINT('',#2071);
#2071 = CARTESIAN_POINT('',(-1.4,2.475,0.2));
#2072 = LINE('',#2073,#2074);
#2073 = CARTESIAN_POINT('',(-1.4,1.775,0.2));
#2074 = VECTOR('',#2075,1.);
#2075 = DIRECTION('',(0.,1.,0.));
#2076 = ORIENTED_EDGE('',*,*,#2077,.T.);
#2077 = EDGE_CURVE('',#2070,#2078,#2080,.T.);
#2078 = VERTEX_POINT('',#2079);
#2079 = CARTESIAN_POINT('',(-1.4,2.475,0.));
#2080 = LINE('',#2081,#2082);
#2081 = CARTESIAN_POINT('',(-1.4,2.475,0.2));
#2082 = VECTOR('',#2083,1.);
#2083 = DIRECTION('',(0.,0.,-1.));
#2084 = ORIENTED_EDGE('',*,*,#2085,.T.);
#2085 = EDGE_CURVE('',#2078,#2043,#2086,.T.);
#2086 = LINE('',#2087,#2088);
#2087 = CARTESIAN_POINT('',(-1.4,2.475,0.));
#2088 = VECTOR('',#2089,1.);
#2089 = DIRECTION('',(0.,-1.,0.));
#2090 = PLANE('',#2091);
#2091 = AXIS2_PLACEMENT_3D('',#2092,#2093,#2094);
#2092 = CARTESIAN_POINT('',(-1.4,2.082,9.3E-02));
#2093 = DIRECTION('',(-1.,-0.,-0.));
#2094 = DIRECTION('',(0.,0.,-1.));
#2095 = ADVANCED_FACE('',(#2096),#2130,.T.);
#2096 = FACE_BOUND('',#2097,.T.);
#2097 = EDGE_LOOP('',(#2098,#2106,#2107,#2108,#2116,#2124));
#2098 = ORIENTED_EDGE('',*,*,#2099,.T.);
#2099 = EDGE_CURVE('',#2100,#1139,#2102,.T.);
#2100 = VERTEX_POINT('',#2101);
#2101 = CARTESIAN_POINT('',(-0.6,1.675,0.));
#2102 = LINE('',#2103,#2104);
#2103 = CARTESIAN_POINT('',(-0.6,1.675,0.));
#2104 = VECTOR('',#2105,1.);
#2105 = DIRECTION('',(0.,0.,1.));
#2106 = ORIENTED_EDGE('',*,*,#1146,.T.);
#2107 = ORIENTED_EDGE('',*,*,#1689,.T.);
#2108 = ORIENTED_EDGE('',*,*,#2109,.T.);
#2109 = EDGE_CURVE('',#1690,#2110,#2112,.T.);
#2110 = VERTEX_POINT('',#2111);
#2111 = CARTESIAN_POINT('',(-0.6,2.475,0.2));
#2112 = LINE('',#2113,#2114);
#2113 = CARTESIAN_POINT('',(-0.6,1.775,0.2));
#2114 = VECTOR('',#2115,1.);
#2115 = DIRECTION('',(0.,1.,0.));
#2116 = ORIENTED_EDGE('',*,*,#2117,.T.);
#2117 = EDGE_CURVE('',#2110,#2118,#2120,.T.);
#2118 = VERTEX_POINT('',#2119);
#2119 = CARTESIAN_POINT('',(-0.6,2.475,0.));
#2120 = LINE('',#2121,#2122);
#2121 = CARTESIAN_POINT('',(-0.6,2.475,0.2));
#2122 = VECTOR('',#2123,1.);
#2123 = DIRECTION('',(0.,0.,-1.));
#2124 = ORIENTED_EDGE('',*,*,#2125,.T.);
#2125 = EDGE_CURVE('',#2118,#2100,#2126,.T.);
#2126 = LINE('',#2127,#2128);
#2127 = CARTESIAN_POINT('',(-0.6,2.475,0.));
#2128 = VECTOR('',#2129,1.);
#2129 = DIRECTION('',(0.,-1.,0.));
#2130 = PLANE('',#2131);
#2131 = AXIS2_PLACEMENT_3D('',#2132,#2133,#2134);
#2132 = CARTESIAN_POINT('',(-0.6,2.082,9.3E-02));
#2133 = DIRECTION('',(-1.,-0.,-0.));
#2134 = DIRECTION('',(0.,0.,-1.));
#2135 = ADVANCED_FACE('',(#2136),#2154,.T.);
#2136 = FACE_BOUND('',#2137,.T.);
#2137 = EDGE_LOOP('',(#2138,#2146,#2152,#2153));
#2138 = ORIENTED_EDGE('',*,*,#2139,.T.);
#2139 = EDGE_CURVE('',#2100,#2140,#2142,.T.);
#2140 = VERTEX_POINT('',#2141);
#2141 = CARTESIAN_POINT('',(-0.4,1.675,0.));
#2142 = LINE('',#2143,#2144);
#2143 = CARTESIAN_POINT('',(-0.6,1.675,0.));
#2144 = VECTOR('',#2145,1.);
#2145 = DIRECTION('',(1.,0.,0.));
#2146 = ORIENTED_EDGE('',*,*,#2147,.T.);
#2147 = EDGE_CURVE('',#2140,#1131,#2148,.T.);
#2148 = LINE('',#2149,#2150);
#2149 = CARTESIAN_POINT('',(-0.4,1.675,0.));
#2150 = VECTOR('',#2151,1.);
#2151 = DIRECTION('',(0.,0.,1.));
#2152 = ORIENTED_EDGE('',*,*,#1138,.F.);
#2153 = ORIENTED_EDGE('',*,*,#2099,.F.);
#2154 = PLANE('',#2155);
#2155 = AXIS2_PLACEMENT_3D('',#2156,#2157,#2158);
#2156 = CARTESIAN_POINT('',(-0.6,1.675,0.));
#2157 = DIRECTION('',(0.,-1.,0.));
#2158 = DIRECTION('',(0.,0.,1.));
#2159 = ADVANCED_FACE('',(#2160),#2187,.F.);
#2160 = FACE_BOUND('',#2161,.F.);
#2161 = EDGE_LOOP('',(#2162,#2163,#2164,#2165,#2173,#2181));
#2162 = ORIENTED_EDGE('',*,*,#2147,.T.);
#2163 = ORIENTED_EDGE('',*,*,#1130,.T.);
#2164 = ORIENTED_EDGE('',*,*,#1705,.T.);
#2165 = ORIENTED_EDGE('',*,*,#2166,.T.);
#2166 = EDGE_CURVE('',#1698,#2167,#2169,.T.);
#2167 = VERTEX_POINT('',#2168);
#2168 = CARTESIAN_POINT('',(-0.4,2.475,0.2));
#2169 = LINE('',#2170,#2171);
#2170 = CARTESIAN_POINT('',(-0.4,1.775,0.2));
#2171 = VECTOR('',#2172,1.);
#2172 = DIRECTION('',(0.,1.,0.));
#2173 = ORIENTED_EDGE('',*,*,#2174,.T.);
#2174 = EDGE_CURVE('',#2167,#2175,#2177,.T.);
#2175 = VERTEX_POINT('',#2176);
#2176 = CARTESIAN_POINT('',(-0.4,2.475,0.));
#2177 = LINE('',#2178,#2179);
#2178 = CARTESIAN_POINT('',(-0.4,2.475,0.2));
#2179 = VECTOR('',#2180,1.);
#2180 = DIRECTION('',(0.,0.,-1.));
#2181 = ORIENTED_EDGE('',*,*,#2182,.T.);
#2182 = EDGE_CURVE('',#2175,#2140,#2183,.T.);
#2183 = LINE('',#2184,#2185);
#2184 = CARTESIAN_POINT('',(-0.4,2.475,0.));
#2185 = VECTOR('',#2186,1.);
#2186 = DIRECTION('',(0.,-1.,0.));
#2187 = PLANE('',#2188);
#2188 = AXIS2_PLACEMENT_3D('',#2189,#2190,#2191);
#2189 = CARTESIAN_POINT('',(-0.4,2.082,9.3E-02));
#2190 = DIRECTION('',(-1.,-0.,-0.));
#2191 = DIRECTION('',(0.,0.,-1.));
#2192 = ADVANCED_FACE('',(#2193),#2227,.T.);
#2193 = FACE_BOUND('',#2194,.T.);
#2194 = EDGE_LOOP('',(#2195,#2203,#2204,#2205,#2213,#2221));
#2195 = ORIENTED_EDGE('',*,*,#2196,.T.);
#2196 = EDGE_CURVE('',#2197,#1107,#2199,.T.);
#2197 = VERTEX_POINT('',#2198);
#2198 = CARTESIAN_POINT('',(0.4,1.675,0.));
#2199 = LINE('',#2200,#2201);
#2200 = CARTESIAN_POINT('',(0.4,1.675,0.));
#2201 = VECTOR('',#2202,1.);
#2202 = DIRECTION('',(0.,0.,1.));
#2203 = ORIENTED_EDGE('',*,*,#1114,.T.);
#2204 = ORIENTED_EDGE('',*,*,#1712,.T.);
#2205 = ORIENTED_EDGE('',*,*,#2206,.T.);
#2206 = EDGE_CURVE('',#1713,#2207,#2209,.T.);
#2207 = VERTEX_POINT('',#2208);
#2208 = CARTESIAN_POINT('',(0.4,2.475,0.2));
#2209 = LINE('',#2210,#2211);
#2210 = CARTESIAN_POINT('',(0.4,1.775,0.2));
#2211 = VECTOR('',#2212,1.);
#2212 = DIRECTION('',(0.,1.,0.));
#2213 = ORIENTED_EDGE('',*,*,#2214,.T.);
#2214 = EDGE_CURVE('',#2207,#2215,#2217,.T.);
#2215 = VERTEX_POINT('',#2216);
#2216 = CARTESIAN_POINT('',(0.4,2.475,0.));
#2217 = LINE('',#2218,#2219);
#2218 = CARTESIAN_POINT('',(0.4,2.475,0.2));
#2219 = VECTOR('',#2220,1.);
#2220 = DIRECTION('',(0.,0.,-1.));
#2221 = ORIENTED_EDGE('',*,*,#2222,.T.);
#2222 = EDGE_CURVE('',#2215,#2197,#2223,.T.);
#2223 = LINE('',#2224,#2225);
#2224 = CARTESIAN_POINT('',(0.4,2.475,0.));
#2225 = VECTOR('',#2226,1.);
#2226 = DIRECTION('',(0.,-1.,0.));
#2227 = PLANE('',#2228);
#2228 = AXIS2_PLACEMENT_3D('',#2229,#2230,#2231);
#2229 = CARTESIAN_POINT('',(0.4,2.082,9.3E-02));
#2230 = DIRECTION('',(-1.,-0.,-0.));
#2231 = DIRECTION('',(0.,0.,-1.));
#2232 = ADVANCED_FACE('',(#2233),#2251,.T.);
#2233 = FACE_BOUND('',#2234,.T.);
#2234 = EDGE_LOOP('',(#2235,#2243,#2249,#2250));
#2235 = ORIENTED_EDGE('',*,*,#2236,.T.);
#2236 = EDGE_CURVE('',#2197,#2237,#2239,.T.);
#2237 = VERTEX_POINT('',#2238);
#2238 = CARTESIAN_POINT('',(0.6,1.675,0.));
#2239 = LINE('',#2240,#2241);
#2240 = CARTESIAN_POINT('',(0.4,1.675,0.));
#2241 = VECTOR('',#2242,1.);
#2242 = DIRECTION('',(1.,0.,0.));
#2243 = ORIENTED_EDGE('',*,*,#2244,.T.);
#2244 = EDGE_CURVE('',#2237,#1099,#2245,.T.);
#2245 = LINE('',#2246,#2247);
#2246 = CARTESIAN_POINT('',(0.6,1.675,0.));
#2247 = VECTOR('',#2248,1.);
#2248 = DIRECTION('',(0.,0.,1.));
#2249 = ORIENTED_EDGE('',*,*,#1106,.F.);
#2250 = ORIENTED_EDGE('',*,*,#2196,.F.);
#2251 = PLANE('',#2252);
#2252 = AXIS2_PLACEMENT_3D('',#2253,#2254,#2255);
#2253 = CARTESIAN_POINT('',(0.4,1.675,0.));
#2254 = DIRECTION('',(0.,-1.,0.));
#2255 = DIRECTION('',(0.,0.,1.));
#2256 = ADVANCED_FACE('',(#2257),#2284,.F.);
#2257 = FACE_BOUND('',#2258,.F.);
#2258 = EDGE_LOOP('',(#2259,#2260,#2261,#2262,#2270,#2278));
#2259 = ORIENTED_EDGE('',*,*,#2244,.T.);
#2260 = ORIENTED_EDGE('',*,*,#1098,.T.);
#2261 = ORIENTED_EDGE('',*,*,#1728,.T.);
#2262 = ORIENTED_EDGE('',*,*,#2263,.T.);
#2263 = EDGE_CURVE('',#1721,#2264,#2266,.T.);
#2264 = VERTEX_POINT('',#2265);
#2265 = CARTESIAN_POINT('',(0.6,2.475,0.2));
#2266 = LINE('',#2267,#2268);
#2267 = CARTESIAN_POINT('',(0.6,1.775,0.2));
#2268 = VECTOR('',#2269,1.);
#2269 = DIRECTION('',(0.,1.,0.));
#2270 = ORIENTED_EDGE('',*,*,#2271,.T.);
#2271 = EDGE_CURVE('',#2264,#2272,#2274,.T.);
#2272 = VERTEX_POINT('',#2273);
#2273 = CARTESIAN_POINT('',(0.6,2.475,0.));
#2274 = LINE('',#2275,#2276);
#2275 = CARTESIAN_POINT('',(0.6,2.475,0.2));
#2276 = VECTOR('',#2277,1.);
#2277 = DIRECTION('',(0.,0.,-1.));
#2278 = ORIENTED_EDGE('',*,*,#2279,.T.);
#2279 = EDGE_CURVE('',#2272,#2237,#2280,.T.);
#2280 = LINE('',#2281,#2282);
#2281 = CARTESIAN_POINT('',(0.6,2.475,0.));
#2282 = VECTOR('',#2283,1.);
#2283 = DIRECTION('',(0.,-1.,0.));
#2284 = PLANE('',#2285);
#2285 = AXIS2_PLACEMENT_3D('',#2286,#2287,#2288);
#2286 = CARTESIAN_POINT('',(0.6,2.082,9.3E-02));
#2287 = DIRECTION('',(-1.,-0.,-0.));
#2288 = DIRECTION('',(0.,0.,-1.));
#2289 = ADVANCED_FACE('',(#2290),#2324,.T.);
#2290 = FACE_BOUND('',#2291,.T.);
#2291 = EDGE_LOOP('',(#2292,#2300,#2301,#2302,#2310,#2318));
#2292 = ORIENTED_EDGE('',*,*,#2293,.T.);
#2293 = EDGE_CURVE('',#2294,#1075,#2296,.T.);
#2294 = VERTEX_POINT('',#2295);
#2295 = CARTESIAN_POINT('',(1.4,1.675,0.));
#2296 = LINE('',#2297,#2298);
#2297 = CARTESIAN_POINT('',(1.4,1.675,0.));
#2298 = VECTOR('',#2299,1.);
#2299 = DIRECTION('',(0.,0.,1.));
#2300 = ORIENTED_EDGE('',*,*,#1082,.T.);
#2301 = ORIENTED_EDGE('',*,*,#1735,.T.);
#2302 = ORIENTED_EDGE('',*,*,#2303,.T.);
#2303 = EDGE_CURVE('',#1736,#2304,#2306,.T.);
#2304 = VERTEX_POINT('',#2305);
#2305 = CARTESIAN_POINT('',(1.4,2.475,0.2));
#2306 = LINE('',#2307,#2308);
#2307 = CARTESIAN_POINT('',(1.4,1.775,0.2));
#2308 = VECTOR('',#2309,1.);
#2309 = DIRECTION('',(0.,1.,0.));
#2310 = ORIENTED_EDGE('',*,*,#2311,.T.);
#2311 = EDGE_CURVE('',#2304,#2312,#2314,.T.);
#2312 = VERTEX_POINT('',#2313);
#2313 = CARTESIAN_POINT('',(1.4,2.475,0.));
#2314 = LINE('',#2315,#2316);
#2315 = CARTESIAN_POINT('',(1.4,2.475,0.2));
#2316 = VECTOR('',#2317,1.);
#2317 = DIRECTION('',(0.,0.,-1.));
#2318 = ORIENTED_EDGE('',*,*,#2319,.T.);
#2319 = EDGE_CURVE('',#2312,#2294,#2320,.T.);
#2320 = LINE('',#2321,#2322);
#2321 = CARTESIAN_POINT('',(1.4,2.475,0.));
#2322 = VECTOR('',#2323,1.);
#2323 = DIRECTION('',(0.,-1.,0.));
#2324 = PLANE('',#2325);
#2325 = AXIS2_PLACEMENT_3D('',#2326,#2327,#2328);
#2326 = CARTESIAN_POINT('',(1.4,2.082,9.3E-02));
#2327 = DIRECTION('',(-1.,-0.,-0.));
#2328 = DIRECTION('',(0.,0.,-1.));
#2329 = ADVANCED_FACE('',(#2330),#2348,.T.);
#2330 = FACE_BOUND('',#2331,.T.);
#2331 = EDGE_LOOP('',(#2332,#2340,#2346,#2347));
#2332 = ORIENTED_EDGE('',*,*,#2333,.T.);
#2333 = EDGE_CURVE('',#2294,#2334,#2336,.T.);
#2334 = VERTEX_POINT('',#2335);
#2335 = CARTESIAN_POINT('',(1.6,1.675,0.));
#2336 = LINE('',#2337,#2338);
#2337 = CARTESIAN_POINT('',(1.4,1.675,0.));
#2338 = VECTOR('',#2339,1.);
#2339 = DIRECTION('',(1.,0.,0.));
#2340 = ORIENTED_EDGE('',*,*,#2341,.T.);
#2341 = EDGE_CURVE('',#2334,#1067,#2342,.T.);
#2342 = LINE('',#2343,#2344);
#2343 = CARTESIAN_POINT('',(1.6,1.675,0.));
#2344 = VECTOR('',#2345,1.);
#2345 = DIRECTION('',(0.,0.,1.));
#2346 = ORIENTED_EDGE('',*,*,#1074,.F.);
#2347 = ORIENTED_EDGE('',*,*,#2293,.F.);
#2348 = PLANE('',#2349);
#2349 = AXIS2_PLACEMENT_3D('',#2350,#2351,#2352);
#2350 = CARTESIAN_POINT('',(1.4,1.675,0.));
#2351 = DIRECTION('',(0.,-1.,0.));
#2352 = DIRECTION('',(0.,0.,1.));
#2353 = ADVANCED_FACE('',(#2354),#2381,.F.);
#2354 = FACE_BOUND('',#2355,.F.);
#2355 = EDGE_LOOP('',(#2356,#2357,#2358,#2359,#2367,#2375));
#2356 = ORIENTED_EDGE('',*,*,#2341,.T.);
#2357 = ORIENTED_EDGE('',*,*,#1066,.T.);
#2358 = ORIENTED_EDGE('',*,*,#1751,.T.);
#2359 = ORIENTED_EDGE('',*,*,#2360,.T.);
#2360 = EDGE_CURVE('',#1744,#2361,#2363,.T.);
#2361 = VERTEX_POINT('',#2362);
#2362 = CARTESIAN_POINT('',(1.6,2.475,0.2));
#2363 = LINE('',#2364,#2365);
#2364 = CARTESIAN_POINT('',(1.6,1.775,0.2));
#2365 = VECTOR('',#2366,1.);
#2366 = DIRECTION('',(0.,1.,0.));
#2367 = ORIENTED_EDGE('',*,*,#2368,.T.);
#2368 = EDGE_CURVE('',#2361,#2369,#2371,.T.);
#2369 = VERTEX_POINT('',#2370);
#2370 = CARTESIAN_POINT('',(1.6,2.475,0.));
#2371 = LINE('',#2372,#2373);
#2372 = CARTESIAN_POINT('',(1.6,2.475,0.2));
#2373 = VECTOR('',#2374,1.);
#2374 = DIRECTION('',(0.,0.,-1.));
#2375 = ORIENTED_EDGE('',*,*,#2376,.T.);
#2376 = EDGE_CURVE('',#2369,#2334,#2377,.T.);
#2377 = LINE('',#2378,#2379);
#2378 = CARTESIAN_POINT('',(1.6,2.475,0.));
#2379 = VECTOR('',#2380,1.);
#2380 = DIRECTION('',(0.,-1.,0.));
#2381 = PLANE('',#2382);
#2382 = AXIS2_PLACEMENT_3D('',#2383,#2384,#2385);
#2383 = CARTESIAN_POINT('',(1.6,2.082,9.3E-02));
#2384 = DIRECTION('',(-1.,-0.,-0.));
#2385 = DIRECTION('',(0.,0.,-1.));
#2386 = ADVANCED_FACE('',(#2387),#2408,.T.);
#2387 = FACE_BOUND('',#2388,.T.);
#2388 = EDGE_LOOP('',(#2389,#2397,#2398,#2399,#2400,#2401,#2402));
#2389 = ORIENTED_EDGE('',*,*,#2390,.T.);
#2390 = EDGE_CURVE('',#2391,#1329,#2393,.T.);
#2391 = VERTEX_POINT('',#2392);
#2392 = CARTESIAN_POINT('',(-2.7,-2.475,1.E-02));
#2393 = LINE('',#2394,#2395);
#2394 = CARTESIAN_POINT('',(-2.7,-2.475,1.E-02));
#2395 = VECTOR('',#2396,1.);
#2396 = DIRECTION('',(0.,0.,1.));
#2397 = ORIENTED_EDGE('',*,*,#1336,.T.);
#2398 = ORIENTED_EDGE('',*,*,#1312,.T.);
#2399 = ORIENTED_EDGE('',*,*,#1288,.T.);
#2400 = ORIENTED_EDGE('',*,*,#1264,.T.);
#2401 = ORIENTED_EDGE('',*,*,#1978,.T.);
#2402 = ORIENTED_EDGE('',*,*,#2403,.T.);
#2403 = EDGE_CURVE('',#1979,#2391,#2404,.T.);
#2404 = LINE('',#2405,#2406);
#2405 = CARTESIAN_POINT('',(-2.7,-0.975,1.E-02));
#2406 = VECTOR('',#2407,1.);
#2407 = DIRECTION('',(0.,-1.,-5.782411586589E-18));
#2408 = PLANE('',#2409);
#2409 = AXIS2_PLACEMENT_3D('',#2410,#2411,#2412);
#2410 = CARTESIAN_POINT('',(-2.7,-1.843181818182,0.516818181818));
#2411 = DIRECTION('',(-1.,-0.,-0.));
#2412 = DIRECTION('',(0.,0.,-1.));
#2413 = ADVANCED_FACE('',(#2414),#2426,.T.);
#2414 = FACE_BOUND('',#2415,.T.);
#2415 = EDGE_LOOP('',(#2416,#2422,#2423,#2424,#2425));
#2416 = ORIENTED_EDGE('',*,*,#2417,.T.);
#2417 = EDGE_CURVE('',#2391,#1950,#2418,.T.);
#2418 = LINE('',#2419,#2420);
#2419 = CARTESIAN_POINT('',(-2.7,-2.475,1.E-02));
#2420 = VECTOR('',#2421,1.);
#2421 = DIRECTION('',(1.,0.,0.));
#2422 = ORIENTED_EDGE('',*,*,#1957,.T.);
#2423 = ORIENTED_EDGE('',*,*,#1361,.T.);
#2424 = ORIENTED_EDGE('',*,*,#1353,.F.);
#2425 = ORIENTED_EDGE('',*,*,#2390,.F.);
#2426 = PLANE('',#2427);
#2427 = AXIS2_PLACEMENT_3D('',#2428,#2429,#2430);
#2428 = CARTESIAN_POINT('',(-2.7,-2.475,1.E-02));
#2429 = DIRECTION('',(0.,-1.,0.));
#2430 = DIRECTION('',(0.,0.,1.));
#2431 = ADVANCED_FACE('',(#2432),#2451,.T.);
#2432 = FACE_BOUND('',#2433,.T.);
#2433 = EDGE_LOOP('',(#2434,#2442,#2448,#2449,#2450));
#2434 = ORIENTED_EDGE('',*,*,#2435,.T.);
#2435 = EDGE_CURVE('',#1924,#2436,#2438,.T.);
#2436 = VERTEX_POINT('',#2437);
#2437 = CARTESIAN_POINT('',(2.7,-2.475,1.E-02));
#2438 = LINE('',#2439,#2440);
#2439 = CARTESIAN_POINT('',(2.5,-2.475,1.E-02));
#2440 = VECTOR('',#2441,1.);
#2441 = DIRECTION('',(1.,0.,0.));
#2442 = ORIENTED_EDGE('',*,*,#2443,.T.);
#2443 = EDGE_CURVE('',#2436,#1377,#2444,.T.);
#2444 = LINE('',#2445,#2446);
#2445 = CARTESIAN_POINT('',(2.7,-2.475,1.E-02));
#2446 = VECTOR('',#2447,1.);
#2447 = DIRECTION('',(0.,0.,1.));
#2448 = ORIENTED_EDGE('',*,*,#1376,.F.);
#2449 = ORIENTED_EDGE('',*,*,#1368,.F.);
#2450 = ORIENTED_EDGE('',*,*,#1931,.F.);
#2451 = PLANE('',#2452);
#2452 = AXIS2_PLACEMENT_3D('',#2453,#2454,#2455);
#2453 = CARTESIAN_POINT('',(2.5,-2.475,1.E-02));
#2454 = DIRECTION('',(0.,-1.,0.));
#2455 = DIRECTION('',(0.,0.,1.));
#2456 = ADVANCED_FACE('',(#2457),#2475,.F.);
#2457 = FACE_BOUND('',#2458,.F.);
#2458 = EDGE_LOOP('',(#2459,#2467,#2468,#2469));
#2459 = ORIENTED_EDGE('',*,*,#2460,.F.);
#2460 = EDGE_CURVE('',#1377,#2461,#2463,.T.);
#2461 = VERTEX_POINT('',#2462);
#2462 = CARTESIAN_POINT('',(2.7,-1.975,1.26));
#2463 = LINE('',#2464,#2465);
#2464 = CARTESIAN_POINT('',(2.7,-2.475,1.26));
#2465 = VECTOR('',#2466,1.);
#2466 = DIRECTION('',(0.,1.,0.));
#2467 = ORIENTED_EDGE('',*,*,#1384,.T.);
#2468 = ORIENTED_EDGE('',*,*,#1830,.T.);
#2469 = ORIENTED_EDGE('',*,*,#2470,.F.);
#2470 = EDGE_CURVE('',#2461,#1831,#2471,.T.);
#2471 = LINE('',#2472,#2473);
#2472 = CARTESIAN_POINT('',(2.5,-1.975,1.26));
#2473 = VECTOR('',#2474,1.);
#2474 = DIRECTION('',(1.,0.,0.));
#2475 = PLANE('',#2476);
#2476 = AXIS2_PLACEMENT_3D('',#2477,#2478,#2479);
#2477 = CARTESIAN_POINT('',(2.5,-2.475,1.26));
#2478 = DIRECTION('',(0.,1.110223024625E-16,1.));
#2479 = DIRECTION('',(0.,1.,-1.110223024625E-16));
#2480 = ADVANCED_FACE('',(#2481),#2529,.F.);
#2481 = FACE_BOUND('',#2482,.F.);
#2482 = EDGE_LOOP('',(#2483,#2484,#2492,#2500,#2506,#2507,#2515,#2523));
#2483 = ORIENTED_EDGE('',*,*,#1408,.F.);
#2484 = ORIENTED_EDGE('',*,*,#2485,.T.);
#2485 = EDGE_CURVE('',#1409,#2486,#2488,.T.);
#2486 = VERTEX_POINT('',#2487);
#2487 = CARTESIAN_POINT('',(2.2,0.525,0.46));
#2488 = LINE('',#2489,#2490);
#2489 = CARTESIAN_POINT('',(2.2,-2.475,0.46));
#2490 = VECTOR('',#2491,1.);
#2491 = DIRECTION('',(0.,1.,-1.110223024625E-16));
#2492 = ORIENTED_EDGE('',*,*,#2493,.T.);
#2493 = EDGE_CURVE('',#2486,#2494,#2496,.T.);
#2494 = VERTEX_POINT('',#2495);
#2495 = CARTESIAN_POINT('',(2.2,0.525,2.56));
#2496 = LINE('',#2497,#2498);
#2497 = CARTESIAN_POINT('',(2.2,0.525,0.46));
#2498 = VECTOR('',#2499,1.);
#2499 = DIRECTION('',(0.,1.110223024625E-16,1.));
#2500 = ORIENTED_EDGE('',*,*,#2501,.F.);
#2501 = EDGE_CURVE('',#1467,#2494,#2502,.T.);
#2502 = LINE('',#2503,#2504);
#2503 = CARTESIAN_POINT('',(2.2,-2.475,2.56));
#2504 = VECTOR('',#2505,1.);
#2505 = DIRECTION('',(0.,1.,-1.110223024625E-16));
#2506 = ORIENTED_EDGE('',*,*,#1474,.F.);
#2507 = ORIENTED_EDGE('',*,*,#2508,.F.);
#2508 = EDGE_CURVE('',#2509,#1475,#2511,.T.);
#2509 = VERTEX_POINT('',#2510);
#2510 = CARTESIAN_POINT('',(2.2,-7.5E-02,2.06));
#2511 = LINE('',#2512,#2513);
#2512 = CARTESIAN_POINT('',(2.2,-2.475,2.06));
#2513 = VECTOR('',#2514,1.);
#2514 = DIRECTION('',(0.,-1.,1.110223024625E-16));
#2515 = ORIENTED_EDGE('',*,*,#2516,.T.);
#2516 = EDGE_CURVE('',#2509,#2517,#2519,.T.);
#2517 = VERTEX_POINT('',#2518);
#2518 = CARTESIAN_POINT('',(2.2,-7.5E-02,1.46));
#2519 = LINE('',#2520,#2521);
#2520 = CARTESIAN_POINT('',(2.2,-7.5E-02,1.11));
#2521 = VECTOR('',#2522,1.);
#2522 = DIRECTION('',(0.,-1.110223024625E-16,-1.));
#2523 = ORIENTED_EDGE('',*,*,#2524,.F.);
#2524 = EDGE_CURVE('',#1411,#2517,#2525,.T.);
#2525 = LINE('',#2526,#2527);
#2526 = CARTESIAN_POINT('',(2.2,-2.475,1.46));
#2527 = VECTOR('',#2528,1.);
#2528 = DIRECTION('',(0.,1.,-1.110223024625E-16));
#2529 = PLANE('',#2530);
#2530 = AXIS2_PLACEMENT_3D('',#2531,#2532,#2533);
#2531 = CARTESIAN_POINT('',(2.2,-2.475,0.46));
#2532 = DIRECTION('',(1.,0.,0.));
#2533 = DIRECTION('',(-0.,1.110223024625E-16,1.));
#2534 = ADVANCED_FACE('',(#2535),#2553,.F.);
#2535 = FACE_BOUND('',#2536,.F.);
#2536 = EDGE_LOOP('',(#2537,#2538,#2539,#2547));
#2537 = ORIENTED_EDGE('',*,*,#1498,.F.);
#2538 = ORIENTED_EDGE('',*,*,#2524,.T.);
#2539 = ORIENTED_EDGE('',*,*,#2540,.T.);
#2540 = EDGE_CURVE('',#2517,#2541,#2543,.T.);
#2541 = VERTEX_POINT('',#2542);
#2542 = CARTESIAN_POINT('',(2.55,-7.5E-02,1.46));
#2543 = LINE('',#2544,#2545);
#2544 = CARTESIAN_POINT('',(-2.55,-7.5E-02,1.46));
#2545 = VECTOR('',#2546,1.);
#2546 = DIRECTION('',(1.,0.,0.));
#2547 = ORIENTED_EDGE('',*,*,#2548,.F.);
#2548 = EDGE_CURVE('',#1491,#2541,#2549,.T.);
#2549 = LINE('',#2550,#2551);
#2550 = CARTESIAN_POINT('',(2.55,-2.475,1.46));
#2551 = VECTOR('',#2552,1.);
#2552 = DIRECTION('',(0.,1.,-1.110223024625E-16));
#2553 = PLANE('',#2554);
#2554 = AXIS2_PLACEMENT_3D('',#2555,#2556,#2557);
#2555 = CARTESIAN_POINT('',(-2.55,-2.475,1.46));
#2556 = DIRECTION('',(0.,-1.110223024625E-16,-1.));
#2557 = DIRECTION('',(1.,0.,0.));
#2558 = ADVANCED_FACE('',(#2559),#2577,.F.);
#2559 = FACE_BOUND('',#2560,.F.);
#2560 = EDGE_LOOP('',(#2561,#2562,#2570,#2576));
#2561 = ORIENTED_EDGE('',*,*,#2548,.T.);
#2562 = ORIENTED_EDGE('',*,*,#2563,.T.);
#2563 = EDGE_CURVE('',#2541,#2564,#2566,.T.);
#2564 = VERTEX_POINT('',#2565);
#2565 = CARTESIAN_POINT('',(2.55,-7.5E-02,2.06));
#2566 = LINE('',#2567,#2568);
#2567 = CARTESIAN_POINT('',(2.55,-7.5E-02,1.46));
#2568 = VECTOR('',#2569,1.);
#2569 = DIRECTION('',(0.,1.110223024625E-16,1.));
#2570 = ORIENTED_EDGE('',*,*,#2571,.F.);
#2571 = EDGE_CURVE('',#1483,#2564,#2572,.T.);
#2572 = LINE('',#2573,#2574);
#2573 = CARTESIAN_POINT('',(2.55,-2.475,2.06));
#2574 = VECTOR('',#2575,1.);
#2575 = DIRECTION('',(0.,1.,-1.110223024625E-16));
#2576 = ORIENTED_EDGE('',*,*,#1490,.F.);
#2577 = PLANE('',#2578);
#2578 = AXIS2_PLACEMENT_3D('',#2579,#2580,#2581);
#2579 = CARTESIAN_POINT('',(2.55,-2.475,1.46));
#2580 = DIRECTION('',(1.,0.,0.));
#2581 = DIRECTION('',(-0.,1.110223024625E-16,1.));
#2582 = ADVANCED_FACE('',(#2583),#2594,.F.);
#2583 = FACE_BOUND('',#2584,.F.);
#2584 = EDGE_LOOP('',(#2585,#2586,#2587,#2593));
#2585 = ORIENTED_EDGE('',*,*,#1482,.F.);
#2586 = ORIENTED_EDGE('',*,*,#2571,.T.);
#2587 = ORIENTED_EDGE('',*,*,#2588,.T.);
#2588 = EDGE_CURVE('',#2564,#2509,#2589,.T.);
#2589 = LINE('',#2590,#2591);
#2590 = CARTESIAN_POINT('',(2.55,-7.5E-02,2.06));
#2591 = VECTOR('',#2592,1.);
#2592 = DIRECTION('',(-1.,0.,0.));
#2593 = ORIENTED_EDGE('',*,*,#2508,.T.);
#2594 = PLANE('',#2595);
#2595 = AXIS2_PLACEMENT_3D('',#2596,#2597,#2598);
#2596 = CARTESIAN_POINT('',(2.55,-2.475,2.06));
#2597 = DIRECTION('',(0.,1.110223024625E-16,1.));
#2598 = DIRECTION('',(-1.,0.,0.));
#2599 = ADVANCED_FACE('',(#2600),#2618,.F.);
#2600 = FACE_BOUND('',#2601,.F.);
#2601 = EDGE_LOOP('',(#2602,#2603,#2611,#2617));
#2602 = ORIENTED_EDGE('',*,*,#2501,.T.);
#2603 = ORIENTED_EDGE('',*,*,#2604,.T.);
#2604 = EDGE_CURVE('',#2494,#2605,#2607,.T.);
#2605 = VERTEX_POINT('',#2606);
#2606 = CARTESIAN_POINT('',(-2.2,0.525,2.56));
#2607 = LINE('',#2608,#2609);
#2608 = CARTESIAN_POINT('',(2.2,0.525,2.56));
#2609 = VECTOR('',#2610,1.);
#2610 = DIRECTION('',(-1.,0.,0.));
#2611 = ORIENTED_EDGE('',*,*,#2612,.F.);
#2612 = EDGE_CURVE('',#1459,#2605,#2613,.T.);
#2613 = LINE('',#2614,#2615);
#2614 = CARTESIAN_POINT('',(-2.2,-2.475,2.56));
#2615 = VECTOR('',#2616,1.);
#2616 = DIRECTION('',(0.,1.,-1.110223024625E-16));
#2617 = ORIENTED_EDGE('',*,*,#1466,.F.);
#2618 = PLANE('',#2619);
#2619 = AXIS2_PLACEMENT_3D('',#2620,#2621,#2622);
#2620 = CARTESIAN_POINT('',(2.2,-2.475,2.56));
#2621 = DIRECTION('',(0.,1.110223024625E-16,1.));
#2622 = DIRECTION('',(-1.,0.,0.));
#2623 = ADVANCED_FACE('',(#2624),#2665,.F.);
#2624 = FACE_BOUND('',#2625,.F.);
#2625 = EDGE_LOOP('',(#2626,#2627,#2628,#2636,#2642,#2643,#2651,#2659));
#2626 = ORIENTED_EDGE('',*,*,#1458,.F.);
#2627 = ORIENTED_EDGE('',*,*,#2612,.T.);
#2628 = ORIENTED_EDGE('',*,*,#2629,.T.);
#2629 = EDGE_CURVE('',#2605,#2630,#2632,.T.);
#2630 = VERTEX_POINT('',#2631);
#2631 = CARTESIAN_POINT('',(-2.2,0.525,0.46));
#2632 = LINE('',#2633,#2634);
#2633 = CARTESIAN_POINT('',(-2.2,0.525,2.56));
#2634 = VECTOR('',#2635,1.);
#2635 = DIRECTION('',(0.,-1.110223024625E-16,-1.));
#2636 = ORIENTED_EDGE('',*,*,#2637,.F.);
#2637 = EDGE_CURVE('',#1419,#2630,#2638,.T.);
#2638 = LINE('',#2639,#2640);
#2639 = CARTESIAN_POINT('',(-2.2,-2.475,0.46));
#2640 = VECTOR('',#2641,1.);
#2641 = DIRECTION('',(0.,1.,-1.110223024625E-16));
#2642 = ORIENTED_EDGE('',*,*,#1426,.F.);
#2643 = ORIENTED_EDGE('',*,*,#2644,.F.);
#2644 = EDGE_CURVE('',#2645,#1427,#2647,.T.);
#2645 = VERTEX_POINT('',#2646);
#2646 = CARTESIAN_POINT('',(-2.2,-7.5E-02,1.46));
#2647 = LINE('',#2648,#2649);
#2648 = CARTESIAN_POINT('',(-2.2,-2.475,1.46));
#2649 = VECTOR('',#2650,1.);
#2650 = DIRECTION('',(0.,-1.,1.110223024625E-16));
#2651 = ORIENTED_EDGE('',*,*,#2652,.T.);
#2652 = EDGE_CURVE('',#2645,#2653,#2655,.T.);
#2653 = VERTEX_POINT('',#2654);
#2654 = CARTESIAN_POINT('',(-2.2,-7.5E-02,2.06));
#2655 = LINE('',#2656,#2657);
#2656 = CARTESIAN_POINT('',(-2.2,-7.5E-02,2.16));
#2657 = VECTOR('',#2658,1.);
#2658 = DIRECTION('',(0.,1.110223024625E-16,1.));
#2659 = ORIENTED_EDGE('',*,*,#2660,.F.);
#2660 = EDGE_CURVE('',#1451,#2653,#2661,.T.);
#2661 = LINE('',#2662,#2663);
#2662 = CARTESIAN_POINT('',(-2.2,-2.475,2.06));
#2663 = VECTOR('',#2664,1.);
#2664 = DIRECTION('',(0.,1.,-1.110223024625E-16));
#2665 = PLANE('',#2666);
#2666 = AXIS2_PLACEMENT_3D('',#2667,#2668,#2669);
#2667 = CARTESIAN_POINT('',(-2.2,-2.475,2.56));
#2668 = DIRECTION('',(-1.,0.,0.));
#2669 = DIRECTION('',(-0.,-1.110223024625E-16,-1.));
#2670 = ADVANCED_FACE('',(#2671),#2689,.F.);
#2671 = FACE_BOUND('',#2672,.F.);
#2672 = EDGE_LOOP('',(#2673,#2674,#2675,#2683));
#2673 = ORIENTED_EDGE('',*,*,#1450,.F.);
#2674 = ORIENTED_EDGE('',*,*,#2660,.T.);
#2675 = ORIENTED_EDGE('',*,*,#2676,.T.);
#2676 = EDGE_CURVE('',#2653,#2677,#2679,.T.);
#2677 = VERTEX_POINT('',#2678);
#2678 = CARTESIAN_POINT('',(-2.55,-7.5E-02,2.06));
#2679 = LINE('',#2680,#2681);
#2680 = CARTESIAN_POINT('',(2.55,-7.5E-02,2.06));
#2681 = VECTOR('',#2682,1.);
#2682 = DIRECTION('',(-1.,0.,0.));
#2683 = ORIENTED_EDGE('',*,*,#2684,.F.);
#2684 = EDGE_CURVE('',#1443,#2677,#2685,.T.);
#2685 = LINE('',#2686,#2687);
#2686 = CARTESIAN_POINT('',(-2.55,-2.475,2.06));
#2687 = VECTOR('',#2688,1.);
#2688 = DIRECTION('',(0.,1.,-1.110223024625E-16));
#2689 = PLANE('',#2690);
#2690 = AXIS2_PLACEMENT_3D('',#2691,#2692,#2693);
#2691 = CARTESIAN_POINT('',(2.55,-2.475,2.06));
#2692 = DIRECTION('',(0.,1.110223024625E-16,1.));
#2693 = DIRECTION('',(-1.,0.,0.));
#2694 = ADVANCED_FACE('',(#2695),#2713,.F.);
#2695 = FACE_BOUND('',#2696,.F.);
#2696 = EDGE_LOOP('',(#2697,#2698,#2706,#2712));
#2697 = ORIENTED_EDGE('',*,*,#2684,.T.);
#2698 = ORIENTED_EDGE('',*,*,#2699,.T.);
#2699 = EDGE_CURVE('',#2677,#2700,#2702,.T.);
#2700 = VERTEX_POINT('',#2701);
#2701 = CARTESIAN_POINT('',(-2.55,-7.5E-02,1.46));
#2702 = LINE('',#2703,#2704);
#2703 = CARTESIAN_POINT('',(-2.55,-7.5E-02,2.06));
#2704 = VECTOR('',#2705,1.);
#2705 = DIRECTION('',(0.,-1.110223024625E-16,-1.));
#2706 = ORIENTED_EDGE('',*,*,#2707,.F.);
#2707 = EDGE_CURVE('',#1435,#2700,#2708,.T.);
#2708 = LINE('',#2709,#2710);
#2709 = CARTESIAN_POINT('',(-2.55,-2.475,1.46));
#2710 = VECTOR('',#2711,1.);
#2711 = DIRECTION('',(0.,1.,-1.110223024625E-16));
#2712 = ORIENTED_EDGE('',*,*,#1442,.F.);
#2713 = PLANE('',#2714);
#2714 = AXIS2_PLACEMENT_3D('',#2715,#2716,#2717);
#2715 = CARTESIAN_POINT('',(-2.55,-2.475,2.06));
#2716 = DIRECTION('',(-1.,0.,0.));
#2717 = DIRECTION('',(-0.,-1.110223024625E-16,-1.));
#2718 = ADVANCED_FACE('',(#2719),#2730,.F.);
#2719 = FACE_BOUND('',#2720,.F.);
#2720 = EDGE_LOOP('',(#2721,#2722,#2723,#2729));
#2721 = ORIENTED_EDGE('',*,*,#1434,.F.);
#2722 = ORIENTED_EDGE('',*,*,#2707,.T.);
#2723 = ORIENTED_EDGE('',*,*,#2724,.T.);
#2724 = EDGE_CURVE('',#2700,#2645,#2725,.T.);
#2725 = LINE('',#2726,#2727);
#2726 = CARTESIAN_POINT('',(-2.55,-7.5E-02,1.46));
#2727 = VECTOR('',#2728,1.);
#2728 = DIRECTION('',(1.,0.,0.));
#2729 = ORIENTED_EDGE('',*,*,#2644,.T.);
#2730 = PLANE('',#2731);
#2731 = AXIS2_PLACEMENT_3D('',#2732,#2733,#2734);
#2732 = CARTESIAN_POINT('',(-2.55,-2.475,1.46));
#2733 = DIRECTION('',(0.,-1.110223024625E-16,-1.));
#2734 = DIRECTION('',(1.,0.,0.));
#2735 = ADVANCED_FACE('',(#2736),#2747,.F.);
#2736 = FACE_BOUND('',#2737,.F.);
#2737 = EDGE_LOOP('',(#2738,#2739,#2745,#2746));
#2738 = ORIENTED_EDGE('',*,*,#2637,.T.);
#2739 = ORIENTED_EDGE('',*,*,#2740,.T.);
#2740 = EDGE_CURVE('',#2630,#2486,#2741,.T.);
#2741 = LINE('',#2742,#2743);
#2742 = CARTESIAN_POINT('',(-2.2,0.525,0.46));
#2743 = VECTOR('',#2744,1.);
#2744 = DIRECTION('',(1.,0.,0.));
#2745 = ORIENTED_EDGE('',*,*,#2485,.F.);
#2746 = ORIENTED_EDGE('',*,*,#1418,.F.);
#2747 = PLANE('',#2748);
#2748 = AXIS2_PLACEMENT_3D('',#2749,#2750,#2751);
#2749 = CARTESIAN_POINT('',(-2.2,-2.475,0.46));
#2750 = DIRECTION('',(0.,-1.110223024625E-16,-1.));
#2751 = DIRECTION('',(1.,0.,0.));
#2752 = ADVANCED_FACE('',(#2753),#2787,.F.);
#2753 = FACE_BOUND('',#2754,.F.);
#2754 = EDGE_LOOP('',(#2755,#2756,#2764,#2772,#2780,#2786));
#2755 = ORIENTED_EDGE('',*,*,#1774,.T.);
#2756 = ORIENTED_EDGE('',*,*,#2757,.T.);
#2757 = EDGE_CURVE('',#1767,#2758,#2760,.T.);
#2758 = VERTEX_POINT('',#2759);
#2759 = CARTESIAN_POINT('',(2.5,1.225,1.46));
#2760 = LINE('',#2761,#2762);
#2761 = CARTESIAN_POINT('',(2.5,1.775,1.46));
#2762 = VECTOR('',#2763,1.);
#2763 = DIRECTION('',(0.,-1.,1.110223024625E-16));
#2764 = ORIENTED_EDGE('',*,*,#2765,.T.);
#2765 = EDGE_CURVE('',#2758,#2766,#2768,.T.);
#2766 = VERTEX_POINT('',#2767);
#2767 = CARTESIAN_POINT('',(2.5,1.225,2.46));
#2768 = LINE('',#2769,#2770);
#2769 = CARTESIAN_POINT('',(2.5,1.225,1.46));
#2770 = VECTOR('',#2771,1.);
#2771 = DIRECTION('',(0.,1.110223024625E-16,1.));
#2772 = ORIENTED_EDGE('',*,*,#2773,.T.);
#2773 = EDGE_CURVE('',#2766,#2774,#2776,.T.);
#2774 = VERTEX_POINT('',#2775);
#2775 = CARTESIAN_POINT('',(2.5,0.575,2.46));
#2776 = LINE('',#2777,#2778);
#2777 = CARTESIAN_POINT('',(2.5,1.225,2.46));
#2778 = VECTOR('',#2779,1.);
#2779 = DIRECTION('',(0.,-1.,1.110223024625E-16));
#2780 = ORIENTED_EDGE('',*,*,#2781,.T.);
#2781 = EDGE_CURVE('',#2774,#1547,#2782,.T.);
#2782 = LINE('',#2783,#2784);
#2783 = CARTESIAN_POINT('',(2.5,0.575,2.46));
#2784 = VECTOR('',#2785,1.);
#2785 = DIRECTION('',(0.,-0.500421834463,0.865781720524));
#2786 = ORIENTED_EDGE('',*,*,#1554,.T.);
#2787 = PLANE('',#2788);
#2788 = AXIS2_PLACEMENT_3D('',#2789,#2790,#2791);
#2789 = CARTESIAN_POINT('',(2.5,1.22787099059,2.3670284193));
#2790 = DIRECTION('',(-1.,0.,0.));
#2791 = DIRECTION('',(0.,1.,-1.110223024625E-16));
#2792 = ADVANCED_FACE('',(#2793),#2804,.F.);
#2793 = FACE_BOUND('',#2794,.F.);
#2794 = EDGE_LOOP('',(#2795,#2801,#2802,#2803));
#2795 = ORIENTED_EDGE('',*,*,#2796,.T.);
#2796 = EDGE_CURVE('',#2774,#1815,#2797,.T.);
#2797 = LINE('',#2798,#2799);
#2798 = CARTESIAN_POINT('',(2.5,0.575,2.46));
#2799 = VECTOR('',#2800,1.);
#2800 = DIRECTION('',(1.,0.,0.));
#2801 = ORIENTED_EDGE('',*,*,#1822,.T.);
#2802 = ORIENTED_EDGE('',*,*,#1546,.F.);
#2803 = ORIENTED_EDGE('',*,*,#2781,.F.);
#2804 = PLANE('',#2805);
#2805 = AXIS2_PLACEMENT_3D('',#2806,#2807,#2808);
#2806 = CARTESIAN_POINT('',(2.5,0.575,2.46));
#2807 = DIRECTION('',(0.,-0.865781720524,-0.500421834463));
#2808 = DIRECTION('',(0.,-0.500421834463,0.865781720524));
#2809 = ADVANCED_FACE('',(#2810),#2818,.T.);
#2810 = FACE_BOUND('',#2811,.T.);
#2811 = EDGE_LOOP('',(#2812,#2813,#2814,#2815,#2816,#2817));
#2812 = ORIENTED_EDGE('',*,*,#1781,.T.);
#2813 = ORIENTED_EDGE('',*,*,#1648,.T.);
#2814 = ORIENTED_EDGE('',*,*,#1624,.T.);
#2815 = ORIENTED_EDGE('',*,*,#1600,.T.);
#2816 = ORIENTED_EDGE('',*,*,#1576,.T.);
#2817 = ORIENTED_EDGE('',*,*,#1522,.T.);
#2818 = PLANE('',#2819);
#2819 = AXIS2_PLACEMENT_3D('',#2820,#2821,#2822);
#2820 = CARTESIAN_POINT('',(-2.5,1.22787099059,2.3670284193));
#2821 = DIRECTION('',(-1.,0.,0.));
#2822 = DIRECTION('',(0.,1.,-1.110223024625E-16));
#2823 = ADVANCED_FACE('',(#2824),#2835,.F.);
#2824 = FACE_BOUND('',#2825,.F.);
#2825 = EDGE_LOOP('',(#2826,#2827,#2828,#2834));
#2826 = ORIENTED_EDGE('',*,*,#1766,.T.);
#2827 = ORIENTED_EDGE('',*,*,#1798,.T.);
#2828 = ORIENTED_EDGE('',*,*,#2829,.F.);
#2829 = EDGE_CURVE('',#2758,#1799,#2830,.T.);
#2830 = LINE('',#2831,#2832);
#2831 = CARTESIAN_POINT('',(2.5,1.225,1.46));
#2832 = VECTOR('',#2833,1.);
#2833 = DIRECTION('',(1.,0.,0.));
#2834 = ORIENTED_EDGE('',*,*,#2757,.F.);
#2835 = PLANE('',#2836);
#2836 = AXIS2_PLACEMENT_3D('',#2837,#2838,#2839);
#2837 = CARTESIAN_POINT('',(2.5,1.775,1.46));
#2838 = DIRECTION('',(0.,-1.110223024625E-16,-1.));
#2839 = DIRECTION('',(0.,-1.,1.110223024625E-16));
#2840 = ADVANCED_FACE('',(#2841),#2852,.T.);
#2841 = FACE_BOUND('',#2842,.T.);
#2842 = EDGE_LOOP('',(#2843,#2844,#2845,#2851));
#2843 = ORIENTED_EDGE('',*,*,#1743,.T.);
#2844 = ORIENTED_EDGE('',*,*,#2360,.T.);
#2845 = ORIENTED_EDGE('',*,*,#2846,.F.);
#2846 = EDGE_CURVE('',#2304,#2361,#2847,.T.);
#2847 = LINE('',#2848,#2849);
#2848 = CARTESIAN_POINT('',(1.4,2.475,0.2));
#2849 = VECTOR('',#2850,1.);
#2850 = DIRECTION('',(1.,0.,0.));
#2851 = ORIENTED_EDGE('',*,*,#2303,.F.);
#2852 = PLANE('',#2853);
#2853 = AXIS2_PLACEMENT_3D('',#2854,#2855,#2856);
#2854 = CARTESIAN_POINT('',(1.4,1.775,0.2));
#2855 = DIRECTION('',(0.,0.,1.));
#2856 = DIRECTION('',(0.,1.,0.));
#2857 = ADVANCED_FACE('',(#2858),#2869,.T.);
#2858 = FACE_BOUND('',#2859,.T.);
#2859 = EDGE_LOOP('',(#2860,#2861,#2862,#2868));
#2860 = ORIENTED_EDGE('',*,*,#1720,.T.);
#2861 = ORIENTED_EDGE('',*,*,#2263,.T.);
#2862 = ORIENTED_EDGE('',*,*,#2863,.F.);
#2863 = EDGE_CURVE('',#2207,#2264,#2864,.T.);
#2864 = LINE('',#2865,#2866);
#2865 = CARTESIAN_POINT('',(0.4,2.475,0.2));
#2866 = VECTOR('',#2867,1.);
#2867 = DIRECTION('',(1.,0.,0.));
#2868 = ORIENTED_EDGE('',*,*,#2206,.F.);
#2869 = PLANE('',#2870);
#2870 = AXIS2_PLACEMENT_3D('',#2871,#2872,#2873);
#2871 = CARTESIAN_POINT('',(0.4,1.775,0.2));
#2872 = DIRECTION('',(0.,0.,1.));
#2873 = DIRECTION('',(0.,1.,0.));
#2874 = ADVANCED_FACE('',(#2875),#2886,.T.);
#2875 = FACE_BOUND('',#2876,.T.);
#2876 = EDGE_LOOP('',(#2877,#2878,#2879,#2885));
#2877 = ORIENTED_EDGE('',*,*,#1697,.T.);
#2878 = ORIENTED_EDGE('',*,*,#2166,.T.);
#2879 = ORIENTED_EDGE('',*,*,#2880,.F.);
#2880 = EDGE_CURVE('',#2110,#2167,#2881,.T.);
#2881 = LINE('',#2882,#2883);
#2882 = CARTESIAN_POINT('',(-0.6,2.475,0.2));
#2883 = VECTOR('',#2884,1.);
#2884 = DIRECTION('',(1.,0.,0.));
#2885 = ORIENTED_EDGE('',*,*,#2109,.F.);
#2886 = PLANE('',#2887);
#2887 = AXIS2_PLACEMENT_3D('',#2888,#2889,#2890);
#2888 = CARTESIAN_POINT('',(-0.6,1.775,0.2));
#2889 = DIRECTION('',(0.,0.,1.));
#2890 = DIRECTION('',(0.,1.,0.));
#2891 = ADVANCED_FACE('',(#2892),#2903,.T.);
#2892 = FACE_BOUND('',#2893,.T.);
#2893 = EDGE_LOOP('',(#2894,#2895,#2896,#2902));
#2894 = ORIENTED_EDGE('',*,*,#1674,.T.);
#2895 = ORIENTED_EDGE('',*,*,#2069,.T.);
#2896 = ORIENTED_EDGE('',*,*,#2897,.F.);
#2897 = EDGE_CURVE('',#2013,#2070,#2898,.T.);
#2898 = LINE('',#2899,#2900);
#2899 = CARTESIAN_POINT('',(-1.6,2.475,0.2));
#2900 = VECTOR('',#2901,1.);
#2901 = DIRECTION('',(1.,0.,0.));
#2902 = ORIENTED_EDGE('',*,*,#2012,.F.);
#2903 = PLANE('',#2904);
#2904 = AXIS2_PLACEMENT_3D('',#2905,#2906,#2907);
#2905 = CARTESIAN_POINT('',(-1.6,1.775,0.2));
#2906 = DIRECTION('',(0.,0.,1.));
#2907 = DIRECTION('',(0.,1.,0.));
#2908 = ADVANCED_FACE('',(#2909),#2927,.F.);
#2909 = FACE_BOUND('',#2910,.F.);
#2910 = EDGE_LOOP('',(#2911,#2919,#2925,#2926));
#2911 = ORIENTED_EDGE('',*,*,#2912,.F.);
#2912 = EDGE_CURVE('',#2913,#1869,#2915,.T.);
#2913 = VERTEX_POINT('',#2914);
#2914 = CARTESIAN_POINT('',(2.7,-1.975,0.61));
#2915 = LINE('',#2916,#2917);
#2916 = CARTESIAN_POINT('',(2.7,-1.975,0.61));
#2917 = VECTOR('',#2918,1.);
#2918 = DIRECTION('',(0.,1.,0.));
#2919 = ORIENTED_EDGE('',*,*,#2920,.T.);
#2920 = EDGE_CURVE('',#2913,#1839,#2921,.T.);
#2921 = LINE('',#2922,#2923);
#2922 = CARTESIAN_POINT('',(2.5,-1.975,0.61));
#2923 = VECTOR('',#2924,1.);
#2924 = DIRECTION('',(1.,0.,0.));
#2925 = ORIENTED_EDGE('',*,*,#1846,.T.);
#2926 = ORIENTED_EDGE('',*,*,#1876,.F.);
#2927 = PLANE('',#2928);
#2928 = AXIS2_PLACEMENT_3D('',#2929,#2930,#2931);
#2929 = CARTESIAN_POINT('',(2.5,-1.975,0.61));
#2930 = DIRECTION('',(0.,1.110223024625E-16,1.));
#2931 = DIRECTION('',(0.,1.,-1.110223024625E-16));
#2932 = ADVANCED_FACE('',(#2933),#2944,.F.);
#2933 = FACE_BOUND('',#2934,.F.);
#2934 = EDGE_LOOP('',(#2935,#2941,#2942,#2943));
#2935 = ORIENTED_EDGE('',*,*,#2936,.F.);
#2936 = EDGE_CURVE('',#2461,#2913,#2937,.T.);
#2937 = LINE('',#2938,#2939);
#2938 = CARTESIAN_POINT('',(2.7,-1.975,1.26));
#2939 = VECTOR('',#2940,1.);
#2940 = DIRECTION('',(0.,0.,-1.));
#2941 = ORIENTED_EDGE('',*,*,#2470,.T.);
#2942 = ORIENTED_EDGE('',*,*,#1838,.T.);
#2943 = ORIENTED_EDGE('',*,*,#2920,.F.);
#2944 = PLANE('',#2945);
#2945 = AXIS2_PLACEMENT_3D('',#2946,#2947,#2948);
#2946 = CARTESIAN_POINT('',(2.5,-1.975,1.26));
#2947 = DIRECTION('',(0.,1.,-1.110223024625E-16));
#2948 = DIRECTION('',(0.,-1.110223024625E-16,-1.));
#2949 = ADVANCED_FACE('',(#2950),#2961,.F.);
#2950 = FACE_BOUND('',#2951,.F.);
#2951 = EDGE_LOOP('',(#2952,#2958,#2959,#2960));
#2952 = ORIENTED_EDGE('',*,*,#2953,.T.);
#2953 = EDGE_CURVE('',#2766,#1807,#2954,.T.);
#2954 = LINE('',#2955,#2956);
#2955 = CARTESIAN_POINT('',(2.5,1.225,2.46));
#2956 = VECTOR('',#2957,1.);
#2957 = DIRECTION('',(1.,0.,0.));
#2958 = ORIENTED_EDGE('',*,*,#1814,.T.);
#2959 = ORIENTED_EDGE('',*,*,#2796,.F.);
#2960 = ORIENTED_EDGE('',*,*,#2773,.F.);
#2961 = PLANE('',#2962);
#2962 = AXIS2_PLACEMENT_3D('',#2963,#2964,#2965);
#2963 = CARTESIAN_POINT('',(2.5,1.225,2.46));
#2964 = DIRECTION('',(0.,-1.110223024625E-16,-1.));
#2965 = DIRECTION('',(0.,-1.,1.110223024625E-16));
#2966 = ADVANCED_FACE('',(#2967),#2973,.F.);
#2967 = FACE_BOUND('',#2968,.F.);
#2968 = EDGE_LOOP('',(#2969,#2970,#2971,#2972));
#2969 = ORIENTED_EDGE('',*,*,#2829,.T.);
#2970 = ORIENTED_EDGE('',*,*,#1806,.T.);
#2971 = ORIENTED_EDGE('',*,*,#2953,.F.);
#2972 = ORIENTED_EDGE('',*,*,#2765,.F.);
#2973 = PLANE('',#2974);
#2974 = AXIS2_PLACEMENT_3D('',#2975,#2976,#2977);
#2975 = CARTESIAN_POINT('',(2.5,1.225,1.46));
#2976 = DIRECTION('',(0.,-1.,1.110223024625E-16));
#2977 = DIRECTION('',(0.,1.110223024625E-16,1.));
#2978 = ADVANCED_FACE('',(#2979),#2993,.F.);
#2979 = FACE_BOUND('',#2980,.F.);
#2980 = EDGE_LOOP('',(#2981,#2982,#2983,#2984,#2985,#2986,#2987));
#2981 = ORIENTED_EDGE('',*,*,#2443,.T.);
#2982 = ORIENTED_EDGE('',*,*,#2460,.T.);
#2983 = ORIENTED_EDGE('',*,*,#2936,.T.);
#2984 = ORIENTED_EDGE('',*,*,#2912,.T.);
#2985 = ORIENTED_EDGE('',*,*,#1868,.T.);
#2986 = ORIENTED_EDGE('',*,*,#1901,.T.);
#2987 = ORIENTED_EDGE('',*,*,#2988,.T.);
#2988 = EDGE_CURVE('',#1902,#2436,#2989,.T.);
#2989 = LINE('',#2990,#2991);
#2990 = CARTESIAN_POINT('',(2.7,-0.975,1.E-02));
#2991 = VECTOR('',#2992,1.);
#2992 = DIRECTION('',(0.,-1.,-5.782411586589E-18));
#2993 = PLANE('',#2994);
#2994 = AXIS2_PLACEMENT_3D('',#2995,#2996,#2997);
#2995 = CARTESIAN_POINT('',(2.7,-1.843181818182,0.516818181818));
#2996 = DIRECTION('',(-1.,-0.,-0.));
#2997 = DIRECTION('',(0.,0.,-1.));
#2998 = ADVANCED_FACE('',(#2999),#3005,.T.);
#2999 = FACE_BOUND('',#3000,.T.);
#3000 = EDGE_LOOP('',(#3001,#3002,#3003,#3004));
#3001 = ORIENTED_EDGE('',*,*,#1909,.T.);
#3002 = ORIENTED_EDGE('',*,*,#2988,.T.);
#3003 = ORIENTED_EDGE('',*,*,#2435,.F.);
#3004 = ORIENTED_EDGE('',*,*,#1923,.F.);
#3005 = PLANE('',#3006);
#3006 = AXIS2_PLACEMENT_3D('',#3007,#3008,#3009);
#3007 = CARTESIAN_POINT('',(2.5,-0.975,1.E-02));
#3008 = DIRECTION('',(0.,5.782411586589E-18,-1.));
#3009 = DIRECTION('',(0.,-1.,-5.782411586589E-18));
#3010 = ADVANCED_FACE('',(#3011),#3017,.T.);
#3011 = FACE_BOUND('',#3012,.T.);
#3012 = EDGE_LOOP('',(#3013,#3014,#3015,#3016));
#3013 = ORIENTED_EDGE('',*,*,#1988,.T.);
#3014 = ORIENTED_EDGE('',*,*,#1947,.T.);
#3015 = ORIENTED_EDGE('',*,*,#2417,.F.);
#3016 = ORIENTED_EDGE('',*,*,#2403,.F.);
#3017 = PLANE('',#3018);
#3018 = AXIS2_PLACEMENT_3D('',#3019,#3020,#3021);
#3019 = CARTESIAN_POINT('',(-2.7,-0.975,1.E-02));
#3020 = DIRECTION('',(0.,5.782411586589E-18,-1.));
#3021 = DIRECTION('',(0.,-1.,-5.782411586589E-18));
#3022 = ADVANCED_FACE('',(#3023),#3034,.T.);
#3023 = FACE_BOUND('',#3024,.T.);
#3024 = EDGE_LOOP('',(#3025,#3026,#3027,#3033));
#3025 = ORIENTED_EDGE('',*,*,#2897,.T.);
#3026 = ORIENTED_EDGE('',*,*,#2077,.T.);
#3027 = ORIENTED_EDGE('',*,*,#3028,.F.);
#3028 = EDGE_CURVE('',#2021,#2078,#3029,.T.);
#3029 = LINE('',#3030,#3031);
#3030 = CARTESIAN_POINT('',(-1.6,2.475,0.));
#3031 = VECTOR('',#3032,1.);
#3032 = DIRECTION('',(1.,0.,0.));
#3033 = ORIENTED_EDGE('',*,*,#2020,.F.);
#3034 = PLANE('',#3035);
#3035 = AXIS2_PLACEMENT_3D('',#3036,#3037,#3038);
#3036 = CARTESIAN_POINT('',(-1.6,2.475,0.2));
#3037 = DIRECTION('',(0.,1.,0.));
#3038 = DIRECTION('',(0.,0.,-1.));
#3039 = ADVANCED_FACE('',(#3040),#3046,.T.);
#3040 = FACE_BOUND('',#3041,.T.);
#3041 = EDGE_LOOP('',(#3042,#3043,#3044,#3045));
#3042 = ORIENTED_EDGE('',*,*,#3028,.T.);
#3043 = ORIENTED_EDGE('',*,*,#2085,.T.);
#3044 = ORIENTED_EDGE('',*,*,#2042,.F.);
#3045 = ORIENTED_EDGE('',*,*,#2028,.F.);
#3046 = PLANE('',#3047);
#3047 = AXIS2_PLACEMENT_3D('',#3048,#3049,#3050);
#3048 = CARTESIAN_POINT('',(-1.6,2.475,0.));
#3049 = DIRECTION('',(0.,0.,-1.));
#3050 = DIRECTION('',(0.,-1.,0.));
#3051 = ADVANCED_FACE('',(#3052),#3063,.T.);
#3052 = FACE_BOUND('',#3053,.T.);
#3053 = EDGE_LOOP('',(#3054,#3055,#3056,#3062));
#3054 = ORIENTED_EDGE('',*,*,#2880,.T.);
#3055 = ORIENTED_EDGE('',*,*,#2174,.T.);
#3056 = ORIENTED_EDGE('',*,*,#3057,.F.);
#3057 = EDGE_CURVE('',#2118,#2175,#3058,.T.);
#3058 = LINE('',#3059,#3060);
#3059 = CARTESIAN_POINT('',(-0.6,2.475,0.));
#3060 = VECTOR('',#3061,1.);
#3061 = DIRECTION('',(1.,0.,0.));
#3062 = ORIENTED_EDGE('',*,*,#2117,.F.);
#3063 = PLANE('',#3064);
#3064 = AXIS2_PLACEMENT_3D('',#3065,#3066,#3067);
#3065 = CARTESIAN_POINT('',(-0.6,2.475,0.2));
#3066 = DIRECTION('',(0.,1.,0.));
#3067 = DIRECTION('',(0.,0.,-1.));
#3068 = ADVANCED_FACE('',(#3069),#3075,.T.);
#3069 = FACE_BOUND('',#3070,.T.);
#3070 = EDGE_LOOP('',(#3071,#3072,#3073,#3074));
#3071 = ORIENTED_EDGE('',*,*,#3057,.T.);
#3072 = ORIENTED_EDGE('',*,*,#2182,.T.);
#3073 = ORIENTED_EDGE('',*,*,#2139,.F.);
#3074 = ORIENTED_EDGE('',*,*,#2125,.F.);
#3075 = PLANE('',#3076);
#3076 = AXIS2_PLACEMENT_3D('',#3077,#3078,#3079);
#3077 = CARTESIAN_POINT('',(-0.6,2.475,0.));
#3078 = DIRECTION('',(0.,0.,-1.));
#3079 = DIRECTION('',(0.,-1.,0.));
#3080 = ADVANCED_FACE('',(#3081),#3092,.T.);
#3081 = FACE_BOUND('',#3082,.T.);
#3082 = EDGE_LOOP('',(#3083,#3084,#3085,#3091));
#3083 = ORIENTED_EDGE('',*,*,#2863,.T.);
#3084 = ORIENTED_EDGE('',*,*,#2271,.T.);
#3085 = ORIENTED_EDGE('',*,*,#3086,.F.);
#3086 = EDGE_CURVE('',#2215,#2272,#3087,.T.);
#3087 = LINE('',#3088,#3089);
#3088 = CARTESIAN_POINT('',(0.4,2.475,0.));
#3089 = VECTOR('',#3090,1.);
#3090 = DIRECTION('',(1.,0.,0.));
#3091 = ORIENTED_EDGE('',*,*,#2214,.F.);
#3092 = PLANE('',#3093);
#3093 = AXIS2_PLACEMENT_3D('',#3094,#3095,#3096);
#3094 = CARTESIAN_POINT('',(0.4,2.475,0.2));
#3095 = DIRECTION('',(0.,1.,0.));
#3096 = DIRECTION('',(0.,0.,-1.));
#3097 = ADVANCED_FACE('',(#3098),#3104,.T.);
#3098 = FACE_BOUND('',#3099,.T.);
#3099 = EDGE_LOOP('',(#3100,#3101,#3102,#3103));
#3100 = ORIENTED_EDGE('',*,*,#3086,.T.);
#3101 = ORIENTED_EDGE('',*,*,#2279,.T.);
#3102 = ORIENTED_EDGE('',*,*,#2236,.F.);
#3103 = ORIENTED_EDGE('',*,*,#2222,.F.);
#3104 = PLANE('',#3105);
#3105 = AXIS2_PLACEMENT_3D('',#3106,#3107,#3108);
#3106 = CARTESIAN_POINT('',(0.4,2.475,0.));
#3107 = DIRECTION('',(0.,0.,-1.));
#3108 = DIRECTION('',(0.,-1.,0.));
#3109 = ADVANCED_FACE('',(#3110),#3121,.T.);
#3110 = FACE_BOUND('',#3111,.T.);
#3111 = EDGE_LOOP('',(#3112,#3113,#3114,#3120));
#3112 = ORIENTED_EDGE('',*,*,#2846,.T.);
#3113 = ORIENTED_EDGE('',*,*,#2368,.T.);
#3114 = ORIENTED_EDGE('',*,*,#3115,.F.);
#3115 = EDGE_CURVE('',#2312,#2369,#3116,.T.);
#3116 = LINE('',#3117,#3118);
#3117 = CARTESIAN_POINT('',(1.4,2.475,0.));
#3118 = VECTOR('',#3119,1.);
#3119 = DIRECTION('',(1.,0.,0.));
#3120 = ORIENTED_EDGE('',*,*,#2311,.F.);
#3121 = PLANE('',#3122);
#3122 = AXIS2_PLACEMENT_3D('',#3123,#3124,#3125);
#3123 = CARTESIAN_POINT('',(1.4,2.475,0.2));
#3124 = DIRECTION('',(0.,1.,0.));
#3125 = DIRECTION('',(0.,0.,-1.));
#3126 = ADVANCED_FACE('',(#3127),#3133,.T.);
#3127 = FACE_BOUND('',#3128,.T.);
#3128 = EDGE_LOOP('',(#3129,#3130,#3131,#3132));
#3129 = ORIENTED_EDGE('',*,*,#3115,.T.);
#3130 = ORIENTED_EDGE('',*,*,#2376,.T.);
#3131 = ORIENTED_EDGE('',*,*,#2333,.F.);
#3132 = ORIENTED_EDGE('',*,*,#2319,.F.);
#3133 = PLANE('',#3134);
#3134 = AXIS2_PLACEMENT_3D('',#3135,#3136,#3137);
#3135 = CARTESIAN_POINT('',(1.4,2.475,0.));
#3136 = DIRECTION('',(0.,0.,-1.));
#3137 = DIRECTION('',(0.,-1.,0.));
#3138 = ADVANCED_FACE('',(#3139),#3145,.T.);
#3139 = FACE_BOUND('',#3140,.T.);
#3140 = EDGE_LOOP('',(#3141,#3142,#3143,#3144));
#3141 = ORIENTED_EDGE('',*,*,#2540,.T.);
#3142 = ORIENTED_EDGE('',*,*,#2563,.T.);
#3143 = ORIENTED_EDGE('',*,*,#2588,.T.);
#3144 = ORIENTED_EDGE('',*,*,#2516,.T.);
#3145 = PLANE('',#3146);
#3146 = AXIS2_PLACEMENT_3D('',#3147,#3148,#3149);
#3147 = CARTESIAN_POINT('',(5.45372713851E-16,-7.5E-02,1.76));
#3148 = DIRECTION('',(0.,-1.,1.110223024625E-16));
#3149 = DIRECTION('',(1.,0.,0.));
#3150 = ADVANCED_FACE('',(#3151,#3157,#3191,#3225,#3259),#3293,.T.);
#3151 = FACE_BOUND('',#3152,.T.);
#3152 = EDGE_LOOP('',(#3153,#3154,#3155,#3156));
#3153 = ORIENTED_EDGE('',*,*,#2493,.T.);
#3154 = ORIENTED_EDGE('',*,*,#2604,.T.);
#3155 = ORIENTED_EDGE('',*,*,#2629,.T.);
#3156 = ORIENTED_EDGE('',*,*,#2740,.T.);
#3157 = FACE_BOUND('',#3158,.T.);
#3158 = EDGE_LOOP('',(#3159,#3169,#3177,#3185));
#3159 = ORIENTED_EDGE('',*,*,#3160,.F.);
#3160 = EDGE_CURVE('',#3161,#3163,#3165,.T.);
#3161 = VERTEX_POINT('',#3162);
#3162 = CARTESIAN_POINT('',(-1.6,0.525,1.66));
#3163 = VERTEX_POINT('',#3164);
#3164 = CARTESIAN_POINT('',(-1.4,0.525,1.66));
#3165 = LINE('',#3166,#3167);
#3166 = CARTESIAN_POINT('',(-1.6,0.525,1.66));
#3167 = VECTOR('',#3168,1.);
#3168 = DIRECTION('',(1.,0.,0.));
#3169 = ORIENTED_EDGE('',*,*,#3170,.F.);
#3170 = EDGE_CURVE('',#3171,#3161,#3173,.T.);
#3171 = VERTEX_POINT('',#3172);
#3172 = CARTESIAN_POINT('',(-1.6,0.525,2.14));
#3173 = LINE('',#3174,#3175);
#3174 = CARTESIAN_POINT('',(-1.6,0.525,2.14));
#3175 = VECTOR('',#3176,1.);
#3176 = DIRECTION('',(0.,0.,-1.));
#3177 = ORIENTED_EDGE('',*,*,#3178,.T.);
#3178 = EDGE_CURVE('',#3171,#3179,#3181,.T.);
#3179 = VERTEX_POINT('',#3180);
#3180 = CARTESIAN_POINT('',(-1.4,0.525,2.14));
#3181 = LINE('',#3182,#3183);
#3182 = CARTESIAN_POINT('',(-1.6,0.525,2.14));
#3183 = VECTOR('',#3184,1.);
#3184 = DIRECTION('',(1.,0.,0.));
#3185 = ORIENTED_EDGE('',*,*,#3186,.T.);
#3186 = EDGE_CURVE('',#3179,#3163,#3187,.T.);
#3187 = LINE('',#3188,#3189);
#3188 = CARTESIAN_POINT('',(-1.4,0.525,2.14));
#3189 = VECTOR('',#3190,1.);
#3190 = DIRECTION('',(0.,0.,-1.));
#3191 = FACE_BOUND('',#3192,.T.);
#3192 = EDGE_LOOP('',(#3193,#3203,#3211,#3219));
#3193 = ORIENTED_EDGE('',*,*,#3194,.F.);
#3194 = EDGE_CURVE('',#3195,#3197,#3199,.T.);
#3195 = VERTEX_POINT('',#3196);
#3196 = CARTESIAN_POINT('',(-0.6,0.525,2.14));
#3197 = VERTEX_POINT('',#3198);
#3198 = CARTESIAN_POINT('',(-0.6,0.525,1.66));
#3199 = LINE('',#3200,#3201);
#3200 = CARTESIAN_POINT('',(-0.6,0.525,2.14));
#3201 = VECTOR('',#3202,1.);
#3202 = DIRECTION('',(0.,0.,-1.));
#3203 = ORIENTED_EDGE('',*,*,#3204,.T.);
#3204 = EDGE_CURVE('',#3195,#3205,#3207,.T.);
#3205 = VERTEX_POINT('',#3206);
#3206 = CARTESIAN_POINT('',(-0.4,0.525,2.14));
#3207 = LINE('',#3208,#3209);
#3208 = CARTESIAN_POINT('',(-0.6,0.525,2.14));
#3209 = VECTOR('',#3210,1.);
#3210 = DIRECTION('',(1.,0.,0.));
#3211 = ORIENTED_EDGE('',*,*,#3212,.T.);
#3212 = EDGE_CURVE('',#3205,#3213,#3215,.T.);
#3213 = VERTEX_POINT('',#3214);
#3214 = CARTESIAN_POINT('',(-0.4,0.525,1.66));
#3215 = LINE('',#3216,#3217);
#3216 = CARTESIAN_POINT('',(-0.4,0.525,2.14));
#3217 = VECTOR('',#3218,1.);
#3218 = DIRECTION('',(0.,0.,-1.));
#3219 = ORIENTED_EDGE('',*,*,#3220,.F.);
#3220 = EDGE_CURVE('',#3197,#3213,#3221,.T.);
#3221 = LINE('',#3222,#3223);
#3222 = CARTESIAN_POINT('',(-0.6,0.525,1.66));
#3223 = VECTOR('',#3224,1.);
#3224 = DIRECTION('',(1.,0.,0.));
#3225 = FACE_BOUND('',#3226,.T.);
#3226 = EDGE_LOOP('',(#3227,#3237,#3245,#3253));
#3227 = ORIENTED_EDGE('',*,*,#3228,.F.);
#3228 = EDGE_CURVE('',#3229,#3231,#3233,.T.);
#3229 = VERTEX_POINT('',#3230);
#3230 = CARTESIAN_POINT('',(0.4,0.525,2.14));
#3231 = VERTEX_POINT('',#3232);
#3232 = CARTESIAN_POINT('',(0.4,0.525,1.66));
#3233 = LINE('',#3234,#3235);
#3234 = CARTESIAN_POINT('',(0.4,0.525,2.14));
#3235 = VECTOR('',#3236,1.);
#3236 = DIRECTION('',(0.,0.,-1.));
#3237 = ORIENTED_EDGE('',*,*,#3238,.T.);
#3238 = EDGE_CURVE('',#3229,#3239,#3241,.T.);
#3239 = VERTEX_POINT('',#3240);
#3240 = CARTESIAN_POINT('',(0.6,0.525,2.14));
#3241 = LINE('',#3242,#3243);
#3242 = CARTESIAN_POINT('',(0.4,0.525,2.14));
#3243 = VECTOR('',#3244,1.);
#3244 = DIRECTION('',(1.,0.,0.));
#3245 = ORIENTED_EDGE('',*,*,#3246,.T.);
#3246 = EDGE_CURVE('',#3239,#3247,#3249,.T.);
#3247 = VERTEX_POINT('',#3248);
#3248 = CARTESIAN_POINT('',(0.6,0.525,1.66));
#3249 = LINE('',#3250,#3251);
#3250 = CARTESIAN_POINT('',(0.6,0.525,2.14));
#3251 = VECTOR('',#3252,1.);
#3252 = DIRECTION('',(0.,0.,-1.));
#3253 = ORIENTED_EDGE('',*,*,#3254,.F.);
#3254 = EDGE_CURVE('',#3231,#3247,#3255,.T.);
#3255 = LINE('',#3256,#3257);
#3256 = CARTESIAN_POINT('',(0.4,0.525,1.66));
#3257 = VECTOR('',#3258,1.);
#3258 = DIRECTION('',(1.,0.,0.));
#3259 = FACE_BOUND('',#3260,.T.);
#3260 = EDGE_LOOP('',(#3261,#3271,#3279,#3287));
#3261 = ORIENTED_EDGE('',*,*,#3262,.F.);
#3262 = EDGE_CURVE('',#3263,#3265,#3267,.T.);
#3263 = VERTEX_POINT('',#3264);
#3264 = CARTESIAN_POINT('',(1.4,0.525,2.14));
#3265 = VERTEX_POINT('',#3266);
#3266 = CARTESIAN_POINT('',(1.4,0.525,1.66));
#3267 = LINE('',#3268,#3269);
#3268 = CARTESIAN_POINT('',(1.4,0.525,2.14));
#3269 = VECTOR('',#3270,1.);
#3270 = DIRECTION('',(0.,0.,-1.));
#3271 = ORIENTED_EDGE('',*,*,#3272,.T.);
#3272 = EDGE_CURVE('',#3263,#3273,#3275,.T.);
#3273 = VERTEX_POINT('',#3274);
#3274 = CARTESIAN_POINT('',(1.6,0.525,2.14));
#3275 = LINE('',#3276,#3277);
#3276 = CARTESIAN_POINT('',(1.4,0.525,2.14));
#3277 = VECTOR('',#3278,1.);
#3278 = DIRECTION('',(1.,0.,0.));
#3279 = ORIENTED_EDGE('',*,*,#3280,.T.);
#3280 = EDGE_CURVE('',#3273,#3281,#3283,.T.);
#3281 = VERTEX_POINT('',#3282);
#3282 = CARTESIAN_POINT('',(1.6,0.525,1.66));
#3283 = LINE('',#3284,#3285);
#3284 = CARTESIAN_POINT('',(1.6,0.525,2.14));
#3285 = VECTOR('',#3286,1.);
#3286 = DIRECTION('',(0.,0.,-1.));
#3287 = ORIENTED_EDGE('',*,*,#3288,.F.);
#3288 = EDGE_CURVE('',#3265,#3281,#3289,.T.);
#3289 = LINE('',#3290,#3291);
#3290 = CARTESIAN_POINT('',(1.4,0.525,1.66));
#3291 = VECTOR('',#3292,1.);
#3292 = DIRECTION('',(1.,0.,0.));
#3293 = PLANE('',#3294);
#3294 = AXIS2_PLACEMENT_3D('',#3295,#3296,#3297);
#3295 = CARTESIAN_POINT('',(-6.832141690001E-17,0.525,1.51));
#3296 = DIRECTION('',(0.,-1.,1.110223024625E-16));
#3297 = DIRECTION('',(1.,0.,0.));
#3298 = ADVANCED_FACE('',(#3299),#3305,.T.);
#3299 = FACE_BOUND('',#3300,.T.);
#3300 = EDGE_LOOP('',(#3301,#3302,#3303,#3304));
#3301 = ORIENTED_EDGE('',*,*,#2724,.T.);
#3302 = ORIENTED_EDGE('',*,*,#2652,.T.);
#3303 = ORIENTED_EDGE('',*,*,#2676,.T.);
#3304 = ORIENTED_EDGE('',*,*,#2699,.T.);
#3305 = PLANE('',#3306);
#3306 = AXIS2_PLACEMENT_3D('',#3307,#3308,#3309);
#3307 = CARTESIAN_POINT('',(5.45372713851E-16,-7.5E-02,1.76));
#3308 = DIRECTION('',(0.,-1.,1.110223024625E-16));
#3309 = DIRECTION('',(1.,0.,0.));
#3310 = ADVANCED_FACE('',(#3311),#3336,.T.);
#3311 = FACE_BOUND('',#3312,.T.);
#3312 = EDGE_LOOP('',(#3313,#3314,#3322,#3330));
#3313 = ORIENTED_EDGE('',*,*,#3160,.T.);
#3314 = ORIENTED_EDGE('',*,*,#3315,.T.);
#3315 = EDGE_CURVE('',#3163,#3316,#3318,.T.);
#3316 = VERTEX_POINT('',#3317);
#3317 = CARTESIAN_POINT('',(-1.4,-1.225,1.79));
#3318 = LINE('',#3319,#3320);
#3319 = CARTESIAN_POINT('',(-1.4,0.525,1.66));
#3320 = VECTOR('',#3321,1.);
#3321 = DIRECTION('',(0.,-0.997252183706,7.408159078957E-02));
#3322 = ORIENTED_EDGE('',*,*,#3323,.F.);
#3323 = EDGE_CURVE('',#3324,#3316,#3326,.T.);
#3324 = VERTEX_POINT('',#3325);
#3325 = CARTESIAN_POINT('',(-1.6,-1.225,1.79));
#3326 = LINE('',#3327,#3328);
#3327 = CARTESIAN_POINT('',(-1.6,-1.225,1.79));
#3328 = VECTOR('',#3329,1.);
#3329 = DIRECTION('',(1.,0.,0.));
#3330 = ORIENTED_EDGE('',*,*,#3331,.F.);
#3331 = EDGE_CURVE('',#3161,#3324,#3332,.T.);
#3332 = LINE('',#3333,#3334);
#3333 = CARTESIAN_POINT('',(-1.6,0.525,1.66));
#3334 = VECTOR('',#3335,1.);
#3335 = DIRECTION('',(0.,-0.997252183706,7.408159078957E-02));
#3336 = PLANE('',#3337);
#3337 = AXIS2_PLACEMENT_3D('',#3338,#3339,#3340);
#3338 = CARTESIAN_POINT('',(-1.6,0.525,1.66));
#3339 = DIRECTION('',(0.,-7.408159078957E-02,-0.997252183706));
#3340 = DIRECTION('',(0.,-0.997252183706,7.408159078957E-02));
#3341 = ADVANCED_FACE('',(#3342),#3360,.F.);
#3342 = FACE_BOUND('',#3343,.F.);
#3343 = EDGE_LOOP('',(#3344,#3352,#3358,#3359));
#3344 = ORIENTED_EDGE('',*,*,#3345,.T.);
#3345 = EDGE_CURVE('',#3316,#3346,#3348,.T.);
#3346 = VERTEX_POINT('',#3347);
#3347 = CARTESIAN_POINT('',(-1.4,-1.225,2.14));
#3348 = LINE('',#3349,#3350);
#3349 = CARTESIAN_POINT('',(-1.4,-1.225,1.79));
#3350 = VECTOR('',#3351,1.);
#3351 = DIRECTION('',(0.,0.,1.));
#3352 = ORIENTED_EDGE('',*,*,#3353,.T.);
#3353 = EDGE_CURVE('',#3346,#3179,#3354,.T.);
#3354 = LINE('',#3355,#3356);
#3355 = CARTESIAN_POINT('',(-1.4,-1.225,2.14));
#3356 = VECTOR('',#3357,1.);
#3357 = DIRECTION('',(0.,1.,0.));
#3358 = ORIENTED_EDGE('',*,*,#3186,.T.);
#3359 = ORIENTED_EDGE('',*,*,#3315,.T.);
#3360 = PLANE('',#3361);
#3361 = AXIS2_PLACEMENT_3D('',#3362,#3363,#3364);
#3362 = CARTESIAN_POINT('',(-1.4,-0.323759014354,1.931294517928));
#3363 = DIRECTION('',(-1.,-0.,-0.));
#3364 = DIRECTION('',(0.,0.,-1.));
#3365 = ADVANCED_FACE('',(#3366),#3384,.T.);
#3366 = FACE_BOUND('',#3367,.T.);
#3367 = EDGE_LOOP('',(#3368,#3376,#3377,#3378));
#3368 = ORIENTED_EDGE('',*,*,#3369,.T.);
#3369 = EDGE_CURVE('',#3370,#3346,#3372,.T.);
#3370 = VERTEX_POINT('',#3371);
#3371 = CARTESIAN_POINT('',(-1.6,-1.225,2.14));
#3372 = LINE('',#3373,#3374);
#3373 = CARTESIAN_POINT('',(-1.6,-1.225,2.14));
#3374 = VECTOR('',#3375,1.);
#3375 = DIRECTION('',(1.,0.,0.));
#3376 = ORIENTED_EDGE('',*,*,#3353,.T.);
#3377 = ORIENTED_EDGE('',*,*,#3178,.F.);
#3378 = ORIENTED_EDGE('',*,*,#3379,.F.);
#3379 = EDGE_CURVE('',#3370,#3171,#3380,.T.);
#3380 = LINE('',#3381,#3382);
#3381 = CARTESIAN_POINT('',(-1.6,-1.225,2.14));
#3382 = VECTOR('',#3383,1.);
#3383 = DIRECTION('',(0.,1.,0.));
#3384 = PLANE('',#3385);
#3385 = AXIS2_PLACEMENT_3D('',#3386,#3387,#3388);
#3386 = CARTESIAN_POINT('',(-1.6,-1.225,2.14));
#3387 = DIRECTION('',(0.,0.,1.));
#3388 = DIRECTION('',(0.,1.,0.));
#3389 = ADVANCED_FACE('',(#3390),#3401,.T.);
#3390 = FACE_BOUND('',#3391,.T.);
#3391 = EDGE_LOOP('',(#3392,#3398,#3399,#3400));
#3392 = ORIENTED_EDGE('',*,*,#3393,.T.);
#3393 = EDGE_CURVE('',#3324,#3370,#3394,.T.);
#3394 = LINE('',#3395,#3396);
#3395 = CARTESIAN_POINT('',(-1.6,-1.225,1.79));
#3396 = VECTOR('',#3397,1.);
#3397 = DIRECTION('',(0.,0.,1.));
#3398 = ORIENTED_EDGE('',*,*,#3379,.T.);
#3399 = ORIENTED_EDGE('',*,*,#3170,.T.);
#3400 = ORIENTED_EDGE('',*,*,#3331,.T.);
#3401 = PLANE('',#3402);
#3402 = AXIS2_PLACEMENT_3D('',#3403,#3404,#3405);
#3403 = CARTESIAN_POINT('',(-1.6,-0.323759014354,1.931294517928));
#3404 = DIRECTION('',(-1.,-0.,-0.));
#3405 = DIRECTION('',(0.,0.,-1.));
#3406 = ADVANCED_FACE('',(#3407),#3432,.T.);
#3407 = FACE_BOUND('',#3408,.T.);
#3408 = EDGE_LOOP('',(#3409,#3419,#3425,#3426));
#3409 = ORIENTED_EDGE('',*,*,#3410,.T.);
#3410 = EDGE_CURVE('',#3411,#3413,#3415,.T.);
#3411 = VERTEX_POINT('',#3412);
#3412 = CARTESIAN_POINT('',(-0.6,-1.225,1.79));
#3413 = VERTEX_POINT('',#3414);
#3414 = CARTESIAN_POINT('',(-0.6,-1.225,2.14));
#3415 = LINE('',#3416,#3417);
#3416 = CARTESIAN_POINT('',(-0.6,-1.225,1.79));
#3417 = VECTOR('',#3418,1.);
#3418 = DIRECTION('',(0.,0.,1.));
#3419 = ORIENTED_EDGE('',*,*,#3420,.T.);
#3420 = EDGE_CURVE('',#3413,#3195,#3421,.T.);
#3421 = LINE('',#3422,#3423);
#3422 = CARTESIAN_POINT('',(-0.6,-1.225,2.14));
#3423 = VECTOR('',#3424,1.);
#3424 = DIRECTION('',(0.,1.,0.));
#3425 = ORIENTED_EDGE('',*,*,#3194,.T.);
#3426 = ORIENTED_EDGE('',*,*,#3427,.T.);
#3427 = EDGE_CURVE('',#3197,#3411,#3428,.T.);
#3428 = LINE('',#3429,#3430);
#3429 = CARTESIAN_POINT('',(-0.6,0.525,1.66));
#3430 = VECTOR('',#3431,1.);
#3431 = DIRECTION('',(0.,-0.997252183706,7.408159078957E-02));
#3432 = PLANE('',#3433);
#3433 = AXIS2_PLACEMENT_3D('',#3434,#3435,#3436);
#3434 = CARTESIAN_POINT('',(-0.6,-0.323759014354,1.931294517928));
#3435 = DIRECTION('',(-1.,-0.,-0.));
#3436 = DIRECTION('',(0.,0.,-1.));
#3437 = ADVANCED_FACE('',(#3438),#3456,.T.);
#3438 = FACE_BOUND('',#3439,.T.);
#3439 = EDGE_LOOP('',(#3440,#3441,#3449,#3455));
#3440 = ORIENTED_EDGE('',*,*,#3220,.T.);
#3441 = ORIENTED_EDGE('',*,*,#3442,.T.);
#3442 = EDGE_CURVE('',#3213,#3443,#3445,.T.);
#3443 = VERTEX_POINT('',#3444);
#3444 = CARTESIAN_POINT('',(-0.4,-1.225,1.79));
#3445 = LINE('',#3446,#3447);
#3446 = CARTESIAN_POINT('',(-0.4,0.525,1.66));
#3447 = VECTOR('',#3448,1.);
#3448 = DIRECTION('',(0.,-0.997252183706,7.408159078957E-02));
#3449 = ORIENTED_EDGE('',*,*,#3450,.F.);
#3450 = EDGE_CURVE('',#3411,#3443,#3451,.T.);
#3451 = LINE('',#3452,#3453);
#3452 = CARTESIAN_POINT('',(-0.6,-1.225,1.79));
#3453 = VECTOR('',#3454,1.);
#3454 = DIRECTION('',(1.,0.,0.));
#3455 = ORIENTED_EDGE('',*,*,#3427,.F.);
#3456 = PLANE('',#3457);
#3457 = AXIS2_PLACEMENT_3D('',#3458,#3459,#3460);
#3458 = CARTESIAN_POINT('',(-0.6,0.525,1.66));
#3459 = DIRECTION('',(0.,-7.408159078957E-02,-0.997252183706));
#3460 = DIRECTION('',(0.,-0.997252183706,7.408159078957E-02));
#3461 = ADVANCED_FACE('',(#3462),#3480,.F.);
#3462 = FACE_BOUND('',#3463,.F.);
#3463 = EDGE_LOOP('',(#3464,#3472,#3478,#3479));
#3464 = ORIENTED_EDGE('',*,*,#3465,.T.);
#3465 = EDGE_CURVE('',#3443,#3466,#3468,.T.);
#3466 = VERTEX_POINT('',#3467);
#3467 = CARTESIAN_POINT('',(-0.4,-1.225,2.14));
#3468 = LINE('',#3469,#3470);
#3469 = CARTESIAN_POINT('',(-0.4,-1.225,1.79));
#3470 = VECTOR('',#3471,1.);
#3471 = DIRECTION('',(0.,0.,1.));
#3472 = ORIENTED_EDGE('',*,*,#3473,.T.);
#3473 = EDGE_CURVE('',#3466,#3205,#3474,.T.);
#3474 = LINE('',#3475,#3476);
#3475 = CARTESIAN_POINT('',(-0.4,-1.225,2.14));
#3476 = VECTOR('',#3477,1.);
#3477 = DIRECTION('',(0.,1.,0.));
#3478 = ORIENTED_EDGE('',*,*,#3212,.T.);
#3479 = ORIENTED_EDGE('',*,*,#3442,.T.);
#3480 = PLANE('',#3481);
#3481 = AXIS2_PLACEMENT_3D('',#3482,#3483,#3484);
#3482 = CARTESIAN_POINT('',(-0.4,-0.323759014354,1.931294517928));
#3483 = DIRECTION('',(-1.,-0.,-0.));
#3484 = DIRECTION('',(0.,0.,-1.));
#3485 = ADVANCED_FACE('',(#3486),#3497,.T.);
#3486 = FACE_BOUND('',#3487,.T.);
#3487 = EDGE_LOOP('',(#3488,#3494,#3495,#3496));
#3488 = ORIENTED_EDGE('',*,*,#3489,.T.);
#3489 = EDGE_CURVE('',#3413,#3466,#3490,.T.);
#3490 = LINE('',#3491,#3492);
#3491 = CARTESIAN_POINT('',(-0.6,-1.225,2.14));
#3492 = VECTOR('',#3493,1.);
#3493 = DIRECTION('',(1.,0.,0.));
#3494 = ORIENTED_EDGE('',*,*,#3473,.T.);
#3495 = ORIENTED_EDGE('',*,*,#3204,.F.);
#3496 = ORIENTED_EDGE('',*,*,#3420,.F.);
#3497 = PLANE('',#3498);
#3498 = AXIS2_PLACEMENT_3D('',#3499,#3500,#3501);
#3499 = CARTESIAN_POINT('',(-0.6,-1.225,2.14));
#3500 = DIRECTION('',(0.,0.,1.));
#3501 = DIRECTION('',(0.,1.,0.));
#3502 = ADVANCED_FACE('',(#3503),#3528,.T.);
#3503 = FACE_BOUND('',#3504,.T.);
#3504 = EDGE_LOOP('',(#3505,#3515,#3521,#3522));
#3505 = ORIENTED_EDGE('',*,*,#3506,.T.);
#3506 = EDGE_CURVE('',#3507,#3509,#3511,.T.);
#3507 = VERTEX_POINT('',#3508);
#3508 = CARTESIAN_POINT('',(0.4,-1.225,1.79));
#3509 = VERTEX_POINT('',#3510);
#3510 = CARTESIAN_POINT('',(0.4,-1.225,2.14));
#3511 = LINE('',#3512,#3513);
#3512 = CARTESIAN_POINT('',(0.4,-1.225,1.79));
#3513 = VECTOR('',#3514,1.);
#3514 = DIRECTION('',(0.,0.,1.));
#3515 = ORIENTED_EDGE('',*,*,#3516,.T.);
#3516 = EDGE_CURVE('',#3509,#3229,#3517,.T.);
#3517 = LINE('',#3518,#3519);
#3518 = CARTESIAN_POINT('',(0.4,-1.225,2.14));
#3519 = VECTOR('',#3520,1.);
#3520 = DIRECTION('',(0.,1.,0.));
#3521 = ORIENTED_EDGE('',*,*,#3228,.T.);
#3522 = ORIENTED_EDGE('',*,*,#3523,.T.);
#3523 = EDGE_CURVE('',#3231,#3507,#3524,.T.);
#3524 = LINE('',#3525,#3526);
#3525 = CARTESIAN_POINT('',(0.4,0.525,1.66));
#3526 = VECTOR('',#3527,1.);
#3527 = DIRECTION('',(0.,-0.997252183706,7.408159078957E-02));
#3528 = PLANE('',#3529);
#3529 = AXIS2_PLACEMENT_3D('',#3530,#3531,#3532);
#3530 = CARTESIAN_POINT('',(0.4,-0.323759014354,1.931294517928));
#3531 = DIRECTION('',(-1.,-0.,-0.));
#3532 = DIRECTION('',(0.,0.,-1.));
#3533 = ADVANCED_FACE('',(#3534),#3552,.T.);
#3534 = FACE_BOUND('',#3535,.T.);
#3535 = EDGE_LOOP('',(#3536,#3537,#3545,#3551));
#3536 = ORIENTED_EDGE('',*,*,#3254,.T.);
#3537 = ORIENTED_EDGE('',*,*,#3538,.T.);
#3538 = EDGE_CURVE('',#3247,#3539,#3541,.T.);
#3539 = VERTEX_POINT('',#3540);
#3540 = CARTESIAN_POINT('',(0.6,-1.225,1.79));
#3541 = LINE('',#3542,#3543);
#3542 = CARTESIAN_POINT('',(0.6,0.525,1.66));
#3543 = VECTOR('',#3544,1.);
#3544 = DIRECTION('',(0.,-0.997252183706,7.408159078957E-02));
#3545 = ORIENTED_EDGE('',*,*,#3546,.F.);
#3546 = EDGE_CURVE('',#3507,#3539,#3547,.T.);
#3547 = LINE('',#3548,#3549);
#3548 = CARTESIAN_POINT('',(0.4,-1.225,1.79));
#3549 = VECTOR('',#3550,1.);
#3550 = DIRECTION('',(1.,0.,0.));
#3551 = ORIENTED_EDGE('',*,*,#3523,.F.);
#3552 = PLANE('',#3553);
#3553 = AXIS2_PLACEMENT_3D('',#3554,#3555,#3556);
#3554 = CARTESIAN_POINT('',(0.4,0.525,1.66));
#3555 = DIRECTION('',(0.,-7.408159078957E-02,-0.997252183706));
#3556 = DIRECTION('',(0.,-0.997252183706,7.408159078957E-02));
#3557 = ADVANCED_FACE('',(#3558),#3576,.F.);
#3558 = FACE_BOUND('',#3559,.F.);
#3559 = EDGE_LOOP('',(#3560,#3568,#3574,#3575));
#3560 = ORIENTED_EDGE('',*,*,#3561,.T.);
#3561 = EDGE_CURVE('',#3539,#3562,#3564,.T.);
#3562 = VERTEX_POINT('',#3563);
#3563 = CARTESIAN_POINT('',(0.6,-1.225,2.14));
#3564 = LINE('',#3565,#3566);
#3565 = CARTESIAN_POINT('',(0.6,-1.225,1.79));
#3566 = VECTOR('',#3567,1.);
#3567 = DIRECTION('',(0.,0.,1.));
#3568 = ORIENTED_EDGE('',*,*,#3569,.T.);
#3569 = EDGE_CURVE('',#3562,#3239,#3570,.T.);
#3570 = LINE('',#3571,#3572);
#3571 = CARTESIAN_POINT('',(0.6,-1.225,2.14));
#3572 = VECTOR('',#3573,1.);
#3573 = DIRECTION('',(0.,1.,0.));
#3574 = ORIENTED_EDGE('',*,*,#3246,.T.);
#3575 = ORIENTED_EDGE('',*,*,#3538,.T.);
#3576 = PLANE('',#3577);
#3577 = AXIS2_PLACEMENT_3D('',#3578,#3579,#3580);
#3578 = CARTESIAN_POINT('',(0.6,-0.323759014354,1.931294517928));
#3579 = DIRECTION('',(-1.,-0.,-0.));
#3580 = DIRECTION('',(0.,0.,-1.));
#3581 = ADVANCED_FACE('',(#3582),#3593,.T.);
#3582 = FACE_BOUND('',#3583,.T.);
#3583 = EDGE_LOOP('',(#3584,#3590,#3591,#3592));
#3584 = ORIENTED_EDGE('',*,*,#3585,.T.);
#3585 = EDGE_CURVE('',#3509,#3562,#3586,.T.);
#3586 = LINE('',#3587,#3588);
#3587 = CARTESIAN_POINT('',(0.4,-1.225,2.14));
#3588 = VECTOR('',#3589,1.);
#3589 = DIRECTION('',(1.,0.,0.));
#3590 = ORIENTED_EDGE('',*,*,#3569,.T.);
#3591 = ORIENTED_EDGE('',*,*,#3238,.F.);
#3592 = ORIENTED_EDGE('',*,*,#3516,.F.);
#3593 = PLANE('',#3594);
#3594 = AXIS2_PLACEMENT_3D('',#3595,#3596,#3597);
#3595 = CARTESIAN_POINT('',(0.4,-1.225,2.14));
#3596 = DIRECTION('',(0.,0.,1.));
#3597 = DIRECTION('',(0.,1.,0.));
#3598 = ADVANCED_FACE('',(#3599),#3624,.T.);
#3599 = FACE_BOUND('',#3600,.T.);
#3600 = EDGE_LOOP('',(#3601,#3611,#3617,#3618));
#3601 = ORIENTED_EDGE('',*,*,#3602,.T.);
#3602 = EDGE_CURVE('',#3603,#3605,#3607,.T.);
#3603 = VERTEX_POINT('',#3604);
#3604 = CARTESIAN_POINT('',(1.4,-1.225,1.79));
#3605 = VERTEX_POINT('',#3606);
#3606 = CARTESIAN_POINT('',(1.4,-1.225,2.14));
#3607 = LINE('',#3608,#3609);
#3608 = CARTESIAN_POINT('',(1.4,-1.225,1.79));
#3609 = VECTOR('',#3610,1.);
#3610 = DIRECTION('',(0.,0.,1.));
#3611 = ORIENTED_EDGE('',*,*,#3612,.T.);
#3612 = EDGE_CURVE('',#3605,#3263,#3613,.T.);
#3613 = LINE('',#3614,#3615);
#3614 = CARTESIAN_POINT('',(1.4,-1.225,2.14));
#3615 = VECTOR('',#3616,1.);
#3616 = DIRECTION('',(0.,1.,0.));
#3617 = ORIENTED_EDGE('',*,*,#3262,.T.);
#3618 = ORIENTED_EDGE('',*,*,#3619,.T.);
#3619 = EDGE_CURVE('',#3265,#3603,#3620,.T.);
#3620 = LINE('',#3621,#3622);
#3621 = CARTESIAN_POINT('',(1.4,0.525,1.66));
#3622 = VECTOR('',#3623,1.);
#3623 = DIRECTION('',(0.,-0.997252183706,7.408159078957E-02));
#3624 = PLANE('',#3625);
#3625 = AXIS2_PLACEMENT_3D('',#3626,#3627,#3628);
#3626 = CARTESIAN_POINT('',(1.4,-0.323759014354,1.931294517928));
#3627 = DIRECTION('',(-1.,-0.,-0.));
#3628 = DIRECTION('',(0.,0.,-1.));
#3629 = ADVANCED_FACE('',(#3630),#3648,.T.);
#3630 = FACE_BOUND('',#3631,.T.);
#3631 = EDGE_LOOP('',(#3632,#3633,#3641,#3647));
#3632 = ORIENTED_EDGE('',*,*,#3288,.T.);
#3633 = ORIENTED_EDGE('',*,*,#3634,.T.);
#3634 = EDGE_CURVE('',#3281,#3635,#3637,.T.);
#3635 = VERTEX_POINT('',#3636);
#3636 = CARTESIAN_POINT('',(1.6,-1.225,1.79));
#3637 = LINE('',#3638,#3639);
#3638 = CARTESIAN_POINT('',(1.6,0.525,1.66));
#3639 = VECTOR('',#3640,1.);
#3640 = DIRECTION('',(0.,-0.997252183706,7.408159078957E-02));
#3641 = ORIENTED_EDGE('',*,*,#3642,.F.);
#3642 = EDGE_CURVE('',#3603,#3635,#3643,.T.);
#3643 = LINE('',#3644,#3645);
#3644 = CARTESIAN_POINT('',(1.4,-1.225,1.79));
#3645 = VECTOR('',#3646,1.);
#3646 = DIRECTION('',(1.,0.,0.));
#3647 = ORIENTED_EDGE('',*,*,#3619,.F.);
#3648 = PLANE('',#3649);
#3649 = AXIS2_PLACEMENT_3D('',#3650,#3651,#3652);
#3650 = CARTESIAN_POINT('',(1.4,0.525,1.66));
#3651 = DIRECTION('',(0.,-7.408159078957E-02,-0.997252183706));
#3652 = DIRECTION('',(0.,-0.997252183706,7.408159078957E-02));
#3653 = ADVANCED_FACE('',(#3654),#3672,.F.);
#3654 = FACE_BOUND('',#3655,.F.);
#3655 = EDGE_LOOP('',(#3656,#3664,#3670,#3671));
#3656 = ORIENTED_EDGE('',*,*,#3657,.T.);
#3657 = EDGE_CURVE('',#3635,#3658,#3660,.T.);
#3658 = VERTEX_POINT('',#3659);
#3659 = CARTESIAN_POINT('',(1.6,-1.225,2.14));
#3660 = LINE('',#3661,#3662);
#3661 = CARTESIAN_POINT('',(1.6,-1.225,1.79));
#3662 = VECTOR('',#3663,1.);
#3663 = DIRECTION('',(0.,0.,1.));
#3664 = ORIENTED_EDGE('',*,*,#3665,.T.);
#3665 = EDGE_CURVE('',#3658,#3273,#3666,.T.);
#3666 = LINE('',#3667,#3668);
#3667 = CARTESIAN_POINT('',(1.6,-1.225,2.14));
#3668 = VECTOR('',#3669,1.);
#3669 = DIRECTION('',(0.,1.,0.));
#3670 = ORIENTED_EDGE('',*,*,#3280,.T.);
#3671 = ORIENTED_EDGE('',*,*,#3634,.T.);
#3672 = PLANE('',#3673);
#3673 = AXIS2_PLACEMENT_3D('',#3674,#3675,#3676);
#3674 = CARTESIAN_POINT('',(1.6,-0.323759014354,1.931294517928));
#3675 = DIRECTION('',(-1.,-0.,-0.));
#3676 = DIRECTION('',(0.,0.,-1.));
#3677 = ADVANCED_FACE('',(#3678),#3689,.T.);
#3678 = FACE_BOUND('',#3679,.T.);
#3679 = EDGE_LOOP('',(#3680,#3686,#3687,#3688));
#3680 = ORIENTED_EDGE('',*,*,#3681,.T.);
#3681 = EDGE_CURVE('',#3605,#3658,#3682,.T.);
#3682 = LINE('',#3683,#3684);
#3683 = CARTESIAN_POINT('',(1.4,-1.225,2.14));
#3684 = VECTOR('',#3685,1.);
#3685 = DIRECTION('',(1.,0.,0.));
#3686 = ORIENTED_EDGE('',*,*,#3665,.T.);
#3687 = ORIENTED_EDGE('',*,*,#3272,.F.);
#3688 = ORIENTED_EDGE('',*,*,#3612,.F.);
#3689 = PLANE('',#3690);
#3690 = AXIS2_PLACEMENT_3D('',#3691,#3692,#3693);
#3691 = CARTESIAN_POINT('',(1.4,-1.225,2.14));
#3692 = DIRECTION('',(0.,0.,1.));
#3693 = DIRECTION('',(0.,1.,0.));
#3694 = ADVANCED_FACE('',(#3695),#3701,.T.);
#3695 = FACE_BOUND('',#3696,.T.);
#3696 = EDGE_LOOP('',(#3697,#3698,#3699,#3700));
#3697 = ORIENTED_EDGE('',*,*,#3323,.T.);
#3698 = ORIENTED_EDGE('',*,*,#3345,.T.);
#3699 = ORIENTED_EDGE('',*,*,#3369,.F.);
#3700 = ORIENTED_EDGE('',*,*,#3393,.F.);
#3701 = PLANE('',#3702);
#3702 = AXIS2_PLACEMENT_3D('',#3703,#3704,#3705);
#3703 = CARTESIAN_POINT('',(-1.6,-1.225,1.79));
#3704 = DIRECTION('',(0.,-1.,0.));
#3705 = DIRECTION('',(0.,0.,1.));
#3706 = ADVANCED_FACE('',(#3707),#3713,.T.);
#3707 = FACE_BOUND('',#3708,.T.);
#3708 = EDGE_LOOP('',(#3709,#3710,#3711,#3712));
#3709 = ORIENTED_EDGE('',*,*,#3450,.T.);
#3710 = ORIENTED_EDGE('',*,*,#3465,.T.);
#3711 = ORIENTED_EDGE('',*,*,#3489,.F.);
#3712 = ORIENTED_EDGE('',*,*,#3410,.F.);
#3713 = PLANE('',#3714);
#3714 = AXIS2_PLACEMENT_3D('',#3715,#3716,#3717);
#3715 = CARTESIAN_POINT('',(-0.6,-1.225,1.79));
#3716 = DIRECTION('',(0.,-1.,0.));
#3717 = DIRECTION('',(0.,0.,1.));
#3718 = ADVANCED_FACE('',(#3719),#3725,.T.);
#3719 = FACE_BOUND('',#3720,.T.);
#3720 = EDGE_LOOP('',(#3721,#3722,#3723,#3724));
#3721 = ORIENTED_EDGE('',*,*,#3546,.T.);
#3722 = ORIENTED_EDGE('',*,*,#3561,.T.);
#3723 = ORIENTED_EDGE('',*,*,#3585,.F.);
#3724 = ORIENTED_EDGE('',*,*,#3506,.F.);
#3725 = PLANE('',#3726);
#3726 = AXIS2_PLACEMENT_3D('',#3727,#3728,#3729);
#3727 = CARTESIAN_POINT('',(0.4,-1.225,1.79));
#3728 = DIRECTION('',(0.,-1.,0.));
#3729 = DIRECTION('',(0.,0.,1.));
#3730 = ADVANCED_FACE('',(#3731),#3737,.T.);
#3731 = FACE_BOUND('',#3732,.T.);
#3732 = EDGE_LOOP('',(#3733,#3734,#3735,#3736));
#3733 = ORIENTED_EDGE('',*,*,#3642,.T.);
#3734 = ORIENTED_EDGE('',*,*,#3657,.T.);
#3735 = ORIENTED_EDGE('',*,*,#3681,.F.);
#3736 = ORIENTED_EDGE('',*,*,#3602,.F.);
#3737 = PLANE('',#3738);
#3738 = AXIS2_PLACEMENT_3D('',#3739,#3740,#3741);
#3739 = CARTESIAN_POINT('',(1.4,-1.225,1.79));
#3740 = DIRECTION('',(0.,-1.,0.));
#3741 = DIRECTION('',(0.,0.,1.));
#3742 = ( GEOMETRIC_REPRESENTATION_CONTEXT(3) 
GLOBAL_UNCERTAINTY_ASSIGNED_CONTEXT((#3746)) 
GLOBAL_UNIT_ASSIGNED_CONTEXT((#3743,#3744,#3745)) REPRESENTATION_CONTEXT
('Context #1','3D Context with UNIT and UNCERTAINTY') );
#3743 = ( LENGTH_UNIT() NAMED_UNIT(*) SI_UNIT(.MILLI.,.METRE.) );
#3744 = ( NAMED_UNIT(*) PLANE_ANGLE_UNIT() SI_UNIT($,.RADIAN.) );
#3745 = ( NAMED_UNIT(*) SI_UNIT($,.STERADIAN.) SOLID_ANGLE_UNIT() );
#3746 = UNCERTAINTY_MEASURE_WITH_UNIT(LENGTH_MEASURE(1.E-07),#3743,
  'distance_accuracy_value','confusion accuracy');
#3747 = CONTEXT_DEPENDENT_SHAPE_REPRESENTATION(#3748,#3750);
#3748 = ( REPRESENTATION_RELATIONSHIP('','',#937,#10) 
REPRESENTATION_RELATIONSHIP_WITH_TRANSFORMATION(#3749) 
SHAPE_REPRESENTATION_RELATIONSHIP() );
#3749 = ITEM_DEFINED_TRANSFORMATION('','',#11,#19);
#3750 = PRODUCT_DEFINITION_SHAPE('Placement','Placement of an item',
  #3751);
#3751 = NEXT_ASSEMBLY_USAGE_OCCURRENCE('2','J7','',#5,#932,$);
#3752 = PRODUCT_RELATED_PRODUCT_CATEGORY('part',$,(#934));
#3753 = CONTEXT_DEPENDENT_SHAPE_REPRESENTATION(#3754,#3756);
#3754 = ( REPRESENTATION_RELATIONSHIP('','',#937,#10) 
REPRESENTATION_RELATIONSHIP_WITH_TRANSFORMATION(#3755) 
SHAPE_REPRESENTATION_RELATIONSHIP() );
#3755 = ITEM_DEFINED_TRANSFORMATION('','',#11,#23);
#3756 = PRODUCT_DEFINITION_SHAPE('Placement','Placement of an item',
  #3757);
#3757 = NEXT_ASSEMBLY_USAGE_OCCURRENCE('3','J1','',#5,#932,$);
#3758 = SHAPE_DEFINITION_REPRESENTATION(#3759,#3765);
#3759 = PRODUCT_DEFINITION_SHAPE('','',#3760);
#3760 = PRODUCT_DEFINITION('design','',#3761,#3764);
#3761 = PRODUCT_DEFINITION_FORMATION('','',#3762);
#3762 = PRODUCT('R_0402_1005Metric','R_0402_1005Metric','',(#3763));
#3763 = PRODUCT_CONTEXT('',#2,'mechanical');
#3764 = PRODUCT_DEFINITION_CONTEXT('part definition',#2,'design');
#3765 = ADVANCED_BREP_SHAPE_REPRESENTATION('',(#11,#3766),#4556);
#3766 = MANIFOLD_SOLID_BREP('',#3767);
#3767 = CLOSED_SHELL('',(#3768,#3808,#3891,#3916,#3941,#4008,#4025,#4042
    ,#4091,#4108,#4125,#4174,#4191,#4260,#4291,#4315,#4384,#4408,#4425,
    #4442,#4459,#4476,#4493,#4510,#4527,#4544));
#3768 = ADVANCED_FACE('',(#3769),#3803,.F.);
#3769 = FACE_BOUND('',#3770,.F.);
#3770 = EDGE_LOOP('',(#3771,#3781,#3789,#3797));
#3771 = ORIENTED_EDGE('',*,*,#3772,.F.);
#3772 = EDGE_CURVE('',#3773,#3775,#3777,.T.);
#3773 = VERTEX_POINT('',#3774);
#3774 = CARTESIAN_POINT('',(-0.5,-0.25,3.5E-02));
#3775 = VERTEX_POINT('',#3776);
#3776 = CARTESIAN_POINT('',(-0.5,-0.25,0.315));
#3777 = LINE('',#3778,#3779);
#3778 = CARTESIAN_POINT('',(-0.5,-0.25,0.));
#3779 = VECTOR('',#3780,1.);
#3780 = DIRECTION('',(0.,0.,1.));
#3781 = ORIENTED_EDGE('',*,*,#3782,.T.);
#3782 = EDGE_CURVE('',#3773,#3783,#3785,.T.);
#3783 = VERTEX_POINT('',#3784);
#3784 = CARTESIAN_POINT('',(-0.5,0.25,3.5E-02));
#3785 = LINE('',#3786,#3787);
#3786 = CARTESIAN_POINT('',(-0.5,-0.25,3.5E-02));
#3787 = VECTOR('',#3788,1.);
#3788 = DIRECTION('',(0.,1.,0.));
#3789 = ORIENTED_EDGE('',*,*,#3790,.T.);
#3790 = EDGE_CURVE('',#3783,#3791,#3793,.T.);
#3791 = VERTEX_POINT('',#3792);
#3792 = CARTESIAN_POINT('',(-0.5,0.25,0.315));
#3793 = LINE('',#3794,#3795);
#3794 = CARTESIAN_POINT('',(-0.5,0.25,0.));
#3795 = VECTOR('',#3796,1.);
#3796 = DIRECTION('',(0.,0.,1.));
#3797 = ORIENTED_EDGE('',*,*,#3798,.F.);
#3798 = EDGE_CURVE('',#3775,#3791,#3799,.T.);
#3799 = LINE('',#3800,#3801);
#3800 = CARTESIAN_POINT('',(-0.5,-0.25,0.315));
#3801 = VECTOR('',#3802,1.);
#3802 = DIRECTION('',(0.,1.,0.));
#3803 = PLANE('',#3804);
#3804 = AXIS2_PLACEMENT_3D('',#3805,#3806,#3807);
#3805 = CARTESIAN_POINT('',(-0.5,-0.25,0.));
#3806 = DIRECTION('',(1.,0.,0.));
#3807 = DIRECTION('',(0.,0.,1.));
#3808 = ADVANCED_FACE('',(#3809),#3886,.F.);
#3809 = FACE_BOUND('',#3810,.F.);
#3810 = EDGE_LOOP('',(#3811,#3821,#3828,#3829,#3838,#3846,#3855,#3863,
    #3871,#3879));
#3811 = ORIENTED_EDGE('',*,*,#3812,.F.);
#3812 = EDGE_CURVE('',#3813,#3815,#3817,.T.);
#3813 = VERTEX_POINT('',#3814);
#3814 = CARTESIAN_POINT('',(-0.465,-0.25,-2.775557561563E-17));
#3815 = VERTEX_POINT('',#3816);
#3816 = CARTESIAN_POINT('',(-0.335,-0.25,-2.775557561563E-17));
#3817 = LINE('',#3818,#3819);
#3818 = CARTESIAN_POINT('',(-0.5,-0.25,0.));
#3819 = VECTOR('',#3820,1.);
#3820 = DIRECTION('',(1.,0.,0.));
#3821 = ORIENTED_EDGE('',*,*,#3822,.F.);
#3822 = EDGE_CURVE('',#3773,#3813,#3823,.T.);
#3823 = CIRCLE('',#3824,3.5E-02);
#3824 = AXIS2_PLACEMENT_3D('',#3825,#3826,#3827);
#3825 = CARTESIAN_POINT('',(-0.465,-0.25,3.5E-02));
#3826 = DIRECTION('',(0.,-1.,0.));
#3827 = DIRECTION('',(0.,0.,1.));
#3828 = ORIENTED_EDGE('',*,*,#3772,.T.);
#3829 = ORIENTED_EDGE('',*,*,#3830,.T.);
#3830 = EDGE_CURVE('',#3775,#3831,#3833,.T.);
#3831 = VERTEX_POINT('',#3832);
#3832 = CARTESIAN_POINT('',(-0.465,-0.25,0.35));
#3833 = CIRCLE('',#3834,3.5E-02);
#3834 = AXIS2_PLACEMENT_3D('',#3835,#3836,#3837);
#3835 = CARTESIAN_POINT('',(-0.465,-0.25,0.315));
#3836 = DIRECTION('',(0.,1.,0.));
#3837 = DIRECTION('',(0.,-0.,1.));
#3838 = ORIENTED_EDGE('',*,*,#3839,.T.);
#3839 = EDGE_CURVE('',#3831,#3840,#3842,.T.);
#3840 = VERTEX_POINT('',#3841);
#3841 = CARTESIAN_POINT('',(-0.335,-0.25,0.35));
#3842 = LINE('',#3843,#3844);
#3843 = CARTESIAN_POINT('',(-0.5,-0.25,0.35));
#3844 = VECTOR('',#3845,1.);
#3845 = DIRECTION('',(1.,0.,0.));
#3846 = ORIENTED_EDGE('',*,*,#3847,.F.);
#3847 = EDGE_CURVE('',#3848,#3840,#3850,.T.);
#3848 = VERTEX_POINT('',#3849);
#3849 = CARTESIAN_POINT('',(-0.3,-0.25,0.315));
#3850 = CIRCLE('',#3851,3.5E-02);
#3851 = AXIS2_PLACEMENT_3D('',#3852,#3853,#3854);
#3852 = CARTESIAN_POINT('',(-0.335,-0.25,0.315));
#3853 = DIRECTION('',(0.,-1.,0.));
#3854 = DIRECTION('',(0.,0.,1.));
#3855 = ORIENTED_EDGE('',*,*,#3856,.F.);
#3856 = EDGE_CURVE('',#3857,#3848,#3859,.T.);
#3857 = VERTEX_POINT('',#3858);
#3858 = CARTESIAN_POINT('',(-0.465,-0.25,0.315));
#3859 = LINE('',#3860,#3861);
#3860 = CARTESIAN_POINT('',(-0.465,-0.25,0.315));
#3861 = VECTOR('',#3862,1.);
#3862 = DIRECTION('',(1.,0.,0.));
#3863 = ORIENTED_EDGE('',*,*,#3864,.F.);
#3864 = EDGE_CURVE('',#3865,#3857,#3867,.T.);
#3865 = VERTEX_POINT('',#3866);
#3866 = CARTESIAN_POINT('',(-0.465,-0.25,3.5E-02));
#3867 = LINE('',#3868,#3869);
#3868 = CARTESIAN_POINT('',(-0.465,-0.25,3.5E-02));
#3869 = VECTOR('',#3870,1.);
#3870 = DIRECTION('',(0.,0.,1.));
#3871 = ORIENTED_EDGE('',*,*,#3872,.T.);
#3872 = EDGE_CURVE('',#3865,#3873,#3875,.T.);
#3873 = VERTEX_POINT('',#3874);
#3874 = CARTESIAN_POINT('',(-0.3,-0.25,3.5E-02));
#3875 = LINE('',#3876,#3877);
#3876 = CARTESIAN_POINT('',(-0.465,-0.25,3.5E-02));
#3877 = VECTOR('',#3878,1.);
#3878 = DIRECTION('',(1.,0.,0.));
#3879 = ORIENTED_EDGE('',*,*,#3880,.T.);
#3880 = EDGE_CURVE('',#3873,#3815,#3881,.T.);
#3881 = CIRCLE('',#3882,3.5E-02);
#3882 = AXIS2_PLACEMENT_3D('',#3883,#3884,#3885);
#3883 = CARTESIAN_POINT('',(-0.335,-0.25,3.5E-02));
#3884 = DIRECTION('',(0.,1.,0.));
#3885 = DIRECTION('',(0.,-0.,1.));
#3886 = PLANE('',#3887);
#3887 = AXIS2_PLACEMENT_3D('',#3888,#3889,#3890);
#3888 = CARTESIAN_POINT('',(-0.5,-0.25,0.));
#3889 = DIRECTION('',(0.,1.,0.));
#3890 = DIRECTION('',(0.,-0.,1.));
#3891 = ADVANCED_FACE('',(#3892),#3911,.T.);
#3892 = FACE_BOUND('',#3893,.T.);
#3893 = EDGE_LOOP('',(#3894,#3895,#3904,#3910));
#3894 = ORIENTED_EDGE('',*,*,#3782,.T.);
#3895 = ORIENTED_EDGE('',*,*,#3896,.T.);
#3896 = EDGE_CURVE('',#3783,#3897,#3899,.T.);
#3897 = VERTEX_POINT('',#3898);
#3898 = CARTESIAN_POINT('',(-0.465,0.25,-2.775557561563E-17));
#3899 = CIRCLE('',#3900,3.5E-02);
#3900 = AXIS2_PLACEMENT_3D('',#3901,#3902,#3903);
#3901 = CARTESIAN_POINT('',(-0.465,0.25,3.5E-02));
#3902 = DIRECTION('',(0.,-1.,0.));
#3903 = DIRECTION('',(0.,0.,1.));
#3904 = ORIENTED_EDGE('',*,*,#3905,.F.);
#3905 = EDGE_CURVE('',#3813,#3897,#3906,.T.);
#3906 = LINE('',#3907,#3908);
#3907 = CARTESIAN_POINT('',(-0.465,-0.25,-2.775557561563E-17));
#3908 = VECTOR('',#3909,1.);
#3909 = DIRECTION('',(0.,1.,0.));
#3910 = ORIENTED_EDGE('',*,*,#3822,.F.);
#3911 = CYLINDRICAL_SURFACE('',#3912,3.5E-02);
#3912 = AXIS2_PLACEMENT_3D('',#3913,#3914,#3915);
#3913 = CARTESIAN_POINT('',(-0.465,-0.25,3.5E-02));
#3914 = DIRECTION('',(0.,1.,0.));
#3915 = DIRECTION('',(-1.,0.,0.));
#3916 = ADVANCED_FACE('',(#3917),#3936,.T.);
#3917 = FACE_BOUND('',#3918,.T.);
#3918 = EDGE_LOOP('',(#3919,#3920,#3928,#3935));
#3919 = ORIENTED_EDGE('',*,*,#3830,.T.);
#3920 = ORIENTED_EDGE('',*,*,#3921,.T.);
#3921 = EDGE_CURVE('',#3831,#3922,#3924,.T.);
#3922 = VERTEX_POINT('',#3923);
#3923 = CARTESIAN_POINT('',(-0.465,0.25,0.35));
#3924 = LINE('',#3925,#3926);
#3925 = CARTESIAN_POINT('',(-0.465,-0.25,0.35));
#3926 = VECTOR('',#3927,1.);
#3927 = DIRECTION('',(0.,1.,0.));
#3928 = ORIENTED_EDGE('',*,*,#3929,.F.);
#3929 = EDGE_CURVE('',#3791,#3922,#3930,.T.);
#3930 = CIRCLE('',#3931,3.5E-02);
#3931 = AXIS2_PLACEMENT_3D('',#3932,#3933,#3934);
#3932 = CARTESIAN_POINT('',(-0.465,0.25,0.315));
#3933 = DIRECTION('',(0.,1.,0.));
#3934 = DIRECTION('',(0.,-0.,1.));
#3935 = ORIENTED_EDGE('',*,*,#3798,.F.);
#3936 = CYLINDRICAL_SURFACE('',#3937,3.5E-02);
#3937 = AXIS2_PLACEMENT_3D('',#3938,#3939,#3940);
#3938 = CARTESIAN_POINT('',(-0.465,-0.25,0.315));
#3939 = DIRECTION('',(0.,1.,0.));
#3940 = DIRECTION('',(-1.,0.,0.));
#3941 = ADVANCED_FACE('',(#3942),#4003,.T.);
#3942 = FACE_BOUND('',#3943,.T.);
#3943 = EDGE_LOOP('',(#3944,#3952,#3953,#3954,#3955,#3963,#3972,#3980,
    #3988,#3996));
#3944 = ORIENTED_EDGE('',*,*,#3945,.F.);
#3945 = EDGE_CURVE('',#3897,#3946,#3948,.T.);
#3946 = VERTEX_POINT('',#3947);
#3947 = CARTESIAN_POINT('',(-0.335,0.25,-2.775557561563E-17));
#3948 = LINE('',#3949,#3950);
#3949 = CARTESIAN_POINT('',(-0.5,0.25,0.));
#3950 = VECTOR('',#3951,1.);
#3951 = DIRECTION('',(1.,0.,0.));
#3952 = ORIENTED_EDGE('',*,*,#3896,.F.);
#3953 = ORIENTED_EDGE('',*,*,#3790,.T.);
#3954 = ORIENTED_EDGE('',*,*,#3929,.T.);
#3955 = ORIENTED_EDGE('',*,*,#3956,.T.);
#3956 = EDGE_CURVE('',#3922,#3957,#3959,.T.);
#3957 = VERTEX_POINT('',#3958);
#3958 = CARTESIAN_POINT('',(-0.335,0.25,0.35));
#3959 = LINE('',#3960,#3961);
#3960 = CARTESIAN_POINT('',(-0.5,0.25,0.35));
#3961 = VECTOR('',#3962,1.);
#3962 = DIRECTION('',(1.,0.,0.));
#3963 = ORIENTED_EDGE('',*,*,#3964,.F.);
#3964 = EDGE_CURVE('',#3965,#3957,#3967,.T.);
#3965 = VERTEX_POINT('',#3966);
#3966 = CARTESIAN_POINT('',(-0.3,0.25,0.315));
#3967 = CIRCLE('',#3968,3.5E-02);
#3968 = AXIS2_PLACEMENT_3D('',#3969,#3970,#3971);
#3969 = CARTESIAN_POINT('',(-0.335,0.25,0.315));
#3970 = DIRECTION('',(0.,-1.,0.));
#3971 = DIRECTION('',(0.,0.,1.));
#3972 = ORIENTED_EDGE('',*,*,#3973,.F.);
#3973 = EDGE_CURVE('',#3974,#3965,#3976,.T.);
#3974 = VERTEX_POINT('',#3975);
#3975 = CARTESIAN_POINT('',(-0.465,0.25,0.315));
#3976 = LINE('',#3977,#3978);
#3977 = CARTESIAN_POINT('',(-0.465,0.25,0.315));
#3978 = VECTOR('',#3979,1.);
#3979 = DIRECTION('',(1.,0.,0.));
#3980 = ORIENTED_EDGE('',*,*,#3981,.F.);
#3981 = EDGE_CURVE('',#3982,#3974,#3984,.T.);
#3982 = VERTEX_POINT('',#3983);
#3983 = CARTESIAN_POINT('',(-0.465,0.25,3.5E-02));
#3984 = LINE('',#3985,#3986);
#3985 = CARTESIAN_POINT('',(-0.465,0.25,3.5E-02));
#3986 = VECTOR('',#3987,1.);
#3987 = DIRECTION('',(0.,0.,1.));
#3988 = ORIENTED_EDGE('',*,*,#3989,.T.);
#3989 = EDGE_CURVE('',#3982,#3990,#3992,.T.);
#3990 = VERTEX_POINT('',#3991);
#3991 = CARTESIAN_POINT('',(-0.3,0.25,3.5E-02));
#3992 = LINE('',#3993,#3994);
#3993 = CARTESIAN_POINT('',(-0.465,0.25,3.5E-02));
#3994 = VECTOR('',#3995,1.);
#3995 = DIRECTION('',(1.,0.,0.));
#3996 = ORIENTED_EDGE('',*,*,#3997,.T.);
#3997 = EDGE_CURVE('',#3990,#3946,#3998,.T.);
#3998 = CIRCLE('',#3999,3.5E-02);
#3999 = AXIS2_PLACEMENT_3D('',#4000,#4001,#4002);
#4000 = CARTESIAN_POINT('',(-0.335,0.25,3.5E-02));
#4001 = DIRECTION('',(0.,1.,0.));
#4002 = DIRECTION('',(0.,-0.,1.));
#4003 = PLANE('',#4004);
#4004 = AXIS2_PLACEMENT_3D('',#4005,#4006,#4007);
#4005 = CARTESIAN_POINT('',(-0.5,0.25,0.));
#4006 = DIRECTION('',(0.,1.,0.));
#4007 = DIRECTION('',(0.,-0.,1.));
#4008 = ADVANCED_FACE('',(#4009),#4020,.F.);
#4009 = FACE_BOUND('',#4010,.F.);
#4010 = EDGE_LOOP('',(#4011,#4012,#4013,#4014));
#4011 = ORIENTED_EDGE('',*,*,#3945,.F.);
#4012 = ORIENTED_EDGE('',*,*,#3905,.F.);
#4013 = ORIENTED_EDGE('',*,*,#3812,.T.);
#4014 = ORIENTED_EDGE('',*,*,#4015,.T.);
#4015 = EDGE_CURVE('',#3815,#3946,#4016,.T.);
#4016 = LINE('',#4017,#4018);
#4017 = CARTESIAN_POINT('',(-0.335,-0.25,-2.775557561563E-17));
#4018 = VECTOR('',#4019,1.);
#4019 = DIRECTION('',(0.,1.,0.));
#4020 = PLANE('',#4021);
#4021 = AXIS2_PLACEMENT_3D('',#4022,#4023,#4024);
#4022 = CARTESIAN_POINT('',(-0.5,-0.25,0.));
#4023 = DIRECTION('',(0.,0.,1.));
#4024 = DIRECTION('',(1.,0.,-0.));
#4025 = ADVANCED_FACE('',(#4026),#4037,.T.);
#4026 = FACE_BOUND('',#4027,.T.);
#4027 = EDGE_LOOP('',(#4028,#4029,#4030,#4031));
#4028 = ORIENTED_EDGE('',*,*,#3880,.T.);
#4029 = ORIENTED_EDGE('',*,*,#4015,.T.);
#4030 = ORIENTED_EDGE('',*,*,#3997,.F.);
#4031 = ORIENTED_EDGE('',*,*,#4032,.F.);
#4032 = EDGE_CURVE('',#3873,#3990,#4033,.T.);
#4033 = LINE('',#4034,#4035);
#4034 = CARTESIAN_POINT('',(-0.3,-0.25,3.5E-02));
#4035 = VECTOR('',#4036,1.);
#4036 = DIRECTION('',(0.,1.,0.));
#4037 = CYLINDRICAL_SURFACE('',#4038,3.5E-02);
#4038 = AXIS2_PLACEMENT_3D('',#4039,#4040,#4041);
#4039 = CARTESIAN_POINT('',(-0.335,-0.25,3.5E-02));
#4040 = DIRECTION('',(0.,1.,0.));
#4041 = DIRECTION('',(1.,0.,0.));
#4042 = ADVANCED_FACE('',(#4043),#4086,.F.);
#4043 = FACE_BOUND('',#4044,.F.);
#4044 = EDGE_LOOP('',(#4045,#4046,#4047,#4048,#4056,#4064,#4072,#4080));
#4045 = ORIENTED_EDGE('',*,*,#3872,.F.);
#4046 = ORIENTED_EDGE('',*,*,#3864,.T.);
#4047 = ORIENTED_EDGE('',*,*,#3856,.T.);
#4048 = ORIENTED_EDGE('',*,*,#4049,.T.);
#4049 = EDGE_CURVE('',#3848,#4050,#4052,.T.);
#4050 = VERTEX_POINT('',#4051);
#4051 = CARTESIAN_POINT('',(0.3,-0.25,0.315));
#4052 = LINE('',#4053,#4054);
#4053 = CARTESIAN_POINT('',(-0.3,-0.25,0.315));
#4054 = VECTOR('',#4055,1.);
#4055 = DIRECTION('',(1.,0.,0.));
#4056 = ORIENTED_EDGE('',*,*,#4057,.T.);
#4057 = EDGE_CURVE('',#4050,#4058,#4060,.T.);
#4058 = VERTEX_POINT('',#4059);
#4059 = CARTESIAN_POINT('',(0.465,-0.25,0.315));
#4060 = LINE('',#4061,#4062);
#4061 = CARTESIAN_POINT('',(-0.465,-0.25,0.315));
#4062 = VECTOR('',#4063,1.);
#4063 = DIRECTION('',(1.,0.,0.));
#4064 = ORIENTED_EDGE('',*,*,#4065,.F.);
#4065 = EDGE_CURVE('',#4066,#4058,#4068,.T.);
#4066 = VERTEX_POINT('',#4067);
#4067 = CARTESIAN_POINT('',(0.465,-0.25,3.5E-02));
#4068 = LINE('',#4069,#4070);
#4069 = CARTESIAN_POINT('',(0.465,-0.25,3.5E-02));
#4070 = VECTOR('',#4071,1.);
#4071 = DIRECTION('',(0.,0.,1.));
#4072 = ORIENTED_EDGE('',*,*,#4073,.F.);
#4073 = EDGE_CURVE('',#4074,#4066,#4076,.T.);
#4074 = VERTEX_POINT('',#4075);
#4075 = CARTESIAN_POINT('',(0.3,-0.25,3.5E-02));
#4076 = LINE('',#4077,#4078);
#4077 = CARTESIAN_POINT('',(-0.465,-0.25,3.5E-02));
#4078 = VECTOR('',#4079,1.);
#4079 = DIRECTION('',(1.,0.,0.));
#4080 = ORIENTED_EDGE('',*,*,#4081,.F.);
#4081 = EDGE_CURVE('',#3873,#4074,#4082,.T.);
#4082 = LINE('',#4083,#4084);
#4083 = CARTESIAN_POINT('',(-0.465,-0.25,3.5E-02));
#4084 = VECTOR('',#4085,1.);
#4085 = DIRECTION('',(1.,0.,0.));
#4086 = PLANE('',#4087);
#4087 = AXIS2_PLACEMENT_3D('',#4088,#4089,#4090);
#4088 = CARTESIAN_POINT('',(-0.465,-0.25,3.5E-02));
#4089 = DIRECTION('',(0.,1.,0.));
#4090 = DIRECTION('',(0.,-0.,1.));
#4091 = ADVANCED_FACE('',(#4092),#4103,.T.);
#4092 = FACE_BOUND('',#4093,.T.);
#4093 = EDGE_LOOP('',(#4094,#4095,#4096,#4097));
#4094 = ORIENTED_EDGE('',*,*,#3956,.F.);
#4095 = ORIENTED_EDGE('',*,*,#3921,.F.);
#4096 = ORIENTED_EDGE('',*,*,#3839,.T.);
#4097 = ORIENTED_EDGE('',*,*,#4098,.T.);
#4098 = EDGE_CURVE('',#3840,#3957,#4099,.T.);
#4099 = LINE('',#4100,#4101);
#4100 = CARTESIAN_POINT('',(-0.335,-0.25,0.35));
#4101 = VECTOR('',#4102,1.);
#4102 = DIRECTION('',(0.,1.,0.));
#4103 = PLANE('',#4104);
#4104 = AXIS2_PLACEMENT_3D('',#4105,#4106,#4107);
#4105 = CARTESIAN_POINT('',(-0.5,-0.25,0.35));
#4106 = DIRECTION('',(0.,0.,1.));
#4107 = DIRECTION('',(1.,0.,-0.));
#4108 = ADVANCED_FACE('',(#4109),#4120,.T.);
#4109 = FACE_BOUND('',#4110,.T.);
#4110 = EDGE_LOOP('',(#4111,#4117,#4118,#4119));
#4111 = ORIENTED_EDGE('',*,*,#4112,.T.);
#4112 = EDGE_CURVE('',#3848,#3965,#4113,.T.);
#4113 = LINE('',#4114,#4115);
#4114 = CARTESIAN_POINT('',(-0.3,-0.25,0.315));
#4115 = VECTOR('',#4116,1.);
#4116 = DIRECTION('',(0.,1.,0.));
#4117 = ORIENTED_EDGE('',*,*,#3964,.T.);
#4118 = ORIENTED_EDGE('',*,*,#4098,.F.);
#4119 = ORIENTED_EDGE('',*,*,#3847,.F.);
#4120 = CYLINDRICAL_SURFACE('',#4121,3.5E-02);
#4121 = AXIS2_PLACEMENT_3D('',#4122,#4123,#4124);
#4122 = CARTESIAN_POINT('',(-0.335,-0.25,0.315));
#4123 = DIRECTION('',(0.,1.,0.));
#4124 = DIRECTION('',(1.,0.,0.));
#4125 = ADVANCED_FACE('',(#4126),#4169,.T.);
#4126 = FACE_BOUND('',#4127,.T.);
#4127 = EDGE_LOOP('',(#4128,#4129,#4130,#4131,#4139,#4147,#4155,#4163));
#4128 = ORIENTED_EDGE('',*,*,#3989,.F.);
#4129 = ORIENTED_EDGE('',*,*,#3981,.T.);
#4130 = ORIENTED_EDGE('',*,*,#3973,.T.);
#4131 = ORIENTED_EDGE('',*,*,#4132,.T.);
#4132 = EDGE_CURVE('',#3965,#4133,#4135,.T.);
#4133 = VERTEX_POINT('',#4134);
#4134 = CARTESIAN_POINT('',(0.3,0.25,0.315));
#4135 = LINE('',#4136,#4137);
#4136 = CARTESIAN_POINT('',(-0.3,0.25,0.315));
#4137 = VECTOR('',#4138,1.);
#4138 = DIRECTION('',(1.,0.,0.));
#4139 = ORIENTED_EDGE('',*,*,#4140,.T.);
#4140 = EDGE_CURVE('',#4133,#4141,#4143,.T.);
#4141 = VERTEX_POINT('',#4142);
#4142 = CARTESIAN_POINT('',(0.465,0.25,0.315));
#4143 = LINE('',#4144,#4145);
#4144 = CARTESIAN_POINT('',(-0.465,0.25,0.315));
#4145 = VECTOR('',#4146,1.);
#4146 = DIRECTION('',(1.,0.,0.));
#4147 = ORIENTED_EDGE('',*,*,#4148,.F.);
#4148 = EDGE_CURVE('',#4149,#4141,#4151,.T.);
#4149 = VERTEX_POINT('',#4150);
#4150 = CARTESIAN_POINT('',(0.465,0.25,3.5E-02));
#4151 = LINE('',#4152,#4153);
#4152 = CARTESIAN_POINT('',(0.465,0.25,3.5E-02));
#4153 = VECTOR('',#4154,1.);
#4154 = DIRECTION('',(0.,0.,1.));
#4155 = ORIENTED_EDGE('',*,*,#4156,.F.);
#4156 = EDGE_CURVE('',#4157,#4149,#4159,.T.);
#4157 = VERTEX_POINT('',#4158);
#4158 = CARTESIAN_POINT('',(0.3,0.25,3.5E-02));
#4159 = LINE('',#4160,#4161);
#4160 = CARTESIAN_POINT('',(-0.465,0.25,3.5E-02));
#4161 = VECTOR('',#4162,1.);
#4162 = DIRECTION('',(1.,0.,0.));
#4163 = ORIENTED_EDGE('',*,*,#4164,.F.);
#4164 = EDGE_CURVE('',#3990,#4157,#4165,.T.);
#4165 = LINE('',#4166,#4167);
#4166 = CARTESIAN_POINT('',(-0.465,0.25,3.5E-02));
#4167 = VECTOR('',#4168,1.);
#4168 = DIRECTION('',(1.,0.,0.));
#4169 = PLANE('',#4170);
#4170 = AXIS2_PLACEMENT_3D('',#4171,#4172,#4173);
#4171 = CARTESIAN_POINT('',(-0.465,0.25,3.5E-02));
#4172 = DIRECTION('',(0.,1.,0.));
#4173 = DIRECTION('',(0.,-0.,1.));
#4174 = ADVANCED_FACE('',(#4175),#4186,.F.);
#4175 = FACE_BOUND('',#4176,.F.);
#4176 = EDGE_LOOP('',(#4177,#4178,#4179,#4185));
#4177 = ORIENTED_EDGE('',*,*,#4032,.F.);
#4178 = ORIENTED_EDGE('',*,*,#4081,.T.);
#4179 = ORIENTED_EDGE('',*,*,#4180,.T.);
#4180 = EDGE_CURVE('',#4074,#4157,#4181,.T.);
#4181 = LINE('',#4182,#4183);
#4182 = CARTESIAN_POINT('',(0.3,-0.25,3.5E-02));
#4183 = VECTOR('',#4184,1.);
#4184 = DIRECTION('',(0.,1.,0.));
#4185 = ORIENTED_EDGE('',*,*,#4164,.F.);
#4186 = PLANE('',#4187);
#4187 = AXIS2_PLACEMENT_3D('',#4188,#4189,#4190);
#4188 = CARTESIAN_POINT('',(-0.465,-0.25,3.5E-02));
#4189 = DIRECTION('',(0.,0.,1.));
#4190 = DIRECTION('',(1.,0.,-0.));
#4191 = ADVANCED_FACE('',(#4192),#4255,.F.);
#4192 = FACE_BOUND('',#4193,.F.);
#4193 = EDGE_LOOP('',(#4194,#4204,#4211,#4212,#4213,#4214,#4223,#4231,
    #4240,#4248));
#4194 = ORIENTED_EDGE('',*,*,#4195,.F.);
#4195 = EDGE_CURVE('',#4196,#4198,#4200,.T.);
#4196 = VERTEX_POINT('',#4197);
#4197 = CARTESIAN_POINT('',(0.335,-0.25,-2.775557561563E-17));
#4198 = VERTEX_POINT('',#4199);
#4199 = CARTESIAN_POINT('',(0.465,-0.25,-2.775557561563E-17));
#4200 = LINE('',#4201,#4202);
#4201 = CARTESIAN_POINT('',(0.3,-0.25,0.));
#4202 = VECTOR('',#4203,1.);
#4203 = DIRECTION('',(1.,0.,0.));
#4204 = ORIENTED_EDGE('',*,*,#4205,.F.);
#4205 = EDGE_CURVE('',#4074,#4196,#4206,.T.);
#4206 = CIRCLE('',#4207,3.5E-02);
#4207 = AXIS2_PLACEMENT_3D('',#4208,#4209,#4210);
#4208 = CARTESIAN_POINT('',(0.335,-0.25,3.5E-02));
#4209 = DIRECTION('',(0.,-1.,0.));
#4210 = DIRECTION('',(0.,0.,1.));
#4211 = ORIENTED_EDGE('',*,*,#4073,.T.);
#4212 = ORIENTED_EDGE('',*,*,#4065,.T.);
#4213 = ORIENTED_EDGE('',*,*,#4057,.F.);
#4214 = ORIENTED_EDGE('',*,*,#4215,.T.);
#4215 = EDGE_CURVE('',#4050,#4216,#4218,.T.);
#4216 = VERTEX_POINT('',#4217);
#4217 = CARTESIAN_POINT('',(0.335,-0.25,0.35));
#4218 = CIRCLE('',#4219,3.5E-02);
#4219 = AXIS2_PLACEMENT_3D('',#4220,#4221,#4222);
#4220 = CARTESIAN_POINT('',(0.335,-0.25,0.315));
#4221 = DIRECTION('',(0.,1.,0.));
#4222 = DIRECTION('',(0.,-0.,1.));
#4223 = ORIENTED_EDGE('',*,*,#4224,.T.);
#4224 = EDGE_CURVE('',#4216,#4225,#4227,.T.);
#4225 = VERTEX_POINT('',#4226);
#4226 = CARTESIAN_POINT('',(0.465,-0.25,0.35));
#4227 = LINE('',#4228,#4229);
#4228 = CARTESIAN_POINT('',(0.3,-0.25,0.35));
#4229 = VECTOR('',#4230,1.);
#4230 = DIRECTION('',(1.,0.,0.));
#4231 = ORIENTED_EDGE('',*,*,#4232,.F.);
#4232 = EDGE_CURVE('',#4233,#4225,#4235,.T.);
#4233 = VERTEX_POINT('',#4234);
#4234 = CARTESIAN_POINT('',(0.5,-0.25,0.315));
#4235 = CIRCLE('',#4236,3.5E-02);
#4236 = AXIS2_PLACEMENT_3D('',#4237,#4238,#4239);
#4237 = CARTESIAN_POINT('',(0.465,-0.25,0.315));
#4238 = DIRECTION('',(0.,-1.,0.));
#4239 = DIRECTION('',(0.,0.,1.));
#4240 = ORIENTED_EDGE('',*,*,#4241,.F.);
#4241 = EDGE_CURVE('',#4242,#4233,#4244,.T.);
#4242 = VERTEX_POINT('',#4243);
#4243 = CARTESIAN_POINT('',(0.5,-0.25,3.5E-02));
#4244 = LINE('',#4245,#4246);
#4245 = CARTESIAN_POINT('',(0.5,-0.25,0.));
#4246 = VECTOR('',#4247,1.);
#4247 = DIRECTION('',(0.,0.,1.));
#4248 = ORIENTED_EDGE('',*,*,#4249,.T.);
#4249 = EDGE_CURVE('',#4242,#4198,#4250,.T.);
#4250 = CIRCLE('',#4251,3.5E-02);
#4251 = AXIS2_PLACEMENT_3D('',#4252,#4253,#4254);
#4252 = CARTESIAN_POINT('',(0.465,-0.25,3.5E-02));
#4253 = DIRECTION('',(0.,1.,0.));
#4254 = DIRECTION('',(0.,-0.,1.));
#4255 = PLANE('',#4256);
#4256 = AXIS2_PLACEMENT_3D('',#4257,#4258,#4259);
#4257 = CARTESIAN_POINT('',(0.3,-0.25,0.));
#4258 = DIRECTION('',(0.,1.,0.));
#4259 = DIRECTION('',(0.,-0.,1.));
#4260 = ADVANCED_FACE('',(#4261),#4286,.F.);
#4261 = FACE_BOUND('',#4262,.F.);
#4262 = EDGE_LOOP('',(#4263,#4264,#4272,#4280));
#4263 = ORIENTED_EDGE('',*,*,#4049,.F.);
#4264 = ORIENTED_EDGE('',*,*,#4265,.T.);
#4265 = EDGE_CURVE('',#3848,#4266,#4268,.T.);
#4266 = VERTEX_POINT('',#4267);
#4267 = CARTESIAN_POINT('',(-0.3,-0.25,0.35));
#4268 = LINE('',#4269,#4270);
#4269 = CARTESIAN_POINT('',(-0.3,-0.25,0.315));
#4270 = VECTOR('',#4271,1.);
#4271 = DIRECTION('',(0.,0.,1.));
#4272 = ORIENTED_EDGE('',*,*,#4273,.T.);
#4273 = EDGE_CURVE('',#4266,#4274,#4276,.T.);
#4274 = VERTEX_POINT('',#4275);
#4275 = CARTESIAN_POINT('',(0.3,-0.25,0.35));
#4276 = LINE('',#4277,#4278);
#4277 = CARTESIAN_POINT('',(-0.3,-0.25,0.35));
#4278 = VECTOR('',#4279,1.);
#4279 = DIRECTION('',(1.,0.,0.));
#4280 = ORIENTED_EDGE('',*,*,#4281,.F.);
#4281 = EDGE_CURVE('',#4050,#4274,#4282,.T.);
#4282 = LINE('',#4283,#4284);
#4283 = CARTESIAN_POINT('',(0.3,-0.25,0.315));
#4284 = VECTOR('',#4285,1.);
#4285 = DIRECTION('',(0.,0.,1.));
#4286 = PLANE('',#4287);
#4287 = AXIS2_PLACEMENT_3D('',#4288,#4289,#4290);
#4288 = CARTESIAN_POINT('',(-0.3,-0.25,0.315));
#4289 = DIRECTION('',(0.,1.,0.));
#4290 = DIRECTION('',(0.,-0.,1.));
#4291 = ADVANCED_FACE('',(#4292),#4310,.F.);
#4292 = FACE_BOUND('',#4293,.F.);
#4293 = EDGE_LOOP('',(#4294,#4295,#4296,#4304));
#4294 = ORIENTED_EDGE('',*,*,#4265,.F.);
#4295 = ORIENTED_EDGE('',*,*,#4112,.T.);
#4296 = ORIENTED_EDGE('',*,*,#4297,.T.);
#4297 = EDGE_CURVE('',#3965,#4298,#4300,.T.);
#4298 = VERTEX_POINT('',#4299);
#4299 = CARTESIAN_POINT('',(-0.3,0.25,0.35));
#4300 = LINE('',#4301,#4302);
#4301 = CARTESIAN_POINT('',(-0.3,0.25,0.315));
#4302 = VECTOR('',#4303,1.);
#4303 = DIRECTION('',(0.,0.,1.));
#4304 = ORIENTED_EDGE('',*,*,#4305,.F.);
#4305 = EDGE_CURVE('',#4266,#4298,#4306,.T.);
#4306 = LINE('',#4307,#4308);
#4307 = CARTESIAN_POINT('',(-0.3,-0.25,0.35));
#4308 = VECTOR('',#4309,1.);
#4309 = DIRECTION('',(0.,1.,0.));
#4310 = PLANE('',#4311);
#4311 = AXIS2_PLACEMENT_3D('',#4312,#4313,#4314);
#4312 = CARTESIAN_POINT('',(-0.3,-0.25,0.315));
#4313 = DIRECTION('',(1.,0.,0.));
#4314 = DIRECTION('',(0.,0.,1.));
#4315 = ADVANCED_FACE('',(#4316),#4379,.T.);
#4316 = FACE_BOUND('',#4317,.T.);
#4317 = EDGE_LOOP('',(#4318,#4328,#4335,#4336,#4337,#4338,#4347,#4355,
    #4364,#4372));
#4318 = ORIENTED_EDGE('',*,*,#4319,.F.);
#4319 = EDGE_CURVE('',#4320,#4322,#4324,.T.);
#4320 = VERTEX_POINT('',#4321);
#4321 = CARTESIAN_POINT('',(0.335,0.25,-2.775557561563E-17));
#4322 = VERTEX_POINT('',#4323);
#4323 = CARTESIAN_POINT('',(0.465,0.25,-2.775557561563E-17));
#4324 = LINE('',#4325,#4326);
#4325 = CARTESIAN_POINT('',(0.3,0.25,0.));
#4326 = VECTOR('',#4327,1.);
#4327 = DIRECTION('',(1.,0.,0.));
#4328 = ORIENTED_EDGE('',*,*,#4329,.F.);
#4329 = EDGE_CURVE('',#4157,#4320,#4330,.T.);
#4330 = CIRCLE('',#4331,3.5E-02);
#4331 = AXIS2_PLACEMENT_3D('',#4332,#4333,#4334);
#4332 = CARTESIAN_POINT('',(0.335,0.25,3.5E-02));
#4333 = DIRECTION('',(0.,-1.,0.));
#4334 = DIRECTION('',(0.,0.,1.));
#4335 = ORIENTED_EDGE('',*,*,#4156,.T.);
#4336 = ORIENTED_EDGE('',*,*,#4148,.T.);
#4337 = ORIENTED_EDGE('',*,*,#4140,.F.);
#4338 = ORIENTED_EDGE('',*,*,#4339,.T.);
#4339 = EDGE_CURVE('',#4133,#4340,#4342,.T.);
#4340 = VERTEX_POINT('',#4341);
#4341 = CARTESIAN_POINT('',(0.335,0.25,0.35));
#4342 = CIRCLE('',#4343,3.5E-02);
#4343 = AXIS2_PLACEMENT_3D('',#4344,#4345,#4346);
#4344 = CARTESIAN_POINT('',(0.335,0.25,0.315));
#4345 = DIRECTION('',(0.,1.,0.));
#4346 = DIRECTION('',(0.,-0.,1.));
#4347 = ORIENTED_EDGE('',*,*,#4348,.T.);
#4348 = EDGE_CURVE('',#4340,#4349,#4351,.T.);
#4349 = VERTEX_POINT('',#4350);
#4350 = CARTESIAN_POINT('',(0.465,0.25,0.35));
#4351 = LINE('',#4352,#4353);
#4352 = CARTESIAN_POINT('',(0.3,0.25,0.35));
#4353 = VECTOR('',#4354,1.);
#4354 = DIRECTION('',(1.,0.,0.));
#4355 = ORIENTED_EDGE('',*,*,#4356,.F.);
#4356 = EDGE_CURVE('',#4357,#4349,#4359,.T.);
#4357 = VERTEX_POINT('',#4358);
#4358 = CARTESIAN_POINT('',(0.5,0.25,0.315));
#4359 = CIRCLE('',#4360,3.5E-02);
#4360 = AXIS2_PLACEMENT_3D('',#4361,#4362,#4363);
#4361 = CARTESIAN_POINT('',(0.465,0.25,0.315));
#4362 = DIRECTION('',(0.,-1.,0.));
#4363 = DIRECTION('',(0.,0.,1.));
#4364 = ORIENTED_EDGE('',*,*,#4365,.F.);
#4365 = EDGE_CURVE('',#4366,#4357,#4368,.T.);
#4366 = VERTEX_POINT('',#4367);
#4367 = CARTESIAN_POINT('',(0.5,0.25,3.5E-02));
#4368 = LINE('',#4369,#4370);
#4369 = CARTESIAN_POINT('',(0.5,0.25,0.));
#4370 = VECTOR('',#4371,1.);
#4371 = DIRECTION('',(0.,0.,1.));
#4372 = ORIENTED_EDGE('',*,*,#4373,.T.);
#4373 = EDGE_CURVE('',#4366,#4322,#4374,.T.);
#4374 = CIRCLE('',#4375,3.5E-02);
#4375 = AXIS2_PLACEMENT_3D('',#4376,#4377,#4378);
#4376 = CARTESIAN_POINT('',(0.465,0.25,3.5E-02));
#4377 = DIRECTION('',(0.,1.,0.));
#4378 = DIRECTION('',(0.,-0.,1.));
#4379 = PLANE('',#4380);
#4380 = AXIS2_PLACEMENT_3D('',#4381,#4382,#4383);
#4381 = CARTESIAN_POINT('',(0.3,0.25,0.));
#4382 = DIRECTION('',(0.,1.,0.));
#4383 = DIRECTION('',(0.,-0.,1.));
#4384 = ADVANCED_FACE('',(#4385),#4403,.T.);
#4385 = FACE_BOUND('',#4386,.T.);
#4386 = EDGE_LOOP('',(#4387,#4388,#4389,#4397));
#4387 = ORIENTED_EDGE('',*,*,#4132,.F.);
#4388 = ORIENTED_EDGE('',*,*,#4297,.T.);
#4389 = ORIENTED_EDGE('',*,*,#4390,.T.);
#4390 = EDGE_CURVE('',#4298,#4391,#4393,.T.);
#4391 = VERTEX_POINT('',#4392);
#4392 = CARTESIAN_POINT('',(0.3,0.25,0.35));
#4393 = LINE('',#4394,#4395);
#4394 = CARTESIAN_POINT('',(-0.3,0.25,0.35));
#4395 = VECTOR('',#4396,1.);
#4396 = DIRECTION('',(1.,0.,0.));
#4397 = ORIENTED_EDGE('',*,*,#4398,.F.);
#4398 = EDGE_CURVE('',#4133,#4391,#4399,.T.);
#4399 = LINE('',#4400,#4401);
#4400 = CARTESIAN_POINT('',(0.3,0.25,0.315));
#4401 = VECTOR('',#4402,1.);
#4402 = DIRECTION('',(0.,0.,1.));
#4403 = PLANE('',#4404);
#4404 = AXIS2_PLACEMENT_3D('',#4405,#4406,#4407);
#4405 = CARTESIAN_POINT('',(-0.3,0.25,0.315));
#4406 = DIRECTION('',(0.,1.,0.));
#4407 = DIRECTION('',(0.,-0.,1.));
#4408 = ADVANCED_FACE('',(#4409),#4420,.T.);
#4409 = FACE_BOUND('',#4410,.T.);
#4410 = EDGE_LOOP('',(#4411,#4412,#4413,#4419));
#4411 = ORIENTED_EDGE('',*,*,#4180,.T.);
#4412 = ORIENTED_EDGE('',*,*,#4329,.T.);
#4413 = ORIENTED_EDGE('',*,*,#4414,.F.);
#4414 = EDGE_CURVE('',#4196,#4320,#4415,.T.);
#4415 = LINE('',#4416,#4417);
#4416 = CARTESIAN_POINT('',(0.335,-0.25,-2.775557561563E-17));
#4417 = VECTOR('',#4418,1.);
#4418 = DIRECTION('',(0.,1.,0.));
#4419 = ORIENTED_EDGE('',*,*,#4205,.F.);
#4420 = CYLINDRICAL_SURFACE('',#4421,3.5E-02);
#4421 = AXIS2_PLACEMENT_3D('',#4422,#4423,#4424);
#4422 = CARTESIAN_POINT('',(0.335,-0.25,3.5E-02));
#4423 = DIRECTION('',(0.,1.,0.));
#4424 = DIRECTION('',(-1.,0.,0.));
#4425 = ADVANCED_FACE('',(#4426),#4437,.F.);
#4426 = FACE_BOUND('',#4427,.F.);
#4427 = EDGE_LOOP('',(#4428,#4429,#4430,#4431));
#4428 = ORIENTED_EDGE('',*,*,#4319,.F.);
#4429 = ORIENTED_EDGE('',*,*,#4414,.F.);
#4430 = ORIENTED_EDGE('',*,*,#4195,.T.);
#4431 = ORIENTED_EDGE('',*,*,#4432,.T.);
#4432 = EDGE_CURVE('',#4198,#4322,#4433,.T.);
#4433 = LINE('',#4434,#4435);
#4434 = CARTESIAN_POINT('',(0.465,-0.25,-2.775557561563E-17));
#4435 = VECTOR('',#4436,1.);
#4436 = DIRECTION('',(0.,1.,0.));
#4437 = PLANE('',#4438);
#4438 = AXIS2_PLACEMENT_3D('',#4439,#4440,#4441);
#4439 = CARTESIAN_POINT('',(0.3,-0.25,0.));
#4440 = DIRECTION('',(0.,0.,1.));
#4441 = DIRECTION('',(1.,0.,-0.));
#4442 = ADVANCED_FACE('',(#4443),#4454,.T.);
#4443 = FACE_BOUND('',#4444,.T.);
#4444 = EDGE_LOOP('',(#4445,#4446,#4447,#4448));
#4445 = ORIENTED_EDGE('',*,*,#4249,.T.);
#4446 = ORIENTED_EDGE('',*,*,#4432,.T.);
#4447 = ORIENTED_EDGE('',*,*,#4373,.F.);
#4448 = ORIENTED_EDGE('',*,*,#4449,.F.);
#4449 = EDGE_CURVE('',#4242,#4366,#4450,.T.);
#4450 = LINE('',#4451,#4452);
#4451 = CARTESIAN_POINT('',(0.5,-0.25,3.5E-02));
#4452 = VECTOR('',#4453,1.);
#4453 = DIRECTION('',(0.,1.,0.));
#4454 = CYLINDRICAL_SURFACE('',#4455,3.5E-02);
#4455 = AXIS2_PLACEMENT_3D('',#4456,#4457,#4458);
#4456 = CARTESIAN_POINT('',(0.465,-0.25,3.5E-02));
#4457 = DIRECTION('',(0.,1.,0.));
#4458 = DIRECTION('',(1.,0.,0.));
#4459 = ADVANCED_FACE('',(#4460),#4471,.T.);
#4460 = FACE_BOUND('',#4461,.T.);
#4461 = EDGE_LOOP('',(#4462,#4463,#4464,#4465));
#4462 = ORIENTED_EDGE('',*,*,#4241,.F.);
#4463 = ORIENTED_EDGE('',*,*,#4449,.T.);
#4464 = ORIENTED_EDGE('',*,*,#4365,.T.);
#4465 = ORIENTED_EDGE('',*,*,#4466,.F.);
#4466 = EDGE_CURVE('',#4233,#4357,#4467,.T.);
#4467 = LINE('',#4468,#4469);
#4468 = CARTESIAN_POINT('',(0.5,-0.25,0.315));
#4469 = VECTOR('',#4470,1.);
#4470 = DIRECTION('',(0.,1.,0.));
#4471 = PLANE('',#4472);
#4472 = AXIS2_PLACEMENT_3D('',#4473,#4474,#4475);
#4473 = CARTESIAN_POINT('',(0.5,-0.25,0.));
#4474 = DIRECTION('',(1.,0.,0.));
#4475 = DIRECTION('',(0.,0.,1.));
#4476 = ADVANCED_FACE('',(#4477),#4488,.T.);
#4477 = FACE_BOUND('',#4478,.T.);
#4478 = EDGE_LOOP('',(#4479,#4480,#4481,#4487));
#4479 = ORIENTED_EDGE('',*,*,#4466,.T.);
#4480 = ORIENTED_EDGE('',*,*,#4356,.T.);
#4481 = ORIENTED_EDGE('',*,*,#4482,.F.);
#4482 = EDGE_CURVE('',#4225,#4349,#4483,.T.);
#4483 = LINE('',#4484,#4485);
#4484 = CARTESIAN_POINT('',(0.465,-0.25,0.35));
#4485 = VECTOR('',#4486,1.);
#4486 = DIRECTION('',(0.,1.,0.));
#4487 = ORIENTED_EDGE('',*,*,#4232,.F.);
#4488 = CYLINDRICAL_SURFACE('',#4489,3.5E-02);
#4489 = AXIS2_PLACEMENT_3D('',#4490,#4491,#4492);
#4490 = CARTESIAN_POINT('',(0.465,-0.25,0.315));
#4491 = DIRECTION('',(0.,1.,0.));
#4492 = DIRECTION('',(1.,0.,0.));
#4493 = ADVANCED_FACE('',(#4494),#4505,.T.);
#4494 = FACE_BOUND('',#4495,.T.);
#4495 = EDGE_LOOP('',(#4496,#4497,#4503,#4504));
#4496 = ORIENTED_EDGE('',*,*,#4348,.F.);
#4497 = ORIENTED_EDGE('',*,*,#4498,.F.);
#4498 = EDGE_CURVE('',#4216,#4340,#4499,.T.);
#4499 = LINE('',#4500,#4501);
#4500 = CARTESIAN_POINT('',(0.335,-0.25,0.35));
#4501 = VECTOR('',#4502,1.);
#4502 = DIRECTION('',(0.,1.,0.));
#4503 = ORIENTED_EDGE('',*,*,#4224,.T.);
#4504 = ORIENTED_EDGE('',*,*,#4482,.T.);
#4505 = PLANE('',#4506);
#4506 = AXIS2_PLACEMENT_3D('',#4507,#4508,#4509);
#4507 = CARTESIAN_POINT('',(0.3,-0.25,0.35));
#4508 = DIRECTION('',(0.,0.,1.));
#4509 = DIRECTION('',(1.,0.,-0.));
#4510 = ADVANCED_FACE('',(#4511),#4522,.T.);
#4511 = FACE_BOUND('',#4512,.T.);
#4512 = EDGE_LOOP('',(#4513,#4514,#4515,#4516));
#4513 = ORIENTED_EDGE('',*,*,#4215,.T.);
#4514 = ORIENTED_EDGE('',*,*,#4498,.T.);
#4515 = ORIENTED_EDGE('',*,*,#4339,.F.);
#4516 = ORIENTED_EDGE('',*,*,#4517,.F.);
#4517 = EDGE_CURVE('',#4050,#4133,#4518,.T.);
#4518 = LINE('',#4519,#4520);
#4519 = CARTESIAN_POINT('',(0.3,-0.25,0.315));
#4520 = VECTOR('',#4521,1.);
#4521 = DIRECTION('',(0.,1.,0.));
#4522 = CYLINDRICAL_SURFACE('',#4523,3.5E-02);
#4523 = AXIS2_PLACEMENT_3D('',#4524,#4525,#4526);
#4524 = CARTESIAN_POINT('',(0.335,-0.25,0.315));
#4525 = DIRECTION('',(0.,1.,0.));
#4526 = DIRECTION('',(-1.,0.,0.));
#4527 = ADVANCED_FACE('',(#4528),#4539,.T.);
#4528 = FACE_BOUND('',#4529,.T.);
#4529 = EDGE_LOOP('',(#4530,#4531,#4532,#4533));
#4530 = ORIENTED_EDGE('',*,*,#4281,.F.);
#4531 = ORIENTED_EDGE('',*,*,#4517,.T.);
#4532 = ORIENTED_EDGE('',*,*,#4398,.T.);
#4533 = ORIENTED_EDGE('',*,*,#4534,.F.);
#4534 = EDGE_CURVE('',#4274,#4391,#4535,.T.);
#4535 = LINE('',#4536,#4537);
#4536 = CARTESIAN_POINT('',(0.3,-0.25,0.35));
#4537 = VECTOR('',#4538,1.);
#4538 = DIRECTION('',(0.,1.,0.));
#4539 = PLANE('',#4540);
#4540 = AXIS2_PLACEMENT_3D('',#4541,#4542,#4543);
#4541 = CARTESIAN_POINT('',(0.3,-0.25,0.315));
#4542 = DIRECTION('',(1.,0.,0.));
#4543 = DIRECTION('',(0.,0.,1.));
#4544 = ADVANCED_FACE('',(#4545),#4551,.T.);
#4545 = FACE_BOUND('',#4546,.T.);
#4546 = EDGE_LOOP('',(#4547,#4548,#4549,#4550));
#4547 = ORIENTED_EDGE('',*,*,#4305,.F.);
#4548 = ORIENTED_EDGE('',*,*,#4273,.T.);
#4549 = ORIENTED_EDGE('',*,*,#4534,.T.);
#4550 = ORIENTED_EDGE('',*,*,#4390,.F.);
#4551 = PLANE('',#4552);
#4552 = AXIS2_PLACEMENT_3D('',#4553,#4554,#4555);
#4553 = CARTESIAN_POINT('',(-0.3,-0.25,0.35));
#4554 = DIRECTION('',(0.,0.,1.));
#4555 = DIRECTION('',(1.,0.,-0.));
#4556 = ( GEOMETRIC_REPRESENTATION_CONTEXT(3) 
GLOBAL_UNCERTAINTY_ASSIGNED_CONTEXT((#4560)) 
GLOBAL_UNIT_ASSIGNED_CONTEXT((#4557,#4558,#4559)) REPRESENTATION_CONTEXT
('Context #1','3D Context with UNIT and UNCERTAINTY') );
#4557 = ( LENGTH_UNIT() NAMED_UNIT(*) SI_UNIT(.MILLI.,.METRE.) );
#4558 = ( NAMED_UNIT(*) PLANE_ANGLE_UNIT() SI_UNIT($,.RADIAN.) );
#4559 = ( NAMED_UNIT(*) SI_UNIT($,.STERADIAN.) SOLID_ANGLE_UNIT() );
#4560 = UNCERTAINTY_MEASURE_WITH_UNIT(LENGTH_MEASURE(1.E-07),#4557,
  'distance_accuracy_value','confusion accuracy');
#4561 = CONTEXT_DEPENDENT_SHAPE_REPRESENTATION(#4562,#4564);
#4562 = ( REPRESENTATION_RELATIONSHIP('','',#3765,#10) 
REPRESENTATION_RELATIONSHIP_WITH_TRANSFORMATION(#4563) 
SHAPE_REPRESENTATION_RELATIONSHIP() );
#4563 = ITEM_DEFINED_TRANSFORMATION('','',#11,#27);
#4564 = PRODUCT_DEFINITION_SHAPE('Placement','Placement of an item',
  #4565);
#4565 = NEXT_ASSEMBLY_USAGE_OCCURRENCE('4','R1','',#5,#3760,$);
#4566 = PRODUCT_RELATED_PRODUCT_CATEGORY('part',$,(#3762));
#4567 = CONTEXT_DEPENDENT_SHAPE_REPRESENTATION(#4568,#4570);
#4568 = ( REPRESENTATION_RELATIONSHIP('','',#3765,#10) 
REPRESENTATION_RELATIONSHIP_WITH_TRANSFORMATION(#4569) 
SHAPE_REPRESENTATION_RELATIONSHIP() );
#4569 = ITEM_DEFINED_TRANSFORMATION('','',#11,#31);
#4570 = PRODUCT_DEFINITION_SHAPE('Placement','Placement of an item',
  #4571);
#4571 = NEXT_ASSEMBLY_USAGE_OCCURRENCE('5','R2','',#5,#3760,$);
#4572 = CONTEXT_DEPENDENT_SHAPE_REPRESENTATION(#4573,#4575);
#4573 = ( REPRESENTATION_RELATIONSHIP('','',#3765,#10) 
REPRESENTATION_RELATIONSHIP_WITH_TRANSFORMATION(#4574) 
SHAPE_REPRESENTATION_RELATIONSHIP() );
#4574 = ITEM_DEFINED_TRANSFORMATION('','',#11,#35);
#4575 = PRODUCT_DEFINITION_SHAPE('Placement','Placement of an item',
  #4576);
#4576 = NEXT_ASSEMBLY_USAGE_OCCURRENCE('6','R3','',#5,#3760,$);
#4577 = SHAPE_DEFINITION_REPRESENTATION(#4578,#4584);
#4578 = PRODUCT_DEFINITION_SHAPE('','',#4579);
#4579 = PRODUCT_DEFINITION('design','',#4580,#4583);
#4580 = PRODUCT_DEFINITION_FORMATION('','',#4581);
#4581 = PRODUCT('SOT-143','SOT-143','',(#4582));
#4582 = PRODUCT_CONTEXT('',#2,'mechanical');
#4583 = PRODUCT_DEFINITION_CONTEXT('part definition',#2,'design');
#4584 = ADVANCED_BREP_SHAPE_REPRESENTATION('',(#11,#4585),#7187);
#4585 = MANIFOLD_SOLID_BREP('',#4586);
#4586 = CLOSED_SHELL('',(#4587,#4625,#4688,#4711,#4740,#4763,#4818,#4873
    ,#4896,#4919,#4936,#4959,#5047,#5063,#5093,#5124,#5155,#5186,#5203,
    #5220,#5251,#5282,#5313,#5343,#5366,#5389,#5406,#5451,#5505,#5528,
    #5551,#5574,#5629,#5667,#5716,#5808,#5833,#5917,#5934,#6019,#6044,
    #6121,#6206,#6231,#6308,#6325,#6417,#6442,#6526,#6543,#6562,#6608,
    #6624,#6643,#6659,#6676,#6688,#6705,#6722,#6739,#6756,#6773,#6790,
    #6807,#6819,#6836,#6853,#6870,#6887,#6904,#6921,#6933,#6950,#6967,
    #6984,#7001,#7018,#7035,#7047,#7064,#7081,#7098,#7115,#7132,#7149,
    #7166,#7178));
#4587 = ADVANCED_FACE('',(#4588),#4620,.F.);
#4588 = FACE_BOUND('',#4589,.F.);
#4589 = EDGE_LOOP('',(#4590,#4600,#4607,#4615));
#4590 = ORIENTED_EDGE('',*,*,#4591,.T.);
#4591 = EDGE_CURVE('',#4592,#4594,#4596,.T.);
#4592 = VERTEX_POINT('',#4593);
#4593 = CARTESIAN_POINT('',(-0.525135072626,1.390270145251,0.1));
#4594 = VERTEX_POINT('',#4595);
#4595 = CARTESIAN_POINT('',(0.525135072626,1.390270145251,0.1));
#4596 = LINE('',#4597,#4598);
#4597 = CARTESIAN_POINT('',(-0.525135072626,1.390270145251,0.1));
#4598 = VECTOR('',#4599,1.);
#4599 = DIRECTION('',(1.,1.110223024625E-16,0.));
#4600 = ORIENTED_EDGE('',*,*,#4601,.T.);
#4601 = EDGE_CURVE('',#4594,#4602,#4604,.T.);
#4602 = VERTEX_POINT('',#4603);
#4603 = CARTESIAN_POINT('',(0.555,1.45,0.525));
#4604 = B_SPLINE_CURVE_WITH_KNOTS('',1,(#4605,#4606),.UNSPECIFIED.,.F.,
  .F.,(2,2),(0.,1.),.PIECEWISE_BEZIER_KNOTS.);
#4605 = CARTESIAN_POINT('',(0.525135072626,1.390270145251,0.1));
#4606 = CARTESIAN_POINT('',(0.555,1.45,0.525));
#4607 = ORIENTED_EDGE('',*,*,#4608,.F.);
#4608 = EDGE_CURVE('',#4609,#4602,#4611,.T.);
#4609 = VERTEX_POINT('',#4610);
#4610 = CARTESIAN_POINT('',(-0.555,1.45,0.525));
#4611 = LINE('',#4612,#4613);
#4612 = CARTESIAN_POINT('',(-0.555,1.45,0.525));
#4613 = VECTOR('',#4614,1.);
#4614 = DIRECTION('',(1.,1.110223024625E-16,0.));
#4615 = ORIENTED_EDGE('',*,*,#4616,.F.);
#4616 = EDGE_CURVE('',#4592,#4609,#4617,.T.);
#4617 = B_SPLINE_CURVE_WITH_KNOTS('',1,(#4618,#4619),.UNSPECIFIED.,.F.,
  .F.,(2,2),(0.,1.),.PIECEWISE_BEZIER_KNOTS.);
#4618 = CARTESIAN_POINT('',(-0.525135072626,1.390270145251,0.1));
#4619 = CARTESIAN_POINT('',(-0.555,1.45,0.525));
#4620 = B_SPLINE_SURFACE_WITH_KNOTS('',1,1,(
    (#4621,#4622)
    ,(#4623,#4624
    )),.UNSPECIFIED.,.F.,.F.,.F.,(2,2),(2,2),(0.,1.11),(0.,1.),
  .PIECEWISE_BEZIER_KNOTS.);
#4621 = CARTESIAN_POINT('',(-0.525135072626,1.390270145251,0.1));
#4622 = CARTESIAN_POINT('',(-0.555,1.45,0.525));
#4623 = CARTESIAN_POINT('',(0.525135072626,1.390270145251,0.1));
#4624 = CARTESIAN_POINT('',(0.555,1.45,0.525));
#4625 = ADVANCED_FACE('',(#4626),#4683,.F.);
#4626 = FACE_BOUND('',#4627,.T.);
#4627 = EDGE_LOOP('',(#4628,#4629,#4637,#4645,#4653,#4661,#4669,#4677));
#4628 = ORIENTED_EDGE('',*,*,#4591,.T.);
#4629 = ORIENTED_EDGE('',*,*,#4630,.T.);
#4630 = EDGE_CURVE('',#4594,#4631,#4633,.T.);
#4631 = VERTEX_POINT('',#4632);
#4632 = CARTESIAN_POINT('',(0.590270145251,1.325135072626,0.1));
#4633 = LINE('',#4634,#4635);
#4634 = CARTESIAN_POINT('',(0.525135072626,1.390270145251,0.1));
#4635 = VECTOR('',#4636,1.);
#4636 = DIRECTION('',(0.707106781187,-0.707106781187,0.));
#4637 = ORIENTED_EDGE('',*,*,#4638,.T.);
#4638 = EDGE_CURVE('',#4631,#4639,#4641,.T.);
#4639 = VERTEX_POINT('',#4640);
#4640 = CARTESIAN_POINT('',(0.590270145251,-1.325135072626,0.1));
#4641 = LINE('',#4642,#4643);
#4642 = CARTESIAN_POINT('',(0.590270145251,1.325135072626,0.1));
#4643 = VECTOR('',#4644,1.);
#4644 = DIRECTION('',(1.110223024625E-16,-1.,0.));
#4645 = ORIENTED_EDGE('',*,*,#4646,.T.);
#4646 = EDGE_CURVE('',#4639,#4647,#4649,.T.);
#4647 = VERTEX_POINT('',#4648);
#4648 = CARTESIAN_POINT('',(0.525135072626,-1.390270145251,0.1));
#4649 = LINE('',#4650,#4651);
#4650 = CARTESIAN_POINT('',(0.590270145251,-1.325135072626,0.1));
#4651 = VECTOR('',#4652,1.);
#4652 = DIRECTION('',(-0.707106781187,-0.707106781187,0.));
#4653 = ORIENTED_EDGE('',*,*,#4654,.T.);
#4654 = EDGE_CURVE('',#4647,#4655,#4657,.T.);
#4655 = VERTEX_POINT('',#4656);
#4656 = CARTESIAN_POINT('',(-0.525135072626,-1.390270145251,0.1));
#4657 = LINE('',#4658,#4659);
#4658 = CARTESIAN_POINT('',(0.525135072626,-1.390270145251,0.1));
#4659 = VECTOR('',#4660,1.);
#4660 = DIRECTION('',(-1.,-1.110223024625E-16,0.));
#4661 = ORIENTED_EDGE('',*,*,#4662,.T.);
#4662 = EDGE_CURVE('',#4655,#4663,#4665,.T.);
#4663 = VERTEX_POINT('',#4664);
#4664 = CARTESIAN_POINT('',(-0.590270145251,-1.325135072626,0.1));
#4665 = LINE('',#4666,#4667);
#4666 = CARTESIAN_POINT('',(-0.525135072626,-1.390270145251,0.1));
#4667 = VECTOR('',#4668,1.);
#4668 = DIRECTION('',(-0.707106781187,0.707106781187,0.));
#4669 = ORIENTED_EDGE('',*,*,#4670,.T.);
#4670 = EDGE_CURVE('',#4663,#4671,#4673,.T.);
#4671 = VERTEX_POINT('',#4672);
#4672 = CARTESIAN_POINT('',(-0.590270145251,1.325135072626,0.1));
#4673 = LINE('',#4674,#4675);
#4674 = CARTESIAN_POINT('',(-0.590270145251,-1.325135072626,0.1));
#4675 = VECTOR('',#4676,1.);
#4676 = DIRECTION('',(-1.110223024625E-16,1.,0.));
#4677 = ORIENTED_EDGE('',*,*,#4678,.T.);
#4678 = EDGE_CURVE('',#4671,#4592,#4679,.T.);
#4679 = LINE('',#4680,#4681);
#4680 = CARTESIAN_POINT('',(-0.590270145251,1.325135072626,0.1));
#4681 = VECTOR('',#4682,1.);
#4682 = DIRECTION('',(0.707106781187,0.707106781187,0.));
#4683 = PLANE('',#4684);
#4684 = AXIS2_PLACEMENT_3D('',#4685,#4686,#4687);
#4685 = CARTESIAN_POINT('',(-0.525135072626,1.390270145251,0.1));
#4686 = DIRECTION('',(0.,0.,1.));
#4687 = DIRECTION('',(0.353354583367,-0.935489464619,0.));
#4688 = ADVANCED_FACE('',(#4689),#4706,.F.);
#4689 = FACE_BOUND('',#4690,.F.);
#4690 = EDGE_LOOP('',(#4691,#4692,#4699,#4705));
#4691 = ORIENTED_EDGE('',*,*,#4630,.T.);
#4692 = ORIENTED_EDGE('',*,*,#4693,.T.);
#4693 = EDGE_CURVE('',#4631,#4694,#4696,.T.);
#4694 = VERTEX_POINT('',#4695);
#4695 = CARTESIAN_POINT('',(0.65,1.355,0.525));
#4696 = B_SPLINE_CURVE_WITH_KNOTS('',1,(#4697,#4698),.UNSPECIFIED.,.F.,
  .F.,(2,2),(0.,1.),.PIECEWISE_BEZIER_KNOTS.);
#4697 = CARTESIAN_POINT('',(0.590270145251,1.325135072626,0.1));
#4698 = CARTESIAN_POINT('',(0.65,1.355,0.525));
#4699 = ORIENTED_EDGE('',*,*,#4700,.F.);
#4700 = EDGE_CURVE('',#4602,#4694,#4701,.T.);
#4701 = LINE('',#4702,#4703);
#4702 = CARTESIAN_POINT('',(0.555,1.45,0.525));
#4703 = VECTOR('',#4704,1.);
#4704 = DIRECTION('',(0.707106781187,-0.707106781187,0.));
#4705 = ORIENTED_EDGE('',*,*,#4601,.F.);
#4706 = B_SPLINE_SURFACE_WITH_KNOTS('',1,1,(
    (#4707,#4708)
    ,(#4709,#4710
    )),.UNSPECIFIED.,.F.,.F.,.F.,(2,2),(2,2),(0.,0.134350288425),(0.,1.)
  ,.PIECEWISE_BEZIER_KNOTS.);
#4707 = CARTESIAN_POINT('',(0.525135072626,1.390270145251,0.1));
#4708 = CARTESIAN_POINT('',(0.555,1.45,0.525));
#4709 = CARTESIAN_POINT('',(0.590270145251,1.325135072626,0.1));
#4710 = CARTESIAN_POINT('',(0.65,1.355,0.525));
#4711 = ADVANCED_FACE('',(#4712),#4735,.F.);
#4712 = FACE_BOUND('',#4713,.F.);
#4713 = EDGE_LOOP('',(#4714,#4715,#4722,#4730));
#4714 = ORIENTED_EDGE('',*,*,#4608,.T.);
#4715 = ORIENTED_EDGE('',*,*,#4716,.T.);
#4716 = EDGE_CURVE('',#4602,#4717,#4719,.T.);
#4717 = VERTEX_POINT('',#4718);
#4718 = CARTESIAN_POINT('',(0.555,1.45,0.675));
#4719 = B_SPLINE_CURVE_WITH_KNOTS('',1,(#4720,#4721),.UNSPECIFIED.,.F.,
  .F.,(2,2),(0.,1.),.PIECEWISE_BEZIER_KNOTS.);
#4720 = CARTESIAN_POINT('',(0.555,1.45,0.525));
#4721 = CARTESIAN_POINT('',(0.555,1.45,0.675));
#4722 = ORIENTED_EDGE('',*,*,#4723,.F.);
#4723 = EDGE_CURVE('',#4724,#4717,#4726,.T.);
#4724 = VERTEX_POINT('',#4725);
#4725 = CARTESIAN_POINT('',(-0.555,1.45,0.675));
#4726 = LINE('',#4727,#4728);
#4727 = CARTESIAN_POINT('',(-0.555,1.45,0.675));
#4728 = VECTOR('',#4729,1.);
#4729 = DIRECTION('',(1.,1.110223024625E-16,0.));
#4730 = ORIENTED_EDGE('',*,*,#4731,.F.);
#4731 = EDGE_CURVE('',#4609,#4724,#4732,.T.);
#4732 = B_SPLINE_CURVE_WITH_KNOTS('',1,(#4733,#4734),.UNSPECIFIED.,.F.,
  .F.,(2,2),(0.,1.),.PIECEWISE_BEZIER_KNOTS.);
#4733 = CARTESIAN_POINT('',(-0.555,1.45,0.525));
#4734 = CARTESIAN_POINT('',(-0.555,1.45,0.675));
#4735 = PLANE('',#4736);
#4736 = AXIS2_PLACEMENT_3D('',#4737,#4738,#4739);
#4737 = CARTESIAN_POINT('',(-0.555,1.45,0.675));
#4738 = DIRECTION('',(1.110223024625E-16,-1.,0.));
#4739 = DIRECTION('',(1.,1.110223024625E-16,0.));
#4740 = ADVANCED_FACE('',(#4741),#4758,.F.);
#4741 = FACE_BOUND('',#4742,.F.);
#4742 = EDGE_LOOP('',(#4743,#4744,#4745,#4753));
#4743 = ORIENTED_EDGE('',*,*,#4678,.T.);
#4744 = ORIENTED_EDGE('',*,*,#4616,.T.);
#4745 = ORIENTED_EDGE('',*,*,#4746,.F.);
#4746 = EDGE_CURVE('',#4747,#4609,#4749,.T.);
#4747 = VERTEX_POINT('',#4748);
#4748 = CARTESIAN_POINT('',(-0.65,1.355,0.525));
#4749 = LINE('',#4750,#4751);
#4750 = CARTESIAN_POINT('',(-0.65,1.355,0.525));
#4751 = VECTOR('',#4752,1.);
#4752 = DIRECTION('',(0.707106781187,0.707106781187,0.));
#4753 = ORIENTED_EDGE('',*,*,#4754,.F.);
#4754 = EDGE_CURVE('',#4671,#4747,#4755,.T.);
#4755 = B_SPLINE_CURVE_WITH_KNOTS('',1,(#4756,#4757),.UNSPECIFIED.,.F.,
  .F.,(2,2),(0.,1.),.PIECEWISE_BEZIER_KNOTS.);
#4756 = CARTESIAN_POINT('',(-0.590270145251,1.325135072626,0.1));
#4757 = CARTESIAN_POINT('',(-0.65,1.355,0.525));
#4758 = B_SPLINE_SURFACE_WITH_KNOTS('',1,1,(
    (#4759,#4760)
    ,(#4761,#4762
    )),.UNSPECIFIED.,.F.,.F.,.F.,(2,2),(2,2),(0.,0.134350288425),(0.,1.)
  ,.PIECEWISE_BEZIER_KNOTS.);
#4759 = CARTESIAN_POINT('',(-0.590270145251,1.325135072626,0.1));
#4760 = CARTESIAN_POINT('',(-0.65,1.355,0.525));
#4761 = CARTESIAN_POINT('',(-0.525135072626,1.390270145251,0.1));
#4762 = CARTESIAN_POINT('',(-0.555,1.45,0.525));
#4763 = ADVANCED_FACE('',(#4764),#4813,.F.);
#4764 = FACE_BOUND('',#4765,.F.);
#4765 = EDGE_LOOP('',(#4766,#4767,#4768,#4776,#4784,#4792,#4800,#4808));
#4766 = ORIENTED_EDGE('',*,*,#4670,.T.);
#4767 = ORIENTED_EDGE('',*,*,#4754,.T.);
#4768 = ORIENTED_EDGE('',*,*,#4769,.F.);
#4769 = EDGE_CURVE('',#4770,#4747,#4772,.T.);
#4770 = VERTEX_POINT('',#4771);
#4771 = CARTESIAN_POINT('',(-0.65,1.165,0.525));
#4772 = LINE('',#4773,#4774);
#4773 = CARTESIAN_POINT('',(-0.65,-1.355,0.525));
#4774 = VECTOR('',#4775,1.);
#4775 = DIRECTION('',(-1.110223024625E-16,1.,0.));
#4776 = ORIENTED_EDGE('',*,*,#4777,.F.);
#4777 = EDGE_CURVE('',#4778,#4770,#4780,.T.);
#4778 = VERTEX_POINT('',#4779);
#4779 = CARTESIAN_POINT('',(-0.65,0.355,0.525));
#4780 = LINE('',#4781,#4782);
#4781 = CARTESIAN_POINT('',(-0.65,-1.355,0.525));
#4782 = VECTOR('',#4783,1.);
#4783 = DIRECTION('',(-1.110223024625E-16,1.,0.));
#4784 = ORIENTED_EDGE('',*,*,#4785,.F.);
#4785 = EDGE_CURVE('',#4786,#4778,#4788,.T.);
#4786 = VERTEX_POINT('',#4787);
#4787 = CARTESIAN_POINT('',(-0.65,-0.735,0.525));
#4788 = LINE('',#4789,#4790);
#4789 = CARTESIAN_POINT('',(-0.65,-1.355,0.525));
#4790 = VECTOR('',#4791,1.);
#4791 = DIRECTION('',(-1.110223024625E-16,1.,0.));
#4792 = ORIENTED_EDGE('',*,*,#4793,.F.);
#4793 = EDGE_CURVE('',#4794,#4786,#4796,.T.);
#4794 = VERTEX_POINT('',#4795);
#4795 = CARTESIAN_POINT('',(-0.65,-1.165,0.525));
#4796 = LINE('',#4797,#4798);
#4797 = CARTESIAN_POINT('',(-0.65,-1.355,0.525));
#4798 = VECTOR('',#4799,1.);
#4799 = DIRECTION('',(-1.110223024625E-16,1.,0.));
#4800 = ORIENTED_EDGE('',*,*,#4801,.F.);
#4801 = EDGE_CURVE('',#4802,#4794,#4804,.T.);
#4802 = VERTEX_POINT('',#4803);
#4803 = CARTESIAN_POINT('',(-0.65,-1.355,0.525));
#4804 = LINE('',#4805,#4806);
#4805 = CARTESIAN_POINT('',(-0.65,-1.355,0.525));
#4806 = VECTOR('',#4807,1.);
#4807 = DIRECTION('',(-1.110223024625E-16,1.,0.));
#4808 = ORIENTED_EDGE('',*,*,#4809,.F.);
#4809 = EDGE_CURVE('',#4663,#4802,#4810,.T.);
#4810 = B_SPLINE_CURVE_WITH_KNOTS('',1,(#4811,#4812),.UNSPECIFIED.,.F.,
  .F.,(2,2),(0.,1.),.PIECEWISE_BEZIER_KNOTS.);
#4811 = CARTESIAN_POINT('',(-0.590270145251,-1.325135072626,0.1));
#4812 = CARTESIAN_POINT('',(-0.65,-1.355,0.525));
#4813 = B_SPLINE_SURFACE_WITH_KNOTS('',1,1,(
    (#4814,#4815)
    ,(#4816,#4817
    )),.UNSPECIFIED.,.F.,.F.,.F.,(2,2),(2,2),(0.,2.71),(0.,1.),
  .PIECEWISE_BEZIER_KNOTS.);
#4814 = CARTESIAN_POINT('',(-0.590270145251,-1.325135072626,0.1));
#4815 = CARTESIAN_POINT('',(-0.65,-1.355,0.525));
#4816 = CARTESIAN_POINT('',(-0.590270145251,1.325135072626,0.1));
#4817 = CARTESIAN_POINT('',(-0.65,1.355,0.525));
#4818 = ADVANCED_FACE('',(#4819),#4868,.F.);
#4819 = FACE_BOUND('',#4820,.F.);
#4820 = EDGE_LOOP('',(#4821,#4822,#4829,#4837,#4845,#4853,#4861,#4867));
#4821 = ORIENTED_EDGE('',*,*,#4638,.T.);
#4822 = ORIENTED_EDGE('',*,*,#4823,.T.);
#4823 = EDGE_CURVE('',#4639,#4824,#4826,.T.);
#4824 = VERTEX_POINT('',#4825);
#4825 = CARTESIAN_POINT('',(0.65,-1.355,0.525));
#4826 = B_SPLINE_CURVE_WITH_KNOTS('',1,(#4827,#4828),.UNSPECIFIED.,.F.,
  .F.,(2,2),(0.,1.),.PIECEWISE_BEZIER_KNOTS.);
#4827 = CARTESIAN_POINT('',(0.590270145251,-1.325135072626,0.1));
#4828 = CARTESIAN_POINT('',(0.65,-1.355,0.525));
#4829 = ORIENTED_EDGE('',*,*,#4830,.F.);
#4830 = EDGE_CURVE('',#4831,#4824,#4833,.T.);
#4831 = VERTEX_POINT('',#4832);
#4832 = CARTESIAN_POINT('',(0.65,-1.165,0.525));
#4833 = LINE('',#4834,#4835);
#4834 = CARTESIAN_POINT('',(0.65,1.355,0.525));
#4835 = VECTOR('',#4836,1.);
#4836 = DIRECTION('',(1.110223024625E-16,-1.,0.));
#4837 = ORIENTED_EDGE('',*,*,#4838,.F.);
#4838 = EDGE_CURVE('',#4839,#4831,#4841,.T.);
#4839 = VERTEX_POINT('',#4840);
#4840 = CARTESIAN_POINT('',(0.65,-0.735,0.525));
#4841 = LINE('',#4842,#4843);
#4842 = CARTESIAN_POINT('',(0.65,1.355,0.525));
#4843 = VECTOR('',#4844,1.);
#4844 = DIRECTION('',(1.110223024625E-16,-1.,0.));
#4845 = ORIENTED_EDGE('',*,*,#4846,.F.);
#4846 = EDGE_CURVE('',#4847,#4839,#4849,.T.);
#4847 = VERTEX_POINT('',#4848);
#4848 = CARTESIAN_POINT('',(0.65,0.735,0.525));
#4849 = LINE('',#4850,#4851);
#4850 = CARTESIAN_POINT('',(0.65,1.355,0.525));
#4851 = VECTOR('',#4852,1.);
#4852 = DIRECTION('',(1.110223024625E-16,-1.,0.));
#4853 = ORIENTED_EDGE('',*,*,#4854,.F.);
#4854 = EDGE_CURVE('',#4855,#4847,#4857,.T.);
#4855 = VERTEX_POINT('',#4856);
#4856 = CARTESIAN_POINT('',(0.65,1.165,0.525));
#4857 = LINE('',#4858,#4859);
#4858 = CARTESIAN_POINT('',(0.65,1.355,0.525));
#4859 = VECTOR('',#4860,1.);
#4860 = DIRECTION('',(1.110223024625E-16,-1.,0.));
#4861 = ORIENTED_EDGE('',*,*,#4862,.F.);
#4862 = EDGE_CURVE('',#4694,#4855,#4863,.T.);
#4863 = LINE('',#4864,#4865);
#4864 = CARTESIAN_POINT('',(0.65,1.355,0.525));
#4865 = VECTOR('',#4866,1.);
#4866 = DIRECTION('',(1.110223024625E-16,-1.,0.));
#4867 = ORIENTED_EDGE('',*,*,#4693,.F.);
#4868 = B_SPLINE_SURFACE_WITH_KNOTS('',1,1,(
    (#4869,#4870)
    ,(#4871,#4872
    )),.UNSPECIFIED.,.F.,.F.,.F.,(2,2),(2,2),(0.,2.71),(0.,1.),
  .PIECEWISE_BEZIER_KNOTS.);
#4869 = CARTESIAN_POINT('',(0.590270145251,1.325135072626,0.1));
#4870 = CARTESIAN_POINT('',(0.65,1.355,0.525));
#4871 = CARTESIAN_POINT('',(0.590270145251,-1.325135072626,0.1));
#4872 = CARTESIAN_POINT('',(0.65,-1.355,0.525));
#4873 = ADVANCED_FACE('',(#4874),#4891,.F.);
#4874 = FACE_BOUND('',#4875,.F.);
#4875 = EDGE_LOOP('',(#4876,#4877,#4878,#4886));
#4876 = ORIENTED_EDGE('',*,*,#4662,.T.);
#4877 = ORIENTED_EDGE('',*,*,#4809,.T.);
#4878 = ORIENTED_EDGE('',*,*,#4879,.F.);
#4879 = EDGE_CURVE('',#4880,#4802,#4882,.T.);
#4880 = VERTEX_POINT('',#4881);
#4881 = CARTESIAN_POINT('',(-0.555,-1.45,0.525));
#4882 = LINE('',#4883,#4884);
#4883 = CARTESIAN_POINT('',(-0.555,-1.45,0.525));
#4884 = VECTOR('',#4885,1.);
#4885 = DIRECTION('',(-0.707106781187,0.707106781187,0.));
#4886 = ORIENTED_EDGE('',*,*,#4887,.F.);
#4887 = EDGE_CURVE('',#4655,#4880,#4888,.T.);
#4888 = B_SPLINE_CURVE_WITH_KNOTS('',1,(#4889,#4890),.UNSPECIFIED.,.F.,
  .F.,(2,2),(0.,1.),.PIECEWISE_BEZIER_KNOTS.);
#4889 = CARTESIAN_POINT('',(-0.525135072626,-1.390270145251,0.1));
#4890 = CARTESIAN_POINT('',(-0.555,-1.45,0.525));
#4891 = B_SPLINE_SURFACE_WITH_KNOTS('',1,1,(
    (#4892,#4893)
    ,(#4894,#4895
    )),.UNSPECIFIED.,.F.,.F.,.F.,(2,2),(2,2),(0.,0.134350288425),(0.,1.)
  ,.PIECEWISE_BEZIER_KNOTS.);
#4892 = CARTESIAN_POINT('',(-0.525135072626,-1.390270145251,0.1));
#4893 = CARTESIAN_POINT('',(-0.555,-1.45,0.525));
#4894 = CARTESIAN_POINT('',(-0.590270145251,-1.325135072626,0.1));
#4895 = CARTESIAN_POINT('',(-0.65,-1.355,0.525));
#4896 = ADVANCED_FACE('',(#4897),#4914,.F.);
#4897 = FACE_BOUND('',#4898,.F.);
#4898 = EDGE_LOOP('',(#4899,#4900,#4907,#4913));
#4899 = ORIENTED_EDGE('',*,*,#4646,.T.);
#4900 = ORIENTED_EDGE('',*,*,#4901,.T.);
#4901 = EDGE_CURVE('',#4647,#4902,#4904,.T.);
#4902 = VERTEX_POINT('',#4903);
#4903 = CARTESIAN_POINT('',(0.555,-1.45,0.525));
#4904 = B_SPLINE_CURVE_WITH_KNOTS('',1,(#4905,#4906),.UNSPECIFIED.,.F.,
  .F.,(2,2),(0.,1.),.PIECEWISE_BEZIER_KNOTS.);
#4905 = CARTESIAN_POINT('',(0.525135072626,-1.390270145251,0.1));
#4906 = CARTESIAN_POINT('',(0.555,-1.45,0.525));
#4907 = ORIENTED_EDGE('',*,*,#4908,.F.);
#4908 = EDGE_CURVE('',#4824,#4902,#4909,.T.);
#4909 = LINE('',#4910,#4911);
#4910 = CARTESIAN_POINT('',(0.65,-1.355,0.525));
#4911 = VECTOR('',#4912,1.);
#4912 = DIRECTION('',(-0.707106781187,-0.707106781187,0.));
#4913 = ORIENTED_EDGE('',*,*,#4823,.F.);
#4914 = B_SPLINE_SURFACE_WITH_KNOTS('',1,1,(
    (#4915,#4916)
    ,(#4917,#4918
    )),.UNSPECIFIED.,.F.,.F.,.F.,(2,2),(2,2),(0.,0.134350288425),(0.,1.)
  ,.PIECEWISE_BEZIER_KNOTS.);
#4915 = CARTESIAN_POINT('',(0.590270145251,-1.325135072626,0.1));
#4916 = CARTESIAN_POINT('',(0.65,-1.355,0.525));
#4917 = CARTESIAN_POINT('',(0.525135072626,-1.390270145251,0.1));
#4918 = CARTESIAN_POINT('',(0.555,-1.45,0.525));
#4919 = ADVANCED_FACE('',(#4920),#4931,.F.);
#4920 = FACE_BOUND('',#4921,.F.);
#4921 = EDGE_LOOP('',(#4922,#4923,#4924,#4930));
#4922 = ORIENTED_EDGE('',*,*,#4654,.T.);
#4923 = ORIENTED_EDGE('',*,*,#4887,.T.);
#4924 = ORIENTED_EDGE('',*,*,#4925,.F.);
#4925 = EDGE_CURVE('',#4902,#4880,#4926,.T.);
#4926 = LINE('',#4927,#4928);
#4927 = CARTESIAN_POINT('',(0.555,-1.45,0.525));
#4928 = VECTOR('',#4929,1.);
#4929 = DIRECTION('',(-1.,-1.110223024625E-16,0.));
#4930 = ORIENTED_EDGE('',*,*,#4901,.F.);
#4931 = B_SPLINE_SURFACE_WITH_KNOTS('',1,1,(
    (#4932,#4933)
    ,(#4934,#4935
    )),.UNSPECIFIED.,.F.,.F.,.F.,(2,2),(2,2),(0.,1.11),(0.,1.),
  .PIECEWISE_BEZIER_KNOTS.);
#4932 = CARTESIAN_POINT('',(0.525135072626,-1.390270145251,0.1));
#4933 = CARTESIAN_POINT('',(0.555,-1.45,0.525));
#4934 = CARTESIAN_POINT('',(-0.525135072626,-1.390270145251,0.1));
#4935 = CARTESIAN_POINT('',(-0.555,-1.45,0.525));
#4936 = ADVANCED_FACE('',(#4937),#4954,.F.);
#4937 = FACE_BOUND('',#4938,.F.);
#4938 = EDGE_LOOP('',(#4939,#4940,#4947,#4953));
#4939 = ORIENTED_EDGE('',*,*,#4700,.T.);
#4940 = ORIENTED_EDGE('',*,*,#4941,.T.);
#4941 = EDGE_CURVE('',#4694,#4942,#4944,.T.);
#4942 = VERTEX_POINT('',#4943);
#4943 = CARTESIAN_POINT('',(0.65,1.355,0.675));
#4944 = B_SPLINE_CURVE_WITH_KNOTS('',1,(#4945,#4946),.UNSPECIFIED.,.F.,
  .F.,(2,2),(0.,1.),.PIECEWISE_BEZIER_KNOTS.);
#4945 = CARTESIAN_POINT('',(0.65,1.355,0.525));
#4946 = CARTESIAN_POINT('',(0.65,1.355,0.675));
#4947 = ORIENTED_EDGE('',*,*,#4948,.F.);
#4948 = EDGE_CURVE('',#4717,#4942,#4949,.T.);
#4949 = LINE('',#4950,#4951);
#4950 = CARTESIAN_POINT('',(0.555,1.45,0.675));
#4951 = VECTOR('',#4952,1.);
#4952 = DIRECTION('',(0.707106781187,-0.707106781187,0.));
#4953 = ORIENTED_EDGE('',*,*,#4716,.F.);
#4954 = PLANE('',#4955);
#4955 = AXIS2_PLACEMENT_3D('',#4956,#4957,#4958);
#4956 = CARTESIAN_POINT('',(0.555,1.45,0.675));
#4957 = DIRECTION('',(-0.707106781187,-0.707106781187,0.));
#4958 = DIRECTION('',(0.707106781187,-0.707106781187,0.));
#4959 = ADVANCED_FACE('',(#4960),#5042,.F.);
#4960 = FACE_BOUND('',#4961,.F.);
#4961 = EDGE_LOOP('',(#4962,#4970,#4971,#4972,#4980,#4988,#4996,#5004,
    #5012,#5020,#5028,#5036));
#4962 = ORIENTED_EDGE('',*,*,#4963,.T.);
#4963 = EDGE_CURVE('',#4964,#4724,#4966,.T.);
#4964 = VERTEX_POINT('',#4965);
#4965 = CARTESIAN_POINT('',(-0.65,1.355,0.675));
#4966 = LINE('',#4967,#4968);
#4967 = CARTESIAN_POINT('',(-0.65,1.355,0.675));
#4968 = VECTOR('',#4969,1.);
#4969 = DIRECTION('',(0.707106781187,0.707106781187,0.));
#4970 = ORIENTED_EDGE('',*,*,#4723,.T.);
#4971 = ORIENTED_EDGE('',*,*,#4948,.T.);
#4972 = ORIENTED_EDGE('',*,*,#4973,.T.);
#4973 = EDGE_CURVE('',#4942,#4974,#4976,.T.);
#4974 = VERTEX_POINT('',#4975);
#4975 = CARTESIAN_POINT('',(0.65,1.165,0.675));
#4976 = LINE('',#4977,#4978);
#4977 = CARTESIAN_POINT('',(0.65,1.355,0.675));
#4978 = VECTOR('',#4979,1.);
#4979 = DIRECTION('',(1.110223024625E-16,-1.,0.));
#4980 = ORIENTED_EDGE('',*,*,#4981,.T.);
#4981 = EDGE_CURVE('',#4974,#4982,#4984,.T.);
#4982 = VERTEX_POINT('',#4983);
#4983 = CARTESIAN_POINT('',(0.625,1.165,0.675));
#4984 = LINE('',#4985,#4986);
#4985 = CARTESIAN_POINT('',(0.7,1.165,0.675));
#4986 = VECTOR('',#4987,1.);
#4987 = DIRECTION('',(-1.,-1.110223024625E-16,0.));
#4988 = ORIENTED_EDGE('',*,*,#4989,.F.);
#4989 = EDGE_CURVE('',#4990,#4982,#4992,.T.);
#4990 = VERTEX_POINT('',#4991);
#4991 = CARTESIAN_POINT('',(0.625,1.3425,0.675));
#4992 = LINE('',#4993,#4994);
#4993 = CARTESIAN_POINT('',(0.625,1.3425,0.675));
#4994 = VECTOR('',#4995,1.);
#4995 = DIRECTION('',(1.110223024625E-16,-1.,0.));
#4996 = ORIENTED_EDGE('',*,*,#4997,.F.);
#4997 = EDGE_CURVE('',#4998,#4990,#5000,.T.);
#4998 = VERTEX_POINT('',#4999);
#4999 = CARTESIAN_POINT('',(0.5425,1.425,0.675));
#5000 = LINE('',#5001,#5002);
#5001 = CARTESIAN_POINT('',(0.5425,1.425,0.675));
#5002 = VECTOR('',#5003,1.);
#5003 = DIRECTION('',(0.707106781187,-0.707106781187,0.));
#5004 = ORIENTED_EDGE('',*,*,#5005,.F.);
#5005 = EDGE_CURVE('',#5006,#4998,#5008,.T.);
#5006 = VERTEX_POINT('',#5007);
#5007 = CARTESIAN_POINT('',(-0.5425,1.425,0.675));
#5008 = LINE('',#5009,#5010);
#5009 = CARTESIAN_POINT('',(-0.5425,1.425,0.675));
#5010 = VECTOR('',#5011,1.);
#5011 = DIRECTION('',(1.,1.110223024625E-16,0.));
#5012 = ORIENTED_EDGE('',*,*,#5013,.F.);
#5013 = EDGE_CURVE('',#5014,#5006,#5016,.T.);
#5014 = VERTEX_POINT('',#5015);
#5015 = CARTESIAN_POINT('',(-0.625,1.3425,0.675));
#5016 = LINE('',#5017,#5018);
#5017 = CARTESIAN_POINT('',(-0.625,1.3425,0.675));
#5018 = VECTOR('',#5019,1.);
#5019 = DIRECTION('',(0.707106781187,0.707106781187,0.));
#5020 = ORIENTED_EDGE('',*,*,#5021,.F.);
#5021 = EDGE_CURVE('',#5022,#5014,#5024,.T.);
#5022 = VERTEX_POINT('',#5023);
#5023 = CARTESIAN_POINT('',(-0.625,1.165,0.675));
#5024 = LINE('',#5025,#5026);
#5025 = CARTESIAN_POINT('',(-0.625,-1.3425,0.675));
#5026 = VECTOR('',#5027,1.);
#5027 = DIRECTION('',(-1.110223024625E-16,1.,0.));
#5028 = ORIENTED_EDGE('',*,*,#5029,.F.);
#5029 = EDGE_CURVE('',#5030,#5022,#5032,.T.);
#5030 = VERTEX_POINT('',#5031);
#5031 = CARTESIAN_POINT('',(-0.65,1.165,0.675));
#5032 = LINE('',#5033,#5034);
#5033 = CARTESIAN_POINT('',(-0.7,1.165,0.675));
#5034 = VECTOR('',#5035,1.);
#5035 = DIRECTION('',(1.,-1.144237745222E-17,0.));
#5036 = ORIENTED_EDGE('',*,*,#5037,.T.);
#5037 = EDGE_CURVE('',#5030,#4964,#5038,.T.);
#5038 = LINE('',#5039,#5040);
#5039 = CARTESIAN_POINT('',(-0.65,-1.355,0.675));
#5040 = VECTOR('',#5041,1.);
#5041 = DIRECTION('',(-1.110223024625E-16,1.,0.));
#5042 = PLANE('',#5043);
#5043 = AXIS2_PLACEMENT_3D('',#5044,#5045,#5046);
#5044 = CARTESIAN_POINT('',(-5.499503515576E-17,1.4375,0.675));
#5045 = DIRECTION('',(-4.735780055487E-31,-6.662940868892E-27,-1.));
#5046 = DIRECTION('',(1.,1.113200023686E-16,-4.735780055494E-31));
#5047 = ADVANCED_FACE('',(#5048),#5058,.F.);
#5048 = FACE_BOUND('',#5049,.F.);
#5049 = EDGE_LOOP('',(#5050,#5051,#5052,#5053));
#5050 = ORIENTED_EDGE('',*,*,#4746,.T.);
#5051 = ORIENTED_EDGE('',*,*,#4731,.T.);
#5052 = ORIENTED_EDGE('',*,*,#4963,.F.);
#5053 = ORIENTED_EDGE('',*,*,#5054,.F.);
#5054 = EDGE_CURVE('',#4747,#4964,#5055,.T.);
#5055 = B_SPLINE_CURVE_WITH_KNOTS('',1,(#5056,#5057),.UNSPECIFIED.,.F.,
  .F.,(2,2),(0.,1.),.PIECEWISE_BEZIER_KNOTS.);
#5056 = CARTESIAN_POINT('',(-0.65,1.355,0.525));
#5057 = CARTESIAN_POINT('',(-0.65,1.355,0.675));
#5058 = PLANE('',#5059);
#5059 = AXIS2_PLACEMENT_3D('',#5060,#5061,#5062);
#5060 = CARTESIAN_POINT('',(-0.65,1.355,0.675));
#5061 = DIRECTION('',(0.707106781187,-0.707106781187,0.));
#5062 = DIRECTION('',(0.707106781187,0.707106781187,0.));
#5063 = ADVANCED_FACE('',(#5064),#5088,.F.);
#5064 = FACE_BOUND('',#5065,.F.);
#5065 = EDGE_LOOP('',(#5066,#5073,#5074,#5082));
#5066 = ORIENTED_EDGE('',*,*,#5067,.F.);
#5067 = EDGE_CURVE('',#4802,#5068,#5070,.T.);
#5068 = VERTEX_POINT('',#5069);
#5069 = CARTESIAN_POINT('',(-0.65,-1.355,0.675));
#5070 = B_SPLINE_CURVE_WITH_KNOTS('',1,(#5071,#5072),.UNSPECIFIED.,.F.,
  .F.,(2,2),(0.,1.),.PIECEWISE_BEZIER_KNOTS.);
#5071 = CARTESIAN_POINT('',(-0.65,-1.355,0.525));
#5072 = CARTESIAN_POINT('',(-0.65,-1.355,0.675));
#5073 = ORIENTED_EDGE('',*,*,#4801,.T.);
#5074 = ORIENTED_EDGE('',*,*,#5075,.T.);
#5075 = EDGE_CURVE('',#4794,#5076,#5078,.T.);
#5076 = VERTEX_POINT('',#5077);
#5077 = CARTESIAN_POINT('',(-0.65,-1.165,0.675));
#5078 = LINE('',#5079,#5080);
#5079 = CARTESIAN_POINT('',(-0.65,-1.165,0.510136870984));
#5080 = VECTOR('',#5081,1.);
#5081 = DIRECTION('',(0.,0.,1.));
#5082 = ORIENTED_EDGE('',*,*,#5083,.F.);
#5083 = EDGE_CURVE('',#5068,#5076,#5084,.T.);
#5084 = LINE('',#5085,#5086);
#5085 = CARTESIAN_POINT('',(-0.65,-1.355,0.675));
#5086 = VECTOR('',#5087,1.);
#5087 = DIRECTION('',(-1.110223024625E-16,1.,0.));
#5088 = PLANE('',#5089);
#5089 = AXIS2_PLACEMENT_3D('',#5090,#5091,#5092);
#5090 = CARTESIAN_POINT('',(-0.65,-1.355,0.675));
#5091 = DIRECTION('',(1.,1.110223024625E-16,0.));
#5092 = DIRECTION('',(-1.110223024625E-16,1.,0.));
#5093 = ADVANCED_FACE('',(#5094),#5119,.F.);
#5094 = FACE_BOUND('',#5095,.F.);
#5095 = EDGE_LOOP('',(#5096,#5104,#5105,#5113));
#5096 = ORIENTED_EDGE('',*,*,#5097,.F.);
#5097 = EDGE_CURVE('',#4794,#5098,#5100,.T.);
#5098 = VERTEX_POINT('',#5099);
#5099 = CARTESIAN_POINT('',(-0.7,-1.165,0.525));
#5100 = LINE('',#5101,#5102);
#5101 = CARTESIAN_POINT('',(-0.6,-1.165,0.525));
#5102 = VECTOR('',#5103,1.);
#5103 = DIRECTION('',(-1.,1.144237745222E-17,0.));
#5104 = ORIENTED_EDGE('',*,*,#4793,.T.);
#5105 = ORIENTED_EDGE('',*,*,#5106,.T.);
#5106 = EDGE_CURVE('',#4786,#5107,#5109,.T.);
#5107 = VERTEX_POINT('',#5108);
#5108 = CARTESIAN_POINT('',(-0.7,-0.735,0.525));
#5109 = LINE('',#5110,#5111);
#5110 = CARTESIAN_POINT('',(-0.6,-0.735,0.525));
#5111 = VECTOR('',#5112,1.);
#5112 = DIRECTION('',(-1.,1.144237745222E-17,0.));
#5113 = ORIENTED_EDGE('',*,*,#5114,.F.);
#5114 = EDGE_CURVE('',#5098,#5107,#5115,.T.);
#5115 = LINE('',#5116,#5117);
#5116 = CARTESIAN_POINT('',(-0.7,-1.165,0.525));
#5117 = VECTOR('',#5118,1.);
#5118 = DIRECTION('',(1.144237745222E-17,1.,0.));
#5119 = PLANE('',#5120);
#5120 = AXIS2_PLACEMENT_3D('',#5121,#5122,#5123);
#5121 = CARTESIAN_POINT('',(-0.6,-1.165,0.525));
#5122 = DIRECTION('',(0.,0.,1.));
#5123 = DIRECTION('',(-1.,1.144237745222E-17,0.));
#5124 = ADVANCED_FACE('',(#5125),#5150,.F.);
#5125 = FACE_BOUND('',#5126,.F.);
#5126 = EDGE_LOOP('',(#5127,#5135,#5136,#5144));
#5127 = ORIENTED_EDGE('',*,*,#5128,.F.);
#5128 = EDGE_CURVE('',#4786,#5129,#5131,.T.);
#5129 = VERTEX_POINT('',#5130);
#5130 = CARTESIAN_POINT('',(-0.65,-0.735,0.675));
#5131 = LINE('',#5132,#5133);
#5132 = CARTESIAN_POINT('',(-0.65,-0.735,0.510136870984));
#5133 = VECTOR('',#5134,1.);
#5134 = DIRECTION('',(0.,0.,1.));
#5135 = ORIENTED_EDGE('',*,*,#4785,.T.);
#5136 = ORIENTED_EDGE('',*,*,#5137,.T.);
#5137 = EDGE_CURVE('',#4778,#5138,#5140,.T.);
#5138 = VERTEX_POINT('',#5139);
#5139 = CARTESIAN_POINT('',(-0.65,0.355,0.675));
#5140 = LINE('',#5141,#5142);
#5141 = CARTESIAN_POINT('',(-0.65,0.355,0.510136870984));
#5142 = VECTOR('',#5143,1.);
#5143 = DIRECTION('',(0.,0.,1.));
#5144 = ORIENTED_EDGE('',*,*,#5145,.F.);
#5145 = EDGE_CURVE('',#5129,#5138,#5146,.T.);
#5146 = LINE('',#5147,#5148);
#5147 = CARTESIAN_POINT('',(-0.65,-1.355,0.675));
#5148 = VECTOR('',#5149,1.);
#5149 = DIRECTION('',(-1.110223024625E-16,1.,0.));
#5150 = PLANE('',#5151);
#5151 = AXIS2_PLACEMENT_3D('',#5152,#5153,#5154);
#5152 = CARTESIAN_POINT('',(-0.65,-1.355,0.675));
#5153 = DIRECTION('',(1.,1.110223024625E-16,0.));
#5154 = DIRECTION('',(-1.110223024625E-16,1.,0.));
#5155 = ADVANCED_FACE('',(#5156),#5181,.F.);
#5156 = FACE_BOUND('',#5157,.F.);
#5157 = EDGE_LOOP('',(#5158,#5168,#5174,#5175));
#5158 = ORIENTED_EDGE('',*,*,#5159,.F.);
#5159 = EDGE_CURVE('',#5160,#5162,#5164,.T.);
#5160 = VERTEX_POINT('',#5161);
#5161 = CARTESIAN_POINT('',(-0.7,0.355,0.525));
#5162 = VERTEX_POINT('',#5163);
#5163 = CARTESIAN_POINT('',(-0.7,1.165,0.525));
#5164 = LINE('',#5165,#5166);
#5165 = CARTESIAN_POINT('',(-0.7,0.355,0.525));
#5166 = VECTOR('',#5167,1.);
#5167 = DIRECTION('',(2.604226847886E-17,1.,0.));
#5168 = ORIENTED_EDGE('',*,*,#5169,.F.);
#5169 = EDGE_CURVE('',#4778,#5160,#5170,.T.);
#5170 = LINE('',#5171,#5172);
#5171 = CARTESIAN_POINT('',(-0.6,0.355,0.525));
#5172 = VECTOR('',#5173,1.);
#5173 = DIRECTION('',(-1.,1.144237745222E-17,0.));
#5174 = ORIENTED_EDGE('',*,*,#4777,.T.);
#5175 = ORIENTED_EDGE('',*,*,#5176,.T.);
#5176 = EDGE_CURVE('',#4770,#5162,#5177,.T.);
#5177 = LINE('',#5178,#5179);
#5178 = CARTESIAN_POINT('',(-0.6,1.165,0.525));
#5179 = VECTOR('',#5180,1.);
#5180 = DIRECTION('',(-1.,1.144237745222E-17,0.));
#5181 = PLANE('',#5182);
#5182 = AXIS2_PLACEMENT_3D('',#5183,#5184,#5185);
#5183 = CARTESIAN_POINT('',(-0.6,0.735,0.525));
#5184 = DIRECTION('',(0.,0.,1.));
#5185 = DIRECTION('',(-1.,1.144237745222E-17,0.));
#5186 = ADVANCED_FACE('',(#5187),#5198,.F.);
#5187 = FACE_BOUND('',#5188,.F.);
#5188 = EDGE_LOOP('',(#5189,#5195,#5196,#5197));
#5189 = ORIENTED_EDGE('',*,*,#5190,.F.);
#5190 = EDGE_CURVE('',#4770,#5030,#5191,.T.);
#5191 = LINE('',#5192,#5193);
#5192 = CARTESIAN_POINT('',(-0.65,1.165,0.510136870984));
#5193 = VECTOR('',#5194,1.);
#5194 = DIRECTION('',(0.,0.,1.));
#5195 = ORIENTED_EDGE('',*,*,#4769,.T.);
#5196 = ORIENTED_EDGE('',*,*,#5054,.T.);
#5197 = ORIENTED_EDGE('',*,*,#5037,.F.);
#5198 = PLANE('',#5199);
#5199 = AXIS2_PLACEMENT_3D('',#5200,#5201,#5202);
#5200 = CARTESIAN_POINT('',(-0.65,-1.355,0.675));
#5201 = DIRECTION('',(1.,1.110223024625E-16,0.));
#5202 = DIRECTION('',(-1.110223024625E-16,1.,0.));
#5203 = ADVANCED_FACE('',(#5204),#5215,.F.);
#5204 = FACE_BOUND('',#5205,.F.);
#5205 = EDGE_LOOP('',(#5206,#5207,#5208,#5214));
#5206 = ORIENTED_EDGE('',*,*,#4941,.F.);
#5207 = ORIENTED_EDGE('',*,*,#4862,.T.);
#5208 = ORIENTED_EDGE('',*,*,#5209,.T.);
#5209 = EDGE_CURVE('',#4855,#4974,#5210,.T.);
#5210 = LINE('',#5211,#5212);
#5211 = CARTESIAN_POINT('',(0.65,1.165,0.510136870984));
#5212 = VECTOR('',#5213,1.);
#5213 = DIRECTION('',(0.,0.,1.));
#5214 = ORIENTED_EDGE('',*,*,#4973,.F.);
#5215 = PLANE('',#5216);
#5216 = AXIS2_PLACEMENT_3D('',#5217,#5218,#5219);
#5217 = CARTESIAN_POINT('',(0.65,1.355,0.675));
#5218 = DIRECTION('',(-1.,-1.110223024625E-16,0.));
#5219 = DIRECTION('',(1.110223024625E-16,-1.,0.));
#5220 = ADVANCED_FACE('',(#5221),#5246,.F.);
#5221 = FACE_BOUND('',#5222,.F.);
#5222 = EDGE_LOOP('',(#5223,#5231,#5232,#5240));
#5223 = ORIENTED_EDGE('',*,*,#5224,.F.);
#5224 = EDGE_CURVE('',#4855,#5225,#5227,.T.);
#5225 = VERTEX_POINT('',#5226);
#5226 = CARTESIAN_POINT('',(0.7,1.165,0.525));
#5227 = LINE('',#5228,#5229);
#5228 = CARTESIAN_POINT('',(0.6,1.165,0.525));
#5229 = VECTOR('',#5230,1.);
#5230 = DIRECTION('',(1.,1.110223024625E-16,0.));
#5231 = ORIENTED_EDGE('',*,*,#4854,.T.);
#5232 = ORIENTED_EDGE('',*,*,#5233,.T.);
#5233 = EDGE_CURVE('',#4847,#5234,#5236,.T.);
#5234 = VERTEX_POINT('',#5235);
#5235 = CARTESIAN_POINT('',(0.7,0.735,0.525));
#5236 = LINE('',#5237,#5238);
#5237 = CARTESIAN_POINT('',(0.6,0.735,0.525));
#5238 = VECTOR('',#5239,1.);
#5239 = DIRECTION('',(1.,1.110223024625E-16,0.));
#5240 = ORIENTED_EDGE('',*,*,#5241,.F.);
#5241 = EDGE_CURVE('',#5225,#5234,#5242,.T.);
#5242 = LINE('',#5243,#5244);
#5243 = CARTESIAN_POINT('',(0.7,1.165,0.525));
#5244 = VECTOR('',#5245,1.);
#5245 = DIRECTION('',(1.110223024625E-16,-1.,0.));
#5246 = PLANE('',#5247);
#5247 = AXIS2_PLACEMENT_3D('',#5248,#5249,#5250);
#5248 = CARTESIAN_POINT('',(0.6,1.165,0.525));
#5249 = DIRECTION('',(0.,0.,1.));
#5250 = DIRECTION('',(1.,1.110223024625E-16,-0.));
#5251 = ADVANCED_FACE('',(#5252),#5277,.F.);
#5252 = FACE_BOUND('',#5253,.F.);
#5253 = EDGE_LOOP('',(#5254,#5262,#5263,#5271));
#5254 = ORIENTED_EDGE('',*,*,#5255,.F.);
#5255 = EDGE_CURVE('',#4847,#5256,#5258,.T.);
#5256 = VERTEX_POINT('',#5257);
#5257 = CARTESIAN_POINT('',(0.65,0.735,0.675));
#5258 = LINE('',#5259,#5260);
#5259 = CARTESIAN_POINT('',(0.65,0.735,0.510136870984));
#5260 = VECTOR('',#5261,1.);
#5261 = DIRECTION('',(0.,0.,1.));
#5262 = ORIENTED_EDGE('',*,*,#4846,.T.);
#5263 = ORIENTED_EDGE('',*,*,#5264,.T.);
#5264 = EDGE_CURVE('',#4839,#5265,#5267,.T.);
#5265 = VERTEX_POINT('',#5266);
#5266 = CARTESIAN_POINT('',(0.65,-0.735,0.675));
#5267 = LINE('',#5268,#5269);
#5268 = CARTESIAN_POINT('',(0.65,-0.735,0.510136870984));
#5269 = VECTOR('',#5270,1.);
#5270 = DIRECTION('',(0.,0.,1.));
#5271 = ORIENTED_EDGE('',*,*,#5272,.F.);
#5272 = EDGE_CURVE('',#5256,#5265,#5273,.T.);
#5273 = LINE('',#5274,#5275);
#5274 = CARTESIAN_POINT('',(0.65,1.355,0.675));
#5275 = VECTOR('',#5276,1.);
#5276 = DIRECTION('',(1.110223024625E-16,-1.,0.));
#5277 = PLANE('',#5278);
#5278 = AXIS2_PLACEMENT_3D('',#5279,#5280,#5281);
#5279 = CARTESIAN_POINT('',(0.65,1.355,0.675));
#5280 = DIRECTION('',(-1.,-1.110223024625E-16,0.));
#5281 = DIRECTION('',(1.110223024625E-16,-1.,0.));
#5282 = ADVANCED_FACE('',(#5283),#5308,.F.);
#5283 = FACE_BOUND('',#5284,.F.);
#5284 = EDGE_LOOP('',(#5285,#5293,#5294,#5302));
#5285 = ORIENTED_EDGE('',*,*,#5286,.F.);
#5286 = EDGE_CURVE('',#4839,#5287,#5289,.T.);
#5287 = VERTEX_POINT('',#5288);
#5288 = CARTESIAN_POINT('',(0.7,-0.735,0.525));
#5289 = LINE('',#5290,#5291);
#5290 = CARTESIAN_POINT('',(0.6,-0.735,0.525));
#5291 = VECTOR('',#5292,1.);
#5292 = DIRECTION('',(1.,1.110223024625E-16,0.));
#5293 = ORIENTED_EDGE('',*,*,#4838,.T.);
#5294 = ORIENTED_EDGE('',*,*,#5295,.T.);
#5295 = EDGE_CURVE('',#4831,#5296,#5298,.T.);
#5296 = VERTEX_POINT('',#5297);
#5297 = CARTESIAN_POINT('',(0.7,-1.165,0.525));
#5298 = LINE('',#5299,#5300);
#5299 = CARTESIAN_POINT('',(0.6,-1.165,0.525));
#5300 = VECTOR('',#5301,1.);
#5301 = DIRECTION('',(1.,1.110223024625E-16,0.));
#5302 = ORIENTED_EDGE('',*,*,#5303,.F.);
#5303 = EDGE_CURVE('',#5287,#5296,#5304,.T.);
#5304 = LINE('',#5305,#5306);
#5305 = CARTESIAN_POINT('',(0.7,-0.735,0.525));
#5306 = VECTOR('',#5307,1.);
#5307 = DIRECTION('',(1.110223024625E-16,-1.,0.));
#5308 = PLANE('',#5309);
#5309 = AXIS2_PLACEMENT_3D('',#5310,#5311,#5312);
#5310 = CARTESIAN_POINT('',(0.6,-0.735,0.525));
#5311 = DIRECTION('',(0.,0.,1.));
#5312 = DIRECTION('',(1.,1.110223024625E-16,-0.));
#5313 = ADVANCED_FACE('',(#5314),#5338,.F.);
#5314 = FACE_BOUND('',#5315,.F.);
#5315 = EDGE_LOOP('',(#5316,#5324,#5325,#5332));
#5316 = ORIENTED_EDGE('',*,*,#5317,.F.);
#5317 = EDGE_CURVE('',#4831,#5318,#5320,.T.);
#5318 = VERTEX_POINT('',#5319);
#5319 = CARTESIAN_POINT('',(0.65,-1.165,0.675));
#5320 = LINE('',#5321,#5322);
#5321 = CARTESIAN_POINT('',(0.65,-1.165,0.510136870984));
#5322 = VECTOR('',#5323,1.);
#5323 = DIRECTION('',(0.,0.,1.));
#5324 = ORIENTED_EDGE('',*,*,#4830,.T.);
#5325 = ORIENTED_EDGE('',*,*,#5326,.T.);
#5326 = EDGE_CURVE('',#4824,#5327,#5329,.T.);
#5327 = VERTEX_POINT('',#5328);
#5328 = CARTESIAN_POINT('',(0.65,-1.355,0.675));
#5329 = B_SPLINE_CURVE_WITH_KNOTS('',1,(#5330,#5331),.UNSPECIFIED.,.F.,
  .F.,(2,2),(0.,1.),.PIECEWISE_BEZIER_KNOTS.);
#5330 = CARTESIAN_POINT('',(0.65,-1.355,0.525));
#5331 = CARTESIAN_POINT('',(0.65,-1.355,0.675));
#5332 = ORIENTED_EDGE('',*,*,#5333,.F.);
#5333 = EDGE_CURVE('',#5318,#5327,#5334,.T.);
#5334 = LINE('',#5335,#5336);
#5335 = CARTESIAN_POINT('',(0.65,1.355,0.675));
#5336 = VECTOR('',#5337,1.);
#5337 = DIRECTION('',(1.110223024625E-16,-1.,0.));
#5338 = PLANE('',#5339);
#5339 = AXIS2_PLACEMENT_3D('',#5340,#5341,#5342);
#5340 = CARTESIAN_POINT('',(0.65,1.355,0.675));
#5341 = DIRECTION('',(-1.,-1.110223024625E-16,0.));
#5342 = DIRECTION('',(1.110223024625E-16,-1.,0.));
#5343 = ADVANCED_FACE('',(#5344),#5361,.F.);
#5344 = FACE_BOUND('',#5345,.F.);
#5345 = EDGE_LOOP('',(#5346,#5347,#5348,#5356));
#5346 = ORIENTED_EDGE('',*,*,#4879,.T.);
#5347 = ORIENTED_EDGE('',*,*,#5067,.T.);
#5348 = ORIENTED_EDGE('',*,*,#5349,.F.);
#5349 = EDGE_CURVE('',#5350,#5068,#5352,.T.);
#5350 = VERTEX_POINT('',#5351);
#5351 = CARTESIAN_POINT('',(-0.555,-1.45,0.675));
#5352 = LINE('',#5353,#5354);
#5353 = CARTESIAN_POINT('',(-0.555,-1.45,0.675));
#5354 = VECTOR('',#5355,1.);
#5355 = DIRECTION('',(-0.707106781187,0.707106781187,0.));
#5356 = ORIENTED_EDGE('',*,*,#5357,.F.);
#5357 = EDGE_CURVE('',#4880,#5350,#5358,.T.);
#5358 = B_SPLINE_CURVE_WITH_KNOTS('',1,(#5359,#5360),.UNSPECIFIED.,.F.,
  .F.,(2,2),(0.,1.),.PIECEWISE_BEZIER_KNOTS.);
#5359 = CARTESIAN_POINT('',(-0.555,-1.45,0.525));
#5360 = CARTESIAN_POINT('',(-0.555,-1.45,0.675));
#5361 = PLANE('',#5362);
#5362 = AXIS2_PLACEMENT_3D('',#5363,#5364,#5365);
#5363 = CARTESIAN_POINT('',(-0.555,-1.45,0.675));
#5364 = DIRECTION('',(0.707106781187,0.707106781187,0.));
#5365 = DIRECTION('',(-0.707106781187,0.707106781187,0.));
#5366 = ADVANCED_FACE('',(#5367),#5384,.F.);
#5367 = FACE_BOUND('',#5368,.F.);
#5368 = EDGE_LOOP('',(#5369,#5370,#5377,#5383));
#5369 = ORIENTED_EDGE('',*,*,#4908,.T.);
#5370 = ORIENTED_EDGE('',*,*,#5371,.T.);
#5371 = EDGE_CURVE('',#4902,#5372,#5374,.T.);
#5372 = VERTEX_POINT('',#5373);
#5373 = CARTESIAN_POINT('',(0.555,-1.45,0.675));
#5374 = B_SPLINE_CURVE_WITH_KNOTS('',1,(#5375,#5376),.UNSPECIFIED.,.F.,
  .F.,(2,2),(0.,1.),.PIECEWISE_BEZIER_KNOTS.);
#5375 = CARTESIAN_POINT('',(0.555,-1.45,0.525));
#5376 = CARTESIAN_POINT('',(0.555,-1.45,0.675));
#5377 = ORIENTED_EDGE('',*,*,#5378,.F.);
#5378 = EDGE_CURVE('',#5327,#5372,#5379,.T.);
#5379 = LINE('',#5380,#5381);
#5380 = CARTESIAN_POINT('',(0.65,-1.355,0.675));
#5381 = VECTOR('',#5382,1.);
#5382 = DIRECTION('',(-0.707106781187,-0.707106781187,0.));
#5383 = ORIENTED_EDGE('',*,*,#5326,.F.);
#5384 = PLANE('',#5385);
#5385 = AXIS2_PLACEMENT_3D('',#5386,#5387,#5388);
#5386 = CARTESIAN_POINT('',(0.65,-1.355,0.675));
#5387 = DIRECTION('',(-0.707106781187,0.707106781187,0.));
#5388 = DIRECTION('',(-0.707106781187,-0.707106781187,0.));
#5389 = ADVANCED_FACE('',(#5390),#5401,.F.);
#5390 = FACE_BOUND('',#5391,.F.);
#5391 = EDGE_LOOP('',(#5392,#5393,#5394,#5400));
#5392 = ORIENTED_EDGE('',*,*,#4925,.T.);
#5393 = ORIENTED_EDGE('',*,*,#5357,.T.);
#5394 = ORIENTED_EDGE('',*,*,#5395,.F.);
#5395 = EDGE_CURVE('',#5372,#5350,#5396,.T.);
#5396 = LINE('',#5397,#5398);
#5397 = CARTESIAN_POINT('',(0.555,-1.45,0.675));
#5398 = VECTOR('',#5399,1.);
#5399 = DIRECTION('',(-1.,-1.110223024625E-16,0.));
#5400 = ORIENTED_EDGE('',*,*,#5371,.F.);
#5401 = PLANE('',#5402);
#5402 = AXIS2_PLACEMENT_3D('',#5403,#5404,#5405);
#5403 = CARTESIAN_POINT('',(0.555,-1.45,0.675));
#5404 = DIRECTION('',(-1.110223024625E-16,1.,0.));
#5405 = DIRECTION('',(-1.,-1.110223024625E-16,0.));
#5406 = ADVANCED_FACE('',(#5407),#5446,.F.);
#5407 = FACE_BOUND('',#5408,.F.);
#5408 = EDGE_LOOP('',(#5409,#5417,#5425,#5431,#5432,#5440));
#5409 = ORIENTED_EDGE('',*,*,#5410,.F.);
#5410 = EDGE_CURVE('',#5411,#5138,#5413,.T.);
#5411 = VERTEX_POINT('',#5412);
#5412 = CARTESIAN_POINT('',(-0.7,0.355,0.675));
#5413 = LINE('',#5414,#5415);
#5414 = CARTESIAN_POINT('',(-0.7,0.355,0.675));
#5415 = VECTOR('',#5416,1.);
#5416 = DIRECTION('',(1.,-1.144237745222E-17,0.));
#5417 = ORIENTED_EDGE('',*,*,#5418,.F.);
#5418 = EDGE_CURVE('',#5419,#5411,#5421,.T.);
#5419 = VERTEX_POINT('',#5420);
#5420 = CARTESIAN_POINT('',(-0.7,1.165,0.675));
#5421 = LINE('',#5422,#5423);
#5422 = CARTESIAN_POINT('',(-0.7,1.165,0.675));
#5423 = VECTOR('',#5424,1.);
#5424 = DIRECTION('',(-2.604226847886E-17,-1.,0.));
#5425 = ORIENTED_EDGE('',*,*,#5426,.T.);
#5426 = EDGE_CURVE('',#5419,#5030,#5427,.T.);
#5427 = LINE('',#5428,#5429);
#5428 = CARTESIAN_POINT('',(-0.7,1.165,0.675));
#5429 = VECTOR('',#5430,1.);
#5430 = DIRECTION('',(1.,-1.144237745222E-17,0.));
#5431 = ORIENTED_EDGE('',*,*,#5029,.T.);
#5432 = ORIENTED_EDGE('',*,*,#5433,.F.);
#5433 = EDGE_CURVE('',#5434,#5022,#5436,.T.);
#5434 = VERTEX_POINT('',#5435);
#5435 = CARTESIAN_POINT('',(-0.625,0.355,0.675));
#5436 = LINE('',#5437,#5438);
#5437 = CARTESIAN_POINT('',(-0.625,-1.3425,0.675));
#5438 = VECTOR('',#5439,1.);
#5439 = DIRECTION('',(-1.110223024625E-16,1.,0.));
#5440 = ORIENTED_EDGE('',*,*,#5441,.F.);
#5441 = EDGE_CURVE('',#5138,#5434,#5442,.T.);
#5442 = LINE('',#5443,#5444);
#5443 = CARTESIAN_POINT('',(-0.7,0.355,0.675));
#5444 = VECTOR('',#5445,1.);
#5445 = DIRECTION('',(1.,-1.144237745222E-17,0.));
#5446 = PLANE('',#5447);
#5447 = AXIS2_PLACEMENT_3D('',#5448,#5449,#5450);
#5448 = CARTESIAN_POINT('',(-0.7,0.735,0.675));
#5449 = DIRECTION('',(0.,0.,-1.));
#5450 = DIRECTION('',(1.,-1.144237745222E-17,0.));
#5451 = ADVANCED_FACE('',(#5452),#5500,.F.);
#5452 = FACE_BOUND('',#5453,.F.);
#5453 = EDGE_LOOP('',(#5454,#5464,#5472,#5478,#5479,#5480,#5487,#5495));
#5454 = ORIENTED_EDGE('',*,*,#5455,.T.);
#5455 = EDGE_CURVE('',#5456,#5458,#5460,.T.);
#5456 = VERTEX_POINT('',#5457);
#5457 = CARTESIAN_POINT('',(-0.625,-1.3425,0.675));
#5458 = VERTEX_POINT('',#5459);
#5459 = CARTESIAN_POINT('',(-0.625,-1.165,0.675));
#5460 = LINE('',#5461,#5462);
#5461 = CARTESIAN_POINT('',(-0.625,-1.3425,0.675));
#5462 = VECTOR('',#5463,1.);
#5463 = DIRECTION('',(-1.110223024625E-16,1.,0.));
#5464 = ORIENTED_EDGE('',*,*,#5465,.T.);
#5465 = EDGE_CURVE('',#5458,#5466,#5468,.T.);
#5466 = VERTEX_POINT('',#5467);
#5467 = CARTESIAN_POINT('',(-0.625,-0.735,0.675));
#5468 = LINE('',#5469,#5470);
#5469 = CARTESIAN_POINT('',(-0.625,-1.3425,0.675));
#5470 = VECTOR('',#5471,1.);
#5471 = DIRECTION('',(-1.110223024625E-16,1.,0.));
#5472 = ORIENTED_EDGE('',*,*,#5473,.T.);
#5473 = EDGE_CURVE('',#5466,#5434,#5474,.T.);
#5474 = LINE('',#5475,#5476);
#5475 = CARTESIAN_POINT('',(-0.625,-1.3425,0.675));
#5476 = VECTOR('',#5477,1.);
#5477 = DIRECTION('',(-1.110223024625E-16,1.,0.));
#5478 = ORIENTED_EDGE('',*,*,#5433,.T.);
#5479 = ORIENTED_EDGE('',*,*,#5021,.T.);
#5480 = ORIENTED_EDGE('',*,*,#5481,.T.);
#5481 = EDGE_CURVE('',#5014,#5482,#5484,.T.);
#5482 = VERTEX_POINT('',#5483);
#5483 = CARTESIAN_POINT('',(-0.565270145251,1.312635072626,1.1));
#5484 = B_SPLINE_CURVE_WITH_KNOTS('',1,(#5485,#5486),.UNSPECIFIED.,.F.,
  .F.,(2,2),(0.,1.),.PIECEWISE_BEZIER_KNOTS.);
#5485 = CARTESIAN_POINT('',(-0.625,1.3425,0.675));
#5486 = CARTESIAN_POINT('',(-0.565270145251,1.312635072626,1.1));
#5487 = ORIENTED_EDGE('',*,*,#5488,.F.);
#5488 = EDGE_CURVE('',#5489,#5482,#5491,.T.);
#5489 = VERTEX_POINT('',#5490);
#5490 = CARTESIAN_POINT('',(-0.565270145251,-1.312635072626,1.1));
#5491 = LINE('',#5492,#5493);
#5492 = CARTESIAN_POINT('',(-0.565270145251,-1.312635072626,1.1));
#5493 = VECTOR('',#5494,1.);
#5494 = DIRECTION('',(-1.110223024625E-16,1.,0.));
#5495 = ORIENTED_EDGE('',*,*,#5496,.F.);
#5496 = EDGE_CURVE('',#5456,#5489,#5497,.T.);
#5497 = B_SPLINE_CURVE_WITH_KNOTS('',1,(#5498,#5499),.UNSPECIFIED.,.F.,
  .F.,(2,2),(0.,1.),.PIECEWISE_BEZIER_KNOTS.);
#5498 = CARTESIAN_POINT('',(-0.625,-1.3425,0.675));
#5499 = CARTESIAN_POINT('',(-0.565270145251,-1.312635072626,1.1));
#5500 = B_SPLINE_SURFACE_WITH_KNOTS('',1,1,(
    (#5501,#5502)
    ,(#5503,#5504
    )),.UNSPECIFIED.,.F.,.F.,.F.,(2,2),(2,2),(0.,2.685),(0.,1.),
  .PIECEWISE_BEZIER_KNOTS.);
#5501 = CARTESIAN_POINT('',(-0.625,-1.3425,0.675));
#5502 = CARTESIAN_POINT('',(-0.565270145251,-1.312635072626,1.1));
#5503 = CARTESIAN_POINT('',(-0.625,1.3425,0.675));
#5504 = CARTESIAN_POINT('',(-0.565270145251,1.312635072626,1.1));
#5505 = ADVANCED_FACE('',(#5506),#5523,.F.);
#5506 = FACE_BOUND('',#5507,.F.);
#5507 = EDGE_LOOP('',(#5508,#5509,#5516,#5522));
#5508 = ORIENTED_EDGE('',*,*,#5013,.T.);
#5509 = ORIENTED_EDGE('',*,*,#5510,.T.);
#5510 = EDGE_CURVE('',#5006,#5511,#5513,.T.);
#5511 = VERTEX_POINT('',#5512);
#5512 = CARTESIAN_POINT('',(-0.512635072626,1.365270145251,1.1));
#5513 = B_SPLINE_CURVE_WITH_KNOTS('',1,(#5514,#5515),.UNSPECIFIED.,.F.,
  .F.,(2,2),(0.,1.),.PIECEWISE_BEZIER_KNOTS.);
#5514 = CARTESIAN_POINT('',(-0.5425,1.425,0.675));
#5515 = CARTESIAN_POINT('',(-0.512635072626,1.365270145251,1.1));
#5516 = ORIENTED_EDGE('',*,*,#5517,.F.);
#5517 = EDGE_CURVE('',#5482,#5511,#5518,.T.);
#5518 = LINE('',#5519,#5520);
#5519 = CARTESIAN_POINT('',(-0.565270145251,1.312635072626,1.1));
#5520 = VECTOR('',#5521,1.);
#5521 = DIRECTION('',(0.707106781187,0.707106781187,0.));
#5522 = ORIENTED_EDGE('',*,*,#5481,.F.);
#5523 = B_SPLINE_SURFACE_WITH_KNOTS('',1,1,(
    (#5524,#5525)
    ,(#5526,#5527
    )),.UNSPECIFIED.,.F.,.F.,.F.,(2,2),(2,2),(0.,0.116672618896),(0.,1.)
  ,.PIECEWISE_BEZIER_KNOTS.);
#5524 = CARTESIAN_POINT('',(-0.625,1.3425,0.675));
#5525 = CARTESIAN_POINT('',(-0.565270145251,1.312635072626,1.1));
#5526 = CARTESIAN_POINT('',(-0.5425,1.425,0.675));
#5527 = CARTESIAN_POINT('',(-0.512635072626,1.365270145251,1.1));
#5528 = ADVANCED_FACE('',(#5529),#5546,.F.);
#5529 = FACE_BOUND('',#5530,.F.);
#5530 = EDGE_LOOP('',(#5531,#5532,#5539,#5545));
#5531 = ORIENTED_EDGE('',*,*,#5005,.T.);
#5532 = ORIENTED_EDGE('',*,*,#5533,.T.);
#5533 = EDGE_CURVE('',#4998,#5534,#5536,.T.);
#5534 = VERTEX_POINT('',#5535);
#5535 = CARTESIAN_POINT('',(0.512635072626,1.365270145251,1.1));
#5536 = B_SPLINE_CURVE_WITH_KNOTS('',1,(#5537,#5538),.UNSPECIFIED.,.F.,
  .F.,(2,2),(0.,1.),.PIECEWISE_BEZIER_KNOTS.);
#5537 = CARTESIAN_POINT('',(0.5425,1.425,0.675));
#5538 = CARTESIAN_POINT('',(0.512635072626,1.365270145251,1.1));
#5539 = ORIENTED_EDGE('',*,*,#5540,.F.);
#5540 = EDGE_CURVE('',#5511,#5534,#5541,.T.);
#5541 = LINE('',#5542,#5543);
#5542 = CARTESIAN_POINT('',(-0.512635072626,1.365270145251,1.1));
#5543 = VECTOR('',#5544,1.);
#5544 = DIRECTION('',(1.,1.110223024625E-16,0.));
#5545 = ORIENTED_EDGE('',*,*,#5510,.F.);
#5546 = B_SPLINE_SURFACE_WITH_KNOTS('',1,1,(
    (#5547,#5548)
    ,(#5549,#5550
    )),.UNSPECIFIED.,.F.,.F.,.F.,(2,2),(2,2),(0.,1.085),(0.,1.),
  .PIECEWISE_BEZIER_KNOTS.);
#5547 = CARTESIAN_POINT('',(-0.5425,1.425,0.675));
#5548 = CARTESIAN_POINT('',(-0.512635072626,1.365270145251,1.1));
#5549 = CARTESIAN_POINT('',(0.5425,1.425,0.675));
#5550 = CARTESIAN_POINT('',(0.512635072626,1.365270145251,1.1));
#5551 = ADVANCED_FACE('',(#5552),#5569,.F.);
#5552 = FACE_BOUND('',#5553,.F.);
#5553 = EDGE_LOOP('',(#5554,#5555,#5562,#5568));
#5554 = ORIENTED_EDGE('',*,*,#4997,.T.);
#5555 = ORIENTED_EDGE('',*,*,#5556,.T.);
#5556 = EDGE_CURVE('',#4990,#5557,#5559,.T.);
#5557 = VERTEX_POINT('',#5558);
#5558 = CARTESIAN_POINT('',(0.565270145251,1.312635072626,1.1));
#5559 = B_SPLINE_CURVE_WITH_KNOTS('',1,(#5560,#5561),.UNSPECIFIED.,.F.,
  .F.,(2,2),(0.,1.),.PIECEWISE_BEZIER_KNOTS.);
#5560 = CARTESIAN_POINT('',(0.625,1.3425,0.675));
#5561 = CARTESIAN_POINT('',(0.565270145251,1.312635072626,1.1));
#5562 = ORIENTED_EDGE('',*,*,#5563,.F.);
#5563 = EDGE_CURVE('',#5534,#5557,#5564,.T.);
#5564 = LINE('',#5565,#5566);
#5565 = CARTESIAN_POINT('',(0.512635072626,1.365270145251,1.1));
#5566 = VECTOR('',#5567,1.);
#5567 = DIRECTION('',(0.707106781187,-0.707106781187,0.));
#5568 = ORIENTED_EDGE('',*,*,#5533,.F.);
#5569 = B_SPLINE_SURFACE_WITH_KNOTS('',1,1,(
    (#5570,#5571)
    ,(#5572,#5573
    )),.UNSPECIFIED.,.F.,.F.,.F.,(2,2),(2,2),(0.,0.116672618896),(0.,1.)
  ,.PIECEWISE_BEZIER_KNOTS.);
#5570 = CARTESIAN_POINT('',(0.5425,1.425,0.675));
#5571 = CARTESIAN_POINT('',(0.512635072626,1.365270145251,1.1));
#5572 = CARTESIAN_POINT('',(0.625,1.3425,0.675));
#5573 = CARTESIAN_POINT('',(0.565270145251,1.312635072626,1.1));
#5574 = ADVANCED_FACE('',(#5575),#5624,.F.);
#5575 = FACE_BOUND('',#5576,.F.);
#5576 = EDGE_LOOP('',(#5577,#5578,#5586,#5594,#5602,#5610,#5617,#5623));
#5577 = ORIENTED_EDGE('',*,*,#4989,.T.);
#5578 = ORIENTED_EDGE('',*,*,#5579,.T.);
#5579 = EDGE_CURVE('',#4982,#5580,#5582,.T.);
#5580 = VERTEX_POINT('',#5581);
#5581 = CARTESIAN_POINT('',(0.625,0.735,0.675));
#5582 = LINE('',#5583,#5584);
#5583 = CARTESIAN_POINT('',(0.625,1.3425,0.675));
#5584 = VECTOR('',#5585,1.);
#5585 = DIRECTION('',(1.110223024625E-16,-1.,0.));
#5586 = ORIENTED_EDGE('',*,*,#5587,.T.);
#5587 = EDGE_CURVE('',#5580,#5588,#5590,.T.);
#5588 = VERTEX_POINT('',#5589);
#5589 = CARTESIAN_POINT('',(0.625,-0.735,0.675));
#5590 = LINE('',#5591,#5592);
#5591 = CARTESIAN_POINT('',(0.625,1.3425,0.675));
#5592 = VECTOR('',#5593,1.);
#5593 = DIRECTION('',(1.110223024625E-16,-1.,0.));
#5594 = ORIENTED_EDGE('',*,*,#5595,.T.);
#5595 = EDGE_CURVE('',#5588,#5596,#5598,.T.);
#5596 = VERTEX_POINT('',#5597);
#5597 = CARTESIAN_POINT('',(0.625,-1.165,0.675));
#5598 = LINE('',#5599,#5600);
#5599 = CARTESIAN_POINT('',(0.625,1.3425,0.675));
#5600 = VECTOR('',#5601,1.);
#5601 = DIRECTION('',(1.110223024625E-16,-1.,0.));
#5602 = ORIENTED_EDGE('',*,*,#5603,.T.);
#5603 = EDGE_CURVE('',#5596,#5604,#5606,.T.);
#5604 = VERTEX_POINT('',#5605);
#5605 = CARTESIAN_POINT('',(0.625,-1.3425,0.675));
#5606 = LINE('',#5607,#5608);
#5607 = CARTESIAN_POINT('',(0.625,1.3425,0.675));
#5608 = VECTOR('',#5609,1.);
#5609 = DIRECTION('',(1.110223024625E-16,-1.,0.));
#5610 = ORIENTED_EDGE('',*,*,#5611,.T.);
#5611 = EDGE_CURVE('',#5604,#5612,#5614,.T.);
#5612 = VERTEX_POINT('',#5613);
#5613 = CARTESIAN_POINT('',(0.565270145251,-1.312635072626,1.1));
#5614 = B_SPLINE_CURVE_WITH_KNOTS('',1,(#5615,#5616),.UNSPECIFIED.,.F.,
  .F.,(2,2),(0.,1.),.PIECEWISE_BEZIER_KNOTS.);
#5615 = CARTESIAN_POINT('',(0.625,-1.3425,0.675));
#5616 = CARTESIAN_POINT('',(0.565270145251,-1.312635072626,1.1));
#5617 = ORIENTED_EDGE('',*,*,#5618,.F.);
#5618 = EDGE_CURVE('',#5557,#5612,#5619,.T.);
#5619 = LINE('',#5620,#5621);
#5620 = CARTESIAN_POINT('',(0.565270145251,1.312635072626,1.1));
#5621 = VECTOR('',#5622,1.);
#5622 = DIRECTION('',(1.110223024625E-16,-1.,0.));
#5623 = ORIENTED_EDGE('',*,*,#5556,.F.);
#5624 = B_SPLINE_SURFACE_WITH_KNOTS('',1,1,(
    (#5625,#5626)
    ,(#5627,#5628
    )),.UNSPECIFIED.,.F.,.F.,.F.,(2,2),(2,2),(0.,2.685),(0.,1.),
  .PIECEWISE_BEZIER_KNOTS.);
#5625 = CARTESIAN_POINT('',(0.625,1.3425,0.675));
#5626 = CARTESIAN_POINT('',(0.565270145251,1.312635072626,1.1));
#5627 = CARTESIAN_POINT('',(0.625,-1.3425,0.675));
#5628 = CARTESIAN_POINT('',(0.565270145251,-1.312635072626,1.1));
#5629 = ADVANCED_FACE('',(#5630),#5662,.F.);
#5630 = FACE_BOUND('',#5631,.F.);
#5631 = EDGE_LOOP('',(#5632,#5640,#5648,#5654,#5660,#5661));
#5632 = ORIENTED_EDGE('',*,*,#5633,.F.);
#5633 = EDGE_CURVE('',#5634,#4974,#5636,.T.);
#5634 = VERTEX_POINT('',#5635);
#5635 = CARTESIAN_POINT('',(0.7,1.165,0.675));
#5636 = LINE('',#5637,#5638);
#5637 = CARTESIAN_POINT('',(0.7,1.165,0.675));
#5638 = VECTOR('',#5639,1.);
#5639 = DIRECTION('',(-1.,-1.110223024625E-16,0.));
#5640 = ORIENTED_EDGE('',*,*,#5641,.T.);
#5641 = EDGE_CURVE('',#5634,#5642,#5644,.T.);
#5642 = VERTEX_POINT('',#5643);
#5643 = CARTESIAN_POINT('',(0.7,0.735,0.675));
#5644 = LINE('',#5645,#5646);
#5645 = CARTESIAN_POINT('',(0.7,1.165,0.675));
#5646 = VECTOR('',#5647,1.);
#5647 = DIRECTION('',(1.110223024625E-16,-1.,0.));
#5648 = ORIENTED_EDGE('',*,*,#5649,.T.);
#5649 = EDGE_CURVE('',#5642,#5256,#5650,.T.);
#5650 = LINE('',#5651,#5652);
#5651 = CARTESIAN_POINT('',(0.7,0.735,0.675));
#5652 = VECTOR('',#5653,1.);
#5653 = DIRECTION('',(-1.,-1.110223024625E-16,0.));
#5654 = ORIENTED_EDGE('',*,*,#5655,.T.);
#5655 = EDGE_CURVE('',#5256,#5580,#5656,.T.);
#5656 = LINE('',#5657,#5658);
#5657 = CARTESIAN_POINT('',(0.7,0.735,0.675));
#5658 = VECTOR('',#5659,1.);
#5659 = DIRECTION('',(-1.,-1.110223024625E-16,0.));
#5660 = ORIENTED_EDGE('',*,*,#5579,.F.);
#5661 = ORIENTED_EDGE('',*,*,#4981,.F.);
#5662 = PLANE('',#5663);
#5663 = AXIS2_PLACEMENT_3D('',#5664,#5665,#5666);
#5664 = CARTESIAN_POINT('',(0.7,1.165,0.675));
#5665 = DIRECTION('',(0.,0.,-1.));
#5666 = DIRECTION('',(-1.,-1.110223024625E-16,-0.));
#5667 = ADVANCED_FACE('',(#5668),#5711,.F.);
#5668 = FACE_BOUND('',#5669,.F.);
#5669 = EDGE_LOOP('',(#5670,#5671,#5677,#5678,#5686,#5694,#5700,#5701,
    #5707,#5708,#5709,#5710));
#5670 = ORIENTED_EDGE('',*,*,#5083,.T.);
#5671 = ORIENTED_EDGE('',*,*,#5672,.T.);
#5672 = EDGE_CURVE('',#5076,#5458,#5673,.T.);
#5673 = LINE('',#5674,#5675);
#5674 = CARTESIAN_POINT('',(-0.7,-1.165,0.675));
#5675 = VECTOR('',#5676,1.);
#5676 = DIRECTION('',(1.,-1.144237745222E-17,0.));
#5677 = ORIENTED_EDGE('',*,*,#5455,.F.);
#5678 = ORIENTED_EDGE('',*,*,#5679,.F.);
#5679 = EDGE_CURVE('',#5680,#5456,#5682,.T.);
#5680 = VERTEX_POINT('',#5681);
#5681 = CARTESIAN_POINT('',(-0.5425,-1.425,0.675));
#5682 = LINE('',#5683,#5684);
#5683 = CARTESIAN_POINT('',(-0.5425,-1.425,0.675));
#5684 = VECTOR('',#5685,1.);
#5685 = DIRECTION('',(-0.707106781187,0.707106781187,0.));
#5686 = ORIENTED_EDGE('',*,*,#5687,.F.);
#5687 = EDGE_CURVE('',#5688,#5680,#5690,.T.);
#5688 = VERTEX_POINT('',#5689);
#5689 = CARTESIAN_POINT('',(0.5425,-1.425,0.675));
#5690 = LINE('',#5691,#5692);
#5691 = CARTESIAN_POINT('',(0.5425,-1.425,0.675));
#5692 = VECTOR('',#5693,1.);
#5693 = DIRECTION('',(-1.,-1.110223024625E-16,0.));
#5694 = ORIENTED_EDGE('',*,*,#5695,.F.);
#5695 = EDGE_CURVE('',#5604,#5688,#5696,.T.);
#5696 = LINE('',#5697,#5698);
#5697 = CARTESIAN_POINT('',(0.625,-1.3425,0.675));
#5698 = VECTOR('',#5699,1.);
#5699 = DIRECTION('',(-0.707106781187,-0.707106781187,0.));
#5700 = ORIENTED_EDGE('',*,*,#5603,.F.);
#5701 = ORIENTED_EDGE('',*,*,#5702,.F.);
#5702 = EDGE_CURVE('',#5318,#5596,#5703,.T.);
#5703 = LINE('',#5704,#5705);
#5704 = CARTESIAN_POINT('',(0.7,-1.165,0.675));
#5705 = VECTOR('',#5706,1.);
#5706 = DIRECTION('',(-1.,-1.110223024625E-16,0.));
#5707 = ORIENTED_EDGE('',*,*,#5333,.T.);
#5708 = ORIENTED_EDGE('',*,*,#5378,.T.);
#5709 = ORIENTED_EDGE('',*,*,#5395,.T.);
#5710 = ORIENTED_EDGE('',*,*,#5349,.T.);
#5711 = PLANE('',#5712);
#5712 = AXIS2_PLACEMENT_3D('',#5713,#5714,#5715);
#5713 = CARTESIAN_POINT('',(-5.499503515576E-17,1.4375,0.675));
#5714 = DIRECTION('',(-4.735780055487E-31,-6.662940868892E-27,-1.));
#5715 = DIRECTION('',(1.,1.113200023686E-16,-4.735780055494E-31));
#5716 = ADVANCED_FACE('',(#5717),#5803,.F.);
#5717 = FACE_BOUND('',#5718,.F.);
#5718 = EDGE_LOOP('',(#5719,#5720,#5721,#5730,#5738,#5747,#5755,#5763,
    #5771,#5780,#5788,#5797));
#5719 = ORIENTED_EDGE('',*,*,#5075,.F.);
#5720 = ORIENTED_EDGE('',*,*,#5097,.T.);
#5721 = ORIENTED_EDGE('',*,*,#5722,.T.);
#5722 = EDGE_CURVE('',#5098,#5723,#5725,.T.);
#5723 = VERTEX_POINT('',#5724);
#5724 = CARTESIAN_POINT('',(-0.798480775301,-1.165,0.442364817767));
#5725 = CIRCLE('',#5726,0.1);
#5726 = AXIS2_PLACEMENT_3D('',#5727,#5728,#5729);
#5727 = CARTESIAN_POINT('',(-0.7,-1.165,0.425));
#5728 = DIRECTION('',(-1.144237745222E-17,-1.,0.));
#5729 = DIRECTION('',(0.,0.,1.));
#5730 = ORIENTED_EDGE('',*,*,#5731,.T.);
#5731 = EDGE_CURVE('',#5723,#5732,#5734,.T.);
#5732 = VERTEX_POINT('',#5733);
#5733 = CARTESIAN_POINT('',(-0.834655283371,-1.165,0.206587955583));
#5734 = LINE('',#5735,#5736);
#5735 = CARTESIAN_POINT('',(-0.798480775301,-1.165,0.442364817767));
#5736 = VECTOR('',#5737,1.);
#5737 = DIRECTION('',(-0.151652327974,1.735263178185E-18,-0.988433898356
    ));
#5738 = ORIENTED_EDGE('',*,*,#5739,.T.);
#5739 = EDGE_CURVE('',#5732,#5740,#5742,.T.);
#5740 = VERTEX_POINT('',#5741);
#5741 = CARTESIAN_POINT('',(-1.080857221624,-1.165,5.551115123126E-17));
#5742 = CIRCLE('',#5743,0.25);
#5743 = AXIS2_PLACEMENT_3D('',#5744,#5745,#5746);
#5744 = CARTESIAN_POINT('',(-1.080857221624,-1.165,0.25));
#5745 = DIRECTION('',(1.144237745222E-17,1.,3.851859888774E-34));
#5746 = DIRECTION('',(0.984807753012,-1.126854202784E-17,-0.173648177667
    ));
#5747 = ORIENTED_EDGE('',*,*,#5748,.T.);
#5748 = EDGE_CURVE('',#5740,#5749,#5751,.T.);
#5749 = VERTEX_POINT('',#5750);
#5750 = CARTESIAN_POINT('',(-1.15,-1.165,5.551115123126E-17));
#5751 = LINE('',#5752,#5753);
#5752 = CARTESIAN_POINT('',(-1.080857221624,-1.165,5.551115123126E-17));
#5753 = VECTOR('',#5754,1.);
#5754 = DIRECTION('',(-1.,1.144237745222E-17,0.));
#5755 = ORIENTED_EDGE('',*,*,#5756,.T.);
#5756 = EDGE_CURVE('',#5749,#5757,#5759,.T.);
#5757 = VERTEX_POINT('',#5758);
#5758 = CARTESIAN_POINT('',(-1.15,-1.165,0.15));
#5759 = LINE('',#5760,#5761);
#5760 = CARTESIAN_POINT('',(-1.15,-1.165,5.551115123126E-17));
#5761 = VECTOR('',#5762,1.);
#5762 = DIRECTION('',(0.,0.,1.));
#5763 = ORIENTED_EDGE('',*,*,#5764,.T.);
#5764 = EDGE_CURVE('',#5757,#5765,#5767,.T.);
#5765 = VERTEX_POINT('',#5766);
#5766 = CARTESIAN_POINT('',(-1.080857221624,-1.165,0.15));
#5767 = LINE('',#5768,#5769);
#5768 = CARTESIAN_POINT('',(-1.15,-1.165,0.15));
#5769 = VECTOR('',#5770,1.);
#5770 = DIRECTION('',(1.,-1.144237745222E-17,0.));
#5771 = ORIENTED_EDGE('',*,*,#5772,.T.);
#5772 = EDGE_CURVE('',#5765,#5773,#5775,.T.);
#5773 = VERTEX_POINT('',#5774);
#5774 = CARTESIAN_POINT('',(-0.982376446323,-1.165,0.232635182233));
#5775 = CIRCLE('',#5776,0.1);
#5776 = AXIS2_PLACEMENT_3D('',#5777,#5778,#5779);
#5777 = CARTESIAN_POINT('',(-1.080857221624,-1.165,0.25));
#5778 = DIRECTION('',(-1.144237745222E-17,-1.,1.094764425254E-47));
#5779 = DIRECTION('',(-2.22044604925E-15,2.540718180781E-32,-1.));
#5780 = ORIENTED_EDGE('',*,*,#5781,.T.);
#5781 = EDGE_CURVE('',#5773,#5782,#5784,.T.);
#5782 = VERTEX_POINT('',#5783);
#5783 = CARTESIAN_POINT('',(-0.946201938253,-1.165,0.468412044417));
#5784 = LINE('',#5785,#5786);
#5785 = CARTESIAN_POINT('',(-0.982376446323,-1.165,0.232635182233));
#5786 = VECTOR('',#5787,1.);
#5787 = DIRECTION('',(0.151652327974,-1.735263178185E-18,0.988433898356)
  );
#5788 = ORIENTED_EDGE('',*,*,#5789,.T.);
#5789 = EDGE_CURVE('',#5782,#5790,#5792,.T.);
#5790 = VERTEX_POINT('',#5791);
#5791 = CARTESIAN_POINT('',(-0.7,-1.165,0.675));
#5792 = CIRCLE('',#5793,0.25);
#5793 = AXIS2_PLACEMENT_3D('',#5794,#5795,#5796);
#5794 = CARTESIAN_POINT('',(-0.7,-1.165,0.425));
#5795 = DIRECTION('',(1.144237745222E-17,1.,0.));
#5796 = DIRECTION('',(-0.984807753012,1.126854202784E-17,0.173648177667)
  );
#5797 = ORIENTED_EDGE('',*,*,#5798,.T.);
#5798 = EDGE_CURVE('',#5790,#5076,#5799,.T.);
#5799 = LINE('',#5800,#5801);
#5800 = CARTESIAN_POINT('',(-0.7,-1.165,0.675));
#5801 = VECTOR('',#5802,1.);
#5802 = DIRECTION('',(1.,-1.144237745222E-17,0.));
#5803 = PLANE('',#5804);
#5804 = AXIS2_PLACEMENT_3D('',#5805,#5806,#5807);
#5805 = CARTESIAN_POINT('',(-0.88006362152,-1.165,0.345273741969));
#5806 = DIRECTION('',(1.144237745222E-17,1.,0.));
#5807 = DIRECTION('',(0.,-0.,1.));
#5808 = ADVANCED_FACE('',(#5809),#5828,.F.);
#5809 = FACE_BOUND('',#5810,.F.);
#5810 = EDGE_LOOP('',(#5811,#5812,#5821,#5827));
#5811 = ORIENTED_EDGE('',*,*,#5114,.T.);
#5812 = ORIENTED_EDGE('',*,*,#5813,.T.);
#5813 = EDGE_CURVE('',#5107,#5814,#5816,.T.);
#5814 = VERTEX_POINT('',#5815);
#5815 = CARTESIAN_POINT('',(-0.798480775301,-0.735,0.442364817767));
#5816 = CIRCLE('',#5817,0.1);
#5817 = AXIS2_PLACEMENT_3D('',#5818,#5819,#5820);
#5818 = CARTESIAN_POINT('',(-0.7,-0.735,0.425));
#5819 = DIRECTION('',(-1.144237745222E-17,-1.,0.));
#5820 = DIRECTION('',(0.,0.,1.));
#5821 = ORIENTED_EDGE('',*,*,#5822,.F.);
#5822 = EDGE_CURVE('',#5723,#5814,#5823,.T.);
#5823 = LINE('',#5824,#5825);
#5824 = CARTESIAN_POINT('',(-0.798480775301,-1.165,0.442364817767));
#5825 = VECTOR('',#5826,1.);
#5826 = DIRECTION('',(1.144237745222E-17,1.,0.));
#5827 = ORIENTED_EDGE('',*,*,#5722,.F.);
#5828 = CYLINDRICAL_SURFACE('',#5829,0.1);
#5829 = AXIS2_PLACEMENT_3D('',#5830,#5831,#5832);
#5830 = CARTESIAN_POINT('',(-0.7,-1.165,0.425));
#5831 = DIRECTION('',(-1.144237745222E-17,-1.,0.));
#5832 = DIRECTION('',(0.,0.,1.));
#5833 = ADVANCED_FACE('',(#5834),#5912,.T.);
#5834 = FACE_BOUND('',#5835,.T.);
#5835 = EDGE_LOOP('',(#5836,#5837,#5838,#5839,#5847,#5856,#5864,#5872,
    #5880,#5889,#5897,#5906));
#5836 = ORIENTED_EDGE('',*,*,#5128,.F.);
#5837 = ORIENTED_EDGE('',*,*,#5106,.T.);
#5838 = ORIENTED_EDGE('',*,*,#5813,.T.);
#5839 = ORIENTED_EDGE('',*,*,#5840,.T.);
#5840 = EDGE_CURVE('',#5814,#5841,#5843,.T.);
#5841 = VERTEX_POINT('',#5842);
#5842 = CARTESIAN_POINT('',(-0.834655283371,-0.735,0.206587955583));
#5843 = LINE('',#5844,#5845);
#5844 = CARTESIAN_POINT('',(-0.798480775301,-0.735,0.442364817767));
#5845 = VECTOR('',#5846,1.);
#5846 = DIRECTION('',(-0.151652327974,1.735263178185E-18,-0.988433898356
    ));
#5847 = ORIENTED_EDGE('',*,*,#5848,.T.);
#5848 = EDGE_CURVE('',#5841,#5849,#5851,.T.);
#5849 = VERTEX_POINT('',#5850);
#5850 = CARTESIAN_POINT('',(-1.080857221624,-0.735,5.551115123126E-17));
#5851 = CIRCLE('',#5852,0.25);
#5852 = AXIS2_PLACEMENT_3D('',#5853,#5854,#5855);
#5853 = CARTESIAN_POINT('',(-1.080857221624,-0.735,0.25));
#5854 = DIRECTION('',(1.144237745222E-17,1.,3.851859888774E-34));
#5855 = DIRECTION('',(0.984807753012,-1.126854202784E-17,-0.173648177667
    ));
#5856 = ORIENTED_EDGE('',*,*,#5857,.T.);
#5857 = EDGE_CURVE('',#5849,#5858,#5860,.T.);
#5858 = VERTEX_POINT('',#5859);
#5859 = CARTESIAN_POINT('',(-1.15,-0.735,5.551115123126E-17));
#5860 = LINE('',#5861,#5862);
#5861 = CARTESIAN_POINT('',(-1.080857221624,-0.735,5.551115123126E-17));
#5862 = VECTOR('',#5863,1.);
#5863 = DIRECTION('',(-1.,1.144237745222E-17,0.));
#5864 = ORIENTED_EDGE('',*,*,#5865,.T.);
#5865 = EDGE_CURVE('',#5858,#5866,#5868,.T.);
#5866 = VERTEX_POINT('',#5867);
#5867 = CARTESIAN_POINT('',(-1.15,-0.735,0.15));
#5868 = LINE('',#5869,#5870);
#5869 = CARTESIAN_POINT('',(-1.15,-0.735,5.551115123126E-17));
#5870 = VECTOR('',#5871,1.);
#5871 = DIRECTION('',(0.,0.,1.));
#5872 = ORIENTED_EDGE('',*,*,#5873,.T.);
#5873 = EDGE_CURVE('',#5866,#5874,#5876,.T.);
#5874 = VERTEX_POINT('',#5875);
#5875 = CARTESIAN_POINT('',(-1.080857221624,-0.735,0.15));
#5876 = LINE('',#5877,#5878);
#5877 = CARTESIAN_POINT('',(-1.15,-0.735,0.15));
#5878 = VECTOR('',#5879,1.);
#5879 = DIRECTION('',(1.,-1.144237745222E-17,0.));
#5880 = ORIENTED_EDGE('',*,*,#5881,.T.);
#5881 = EDGE_CURVE('',#5874,#5882,#5884,.T.);
#5882 = VERTEX_POINT('',#5883);
#5883 = CARTESIAN_POINT('',(-0.982376446323,-0.735,0.232635182233));
#5884 = CIRCLE('',#5885,0.1);
#5885 = AXIS2_PLACEMENT_3D('',#5886,#5887,#5888);
#5886 = CARTESIAN_POINT('',(-1.080857221624,-0.735,0.25));
#5887 = DIRECTION('',(-1.144237745222E-17,-1.,1.094764425254E-47));
#5888 = DIRECTION('',(-2.22044604925E-15,2.540718180781E-32,-1.));
#5889 = ORIENTED_EDGE('',*,*,#5890,.T.);
#5890 = EDGE_CURVE('',#5882,#5891,#5893,.T.);
#5891 = VERTEX_POINT('',#5892);
#5892 = CARTESIAN_POINT('',(-0.946201938253,-0.735,0.468412044417));
#5893 = LINE('',#5894,#5895);
#5894 = CARTESIAN_POINT('',(-0.982376446323,-0.735,0.232635182233));
#5895 = VECTOR('',#5896,1.);
#5896 = DIRECTION('',(0.151652327974,-1.735263178185E-18,0.988433898356)
  );
#5897 = ORIENTED_EDGE('',*,*,#5898,.T.);
#5898 = EDGE_CURVE('',#5891,#5899,#5901,.T.);
#5899 = VERTEX_POINT('',#5900);
#5900 = CARTESIAN_POINT('',(-0.7,-0.735,0.675));
#5901 = CIRCLE('',#5902,0.25);
#5902 = AXIS2_PLACEMENT_3D('',#5903,#5904,#5905);
#5903 = CARTESIAN_POINT('',(-0.7,-0.735,0.425));
#5904 = DIRECTION('',(1.144237745222E-17,1.,0.));
#5905 = DIRECTION('',(-0.984807753012,1.126854202784E-17,0.173648177667)
  );
#5906 = ORIENTED_EDGE('',*,*,#5907,.T.);
#5907 = EDGE_CURVE('',#5899,#5129,#5908,.T.);
#5908 = LINE('',#5909,#5910);
#5909 = CARTESIAN_POINT('',(-0.7,-0.735,0.675));
#5910 = VECTOR('',#5911,1.);
#5911 = DIRECTION('',(1.,-1.144237745222E-17,0.));
#5912 = PLANE('',#5913);
#5913 = AXIS2_PLACEMENT_3D('',#5914,#5915,#5916);
#5914 = CARTESIAN_POINT('',(-0.88006362152,-0.735,0.345273741969));
#5915 = DIRECTION('',(1.144237745222E-17,1.,0.));
#5916 = DIRECTION('',(0.,-0.,1.));
#5917 = ADVANCED_FACE('',(#5918),#5929,.F.);
#5918 = FACE_BOUND('',#5919,.F.);
#5919 = EDGE_LOOP('',(#5920,#5921,#5922,#5923));
#5920 = ORIENTED_EDGE('',*,*,#5145,.T.);
#5921 = ORIENTED_EDGE('',*,*,#5441,.T.);
#5922 = ORIENTED_EDGE('',*,*,#5473,.F.);
#5923 = ORIENTED_EDGE('',*,*,#5924,.F.);
#5924 = EDGE_CURVE('',#5129,#5466,#5925,.T.);
#5925 = LINE('',#5926,#5927);
#5926 = CARTESIAN_POINT('',(-0.7,-0.735,0.675));
#5927 = VECTOR('',#5928,1.);
#5928 = DIRECTION('',(1.,-1.144237745222E-17,0.));
#5929 = PLANE('',#5930);
#5930 = AXIS2_PLACEMENT_3D('',#5931,#5932,#5933);
#5931 = CARTESIAN_POINT('',(-5.499503515576E-17,1.4375,0.675));
#5932 = DIRECTION('',(-4.735780055487E-31,-6.662940868892E-27,-1.));
#5933 = DIRECTION('',(1.,1.113200023686E-16,-4.735780055494E-31));
#5934 = ADVANCED_FACE('',(#5935),#6014,.F.);
#5935 = FACE_BOUND('',#5936,.F.);
#5936 = EDGE_LOOP('',(#5937,#5938,#5939,#5948,#5956,#5965,#5973,#5981,
    #5989,#5998,#6006,#6013));
#5937 = ORIENTED_EDGE('',*,*,#5137,.F.);
#5938 = ORIENTED_EDGE('',*,*,#5169,.T.);
#5939 = ORIENTED_EDGE('',*,*,#5940,.T.);
#5940 = EDGE_CURVE('',#5160,#5941,#5943,.T.);
#5941 = VERTEX_POINT('',#5942);
#5942 = CARTESIAN_POINT('',(-0.798480775301,0.355,0.442364817767));
#5943 = CIRCLE('',#5944,0.1);
#5944 = AXIS2_PLACEMENT_3D('',#5945,#5946,#5947);
#5945 = CARTESIAN_POINT('',(-0.7,0.355,0.425));
#5946 = DIRECTION('',(-1.144237745222E-17,-1.,0.));
#5947 = DIRECTION('',(0.,0.,1.));
#5948 = ORIENTED_EDGE('',*,*,#5949,.T.);
#5949 = EDGE_CURVE('',#5941,#5950,#5952,.T.);
#5950 = VERTEX_POINT('',#5951);
#5951 = CARTESIAN_POINT('',(-0.834655283371,0.355,0.206587955583));
#5952 = LINE('',#5953,#5954);
#5953 = CARTESIAN_POINT('',(-0.798480775301,0.355,0.442364817767));
#5954 = VECTOR('',#5955,1.);
#5955 = DIRECTION('',(-0.151652327974,1.735263178185E-18,-0.988433898356
    ));
#5956 = ORIENTED_EDGE('',*,*,#5957,.T.);
#5957 = EDGE_CURVE('',#5950,#5958,#5960,.T.);
#5958 = VERTEX_POINT('',#5959);
#5959 = CARTESIAN_POINT('',(-1.080857221624,0.355,5.551115123126E-17));
#5960 = CIRCLE('',#5961,0.25);
#5961 = AXIS2_PLACEMENT_3D('',#5962,#5963,#5964);
#5962 = CARTESIAN_POINT('',(-1.080857221624,0.355,0.25));
#5963 = DIRECTION('',(1.144237745222E-17,1.,3.851859888774E-34));
#5964 = DIRECTION('',(0.984807753012,-1.126854202784E-17,-0.173648177667
    ));
#5965 = ORIENTED_EDGE('',*,*,#5966,.T.);
#5966 = EDGE_CURVE('',#5958,#5967,#5969,.T.);
#5967 = VERTEX_POINT('',#5968);
#5968 = CARTESIAN_POINT('',(-1.15,0.355,5.551115123126E-17));
#5969 = LINE('',#5970,#5971);
#5970 = CARTESIAN_POINT('',(-1.080857221624,0.355,5.551115123126E-17));
#5971 = VECTOR('',#5972,1.);
#5972 = DIRECTION('',(-1.,1.144237745222E-17,0.));
#5973 = ORIENTED_EDGE('',*,*,#5974,.T.);
#5974 = EDGE_CURVE('',#5967,#5975,#5977,.T.);
#5975 = VERTEX_POINT('',#5976);
#5976 = CARTESIAN_POINT('',(-1.15,0.355,0.15));
#5977 = LINE('',#5978,#5979);
#5978 = CARTESIAN_POINT('',(-1.15,0.355,5.551115123126E-17));
#5979 = VECTOR('',#5980,1.);
#5980 = DIRECTION('',(0.,0.,1.));
#5981 = ORIENTED_EDGE('',*,*,#5982,.T.);
#5982 = EDGE_CURVE('',#5975,#5983,#5985,.T.);
#5983 = VERTEX_POINT('',#5984);
#5984 = CARTESIAN_POINT('',(-1.080857221624,0.355,0.15));
#5985 = LINE('',#5986,#5987);
#5986 = CARTESIAN_POINT('',(-1.15,0.355,0.15));
#5987 = VECTOR('',#5988,1.);
#5988 = DIRECTION('',(1.,-1.144237745222E-17,0.));
#5989 = ORIENTED_EDGE('',*,*,#5990,.T.);
#5990 = EDGE_CURVE('',#5983,#5991,#5993,.T.);
#5991 = VERTEX_POINT('',#5992);
#5992 = CARTESIAN_POINT('',(-0.982376446323,0.355,0.232635182233));
#5993 = CIRCLE('',#5994,0.1);
#5994 = AXIS2_PLACEMENT_3D('',#5995,#5996,#5997);
#5995 = CARTESIAN_POINT('',(-1.080857221624,0.355,0.25));
#5996 = DIRECTION('',(-1.144237745222E-17,-1.,1.094764425254E-47));
#5997 = DIRECTION('',(-2.22044604925E-15,2.540718180781E-32,-1.));
#5998 = ORIENTED_EDGE('',*,*,#5999,.T.);
#5999 = EDGE_CURVE('',#5991,#6000,#6002,.T.);
#6000 = VERTEX_POINT('',#6001);
#6001 = CARTESIAN_POINT('',(-0.946201938253,0.355,0.468412044417));
#6002 = LINE('',#6003,#6004);
#6003 = CARTESIAN_POINT('',(-0.982376446323,0.355,0.232635182233));
#6004 = VECTOR('',#6005,1.);
#6005 = DIRECTION('',(0.151652327974,-1.735263178185E-18,0.988433898356)
  );
#6006 = ORIENTED_EDGE('',*,*,#6007,.T.);
#6007 = EDGE_CURVE('',#6000,#5411,#6008,.T.);
#6008 = CIRCLE('',#6009,0.25);
#6009 = AXIS2_PLACEMENT_3D('',#6010,#6011,#6012);
#6010 = CARTESIAN_POINT('',(-0.7,0.355,0.425));
#6011 = DIRECTION('',(1.144237745222E-17,1.,0.));
#6012 = DIRECTION('',(-0.984807753012,1.126854202784E-17,0.173648177667)
  );
#6013 = ORIENTED_EDGE('',*,*,#5410,.T.);
#6014 = PLANE('',#6015);
#6015 = AXIS2_PLACEMENT_3D('',#6016,#6017,#6018);
#6016 = CARTESIAN_POINT('',(-0.88006362152,0.355,0.345273741969));
#6017 = DIRECTION('',(1.144237745222E-17,1.,0.));
#6018 = DIRECTION('',(0.,-0.,1.));
#6019 = ADVANCED_FACE('',(#6020),#6039,.F.);
#6020 = FACE_BOUND('',#6021,.F.);
#6021 = EDGE_LOOP('',(#6022,#6030,#6031,#6032));
#6022 = ORIENTED_EDGE('',*,*,#6023,.F.);
#6023 = EDGE_CURVE('',#5941,#6024,#6026,.T.);
#6024 = VERTEX_POINT('',#6025);
#6025 = CARTESIAN_POINT('',(-0.798480775301,1.165,0.442364817767));
#6026 = LINE('',#6027,#6028);
#6027 = CARTESIAN_POINT('',(-0.798480775301,0.355,0.442364817767));
#6028 = VECTOR('',#6029,1.);
#6029 = DIRECTION('',(2.604226847886E-17,1.,0.));
#6030 = ORIENTED_EDGE('',*,*,#5940,.F.);
#6031 = ORIENTED_EDGE('',*,*,#5159,.T.);
#6032 = ORIENTED_EDGE('',*,*,#6033,.T.);
#6033 = EDGE_CURVE('',#5162,#6024,#6034,.T.);
#6034 = CIRCLE('',#6035,0.1);
#6035 = AXIS2_PLACEMENT_3D('',#6036,#6037,#6038);
#6036 = CARTESIAN_POINT('',(-0.7,1.165,0.425));
#6037 = DIRECTION('',(-1.144237745222E-17,-1.,0.));
#6038 = DIRECTION('',(0.,0.,1.));
#6039 = CYLINDRICAL_SURFACE('',#6040,0.1);
#6040 = AXIS2_PLACEMENT_3D('',#6041,#6042,#6043);
#6041 = CARTESIAN_POINT('',(-0.7,0.735,0.425));
#6042 = DIRECTION('',(-1.144237745222E-17,-1.,0.));
#6043 = DIRECTION('',(0.,0.,1.));
#6044 = ADVANCED_FACE('',(#6045),#6116,.T.);
#6045 = FACE_BOUND('',#6046,.T.);
#6046 = EDGE_LOOP('',(#6047,#6048,#6049,#6050,#6058,#6067,#6075,#6083,
    #6091,#6100,#6108,#6115));
#6047 = ORIENTED_EDGE('',*,*,#5190,.F.);
#6048 = ORIENTED_EDGE('',*,*,#5176,.T.);
#6049 = ORIENTED_EDGE('',*,*,#6033,.T.);
#6050 = ORIENTED_EDGE('',*,*,#6051,.T.);
#6051 = EDGE_CURVE('',#6024,#6052,#6054,.T.);
#6052 = VERTEX_POINT('',#6053);
#6053 = CARTESIAN_POINT('',(-0.834655283371,1.165,0.206587955583));
#6054 = LINE('',#6055,#6056);
#6055 = CARTESIAN_POINT('',(-0.798480775301,1.165,0.442364817767));
#6056 = VECTOR('',#6057,1.);
#6057 = DIRECTION('',(-0.151652327974,1.735263178185E-18,-0.988433898356
    ));
#6058 = ORIENTED_EDGE('',*,*,#6059,.T.);
#6059 = EDGE_CURVE('',#6052,#6060,#6062,.T.);
#6060 = VERTEX_POINT('',#6061);
#6061 = CARTESIAN_POINT('',(-1.080857221624,1.165,5.551115123126E-17));
#6062 = CIRCLE('',#6063,0.25);
#6063 = AXIS2_PLACEMENT_3D('',#6064,#6065,#6066);
#6064 = CARTESIAN_POINT('',(-1.080857221624,1.165,0.25));
#6065 = DIRECTION('',(1.144237745222E-17,1.,3.851859888774E-34));
#6066 = DIRECTION('',(0.984807753012,-1.126854202784E-17,-0.173648177667
    ));
#6067 = ORIENTED_EDGE('',*,*,#6068,.T.);
#6068 = EDGE_CURVE('',#6060,#6069,#6071,.T.);
#6069 = VERTEX_POINT('',#6070);
#6070 = CARTESIAN_POINT('',(-1.15,1.165,5.551115123126E-17));
#6071 = LINE('',#6072,#6073);
#6072 = CARTESIAN_POINT('',(-1.080857221624,1.165,5.551115123126E-17));
#6073 = VECTOR('',#6074,1.);
#6074 = DIRECTION('',(-1.,1.144237745222E-17,0.));
#6075 = ORIENTED_EDGE('',*,*,#6076,.T.);
#6076 = EDGE_CURVE('',#6069,#6077,#6079,.T.);
#6077 = VERTEX_POINT('',#6078);
#6078 = CARTESIAN_POINT('',(-1.15,1.165,0.15));
#6079 = LINE('',#6080,#6081);
#6080 = CARTESIAN_POINT('',(-1.15,1.165,5.551115123126E-17));
#6081 = VECTOR('',#6082,1.);
#6082 = DIRECTION('',(0.,0.,1.));
#6083 = ORIENTED_EDGE('',*,*,#6084,.T.);
#6084 = EDGE_CURVE('',#6077,#6085,#6087,.T.);
#6085 = VERTEX_POINT('',#6086);
#6086 = CARTESIAN_POINT('',(-1.080857221624,1.165,0.15));
#6087 = LINE('',#6088,#6089);
#6088 = CARTESIAN_POINT('',(-1.15,1.165,0.15));
#6089 = VECTOR('',#6090,1.);
#6090 = DIRECTION('',(1.,-1.144237745222E-17,0.));
#6091 = ORIENTED_EDGE('',*,*,#6092,.T.);
#6092 = EDGE_CURVE('',#6085,#6093,#6095,.T.);
#6093 = VERTEX_POINT('',#6094);
#6094 = CARTESIAN_POINT('',(-0.982376446323,1.165,0.232635182233));
#6095 = CIRCLE('',#6096,0.1);
#6096 = AXIS2_PLACEMENT_3D('',#6097,#6098,#6099);
#6097 = CARTESIAN_POINT('',(-1.080857221624,1.165,0.25));
#6098 = DIRECTION('',(-1.144237745222E-17,-1.,1.094764425254E-47));
#6099 = DIRECTION('',(-2.22044604925E-15,2.540718180781E-32,-1.));
#6100 = ORIENTED_EDGE('',*,*,#6101,.T.);
#6101 = EDGE_CURVE('',#6093,#6102,#6104,.T.);
#6102 = VERTEX_POINT('',#6103);
#6103 = CARTESIAN_POINT('',(-0.946201938253,1.165,0.468412044417));
#6104 = LINE('',#6105,#6106);
#6105 = CARTESIAN_POINT('',(-0.982376446323,1.165,0.232635182233));
#6106 = VECTOR('',#6107,1.);
#6107 = DIRECTION('',(0.151652327974,-1.735263178185E-18,0.988433898356)
  );
#6108 = ORIENTED_EDGE('',*,*,#6109,.T.);
#6109 = EDGE_CURVE('',#6102,#5419,#6110,.T.);
#6110 = CIRCLE('',#6111,0.25);
#6111 = AXIS2_PLACEMENT_3D('',#6112,#6113,#6114);
#6112 = CARTESIAN_POINT('',(-0.7,1.165,0.425));
#6113 = DIRECTION('',(1.144237745222E-17,1.,0.));
#6114 = DIRECTION('',(-0.984807753012,1.126854202784E-17,0.173648177667)
  );
#6115 = ORIENTED_EDGE('',*,*,#5426,.T.);
#6116 = PLANE('',#6117);
#6117 = AXIS2_PLACEMENT_3D('',#6118,#6119,#6120);
#6118 = CARTESIAN_POINT('',(-0.88006362152,1.165,0.345273741969));
#6119 = DIRECTION('',(1.144237745222E-17,1.,0.));
#6120 = DIRECTION('',(0.,-0.,1.));
#6121 = ADVANCED_FACE('',(#6122),#6201,.F.);
#6122 = FACE_BOUND('',#6123,.F.);
#6123 = EDGE_LOOP('',(#6124,#6125,#6126,#6135,#6143,#6152,#6160,#6168,
    #6176,#6185,#6193,#6200));
#6124 = ORIENTED_EDGE('',*,*,#5209,.F.);
#6125 = ORIENTED_EDGE('',*,*,#5224,.T.);
#6126 = ORIENTED_EDGE('',*,*,#6127,.T.);
#6127 = EDGE_CURVE('',#5225,#6128,#6130,.T.);
#6128 = VERTEX_POINT('',#6129);
#6129 = CARTESIAN_POINT('',(0.798480775301,1.165,0.442364817767));
#6130 = CIRCLE('',#6131,0.1);
#6131 = AXIS2_PLACEMENT_3D('',#6132,#6133,#6134);
#6132 = CARTESIAN_POINT('',(0.7,1.165,0.425));
#6133 = DIRECTION('',(-1.110223024625E-16,1.,0.));
#6134 = DIRECTION('',(0.,0.,1.));
#6135 = ORIENTED_EDGE('',*,*,#6136,.T.);
#6136 = EDGE_CURVE('',#6128,#6137,#6139,.T.);
#6137 = VERTEX_POINT('',#6138);
#6138 = CARTESIAN_POINT('',(0.834655283371,1.165,0.206587955583));
#6139 = LINE('',#6140,#6141);
#6140 = CARTESIAN_POINT('',(0.798480775301,1.165,0.442364817767));
#6141 = VECTOR('',#6142,1.);
#6142 = DIRECTION('',(0.151652327974,1.683679062546E-17,-0.988433898356)
  );
#6143 = ORIENTED_EDGE('',*,*,#6144,.T.);
#6144 = EDGE_CURVE('',#6137,#6145,#6147,.T.);
#6145 = VERTEX_POINT('',#6146);
#6146 = CARTESIAN_POINT('',(1.080857221624,1.165,5.551115123126E-17));
#6147 = CIRCLE('',#6148,0.25);
#6148 = AXIS2_PLACEMENT_3D('',#6149,#6150,#6151);
#6149 = CARTESIAN_POINT('',(1.080857221624,1.165,0.25));
#6150 = DIRECTION('',(1.110223024625E-16,-1.,0.));
#6151 = DIRECTION('',(-0.984807753012,-1.093356242223E-16,
    -0.173648177667));
#6152 = ORIENTED_EDGE('',*,*,#6153,.T.);
#6153 = EDGE_CURVE('',#6145,#6154,#6156,.T.);
#6154 = VERTEX_POINT('',#6155);
#6155 = CARTESIAN_POINT('',(1.15,1.165,5.551115123126E-17));
#6156 = LINE('',#6157,#6158);
#6157 = CARTESIAN_POINT('',(1.080857221624,1.165,5.551115123126E-17));
#6158 = VECTOR('',#6159,1.);
#6159 = DIRECTION('',(1.,1.110223024625E-16,0.));
#6160 = ORIENTED_EDGE('',*,*,#6161,.T.);
#6161 = EDGE_CURVE('',#6154,#6162,#6164,.T.);
#6162 = VERTEX_POINT('',#6163);
#6163 = CARTESIAN_POINT('',(1.15,1.165,0.15));
#6164 = LINE('',#6165,#6166);
#6165 = CARTESIAN_POINT('',(1.15,1.165,5.551115123126E-17));
#6166 = VECTOR('',#6167,1.);
#6167 = DIRECTION('',(0.,0.,1.));
#6168 = ORIENTED_EDGE('',*,*,#6169,.T.);
#6169 = EDGE_CURVE('',#6162,#6170,#6172,.T.);
#6170 = VERTEX_POINT('',#6171);
#6171 = CARTESIAN_POINT('',(1.080857221624,1.165,0.15));
#6172 = LINE('',#6173,#6174);
#6173 = CARTESIAN_POINT('',(1.15,1.165,0.15));
#6174 = VECTOR('',#6175,1.);
#6175 = DIRECTION('',(-1.,-1.110223024625E-16,0.));
#6176 = ORIENTED_EDGE('',*,*,#6177,.T.);
#6177 = EDGE_CURVE('',#6170,#6178,#6180,.T.);
#6178 = VERTEX_POINT('',#6179);
#6179 = CARTESIAN_POINT('',(0.982376446323,1.165,0.232635182233));
#6180 = CIRCLE('',#6181,0.1);
#6181 = AXIS2_PLACEMENT_3D('',#6182,#6183,#6184);
#6182 = CARTESIAN_POINT('',(1.080857221624,1.165,0.25));
#6183 = DIRECTION('',(-1.110223024625E-16,1.,0.));
#6184 = DIRECTION('',(2.22044604925E-15,2.465190328815E-31,-1.));
#6185 = ORIENTED_EDGE('',*,*,#6186,.T.);
#6186 = EDGE_CURVE('',#6178,#6187,#6189,.T.);
#6187 = VERTEX_POINT('',#6188);
#6188 = CARTESIAN_POINT('',(0.946201938253,1.165,0.468412044417));
#6189 = LINE('',#6190,#6191);
#6190 = CARTESIAN_POINT('',(0.982376446323,1.165,0.232635182233));
#6191 = VECTOR('',#6192,1.);
#6192 = DIRECTION('',(-0.151652327974,-1.683679062546E-17,0.988433898356
    ));
#6193 = ORIENTED_EDGE('',*,*,#6194,.T.);
#6194 = EDGE_CURVE('',#6187,#5634,#6195,.T.);
#6195 = CIRCLE('',#6196,0.25);
#6196 = AXIS2_PLACEMENT_3D('',#6197,#6198,#6199);
#6197 = CARTESIAN_POINT('',(0.7,1.165,0.425));
#6198 = DIRECTION('',(1.110223024625E-16,-1.,0.));
#6199 = DIRECTION('',(0.984807753012,1.093356242223E-16,0.173648177667)
  );
#6200 = ORIENTED_EDGE('',*,*,#5633,.T.);
#6201 = PLANE('',#6202);
#6202 = AXIS2_PLACEMENT_3D('',#6203,#6204,#6205);
#6203 = CARTESIAN_POINT('',(0.88006362152,1.165,0.345273741969));
#6204 = DIRECTION('',(1.110223024625E-16,-1.,0.));
#6205 = DIRECTION('',(0.,0.,1.));
#6206 = ADVANCED_FACE('',(#6207),#6226,.F.);
#6207 = FACE_BOUND('',#6208,.F.);
#6208 = EDGE_LOOP('',(#6209,#6210,#6219,#6225));
#6209 = ORIENTED_EDGE('',*,*,#5241,.T.);
#6210 = ORIENTED_EDGE('',*,*,#6211,.T.);
#6211 = EDGE_CURVE('',#5234,#6212,#6214,.T.);
#6212 = VERTEX_POINT('',#6213);
#6213 = CARTESIAN_POINT('',(0.798480775301,0.735,0.442364817767));
#6214 = CIRCLE('',#6215,0.1);
#6215 = AXIS2_PLACEMENT_3D('',#6216,#6217,#6218);
#6216 = CARTESIAN_POINT('',(0.7,0.735,0.425));
#6217 = DIRECTION('',(-1.110223024625E-16,1.,0.));
#6218 = DIRECTION('',(0.,0.,1.));
#6219 = ORIENTED_EDGE('',*,*,#6220,.F.);
#6220 = EDGE_CURVE('',#6128,#6212,#6221,.T.);
#6221 = LINE('',#6222,#6223);
#6222 = CARTESIAN_POINT('',(0.798480775301,1.165,0.442364817767));
#6223 = VECTOR('',#6224,1.);
#6224 = DIRECTION('',(1.110223024625E-16,-1.,0.));
#6225 = ORIENTED_EDGE('',*,*,#6127,.F.);
#6226 = CYLINDRICAL_SURFACE('',#6227,0.1);
#6227 = AXIS2_PLACEMENT_3D('',#6228,#6229,#6230);
#6228 = CARTESIAN_POINT('',(0.7,1.165,0.425));
#6229 = DIRECTION('',(-1.110223024625E-16,1.,0.));
#6230 = DIRECTION('',(0.,0.,1.));
#6231 = ADVANCED_FACE('',(#6232),#6303,.T.);
#6232 = FACE_BOUND('',#6233,.T.);
#6233 = EDGE_LOOP('',(#6234,#6235,#6236,#6237,#6245,#6254,#6262,#6270,
    #6278,#6287,#6295,#6302));
#6234 = ORIENTED_EDGE('',*,*,#5255,.F.);
#6235 = ORIENTED_EDGE('',*,*,#5233,.T.);
#6236 = ORIENTED_EDGE('',*,*,#6211,.T.);
#6237 = ORIENTED_EDGE('',*,*,#6238,.T.);
#6238 = EDGE_CURVE('',#6212,#6239,#6241,.T.);
#6239 = VERTEX_POINT('',#6240);
#6240 = CARTESIAN_POINT('',(0.834655283371,0.735,0.206587955583));
#6241 = LINE('',#6242,#6243);
#6242 = CARTESIAN_POINT('',(0.798480775301,0.735,0.442364817767));
#6243 = VECTOR('',#6244,1.);
#6244 = DIRECTION('',(0.151652327974,1.683679062546E-17,-0.988433898356)
  );
#6245 = ORIENTED_EDGE('',*,*,#6246,.T.);
#6246 = EDGE_CURVE('',#6239,#6247,#6249,.T.);
#6247 = VERTEX_POINT('',#6248);
#6248 = CARTESIAN_POINT('',(1.080857221624,0.735,5.551115123126E-17));
#6249 = CIRCLE('',#6250,0.25);
#6250 = AXIS2_PLACEMENT_3D('',#6251,#6252,#6253);
#6251 = CARTESIAN_POINT('',(1.080857221624,0.735,0.25));
#6252 = DIRECTION('',(1.110223024625E-16,-1.,0.));
#6253 = DIRECTION('',(-0.984807753012,-1.093356242223E-16,
    -0.173648177667));
#6254 = ORIENTED_EDGE('',*,*,#6255,.T.);
#6255 = EDGE_CURVE('',#6247,#6256,#6258,.T.);
#6256 = VERTEX_POINT('',#6257);
#6257 = CARTESIAN_POINT('',(1.15,0.735,5.551115123126E-17));
#6258 = LINE('',#6259,#6260);
#6259 = CARTESIAN_POINT('',(1.080857221624,0.735,5.551115123126E-17));
#6260 = VECTOR('',#6261,1.);
#6261 = DIRECTION('',(1.,1.110223024625E-16,0.));
#6262 = ORIENTED_EDGE('',*,*,#6263,.T.);
#6263 = EDGE_CURVE('',#6256,#6264,#6266,.T.);
#6264 = VERTEX_POINT('',#6265);
#6265 = CARTESIAN_POINT('',(1.15,0.735,0.15));
#6266 = LINE('',#6267,#6268);
#6267 = CARTESIAN_POINT('',(1.15,0.735,5.551115123126E-17));
#6268 = VECTOR('',#6269,1.);
#6269 = DIRECTION('',(0.,0.,1.));
#6270 = ORIENTED_EDGE('',*,*,#6271,.T.);
#6271 = EDGE_CURVE('',#6264,#6272,#6274,.T.);
#6272 = VERTEX_POINT('',#6273);
#6273 = CARTESIAN_POINT('',(1.080857221624,0.735,0.15));
#6274 = LINE('',#6275,#6276);
#6275 = CARTESIAN_POINT('',(1.15,0.735,0.15));
#6276 = VECTOR('',#6277,1.);
#6277 = DIRECTION('',(-1.,-1.110223024625E-16,0.));
#6278 = ORIENTED_EDGE('',*,*,#6279,.T.);
#6279 = EDGE_CURVE('',#6272,#6280,#6282,.T.);
#6280 = VERTEX_POINT('',#6281);
#6281 = CARTESIAN_POINT('',(0.982376446323,0.735,0.232635182233));
#6282 = CIRCLE('',#6283,0.1);
#6283 = AXIS2_PLACEMENT_3D('',#6284,#6285,#6286);
#6284 = CARTESIAN_POINT('',(1.080857221624,0.735,0.25));
#6285 = DIRECTION('',(-1.110223024625E-16,1.,0.));
#6286 = DIRECTION('',(2.22044604925E-15,2.465190328815E-31,-1.));
#6287 = ORIENTED_EDGE('',*,*,#6288,.T.);
#6288 = EDGE_CURVE('',#6280,#6289,#6291,.T.);
#6289 = VERTEX_POINT('',#6290);
#6290 = CARTESIAN_POINT('',(0.946201938253,0.735,0.468412044417));
#6291 = LINE('',#6292,#6293);
#6292 = CARTESIAN_POINT('',(0.982376446323,0.735,0.232635182233));
#6293 = VECTOR('',#6294,1.);
#6294 = DIRECTION('',(-0.151652327974,-1.683679062546E-17,0.988433898356
    ));
#6295 = ORIENTED_EDGE('',*,*,#6296,.T.);
#6296 = EDGE_CURVE('',#6289,#5642,#6297,.T.);
#6297 = CIRCLE('',#6298,0.25);
#6298 = AXIS2_PLACEMENT_3D('',#6299,#6300,#6301);
#6299 = CARTESIAN_POINT('',(0.7,0.735,0.425));
#6300 = DIRECTION('',(1.110223024625E-16,-1.,0.));
#6301 = DIRECTION('',(0.984807753012,1.093356242223E-16,0.173648177667)
  );
#6302 = ORIENTED_EDGE('',*,*,#5649,.T.);
#6303 = PLANE('',#6304);
#6304 = AXIS2_PLACEMENT_3D('',#6305,#6306,#6307);
#6305 = CARTESIAN_POINT('',(0.88006362152,0.735,0.345273741969));
#6306 = DIRECTION('',(1.110223024625E-16,-1.,0.));
#6307 = DIRECTION('',(0.,0.,1.));
#6308 = ADVANCED_FACE('',(#6309),#6320,.F.);
#6309 = FACE_BOUND('',#6310,.F.);
#6310 = EDGE_LOOP('',(#6311,#6312,#6313,#6319));
#6311 = ORIENTED_EDGE('',*,*,#5655,.F.);
#6312 = ORIENTED_EDGE('',*,*,#5272,.T.);
#6313 = ORIENTED_EDGE('',*,*,#6314,.T.);
#6314 = EDGE_CURVE('',#5265,#5588,#6315,.T.);
#6315 = LINE('',#6316,#6317);
#6316 = CARTESIAN_POINT('',(0.7,-0.735,0.675));
#6317 = VECTOR('',#6318,1.);
#6318 = DIRECTION('',(-1.,-1.110223024625E-16,0.));
#6319 = ORIENTED_EDGE('',*,*,#5587,.F.);
#6320 = PLANE('',#6321);
#6321 = AXIS2_PLACEMENT_3D('',#6322,#6323,#6324);
#6322 = CARTESIAN_POINT('',(-5.499503515576E-17,1.4375,0.675));
#6323 = DIRECTION('',(-4.735780055487E-31,-6.662940868892E-27,-1.));
#6324 = DIRECTION('',(1.,1.113200023686E-16,-4.735780055494E-31));
#6325 = ADVANCED_FACE('',(#6326),#6412,.F.);
#6326 = FACE_BOUND('',#6327,.F.);
#6327 = EDGE_LOOP('',(#6328,#6329,#6330,#6339,#6347,#6356,#6364,#6372,
    #6380,#6389,#6397,#6406));
#6328 = ORIENTED_EDGE('',*,*,#5264,.F.);
#6329 = ORIENTED_EDGE('',*,*,#5286,.T.);
#6330 = ORIENTED_EDGE('',*,*,#6331,.T.);
#6331 = EDGE_CURVE('',#5287,#6332,#6334,.T.);
#6332 = VERTEX_POINT('',#6333);
#6333 = CARTESIAN_POINT('',(0.798480775301,-0.735,0.442364817767));
#6334 = CIRCLE('',#6335,0.1);
#6335 = AXIS2_PLACEMENT_3D('',#6336,#6337,#6338);
#6336 = CARTESIAN_POINT('',(0.7,-0.735,0.425));
#6337 = DIRECTION('',(-1.110223024625E-16,1.,0.));
#6338 = DIRECTION('',(0.,0.,1.));
#6339 = ORIENTED_EDGE('',*,*,#6340,.T.);
#6340 = EDGE_CURVE('',#6332,#6341,#6343,.T.);
#6341 = VERTEX_POINT('',#6342);
#6342 = CARTESIAN_POINT('',(0.834655283371,-0.735,0.206587955583));
#6343 = LINE('',#6344,#6345);
#6344 = CARTESIAN_POINT('',(0.798480775301,-0.735,0.442364817767));
#6345 = VECTOR('',#6346,1.);
#6346 = DIRECTION('',(0.151652327974,1.683679062546E-17,-0.988433898356)
  );
#6347 = ORIENTED_EDGE('',*,*,#6348,.T.);
#6348 = EDGE_CURVE('',#6341,#6349,#6351,.T.);
#6349 = VERTEX_POINT('',#6350);
#6350 = CARTESIAN_POINT('',(1.080857221624,-0.735,5.551115123126E-17));
#6351 = CIRCLE('',#6352,0.25);
#6352 = AXIS2_PLACEMENT_3D('',#6353,#6354,#6355);
#6353 = CARTESIAN_POINT('',(1.080857221624,-0.735,0.25));
#6354 = DIRECTION('',(1.110223024625E-16,-1.,0.));
#6355 = DIRECTION('',(-0.984807753012,-1.093356242223E-16,
    -0.173648177667));
#6356 = ORIENTED_EDGE('',*,*,#6357,.T.);
#6357 = EDGE_CURVE('',#6349,#6358,#6360,.T.);
#6358 = VERTEX_POINT('',#6359);
#6359 = CARTESIAN_POINT('',(1.15,-0.735,5.551115123126E-17));
#6360 = LINE('',#6361,#6362);
#6361 = CARTESIAN_POINT('',(1.080857221624,-0.735,5.551115123126E-17));
#6362 = VECTOR('',#6363,1.);
#6363 = DIRECTION('',(1.,1.110223024625E-16,0.));
#6364 = ORIENTED_EDGE('',*,*,#6365,.T.);
#6365 = EDGE_CURVE('',#6358,#6366,#6368,.T.);
#6366 = VERTEX_POINT('',#6367);
#6367 = CARTESIAN_POINT('',(1.15,-0.735,0.15));
#6368 = LINE('',#6369,#6370);
#6369 = CARTESIAN_POINT('',(1.15,-0.735,5.551115123126E-17));
#6370 = VECTOR('',#6371,1.);
#6371 = DIRECTION('',(0.,0.,1.));
#6372 = ORIENTED_EDGE('',*,*,#6373,.T.);
#6373 = EDGE_CURVE('',#6366,#6374,#6376,.T.);
#6374 = VERTEX_POINT('',#6375);
#6375 = CARTESIAN_POINT('',(1.080857221624,-0.735,0.15));
#6376 = LINE('',#6377,#6378);
#6377 = CARTESIAN_POINT('',(1.15,-0.735,0.15));
#6378 = VECTOR('',#6379,1.);
#6379 = DIRECTION('',(-1.,-1.110223024625E-16,0.));
#6380 = ORIENTED_EDGE('',*,*,#6381,.T.);
#6381 = EDGE_CURVE('',#6374,#6382,#6384,.T.);
#6382 = VERTEX_POINT('',#6383);
#6383 = CARTESIAN_POINT('',(0.982376446323,-0.735,0.232635182233));
#6384 = CIRCLE('',#6385,0.1);
#6385 = AXIS2_PLACEMENT_3D('',#6386,#6387,#6388);
#6386 = CARTESIAN_POINT('',(1.080857221624,-0.735,0.25));
#6387 = DIRECTION('',(-1.110223024625E-16,1.,0.));
#6388 = DIRECTION('',(2.22044604925E-15,2.465190328815E-31,-1.));
#6389 = ORIENTED_EDGE('',*,*,#6390,.T.);
#6390 = EDGE_CURVE('',#6382,#6391,#6393,.T.);
#6391 = VERTEX_POINT('',#6392);
#6392 = CARTESIAN_POINT('',(0.946201938253,-0.735,0.468412044417));
#6393 = LINE('',#6394,#6395);
#6394 = CARTESIAN_POINT('',(0.982376446323,-0.735,0.232635182233));
#6395 = VECTOR('',#6396,1.);
#6396 = DIRECTION('',(-0.151652327974,-1.683679062546E-17,0.988433898356
    ));
#6397 = ORIENTED_EDGE('',*,*,#6398,.T.);
#6398 = EDGE_CURVE('',#6391,#6399,#6401,.T.);
#6399 = VERTEX_POINT('',#6400);
#6400 = CARTESIAN_POINT('',(0.7,-0.735,0.675));
#6401 = CIRCLE('',#6402,0.25);
#6402 = AXIS2_PLACEMENT_3D('',#6403,#6404,#6405);
#6403 = CARTESIAN_POINT('',(0.7,-0.735,0.425));
#6404 = DIRECTION('',(1.110223024625E-16,-1.,0.));
#6405 = DIRECTION('',(0.984807753012,1.093356242223E-16,0.173648177667)
  );
#6406 = ORIENTED_EDGE('',*,*,#6407,.T.);
#6407 = EDGE_CURVE('',#6399,#5265,#6408,.T.);
#6408 = LINE('',#6409,#6410);
#6409 = CARTESIAN_POINT('',(0.7,-0.735,0.675));
#6410 = VECTOR('',#6411,1.);
#6411 = DIRECTION('',(-1.,-1.110223024625E-16,0.));
#6412 = PLANE('',#6413);
#6413 = AXIS2_PLACEMENT_3D('',#6414,#6415,#6416);
#6414 = CARTESIAN_POINT('',(0.88006362152,-0.735,0.345273741969));
#6415 = DIRECTION('',(1.110223024625E-16,-1.,0.));
#6416 = DIRECTION('',(0.,0.,1.));
#6417 = ADVANCED_FACE('',(#6418),#6437,.F.);
#6418 = FACE_BOUND('',#6419,.F.);
#6419 = EDGE_LOOP('',(#6420,#6421,#6430,#6436));
#6420 = ORIENTED_EDGE('',*,*,#5303,.T.);
#6421 = ORIENTED_EDGE('',*,*,#6422,.T.);
#6422 = EDGE_CURVE('',#5296,#6423,#6425,.T.);
#6423 = VERTEX_POINT('',#6424);
#6424 = CARTESIAN_POINT('',(0.798480775301,-1.165,0.442364817767));
#6425 = CIRCLE('',#6426,0.1);
#6426 = AXIS2_PLACEMENT_3D('',#6427,#6428,#6429);
#6427 = CARTESIAN_POINT('',(0.7,-1.165,0.425));
#6428 = DIRECTION('',(-1.110223024625E-16,1.,0.));
#6429 = DIRECTION('',(0.,0.,1.));
#6430 = ORIENTED_EDGE('',*,*,#6431,.F.);
#6431 = EDGE_CURVE('',#6332,#6423,#6432,.T.);
#6432 = LINE('',#6433,#6434);
#6433 = CARTESIAN_POINT('',(0.798480775301,-0.735,0.442364817767));
#6434 = VECTOR('',#6435,1.);
#6435 = DIRECTION('',(1.110223024625E-16,-1.,0.));
#6436 = ORIENTED_EDGE('',*,*,#6331,.F.);
#6437 = CYLINDRICAL_SURFACE('',#6438,0.1);
#6438 = AXIS2_PLACEMENT_3D('',#6439,#6440,#6441);
#6439 = CARTESIAN_POINT('',(0.7,-0.735,0.425));
#6440 = DIRECTION('',(-1.110223024625E-16,1.,0.));
#6441 = DIRECTION('',(0.,0.,1.));
#6442 = ADVANCED_FACE('',(#6443),#6521,.T.);
#6443 = FACE_BOUND('',#6444,.T.);
#6444 = EDGE_LOOP('',(#6445,#6446,#6447,#6448,#6456,#6465,#6473,#6481,
    #6489,#6498,#6506,#6515));
#6445 = ORIENTED_EDGE('',*,*,#5317,.F.);
#6446 = ORIENTED_EDGE('',*,*,#5295,.T.);
#6447 = ORIENTED_EDGE('',*,*,#6422,.T.);
#6448 = ORIENTED_EDGE('',*,*,#6449,.T.);
#6449 = EDGE_CURVE('',#6423,#6450,#6452,.T.);
#6450 = VERTEX_POINT('',#6451);
#6451 = CARTESIAN_POINT('',(0.834655283371,-1.165,0.206587955583));
#6452 = LINE('',#6453,#6454);
#6453 = CARTESIAN_POINT('',(0.798480775301,-1.165,0.442364817767));
#6454 = VECTOR('',#6455,1.);
#6455 = DIRECTION('',(0.151652327974,1.683679062546E-17,-0.988433898356)
  );
#6456 = ORIENTED_EDGE('',*,*,#6457,.T.);
#6457 = EDGE_CURVE('',#6450,#6458,#6460,.T.);
#6458 = VERTEX_POINT('',#6459);
#6459 = CARTESIAN_POINT('',(1.080857221624,-1.165,5.551115123126E-17));
#6460 = CIRCLE('',#6461,0.25);
#6461 = AXIS2_PLACEMENT_3D('',#6462,#6463,#6464);
#6462 = CARTESIAN_POINT('',(1.080857221624,-1.165,0.25));
#6463 = DIRECTION('',(1.110223024625E-16,-1.,0.));
#6464 = DIRECTION('',(-0.984807753012,-1.093356242223E-16,
    -0.173648177667));
#6465 = ORIENTED_EDGE('',*,*,#6466,.T.);
#6466 = EDGE_CURVE('',#6458,#6467,#6469,.T.);
#6467 = VERTEX_POINT('',#6468);
#6468 = CARTESIAN_POINT('',(1.15,-1.165,5.551115123126E-17));
#6469 = LINE('',#6470,#6471);
#6470 = CARTESIAN_POINT('',(1.080857221624,-1.165,5.551115123126E-17));
#6471 = VECTOR('',#6472,1.);
#6472 = DIRECTION('',(1.,1.110223024625E-16,0.));
#6473 = ORIENTED_EDGE('',*,*,#6474,.T.);
#6474 = EDGE_CURVE('',#6467,#6475,#6477,.T.);
#6475 = VERTEX_POINT('',#6476);
#6476 = CARTESIAN_POINT('',(1.15,-1.165,0.15));
#6477 = LINE('',#6478,#6479);
#6478 = CARTESIAN_POINT('',(1.15,-1.165,5.551115123126E-17));
#6479 = VECTOR('',#6480,1.);
#6480 = DIRECTION('',(0.,0.,1.));
#6481 = ORIENTED_EDGE('',*,*,#6482,.T.);
#6482 = EDGE_CURVE('',#6475,#6483,#6485,.T.);
#6483 = VERTEX_POINT('',#6484);
#6484 = CARTESIAN_POINT('',(1.080857221624,-1.165,0.15));
#6485 = LINE('',#6486,#6487);
#6486 = CARTESIAN_POINT('',(1.15,-1.165,0.15));
#6487 = VECTOR('',#6488,1.);
#6488 = DIRECTION('',(-1.,-1.110223024625E-16,0.));
#6489 = ORIENTED_EDGE('',*,*,#6490,.T.);
#6490 = EDGE_CURVE('',#6483,#6491,#6493,.T.);
#6491 = VERTEX_POINT('',#6492);
#6492 = CARTESIAN_POINT('',(0.982376446323,-1.165,0.232635182233));
#6493 = CIRCLE('',#6494,0.1);
#6494 = AXIS2_PLACEMENT_3D('',#6495,#6496,#6497);
#6495 = CARTESIAN_POINT('',(1.080857221624,-1.165,0.25));
#6496 = DIRECTION('',(-1.110223024625E-16,1.,0.));
#6497 = DIRECTION('',(2.22044604925E-15,2.465190328815E-31,-1.));
#6498 = ORIENTED_EDGE('',*,*,#6499,.T.);
#6499 = EDGE_CURVE('',#6491,#6500,#6502,.T.);
#6500 = VERTEX_POINT('',#6501);
#6501 = CARTESIAN_POINT('',(0.946201938253,-1.165,0.468412044417));
#6502 = LINE('',#6503,#6504);
#6503 = CARTESIAN_POINT('',(0.982376446323,-1.165,0.232635182233));
#6504 = VECTOR('',#6505,1.);
#6505 = DIRECTION('',(-0.151652327974,-1.683679062546E-17,0.988433898356
    ));
#6506 = ORIENTED_EDGE('',*,*,#6507,.T.);
#6507 = EDGE_CURVE('',#6500,#6508,#6510,.T.);
#6508 = VERTEX_POINT('',#6509);
#6509 = CARTESIAN_POINT('',(0.7,-1.165,0.675));
#6510 = CIRCLE('',#6511,0.25);
#6511 = AXIS2_PLACEMENT_3D('',#6512,#6513,#6514);
#6512 = CARTESIAN_POINT('',(0.7,-1.165,0.425));
#6513 = DIRECTION('',(1.110223024625E-16,-1.,0.));
#6514 = DIRECTION('',(0.984807753012,1.093356242223E-16,0.173648177667)
  );
#6515 = ORIENTED_EDGE('',*,*,#6516,.T.);
#6516 = EDGE_CURVE('',#6508,#5318,#6517,.T.);
#6517 = LINE('',#6518,#6519);
#6518 = CARTESIAN_POINT('',(0.7,-1.165,0.675));
#6519 = VECTOR('',#6520,1.);
#6520 = DIRECTION('',(-1.,-1.110223024625E-16,0.));
#6521 = PLANE('',#6522);
#6522 = AXIS2_PLACEMENT_3D('',#6523,#6524,#6525);
#6523 = CARTESIAN_POINT('',(0.88006362152,-1.165,0.345273741969));
#6524 = DIRECTION('',(1.110223024625E-16,-1.,0.));
#6525 = DIRECTION('',(0.,0.,1.));
#6526 = ADVANCED_FACE('',(#6527),#6538,.T.);
#6527 = FACE_BOUND('',#6528,.T.);
#6528 = EDGE_LOOP('',(#6529,#6530,#6531,#6537));
#6529 = ORIENTED_EDGE('',*,*,#5418,.F.);
#6530 = ORIENTED_EDGE('',*,*,#6109,.F.);
#6531 = ORIENTED_EDGE('',*,*,#6532,.F.);
#6532 = EDGE_CURVE('',#6000,#6102,#6533,.T.);
#6533 = LINE('',#6534,#6535);
#6534 = CARTESIAN_POINT('',(-0.946201938253,0.355,0.468412044417));
#6535 = VECTOR('',#6536,1.);
#6536 = DIRECTION('',(2.604226847886E-17,1.,0.));
#6537 = ORIENTED_EDGE('',*,*,#6007,.T.);
#6538 = CYLINDRICAL_SURFACE('',#6539,0.25);
#6539 = AXIS2_PLACEMENT_3D('',#6540,#6541,#6542);
#6540 = CARTESIAN_POINT('',(-0.7,0.355,0.425));
#6541 = DIRECTION('',(-1.144237745222E-17,-1.,0.));
#6542 = DIRECTION('',(-0.984807753012,1.126854202784E-17,0.173648177667)
  );
#6543 = ADVANCED_FACE('',(#6544),#6557,.F.);
#6544 = FACE_BOUND('',#6545,.F.);
#6545 = EDGE_LOOP('',(#6546,#6547,#6553,#6554,#6555,#6556));
#6546 = ORIENTED_EDGE('',*,*,#5798,.F.);
#6547 = ORIENTED_EDGE('',*,*,#6548,.T.);
#6548 = EDGE_CURVE('',#5790,#5899,#6549,.T.);
#6549 = LINE('',#6550,#6551);
#6550 = CARTESIAN_POINT('',(-0.7,-1.165,0.675));
#6551 = VECTOR('',#6552,1.);
#6552 = DIRECTION('',(1.144237745222E-17,1.,0.));
#6553 = ORIENTED_EDGE('',*,*,#5907,.T.);
#6554 = ORIENTED_EDGE('',*,*,#5924,.T.);
#6555 = ORIENTED_EDGE('',*,*,#5465,.F.);
#6556 = ORIENTED_EDGE('',*,*,#5672,.F.);
#6557 = PLANE('',#6558);
#6558 = AXIS2_PLACEMENT_3D('',#6559,#6560,#6561);
#6559 = CARTESIAN_POINT('',(-0.7,-1.165,0.675));
#6560 = DIRECTION('',(0.,0.,-1.));
#6561 = DIRECTION('',(1.,-1.144237745222E-17,0.));
#6562 = ADVANCED_FACE('',(#6563,#6592),#6603,.T.);
#6563 = FACE_BOUND('',#6564,.T.);
#6564 = EDGE_LOOP('',(#6565,#6566,#6567,#6568,#6576,#6584,#6590,#6591));
#6565 = ORIENTED_EDGE('',*,*,#5540,.F.);
#6566 = ORIENTED_EDGE('',*,*,#5517,.F.);
#6567 = ORIENTED_EDGE('',*,*,#5488,.F.);
#6568 = ORIENTED_EDGE('',*,*,#6569,.F.);
#6569 = EDGE_CURVE('',#6570,#5489,#6572,.T.);
#6570 = VERTEX_POINT('',#6571);
#6571 = CARTESIAN_POINT('',(-0.512635072626,-1.365270145251,1.1));
#6572 = LINE('',#6573,#6574);
#6573 = CARTESIAN_POINT('',(-0.512635072626,-1.365270145251,1.1));
#6574 = VECTOR('',#6575,1.);
#6575 = DIRECTION('',(-0.707106781187,0.707106781187,0.));
#6576 = ORIENTED_EDGE('',*,*,#6577,.F.);
#6577 = EDGE_CURVE('',#6578,#6570,#6580,.T.);
#6578 = VERTEX_POINT('',#6579);
#6579 = CARTESIAN_POINT('',(0.512635072626,-1.365270145251,1.1));
#6580 = LINE('',#6581,#6582);
#6581 = CARTESIAN_POINT('',(0.512635072626,-1.365270145251,1.1));
#6582 = VECTOR('',#6583,1.);
#6583 = DIRECTION('',(-1.,-1.110223024625E-16,0.));
#6584 = ORIENTED_EDGE('',*,*,#6585,.F.);
#6585 = EDGE_CURVE('',#5612,#6578,#6586,.T.);
#6586 = LINE('',#6587,#6588);
#6587 = CARTESIAN_POINT('',(0.565270145251,-1.312635072626,1.1));
#6588 = VECTOR('',#6589,1.);
#6589 = DIRECTION('',(-0.707106781187,-0.707106781187,0.));
#6590 = ORIENTED_EDGE('',*,*,#5618,.F.);
#6591 = ORIENTED_EDGE('',*,*,#5563,.F.);
#6592 = FACE_BOUND('',#6593,.T.);
#6593 = EDGE_LOOP('',(#6594));
#6594 = ORIENTED_EDGE('',*,*,#6595,.T.);
#6595 = EDGE_CURVE('',#6596,#6596,#6598,.T.);
#6596 = VERTEX_POINT('',#6597);
#6597 = CARTESIAN_POINT('',(-0.365270145251,1.115270145251,1.1));
#6598 = CIRCLE('',#6599,5.E-02);
#6599 = AXIS2_PLACEMENT_3D('',#6600,#6601,#6602);
#6600 = CARTESIAN_POINT('',(-0.365270145251,1.165270145251,1.1));
#6601 = DIRECTION('',(0.,-0.,-1.));
#6602 = DIRECTION('',(1.110223024625E-16,-1.,0.));
#6603 = PLANE('',#6604);
#6604 = AXIS2_PLACEMENT_3D('',#6605,#6606,#6607);
#6605 = CARTESIAN_POINT('',(-0.512635072626,1.365270145251,1.1));
#6606 = DIRECTION('',(0.,0.,1.));
#6607 = DIRECTION('',(0.351519442608,-0.936180581655,0.));
#6608 = ADVANCED_FACE('',(#6609),#6619,.F.);
#6609 = FACE_BOUND('',#6610,.F.);
#6610 = EDGE_LOOP('',(#6611,#6612,#6613,#6614));
#6611 = ORIENTED_EDGE('',*,*,#5679,.T.);
#6612 = ORIENTED_EDGE('',*,*,#5496,.T.);
#6613 = ORIENTED_EDGE('',*,*,#6569,.F.);
#6614 = ORIENTED_EDGE('',*,*,#6615,.F.);
#6615 = EDGE_CURVE('',#5680,#6570,#6616,.T.);
#6616 = B_SPLINE_CURVE_WITH_KNOTS('',1,(#6617,#6618),.UNSPECIFIED.,.F.,
  .F.,(2,2),(0.,1.),.PIECEWISE_BEZIER_KNOTS.);
#6617 = CARTESIAN_POINT('',(-0.5425,-1.425,0.675));
#6618 = CARTESIAN_POINT('',(-0.512635072626,-1.365270145251,1.1));
#6619 = B_SPLINE_SURFACE_WITH_KNOTS('',1,1,(
    (#6620,#6621)
    ,(#6622,#6623
    )),.UNSPECIFIED.,.F.,.F.,.F.,(2,2),(2,2),(0.,0.116672618896),(0.,1.)
  ,.PIECEWISE_BEZIER_KNOTS.);
#6620 = CARTESIAN_POINT('',(-0.5425,-1.425,0.675));
#6621 = CARTESIAN_POINT('',(-0.512635072626,-1.365270145251,1.1));
#6622 = CARTESIAN_POINT('',(-0.625,-1.3425,0.675));
#6623 = CARTESIAN_POINT('',(-0.565270145251,-1.312635072626,1.1));
#6624 = ADVANCED_FACE('',(#6625),#6638,.F.);
#6625 = FACE_BOUND('',#6626,.F.);
#6626 = EDGE_LOOP('',(#6627,#6628,#6634,#6635,#6636,#6637));
#6627 = ORIENTED_EDGE('',*,*,#6407,.F.);
#6628 = ORIENTED_EDGE('',*,*,#6629,.T.);
#6629 = EDGE_CURVE('',#6399,#6508,#6630,.T.);
#6630 = LINE('',#6631,#6632);
#6631 = CARTESIAN_POINT('',(0.7,-0.735,0.675));
#6632 = VECTOR('',#6633,1.);
#6633 = DIRECTION('',(1.110223024625E-16,-1.,0.));
#6634 = ORIENTED_EDGE('',*,*,#6516,.T.);
#6635 = ORIENTED_EDGE('',*,*,#5702,.T.);
#6636 = ORIENTED_EDGE('',*,*,#5595,.F.);
#6637 = ORIENTED_EDGE('',*,*,#6314,.F.);
#6638 = PLANE('',#6639);
#6639 = AXIS2_PLACEMENT_3D('',#6640,#6641,#6642);
#6640 = CARTESIAN_POINT('',(0.7,-0.735,0.675));
#6641 = DIRECTION('',(0.,0.,-1.));
#6642 = DIRECTION('',(-1.,-1.110223024625E-16,-0.));
#6643 = ADVANCED_FACE('',(#6644),#6654,.F.);
#6644 = FACE_BOUND('',#6645,.F.);
#6645 = EDGE_LOOP('',(#6646,#6647,#6652,#6653));
#6646 = ORIENTED_EDGE('',*,*,#5695,.T.);
#6647 = ORIENTED_EDGE('',*,*,#6648,.T.);
#6648 = EDGE_CURVE('',#5688,#6578,#6649,.T.);
#6649 = B_SPLINE_CURVE_WITH_KNOTS('',1,(#6650,#6651),.UNSPECIFIED.,.F.,
  .F.,(2,2),(0.,1.),.PIECEWISE_BEZIER_KNOTS.);
#6650 = CARTESIAN_POINT('',(0.5425,-1.425,0.675));
#6651 = CARTESIAN_POINT('',(0.512635072626,-1.365270145251,1.1));
#6652 = ORIENTED_EDGE('',*,*,#6585,.F.);
#6653 = ORIENTED_EDGE('',*,*,#5611,.F.);
#6654 = B_SPLINE_SURFACE_WITH_KNOTS('',1,1,(
    (#6655,#6656)
    ,(#6657,#6658
    )),.UNSPECIFIED.,.F.,.F.,.F.,(2,2),(2,2),(0.,0.116672618896),(0.,1.)
  ,.PIECEWISE_BEZIER_KNOTS.);
#6655 = CARTESIAN_POINT('',(0.625,-1.3425,0.675));
#6656 = CARTESIAN_POINT('',(0.565270145251,-1.312635072626,1.1));
#6657 = CARTESIAN_POINT('',(0.5425,-1.425,0.675));
#6658 = CARTESIAN_POINT('',(0.512635072626,-1.365270145251,1.1));
#6659 = ADVANCED_FACE('',(#6660),#6671,.T.);
#6660 = FACE_BOUND('',#6661,.T.);
#6661 = EDGE_LOOP('',(#6662,#6663,#6664,#6665));
#6662 = ORIENTED_EDGE('',*,*,#6194,.T.);
#6663 = ORIENTED_EDGE('',*,*,#5641,.T.);
#6664 = ORIENTED_EDGE('',*,*,#6296,.F.);
#6665 = ORIENTED_EDGE('',*,*,#6666,.F.);
#6666 = EDGE_CURVE('',#6187,#6289,#6667,.T.);
#6667 = LINE('',#6668,#6669);
#6668 = CARTESIAN_POINT('',(0.946201938253,1.165,0.468412044417));
#6669 = VECTOR('',#6670,1.);
#6670 = DIRECTION('',(1.110223024625E-16,-1.,0.));
#6671 = CYLINDRICAL_SURFACE('',#6672,0.25);
#6672 = AXIS2_PLACEMENT_3D('',#6673,#6674,#6675);
#6673 = CARTESIAN_POINT('',(0.7,1.165,0.425));
#6674 = DIRECTION('',(-1.110223024625E-16,1.,0.));
#6675 = DIRECTION('',(0.984807753012,1.093356242223E-16,0.173648177667)
  );
#6676 = ADVANCED_FACE('',(#6677),#6683,.F.);
#6677 = FACE_BOUND('',#6678,.F.);
#6678 = EDGE_LOOP('',(#6679,#6680,#6681,#6682));
#6679 = ORIENTED_EDGE('',*,*,#5687,.T.);
#6680 = ORIENTED_EDGE('',*,*,#6615,.T.);
#6681 = ORIENTED_EDGE('',*,*,#6577,.F.);
#6682 = ORIENTED_EDGE('',*,*,#6648,.F.);
#6683 = B_SPLINE_SURFACE_WITH_KNOTS('',1,1,(
    (#6684,#6685)
    ,(#6686,#6687
    )),.UNSPECIFIED.,.F.,.F.,.F.,(2,2),(2,2),(0.,1.085),(0.,1.),
  .PIECEWISE_BEZIER_KNOTS.);
#6684 = CARTESIAN_POINT('',(0.5425,-1.425,0.675));
#6685 = CARTESIAN_POINT('',(0.512635072626,-1.365270145251,1.1));
#6686 = CARTESIAN_POINT('',(-0.5425,-1.425,0.675));
#6687 = CARTESIAN_POINT('',(-0.512635072626,-1.365270145251,1.1));
#6688 = ADVANCED_FACE('',(#6689),#6700,.T.);
#6689 = FACE_BOUND('',#6690,.T.);
#6690 = EDGE_LOOP('',(#6691,#6692,#6693,#6694));
#6691 = ORIENTED_EDGE('',*,*,#5789,.T.);
#6692 = ORIENTED_EDGE('',*,*,#6548,.T.);
#6693 = ORIENTED_EDGE('',*,*,#5898,.F.);
#6694 = ORIENTED_EDGE('',*,*,#6695,.F.);
#6695 = EDGE_CURVE('',#5782,#5891,#6696,.T.);
#6696 = LINE('',#6697,#6698);
#6697 = CARTESIAN_POINT('',(-0.946201938253,-1.165,0.468412044417));
#6698 = VECTOR('',#6699,1.);
#6699 = DIRECTION('',(1.144237745222E-17,1.,0.));
#6700 = CYLINDRICAL_SURFACE('',#6701,0.25);
#6701 = AXIS2_PLACEMENT_3D('',#6702,#6703,#6704);
#6702 = CARTESIAN_POINT('',(-0.7,-1.165,0.425));
#6703 = DIRECTION('',(-1.144237745222E-17,-1.,0.));
#6704 = DIRECTION('',(-0.984807753012,1.126854202784E-17,0.173648177667)
  );
#6705 = ADVANCED_FACE('',(#6706),#6717,.F.);
#6706 = FACE_BOUND('',#6707,.F.);
#6707 = EDGE_LOOP('',(#6708,#6714,#6715,#6716));
#6708 = ORIENTED_EDGE('',*,*,#6709,.T.);
#6709 = EDGE_CURVE('',#5773,#5882,#6710,.T.);
#6710 = LINE('',#6711,#6712);
#6711 = CARTESIAN_POINT('',(-0.982376446323,-1.165,0.232635182233));
#6712 = VECTOR('',#6713,1.);
#6713 = DIRECTION('',(1.144237745222E-17,1.,0.));
#6714 = ORIENTED_EDGE('',*,*,#5890,.T.);
#6715 = ORIENTED_EDGE('',*,*,#6695,.F.);
#6716 = ORIENTED_EDGE('',*,*,#5781,.F.);
#6717 = PLANE('',#6718);
#6718 = AXIS2_PLACEMENT_3D('',#6719,#6720,#6721);
#6719 = CARTESIAN_POINT('',(-0.982376446323,-1.165,0.232635182233));
#6720 = DIRECTION('',(0.988433898356,-1.131003375156E-17,-0.151652327974
    ));
#6721 = DIRECTION('',(0.151652327974,-1.735263178185E-18,0.988433898356)
  );
#6722 = ADVANCED_FACE('',(#6723),#6734,.F.);
#6723 = FACE_BOUND('',#6724,.F.);
#6724 = EDGE_LOOP('',(#6725,#6731,#6732,#6733));
#6725 = ORIENTED_EDGE('',*,*,#6726,.T.);
#6726 = EDGE_CURVE('',#5765,#5874,#6727,.T.);
#6727 = LINE('',#6728,#6729);
#6728 = CARTESIAN_POINT('',(-1.080857221624,-1.165,0.15));
#6729 = VECTOR('',#6730,1.);
#6730 = DIRECTION('',(1.144237745222E-17,1.,0.));
#6731 = ORIENTED_EDGE('',*,*,#5881,.T.);
#6732 = ORIENTED_EDGE('',*,*,#6709,.F.);
#6733 = ORIENTED_EDGE('',*,*,#5772,.F.);
#6734 = CYLINDRICAL_SURFACE('',#6735,0.1);
#6735 = AXIS2_PLACEMENT_3D('',#6736,#6737,#6738);
#6736 = CARTESIAN_POINT('',(-1.080857221624,-1.165,0.25));
#6737 = DIRECTION('',(-1.144237745222E-17,-1.,0.));
#6738 = DIRECTION('',(-2.22044604925E-15,2.540718180781E-32,-1.));
#6739 = ADVANCED_FACE('',(#6740),#6751,.F.);
#6740 = FACE_BOUND('',#6741,.F.);
#6741 = EDGE_LOOP('',(#6742,#6748,#6749,#6750));
#6742 = ORIENTED_EDGE('',*,*,#6743,.T.);
#6743 = EDGE_CURVE('',#5757,#5866,#6744,.T.);
#6744 = LINE('',#6745,#6746);
#6745 = CARTESIAN_POINT('',(-1.15,-1.165,0.15));
#6746 = VECTOR('',#6747,1.);
#6747 = DIRECTION('',(1.144237745222E-17,1.,0.));
#6748 = ORIENTED_EDGE('',*,*,#5873,.T.);
#6749 = ORIENTED_EDGE('',*,*,#6726,.F.);
#6750 = ORIENTED_EDGE('',*,*,#5764,.F.);
#6751 = PLANE('',#6752);
#6752 = AXIS2_PLACEMENT_3D('',#6753,#6754,#6755);
#6753 = CARTESIAN_POINT('',(-1.15,-1.165,0.15));
#6754 = DIRECTION('',(0.,0.,-1.));
#6755 = DIRECTION('',(1.,-1.144237745222E-17,0.));
#6756 = ADVANCED_FACE('',(#6757),#6768,.F.);
#6757 = FACE_BOUND('',#6758,.F.);
#6758 = EDGE_LOOP('',(#6759,#6765,#6766,#6767));
#6759 = ORIENTED_EDGE('',*,*,#6760,.T.);
#6760 = EDGE_CURVE('',#5749,#5858,#6761,.T.);
#6761 = LINE('',#6762,#6763);
#6762 = CARTESIAN_POINT('',(-1.15,-1.165,5.551115123126E-17));
#6763 = VECTOR('',#6764,1.);
#6764 = DIRECTION('',(1.144237745222E-17,1.,0.));
#6765 = ORIENTED_EDGE('',*,*,#5865,.T.);
#6766 = ORIENTED_EDGE('',*,*,#6743,.F.);
#6767 = ORIENTED_EDGE('',*,*,#5756,.F.);
#6768 = PLANE('',#6769);
#6769 = AXIS2_PLACEMENT_3D('',#6770,#6771,#6772);
#6770 = CARTESIAN_POINT('',(-1.15,-1.165,5.551115123126E-17));
#6771 = DIRECTION('',(1.,-1.144237745222E-17,0.));
#6772 = DIRECTION('',(0.,0.,1.));
#6773 = ADVANCED_FACE('',(#6774),#6785,.F.);
#6774 = FACE_BOUND('',#6775,.F.);
#6775 = EDGE_LOOP('',(#6776,#6782,#6783,#6784));
#6776 = ORIENTED_EDGE('',*,*,#6777,.T.);
#6777 = EDGE_CURVE('',#5740,#5849,#6778,.T.);
#6778 = LINE('',#6779,#6780);
#6779 = CARTESIAN_POINT('',(-1.080857221624,-1.165,5.551115123126E-17));
#6780 = VECTOR('',#6781,1.);
#6781 = DIRECTION('',(1.144237745222E-17,1.,0.));
#6782 = ORIENTED_EDGE('',*,*,#5857,.T.);
#6783 = ORIENTED_EDGE('',*,*,#6760,.F.);
#6784 = ORIENTED_EDGE('',*,*,#5748,.F.);
#6785 = PLANE('',#6786);
#6786 = AXIS2_PLACEMENT_3D('',#6787,#6788,#6789);
#6787 = CARTESIAN_POINT('',(-1.080857221624,-1.165,5.551115123126E-17));
#6788 = DIRECTION('',(0.,0.,1.));
#6789 = DIRECTION('',(-1.,1.144237745222E-17,0.));
#6790 = ADVANCED_FACE('',(#6791),#6802,.T.);
#6791 = FACE_BOUND('',#6792,.T.);
#6792 = EDGE_LOOP('',(#6793,#6794,#6795,#6796));
#6793 = ORIENTED_EDGE('',*,*,#5739,.T.);
#6794 = ORIENTED_EDGE('',*,*,#6777,.T.);
#6795 = ORIENTED_EDGE('',*,*,#5848,.F.);
#6796 = ORIENTED_EDGE('',*,*,#6797,.F.);
#6797 = EDGE_CURVE('',#5732,#5841,#6798,.T.);
#6798 = LINE('',#6799,#6800);
#6799 = CARTESIAN_POINT('',(-0.834655283371,-1.165,0.206587955583));
#6800 = VECTOR('',#6801,1.);
#6801 = DIRECTION('',(1.144237745222E-17,1.,0.));
#6802 = CYLINDRICAL_SURFACE('',#6803,0.25);
#6803 = AXIS2_PLACEMENT_3D('',#6804,#6805,#6806);
#6804 = CARTESIAN_POINT('',(-1.080857221624,-1.165,0.25));
#6805 = DIRECTION('',(-1.144237745222E-17,-1.,0.));
#6806 = DIRECTION('',(0.984807753012,-1.126854202784E-17,-0.173648177667
    ));
#6807 = ADVANCED_FACE('',(#6808),#6814,.F.);
#6808 = FACE_BOUND('',#6809,.F.);
#6809 = EDGE_LOOP('',(#6810,#6811,#6812,#6813));
#6810 = ORIENTED_EDGE('',*,*,#5822,.T.);
#6811 = ORIENTED_EDGE('',*,*,#5840,.T.);
#6812 = ORIENTED_EDGE('',*,*,#6797,.F.);
#6813 = ORIENTED_EDGE('',*,*,#5731,.F.);
#6814 = PLANE('',#6815);
#6815 = AXIS2_PLACEMENT_3D('',#6816,#6817,#6818);
#6816 = CARTESIAN_POINT('',(-0.798480775301,-1.165,0.442364817767));
#6817 = DIRECTION('',(-0.988433898356,1.131003375156E-17,0.151652327974)
  );
#6818 = DIRECTION('',(-0.151652327974,1.735263178185E-18,-0.988433898356
    ));
#6819 = ADVANCED_FACE('',(#6820),#6831,.F.);
#6820 = FACE_BOUND('',#6821,.F.);
#6821 = EDGE_LOOP('',(#6822,#6823,#6829,#6830));
#6822 = ORIENTED_EDGE('',*,*,#5999,.F.);
#6823 = ORIENTED_EDGE('',*,*,#6824,.T.);
#6824 = EDGE_CURVE('',#5991,#6093,#6825,.T.);
#6825 = LINE('',#6826,#6827);
#6826 = CARTESIAN_POINT('',(-0.982376446323,0.355,0.232635182233));
#6827 = VECTOR('',#6828,1.);
#6828 = DIRECTION('',(2.604226847886E-17,1.,0.));
#6829 = ORIENTED_EDGE('',*,*,#6101,.T.);
#6830 = ORIENTED_EDGE('',*,*,#6532,.F.);
#6831 = PLANE('',#6832);
#6832 = AXIS2_PLACEMENT_3D('',#6833,#6834,#6835);
#6833 = CARTESIAN_POINT('',(-0.982376446323,0.355,0.232635182233));
#6834 = DIRECTION('',(0.988433898356,-1.131003375156E-17,-0.151652327974
    ));
#6835 = DIRECTION('',(0.151652327974,-1.735263178185E-18,0.988433898356)
  );
#6836 = ADVANCED_FACE('',(#6837),#6848,.F.);
#6837 = FACE_BOUND('',#6838,.F.);
#6838 = EDGE_LOOP('',(#6839,#6840,#6846,#6847));
#6839 = ORIENTED_EDGE('',*,*,#5990,.F.);
#6840 = ORIENTED_EDGE('',*,*,#6841,.T.);
#6841 = EDGE_CURVE('',#5983,#6085,#6842,.T.);
#6842 = LINE('',#6843,#6844);
#6843 = CARTESIAN_POINT('',(-1.080857221624,0.355,0.15));
#6844 = VECTOR('',#6845,1.);
#6845 = DIRECTION('',(1.631068394202E-16,1.,0.));
#6846 = ORIENTED_EDGE('',*,*,#6092,.T.);
#6847 = ORIENTED_EDGE('',*,*,#6824,.F.);
#6848 = CYLINDRICAL_SURFACE('',#6849,0.1);
#6849 = AXIS2_PLACEMENT_3D('',#6850,#6851,#6852);
#6850 = CARTESIAN_POINT('',(-1.080857221624,0.355,0.25));
#6851 = DIRECTION('',(-1.144237745222E-17,-1.,0.));
#6852 = DIRECTION('',(-2.22044604925E-15,2.540718180781E-32,-1.));
#6853 = ADVANCED_FACE('',(#6854),#6865,.F.);
#6854 = FACE_BOUND('',#6855,.F.);
#6855 = EDGE_LOOP('',(#6856,#6857,#6863,#6864));
#6856 = ORIENTED_EDGE('',*,*,#5982,.F.);
#6857 = ORIENTED_EDGE('',*,*,#6858,.T.);
#6858 = EDGE_CURVE('',#5975,#6077,#6859,.T.);
#6859 = LINE('',#6860,#6861);
#6860 = CARTESIAN_POINT('',(-1.15,0.355,0.15));
#6861 = VECTOR('',#6862,1.);
#6862 = DIRECTION('',(1.631068394202E-16,1.,0.));
#6863 = ORIENTED_EDGE('',*,*,#6084,.T.);
#6864 = ORIENTED_EDGE('',*,*,#6841,.F.);
#6865 = PLANE('',#6866);
#6866 = AXIS2_PLACEMENT_3D('',#6867,#6868,#6869);
#6867 = CARTESIAN_POINT('',(-1.15,0.355,0.15));
#6868 = DIRECTION('',(0.,0.,-1.));
#6869 = DIRECTION('',(1.,-1.144237745222E-17,0.));
#6870 = ADVANCED_FACE('',(#6871),#6882,.F.);
#6871 = FACE_BOUND('',#6872,.F.);
#6872 = EDGE_LOOP('',(#6873,#6874,#6880,#6881));
#6873 = ORIENTED_EDGE('',*,*,#5974,.F.);
#6874 = ORIENTED_EDGE('',*,*,#6875,.T.);
#6875 = EDGE_CURVE('',#5967,#6069,#6876,.T.);
#6876 = LINE('',#6877,#6878);
#6877 = CARTESIAN_POINT('',(-1.15,0.355,5.551115123126E-17));
#6878 = VECTOR('',#6879,1.);
#6879 = DIRECTION('',(1.631068394202E-16,1.,0.));
#6880 = ORIENTED_EDGE('',*,*,#6076,.T.);
#6881 = ORIENTED_EDGE('',*,*,#6858,.F.);
#6882 = PLANE('',#6883);
#6883 = AXIS2_PLACEMENT_3D('',#6884,#6885,#6886);
#6884 = CARTESIAN_POINT('',(-1.15,0.355,5.551115123126E-17));
#6885 = DIRECTION('',(1.,-1.144237745222E-17,0.));
#6886 = DIRECTION('',(0.,0.,1.));
#6887 = ADVANCED_FACE('',(#6888),#6899,.F.);
#6888 = FACE_BOUND('',#6889,.F.);
#6889 = EDGE_LOOP('',(#6890,#6891,#6897,#6898));
#6890 = ORIENTED_EDGE('',*,*,#5966,.F.);
#6891 = ORIENTED_EDGE('',*,*,#6892,.T.);
#6892 = EDGE_CURVE('',#5958,#6060,#6893,.T.);
#6893 = LINE('',#6894,#6895);
#6894 = CARTESIAN_POINT('',(-1.080857221624,0.355,5.551115123126E-17));
#6895 = VECTOR('',#6896,1.);
#6896 = DIRECTION('',(1.631068394202E-16,1.,0.));
#6897 = ORIENTED_EDGE('',*,*,#6068,.T.);
#6898 = ORIENTED_EDGE('',*,*,#6875,.F.);
#6899 = PLANE('',#6900);
#6900 = AXIS2_PLACEMENT_3D('',#6901,#6902,#6903);
#6901 = CARTESIAN_POINT('',(-1.080857221624,0.355,5.551115123126E-17));
#6902 = DIRECTION('',(0.,0.,1.));
#6903 = DIRECTION('',(-1.,1.144237745222E-17,0.));
#6904 = ADVANCED_FACE('',(#6905),#6916,.T.);
#6905 = FACE_BOUND('',#6906,.T.);
#6906 = EDGE_LOOP('',(#6907,#6908,#6909,#6915));
#6907 = ORIENTED_EDGE('',*,*,#6892,.T.);
#6908 = ORIENTED_EDGE('',*,*,#6059,.F.);
#6909 = ORIENTED_EDGE('',*,*,#6910,.F.);
#6910 = EDGE_CURVE('',#5950,#6052,#6911,.T.);
#6911 = LINE('',#6912,#6913);
#6912 = CARTESIAN_POINT('',(-0.834655283371,0.355,0.206587955583));
#6913 = VECTOR('',#6914,1.);
#6914 = DIRECTION('',(2.604226847886E-17,1.,0.));
#6915 = ORIENTED_EDGE('',*,*,#5957,.T.);
#6916 = CYLINDRICAL_SURFACE('',#6917,0.25);
#6917 = AXIS2_PLACEMENT_3D('',#6918,#6919,#6920);
#6918 = CARTESIAN_POINT('',(-1.080857221624,0.355,0.25));
#6919 = DIRECTION('',(-1.144237745222E-17,-1.,0.));
#6920 = DIRECTION('',(0.984807753012,-1.126854202784E-17,-0.173648177667
    ));
#6921 = ADVANCED_FACE('',(#6922),#6928,.F.);
#6922 = FACE_BOUND('',#6923,.F.);
#6923 = EDGE_LOOP('',(#6924,#6925,#6926,#6927));
#6924 = ORIENTED_EDGE('',*,*,#6910,.F.);
#6925 = ORIENTED_EDGE('',*,*,#5949,.F.);
#6926 = ORIENTED_EDGE('',*,*,#6023,.T.);
#6927 = ORIENTED_EDGE('',*,*,#6051,.T.);
#6928 = PLANE('',#6929);
#6929 = AXIS2_PLACEMENT_3D('',#6930,#6931,#6932);
#6930 = CARTESIAN_POINT('',(-0.798480775301,0.735,0.442364817767));
#6931 = DIRECTION('',(-0.988433898356,1.131003375156E-17,0.151652327974)
  );
#6932 = DIRECTION('',(-0.151652327974,1.735263178185E-18,-0.988433898356
    ));
#6933 = ADVANCED_FACE('',(#6934),#6945,.F.);
#6934 = FACE_BOUND('',#6935,.F.);
#6935 = EDGE_LOOP('',(#6936,#6942,#6943,#6944));
#6936 = ORIENTED_EDGE('',*,*,#6937,.T.);
#6937 = EDGE_CURVE('',#6178,#6280,#6938,.T.);
#6938 = LINE('',#6939,#6940);
#6939 = CARTESIAN_POINT('',(0.982376446323,1.165,0.232635182233));
#6940 = VECTOR('',#6941,1.);
#6941 = DIRECTION('',(1.110223024625E-16,-1.,0.));
#6942 = ORIENTED_EDGE('',*,*,#6288,.T.);
#6943 = ORIENTED_EDGE('',*,*,#6666,.F.);
#6944 = ORIENTED_EDGE('',*,*,#6186,.F.);
#6945 = PLANE('',#6946);
#6946 = AXIS2_PLACEMENT_3D('',#6947,#6948,#6949);
#6947 = CARTESIAN_POINT('',(0.982376446323,1.165,0.232635182233));
#6948 = DIRECTION('',(-0.988433898356,-1.097382072275E-16,
    -0.151652327974));
#6949 = DIRECTION('',(-0.151652327974,-1.683679062546E-17,0.988433898356
    ));
#6950 = ADVANCED_FACE('',(#6951),#6962,.F.);
#6951 = FACE_BOUND('',#6952,.F.);
#6952 = EDGE_LOOP('',(#6953,#6959,#6960,#6961));
#6953 = ORIENTED_EDGE('',*,*,#6954,.T.);
#6954 = EDGE_CURVE('',#6170,#6272,#6955,.T.);
#6955 = LINE('',#6956,#6957);
#6956 = CARTESIAN_POINT('',(1.080857221624,1.165,0.15));
#6957 = VECTOR('',#6958,1.);
#6958 = DIRECTION('',(1.110223024625E-16,-1.,0.));
#6959 = ORIENTED_EDGE('',*,*,#6279,.T.);
#6960 = ORIENTED_EDGE('',*,*,#6937,.F.);
#6961 = ORIENTED_EDGE('',*,*,#6177,.F.);
#6962 = CYLINDRICAL_SURFACE('',#6963,0.1);
#6963 = AXIS2_PLACEMENT_3D('',#6964,#6965,#6966);
#6964 = CARTESIAN_POINT('',(1.080857221624,1.165,0.25));
#6965 = DIRECTION('',(-1.110223024625E-16,1.,0.));
#6966 = DIRECTION('',(2.22044604925E-15,2.465190328815E-31,-1.));
#6967 = ADVANCED_FACE('',(#6968),#6979,.F.);
#6968 = FACE_BOUND('',#6969,.F.);
#6969 = EDGE_LOOP('',(#6970,#6976,#6977,#6978));
#6970 = ORIENTED_EDGE('',*,*,#6971,.T.);
#6971 = EDGE_CURVE('',#6162,#6264,#6972,.T.);
#6972 = LINE('',#6973,#6974);
#6973 = CARTESIAN_POINT('',(1.15,1.165,0.15));
#6974 = VECTOR('',#6975,1.);
#6975 = DIRECTION('',(1.110223024625E-16,-1.,0.));
#6976 = ORIENTED_EDGE('',*,*,#6271,.T.);
#6977 = ORIENTED_EDGE('',*,*,#6954,.F.);
#6978 = ORIENTED_EDGE('',*,*,#6169,.F.);
#6979 = PLANE('',#6980);
#6980 = AXIS2_PLACEMENT_3D('',#6981,#6982,#6983);
#6981 = CARTESIAN_POINT('',(1.15,1.165,0.15));
#6982 = DIRECTION('',(0.,0.,-1.));
#6983 = DIRECTION('',(-1.,-1.110223024625E-16,-0.));
#6984 = ADVANCED_FACE('',(#6985),#6996,.F.);
#6985 = FACE_BOUND('',#6986,.F.);
#6986 = EDGE_LOOP('',(#6987,#6993,#6994,#6995));
#6987 = ORIENTED_EDGE('',*,*,#6988,.T.);
#6988 = EDGE_CURVE('',#6154,#6256,#6989,.T.);
#6989 = LINE('',#6990,#6991);
#6990 = CARTESIAN_POINT('',(1.15,1.165,5.551115123126E-17));
#6991 = VECTOR('',#6992,1.);
#6992 = DIRECTION('',(1.110223024625E-16,-1.,0.));
#6993 = ORIENTED_EDGE('',*,*,#6263,.T.);
#6994 = ORIENTED_EDGE('',*,*,#6971,.F.);
#6995 = ORIENTED_EDGE('',*,*,#6161,.F.);
#6996 = PLANE('',#6997);
#6997 = AXIS2_PLACEMENT_3D('',#6998,#6999,#7000);
#6998 = CARTESIAN_POINT('',(1.15,1.165,5.551115123126E-17));
#6999 = DIRECTION('',(-1.,-1.110223024625E-16,0.));
#7000 = DIRECTION('',(0.,0.,1.));
#7001 = ADVANCED_FACE('',(#7002),#7013,.F.);
#7002 = FACE_BOUND('',#7003,.F.);
#7003 = EDGE_LOOP('',(#7004,#7010,#7011,#7012));
#7004 = ORIENTED_EDGE('',*,*,#7005,.T.);
#7005 = EDGE_CURVE('',#6145,#6247,#7006,.T.);
#7006 = LINE('',#7007,#7008);
#7007 = CARTESIAN_POINT('',(1.080857221624,1.165,5.551115123126E-17));
#7008 = VECTOR('',#7009,1.);
#7009 = DIRECTION('',(1.110223024625E-16,-1.,0.));
#7010 = ORIENTED_EDGE('',*,*,#6255,.T.);
#7011 = ORIENTED_EDGE('',*,*,#6988,.F.);
#7012 = ORIENTED_EDGE('',*,*,#6153,.F.);
#7013 = PLANE('',#7014);
#7014 = AXIS2_PLACEMENT_3D('',#7015,#7016,#7017);
#7015 = CARTESIAN_POINT('',(1.080857221624,1.165,5.551115123126E-17));
#7016 = DIRECTION('',(0.,0.,1.));
#7017 = DIRECTION('',(1.,1.110223024625E-16,-0.));
#7018 = ADVANCED_FACE('',(#7019),#7030,.T.);
#7019 = FACE_BOUND('',#7020,.T.);
#7020 = EDGE_LOOP('',(#7021,#7022,#7023,#7024));
#7021 = ORIENTED_EDGE('',*,*,#6144,.T.);
#7022 = ORIENTED_EDGE('',*,*,#7005,.T.);
#7023 = ORIENTED_EDGE('',*,*,#6246,.F.);
#7024 = ORIENTED_EDGE('',*,*,#7025,.F.);
#7025 = EDGE_CURVE('',#6137,#6239,#7026,.T.);
#7026 = LINE('',#7027,#7028);
#7027 = CARTESIAN_POINT('',(0.834655283371,1.165,0.206587955583));
#7028 = VECTOR('',#7029,1.);
#7029 = DIRECTION('',(1.110223024625E-16,-1.,0.));
#7030 = CYLINDRICAL_SURFACE('',#7031,0.25);
#7031 = AXIS2_PLACEMENT_3D('',#7032,#7033,#7034);
#7032 = CARTESIAN_POINT('',(1.080857221624,1.165,0.25));
#7033 = DIRECTION('',(-1.110223024625E-16,1.,0.));
#7034 = DIRECTION('',(-0.984807753012,-1.093356242223E-16,
    -0.173648177667));
#7035 = ADVANCED_FACE('',(#7036),#7042,.F.);
#7036 = FACE_BOUND('',#7037,.F.);
#7037 = EDGE_LOOP('',(#7038,#7039,#7040,#7041));
#7038 = ORIENTED_EDGE('',*,*,#6220,.T.);
#7039 = ORIENTED_EDGE('',*,*,#6238,.T.);
#7040 = ORIENTED_EDGE('',*,*,#7025,.F.);
#7041 = ORIENTED_EDGE('',*,*,#6136,.F.);
#7042 = PLANE('',#7043);
#7043 = AXIS2_PLACEMENT_3D('',#7044,#7045,#7046);
#7044 = CARTESIAN_POINT('',(0.798480775301,1.165,0.442364817767));
#7045 = DIRECTION('',(0.988433898356,1.097382072275E-16,0.151652327974)
  );
#7046 = DIRECTION('',(0.151652327974,1.683679062546E-17,-0.988433898356)
  );
#7047 = ADVANCED_FACE('',(#7048),#7059,.T.);
#7048 = FACE_BOUND('',#7049,.T.);
#7049 = EDGE_LOOP('',(#7050,#7051,#7052,#7053));
#7050 = ORIENTED_EDGE('',*,*,#6398,.T.);
#7051 = ORIENTED_EDGE('',*,*,#6629,.T.);
#7052 = ORIENTED_EDGE('',*,*,#6507,.F.);
#7053 = ORIENTED_EDGE('',*,*,#7054,.F.);
#7054 = EDGE_CURVE('',#6391,#6500,#7055,.T.);
#7055 = LINE('',#7056,#7057);
#7056 = CARTESIAN_POINT('',(0.946201938253,-0.735,0.468412044417));
#7057 = VECTOR('',#7058,1.);
#7058 = DIRECTION('',(1.110223024625E-16,-1.,0.));
#7059 = CYLINDRICAL_SURFACE('',#7060,0.25);
#7060 = AXIS2_PLACEMENT_3D('',#7061,#7062,#7063);
#7061 = CARTESIAN_POINT('',(0.7,-0.735,0.425));
#7062 = DIRECTION('',(-1.110223024625E-16,1.,0.));
#7063 = DIRECTION('',(0.984807753012,1.093356242223E-16,0.173648177667)
  );
#7064 = ADVANCED_FACE('',(#7065),#7076,.F.);
#7065 = FACE_BOUND('',#7066,.F.);
#7066 = EDGE_LOOP('',(#7067,#7073,#7074,#7075));
#7067 = ORIENTED_EDGE('',*,*,#7068,.T.);
#7068 = EDGE_CURVE('',#6382,#6491,#7069,.T.);
#7069 = LINE('',#7070,#7071);
#7070 = CARTESIAN_POINT('',(0.982376446323,-0.735,0.232635182233));
#7071 = VECTOR('',#7072,1.);
#7072 = DIRECTION('',(1.110223024625E-16,-1.,0.));
#7073 = ORIENTED_EDGE('',*,*,#6499,.T.);
#7074 = ORIENTED_EDGE('',*,*,#7054,.F.);
#7075 = ORIENTED_EDGE('',*,*,#6390,.F.);
#7076 = PLANE('',#7077);
#7077 = AXIS2_PLACEMENT_3D('',#7078,#7079,#7080);
#7078 = CARTESIAN_POINT('',(0.982376446323,-0.735,0.232635182233));
#7079 = DIRECTION('',(-0.988433898356,-1.097382072275E-16,
    -0.151652327974));
#7080 = DIRECTION('',(-0.151652327974,-1.683679062546E-17,0.988433898356
    ));
#7081 = ADVANCED_FACE('',(#7082),#7093,.F.);
#7082 = FACE_BOUND('',#7083,.F.);
#7083 = EDGE_LOOP('',(#7084,#7090,#7091,#7092));
#7084 = ORIENTED_EDGE('',*,*,#7085,.T.);
#7085 = EDGE_CURVE('',#6374,#6483,#7086,.T.);
#7086 = LINE('',#7087,#7088);
#7087 = CARTESIAN_POINT('',(1.080857221624,-0.735,0.15));
#7088 = VECTOR('',#7089,1.);
#7089 = DIRECTION('',(1.110223024625E-16,-1.,0.));
#7090 = ORIENTED_EDGE('',*,*,#6490,.T.);
#7091 = ORIENTED_EDGE('',*,*,#7068,.F.);
#7092 = ORIENTED_EDGE('',*,*,#6381,.F.);
#7093 = CYLINDRICAL_SURFACE('',#7094,0.1);
#7094 = AXIS2_PLACEMENT_3D('',#7095,#7096,#7097);
#7095 = CARTESIAN_POINT('',(1.080857221624,-0.735,0.25));
#7096 = DIRECTION('',(-1.110223024625E-16,1.,0.));
#7097 = DIRECTION('',(2.22044604925E-15,2.465190328815E-31,-1.));
#7098 = ADVANCED_FACE('',(#7099),#7110,.F.);
#7099 = FACE_BOUND('',#7100,.F.);
#7100 = EDGE_LOOP('',(#7101,#7107,#7108,#7109));
#7101 = ORIENTED_EDGE('',*,*,#7102,.T.);
#7102 = EDGE_CURVE('',#6366,#6475,#7103,.T.);
#7103 = LINE('',#7104,#7105);
#7104 = CARTESIAN_POINT('',(1.15,-0.735,0.15));
#7105 = VECTOR('',#7106,1.);
#7106 = DIRECTION('',(1.110223024625E-16,-1.,0.));
#7107 = ORIENTED_EDGE('',*,*,#6482,.T.);
#7108 = ORIENTED_EDGE('',*,*,#7085,.F.);
#7109 = ORIENTED_EDGE('',*,*,#6373,.F.);
#7110 = PLANE('',#7111);
#7111 = AXIS2_PLACEMENT_3D('',#7112,#7113,#7114);
#7112 = CARTESIAN_POINT('',(1.15,-0.735,0.15));
#7113 = DIRECTION('',(0.,0.,-1.));
#7114 = DIRECTION('',(-1.,-1.110223024625E-16,-0.));
#7115 = ADVANCED_FACE('',(#7116),#7127,.F.);
#7116 = FACE_BOUND('',#7117,.F.);
#7117 = EDGE_LOOP('',(#7118,#7124,#7125,#7126));
#7118 = ORIENTED_EDGE('',*,*,#7119,.T.);
#7119 = EDGE_CURVE('',#6358,#6467,#7120,.T.);
#7120 = LINE('',#7121,#7122);
#7121 = CARTESIAN_POINT('',(1.15,-0.735,5.551115123126E-17));
#7122 = VECTOR('',#7123,1.);
#7123 = DIRECTION('',(1.110223024625E-16,-1.,0.));
#7124 = ORIENTED_EDGE('',*,*,#6474,.T.);
#7125 = ORIENTED_EDGE('',*,*,#7102,.F.);
#7126 = ORIENTED_EDGE('',*,*,#6365,.F.);
#7127 = PLANE('',#7128);
#7128 = AXIS2_PLACEMENT_3D('',#7129,#7130,#7131);
#7129 = CARTESIAN_POINT('',(1.15,-0.735,5.551115123126E-17));
#7130 = DIRECTION('',(-1.,-1.110223024625E-16,0.));
#7131 = DIRECTION('',(0.,0.,1.));
#7132 = ADVANCED_FACE('',(#7133),#7144,.F.);
#7133 = FACE_BOUND('',#7134,.F.);
#7134 = EDGE_LOOP('',(#7135,#7141,#7142,#7143));
#7135 = ORIENTED_EDGE('',*,*,#7136,.T.);
#7136 = EDGE_CURVE('',#6349,#6458,#7137,.T.);
#7137 = LINE('',#7138,#7139);
#7138 = CARTESIAN_POINT('',(1.080857221624,-0.735,5.551115123126E-17));
#7139 = VECTOR('',#7140,1.);
#7140 = DIRECTION('',(1.110223024625E-16,-1.,0.));
#7141 = ORIENTED_EDGE('',*,*,#6466,.T.);
#7142 = ORIENTED_EDGE('',*,*,#7119,.F.);
#7143 = ORIENTED_EDGE('',*,*,#6357,.F.);
#7144 = PLANE('',#7145);
#7145 = AXIS2_PLACEMENT_3D('',#7146,#7147,#7148);
#7146 = CARTESIAN_POINT('',(1.080857221624,-0.735,5.551115123126E-17));
#7147 = DIRECTION('',(0.,0.,1.));
#7148 = DIRECTION('',(1.,1.110223024625E-16,-0.));
#7149 = ADVANCED_FACE('',(#7150),#7161,.T.);
#7150 = FACE_BOUND('',#7151,.T.);
#7151 = EDGE_LOOP('',(#7152,#7153,#7154,#7155));
#7152 = ORIENTED_EDGE('',*,*,#6348,.T.);
#7153 = ORIENTED_EDGE('',*,*,#7136,.T.);
#7154 = ORIENTED_EDGE('',*,*,#6457,.F.);
#7155 = ORIENTED_EDGE('',*,*,#7156,.F.);
#7156 = EDGE_CURVE('',#6341,#6450,#7157,.T.);
#7157 = LINE('',#7158,#7159);
#7158 = CARTESIAN_POINT('',(0.834655283371,-0.735,0.206587955583));
#7159 = VECTOR('',#7160,1.);
#7160 = DIRECTION('',(1.110223024625E-16,-1.,0.));
#7161 = CYLINDRICAL_SURFACE('',#7162,0.25);
#7162 = AXIS2_PLACEMENT_3D('',#7163,#7164,#7165);
#7163 = CARTESIAN_POINT('',(1.080857221624,-0.735,0.25));
#7164 = DIRECTION('',(-1.110223024625E-16,1.,0.));
#7165 = DIRECTION('',(-0.984807753012,-1.093356242223E-16,
    -0.173648177667));
#7166 = ADVANCED_FACE('',(#7167),#7173,.F.);
#7167 = FACE_BOUND('',#7168,.F.);
#7168 = EDGE_LOOP('',(#7169,#7170,#7171,#7172));
#7169 = ORIENTED_EDGE('',*,*,#6431,.T.);
#7170 = ORIENTED_EDGE('',*,*,#6449,.T.);
#7171 = ORIENTED_EDGE('',*,*,#7156,.F.);
#7172 = ORIENTED_EDGE('',*,*,#6340,.F.);
#7173 = PLANE('',#7174);
#7174 = AXIS2_PLACEMENT_3D('',#7175,#7176,#7177);
#7175 = CARTESIAN_POINT('',(0.798480775301,-0.735,0.442364817767));
#7176 = DIRECTION('',(0.988433898356,1.097382072275E-16,0.151652327974)
  );
#7177 = DIRECTION('',(0.151652327974,1.683679062546E-17,-0.988433898356)
  );
#7178 = ADVANCED_FACE('',(#7179),#7182,.F.);
#7179 = FACE_BOUND('',#7180,.T.);
#7180 = EDGE_LOOP('',(#7181));
#7181 = ORIENTED_EDGE('',*,*,#6595,.F.);
#7182 = PLANE('',#7183);
#7183 = AXIS2_PLACEMENT_3D('',#7184,#7185,#7186);
#7184 = CARTESIAN_POINT('',(-0.365270145251,1.165270145251,1.1));
#7185 = DIRECTION('',(0.,0.,-1.));
#7186 = DIRECTION('',(1.110223024625E-16,-1.,0.));
#7187 = ( GEOMETRIC_REPRESENTATION_CONTEXT(3) 
GLOBAL_UNCERTAINTY_ASSIGNED_CONTEXT((#7191)) 
GLOBAL_UNIT_ASSIGNED_CONTEXT((#7188,#7189,#7190)) REPRESENTATION_CONTEXT
('Context #1','3D Context with UNIT and UNCERTAINTY') );
#7188 = ( LENGTH_UNIT() NAMED_UNIT(*) SI_UNIT(.MILLI.,.METRE.) );
#7189 = ( NAMED_UNIT(*) PLANE_ANGLE_UNIT() SI_UNIT($,.RADIAN.) );
#7190 = ( NAMED_UNIT(*) SI_UNIT($,.STERADIAN.) SOLID_ANGLE_UNIT() );
#7191 = UNCERTAINTY_MEASURE_WITH_UNIT(LENGTH_MEASURE(1.E-07),#7188,
  'distance_accuracy_value','confusion accuracy');
#7192 = CONTEXT_DEPENDENT_SHAPE_REPRESENTATION(#7193,#7195);
#7193 = ( REPRESENTATION_RELATIONSHIP('','',#4584,#10) 
REPRESENTATION_RELATIONSHIP_WITH_TRANSFORMATION(#7194) 
SHAPE_REPRESENTATION_RELATIONSHIP() );
#7194 = ITEM_DEFINED_TRANSFORMATION('','',#11,#39);
#7195 = PRODUCT_DEFINITION_SHAPE('Placement','Placement of an item',
  #7196);
#7196 = NEXT_ASSEMBLY_USAGE_OCCURRENCE('7','D1','',#5,#4579,$);
#7197 = PRODUCT_RELATED_PRODUCT_CATEGORY('part',$,(#4581));
#7198 = SHAPE_DEFINITION_REPRESENTATION(#7199,#7205);
#7199 = PRODUCT_DEFINITION_SHAPE('','',#7200);
#7200 = PRODUCT_DEFINITION('design','',#7201,#7204);
#7201 = PRODUCT_DEFINITION_FORMATION('','',#7202);
#7202 = PRODUCT('SOIC-8_3.9x4.9mm_P1.27mm','SOIC-8_3.9x4.9mm_P1.27mm',''
  ,(#7203));
#7203 = PRODUCT_CONTEXT('',#2,'mechanical');
#7204 = PRODUCT_DEFINITION_CONTEXT('part definition',#2,'design');
#7205 = ADVANCED_BREP_SHAPE_REPRESENTATION('',(#11,#7206),#11674);
#7206 = MANIFOLD_SOLID_BREP('',#7207);
#7207 = CLOSED_SHELL('',(#7208,#7246,#7309,#7332,#7361,#7384,#7471,#7558
    ,#7581,#7604,#7621,#7644,#7732,#7748,#7778,#7809,#7840,#7871,#7902,
    #7933,#7964,#7995,#8012,#8029,#8060,#8091,#8122,#8153,#8184,#8215,
    #8246,#8276,#8299,#8322,#8339,#8384,#8470,#8493,#8516,#8539,#8626,
    #8664,#8713,#8805,#8830,#8914,#8936,#9028,#9053,#9137,#9159,#9251,
    #9276,#9360,#9377,#9462,#9487,#9564,#9649,#9674,#9751,#9768,#9860,
    #9885,#9969,#9991,#10083,#10108,#10192,#10214,#10306,#10331,#10415,
    #10432,#10451,#10470,#10489,#10535,#10551,#10570,#10589,#10608,
    #10624,#10641,#10653,#10670,#10687,#10704,#10721,#10738,#10755,
    #10772,#10784,#10801,#10818,#10835,#10852,#10869,#10886,#10903,
    #10915,#10932,#10949,#10966,#10983,#11000,#11017,#11034,#11046,
    #11063,#11080,#11097,#11114,#11131,#11148,#11160,#11177,#11194,
    #11211,#11228,#11245,#11262,#11274,#11291,#11308,#11325,#11342,
    #11359,#11376,#11393,#11405,#11422,#11439,#11456,#11473,#11490,
    #11507,#11524,#11536,#11553,#11570,#11587,#11604,#11621,#11638,
    #11655,#11667));
#7208 = ADVANCED_FACE('',(#7209),#7241,.F.);
#7209 = FACE_BOUND('',#7210,.F.);
#7210 = EDGE_LOOP('',(#7211,#7221,#7228,#7236));
#7211 = ORIENTED_EDGE('',*,*,#7212,.T.);
#7212 = EDGE_CURVE('',#7213,#7215,#7217,.T.);
#7213 = VERTEX_POINT('',#7214);
#7214 = CARTESIAN_POINT('',(-1.717585640382,2.335171280765,0.1));
#7215 = VERTEX_POINT('',#7216);
#7216 = CARTESIAN_POINT('',(1.717585640382,2.335171280765,0.1));
#7217 = LINE('',#7218,#7219);
#7218 = CARTESIAN_POINT('',(-1.717585640382,2.335171280765,0.1));
#7219 = VECTOR('',#7220,1.);
#7220 = DIRECTION('',(1.,1.110223024625E-16,0.));
#7221 = ORIENTED_EDGE('',*,*,#7222,.T.);
#7222 = EDGE_CURVE('',#7215,#7223,#7225,.T.);
#7223 = VERTEX_POINT('',#7224);
#7224 = CARTESIAN_POINT('',(1.775,2.45,0.825));
#7225 = B_SPLINE_CURVE_WITH_KNOTS('',1,(#7226,#7227),.UNSPECIFIED.,.F.,
  .F.,(2,2),(0.,1.),.PIECEWISE_BEZIER_KNOTS.);
#7226 = CARTESIAN_POINT('',(1.717585640382,2.335171280765,0.1));
#7227 = CARTESIAN_POINT('',(1.775,2.45,0.825));
#7228 = ORIENTED_EDGE('',*,*,#7229,.F.);
#7229 = EDGE_CURVE('',#7230,#7223,#7232,.T.);
#7230 = VERTEX_POINT('',#7231);
#7231 = CARTESIAN_POINT('',(-1.775,2.45,0.825));
#7232 = LINE('',#7233,#7234);
#7233 = CARTESIAN_POINT('',(-1.775,2.45,0.825));
#7234 = VECTOR('',#7235,1.);
#7235 = DIRECTION('',(1.,1.110223024625E-16,0.));
#7236 = ORIENTED_EDGE('',*,*,#7237,.F.);
#7237 = EDGE_CURVE('',#7213,#7230,#7238,.T.);
#7238 = B_SPLINE_CURVE_WITH_KNOTS('',1,(#7239,#7240),.UNSPECIFIED.,.F.,
  .F.,(2,2),(0.,1.),.PIECEWISE_BEZIER_KNOTS.);
#7239 = CARTESIAN_POINT('',(-1.717585640382,2.335171280765,0.1));
#7240 = CARTESIAN_POINT('',(-1.775,2.45,0.825));
#7241 = B_SPLINE_SURFACE_WITH_KNOTS('',1,1,(
    (#7242,#7243)
    ,(#7244,#7245
    )),.UNSPECIFIED.,.F.,.F.,.F.,(2,2),(2,2),(0.,3.55),(0.,1.),
  .PIECEWISE_BEZIER_KNOTS.);
#7242 = CARTESIAN_POINT('',(-1.717585640382,2.335171280765,0.1));
#7243 = CARTESIAN_POINT('',(-1.775,2.45,0.825));
#7244 = CARTESIAN_POINT('',(1.717585640382,2.335171280765,0.1));
#7245 = CARTESIAN_POINT('',(1.775,2.45,0.825));
#7246 = ADVANCED_FACE('',(#7247),#7304,.F.);
#7247 = FACE_BOUND('',#7248,.T.);
#7248 = EDGE_LOOP('',(#7249,#7250,#7258,#7266,#7274,#7282,#7290,#7298));
#7249 = ORIENTED_EDGE('',*,*,#7212,.T.);
#7250 = ORIENTED_EDGE('',*,*,#7251,.T.);
#7251 = EDGE_CURVE('',#7215,#7252,#7254,.T.);
#7252 = VERTEX_POINT('',#7253);
#7253 = CARTESIAN_POINT('',(1.835171280765,2.217585640382,0.1));
#7254 = LINE('',#7255,#7256);
#7255 = CARTESIAN_POINT('',(1.717585640382,2.335171280765,0.1));
#7256 = VECTOR('',#7257,1.);
#7257 = DIRECTION('',(0.707106781187,-0.707106781187,0.));
#7258 = ORIENTED_EDGE('',*,*,#7259,.T.);
#7259 = EDGE_CURVE('',#7252,#7260,#7262,.T.);
#7260 = VERTEX_POINT('',#7261);
#7261 = CARTESIAN_POINT('',(1.835171280765,-2.217585640382,0.1));
#7262 = LINE('',#7263,#7264);
#7263 = CARTESIAN_POINT('',(1.835171280765,2.217585640382,0.1));
#7264 = VECTOR('',#7265,1.);
#7265 = DIRECTION('',(1.110223024625E-16,-1.,0.));
#7266 = ORIENTED_EDGE('',*,*,#7267,.T.);
#7267 = EDGE_CURVE('',#7260,#7268,#7270,.T.);
#7268 = VERTEX_POINT('',#7269);
#7269 = CARTESIAN_POINT('',(1.717585640382,-2.335171280765,0.1));
#7270 = LINE('',#7271,#7272);
#7271 = CARTESIAN_POINT('',(1.835171280765,-2.217585640382,0.1));
#7272 = VECTOR('',#7273,1.);
#7273 = DIRECTION('',(-0.707106781187,-0.707106781187,0.));
#7274 = ORIENTED_EDGE('',*,*,#7275,.T.);
#7275 = EDGE_CURVE('',#7268,#7276,#7278,.T.);
#7276 = VERTEX_POINT('',#7277);
#7277 = CARTESIAN_POINT('',(-1.717585640382,-2.335171280765,0.1));
#7278 = LINE('',#7279,#7280);
#7279 = CARTESIAN_POINT('',(1.717585640382,-2.335171280765,0.1));
#7280 = VECTOR('',#7281,1.);
#7281 = DIRECTION('',(-1.,-1.110223024625E-16,0.));
#7282 = ORIENTED_EDGE('',*,*,#7283,.T.);
#7283 = EDGE_CURVE('',#7276,#7284,#7286,.T.);
#7284 = VERTEX_POINT('',#7285);
#7285 = CARTESIAN_POINT('',(-1.835171280765,-2.217585640382,0.1));
#7286 = LINE('',#7287,#7288);
#7287 = CARTESIAN_POINT('',(-1.717585640382,-2.335171280765,0.1));
#7288 = VECTOR('',#7289,1.);
#7289 = DIRECTION('',(-0.707106781187,0.707106781187,0.));
#7290 = ORIENTED_EDGE('',*,*,#7291,.T.);
#7291 = EDGE_CURVE('',#7284,#7292,#7294,.T.);
#7292 = VERTEX_POINT('',#7293);
#7293 = CARTESIAN_POINT('',(-1.835171280765,2.217585640382,0.1));
#7294 = LINE('',#7295,#7296);
#7295 = CARTESIAN_POINT('',(-1.835171280765,-2.217585640382,0.1));
#7296 = VECTOR('',#7297,1.);
#7297 = DIRECTION('',(-1.110223024625E-16,1.,0.));
#7298 = ORIENTED_EDGE('',*,*,#7299,.T.);
#7299 = EDGE_CURVE('',#7292,#7213,#7300,.T.);
#7300 = LINE('',#7301,#7302);
#7301 = CARTESIAN_POINT('',(-1.835171280765,2.217585640382,0.1));
#7302 = VECTOR('',#7303,1.);
#7303 = DIRECTION('',(0.707106781187,0.707106781187,0.));
#7304 = PLANE('',#7305);
#7305 = AXIS2_PLACEMENT_3D('',#7306,#7307,#7308);
#7306 = CARTESIAN_POINT('',(-1.717585640382,2.335171280765,0.1));
#7307 = DIRECTION('',(0.,0.,1.));
#7308 = DIRECTION('',(0.592513131498,-0.805560791625,0.));
#7309 = ADVANCED_FACE('',(#7310),#7327,.F.);
#7310 = FACE_BOUND('',#7311,.F.);
#7311 = EDGE_LOOP('',(#7312,#7313,#7320,#7326));
#7312 = ORIENTED_EDGE('',*,*,#7251,.T.);
#7313 = ORIENTED_EDGE('',*,*,#7314,.T.);
#7314 = EDGE_CURVE('',#7252,#7315,#7317,.T.);
#7315 = VERTEX_POINT('',#7316);
#7316 = CARTESIAN_POINT('',(1.95,2.275,0.825));
#7317 = B_SPLINE_CURVE_WITH_KNOTS('',1,(#7318,#7319),.UNSPECIFIED.,.F.,
  .F.,(2,2),(0.,1.),.PIECEWISE_BEZIER_KNOTS.);
#7318 = CARTESIAN_POINT('',(1.835171280765,2.217585640382,0.1));
#7319 = CARTESIAN_POINT('',(1.95,2.275,0.825));
#7320 = ORIENTED_EDGE('',*,*,#7321,.F.);
#7321 = EDGE_CURVE('',#7223,#7315,#7322,.T.);
#7322 = LINE('',#7323,#7324);
#7323 = CARTESIAN_POINT('',(1.775,2.45,0.825));
#7324 = VECTOR('',#7325,1.);
#7325 = DIRECTION('',(0.707106781187,-0.707106781187,0.));
#7326 = ORIENTED_EDGE('',*,*,#7222,.F.);
#7327 = B_SPLINE_SURFACE_WITH_KNOTS('',1,1,(
    (#7328,#7329)
    ,(#7330,#7331
    )),.UNSPECIFIED.,.F.,.F.,.F.,(2,2),(2,2),(0.,0.247487373415),(0.,1.)
  ,.PIECEWISE_BEZIER_KNOTS.);
#7328 = CARTESIAN_POINT('',(1.717585640382,2.335171280765,0.1));
#7329 = CARTESIAN_POINT('',(1.775,2.45,0.825));
#7330 = CARTESIAN_POINT('',(1.835171280765,2.217585640382,0.1));
#7331 = CARTESIAN_POINT('',(1.95,2.275,0.825));
#7332 = ADVANCED_FACE('',(#7333),#7356,.F.);
#7333 = FACE_BOUND('',#7334,.F.);
#7334 = EDGE_LOOP('',(#7335,#7336,#7343,#7351));
#7335 = ORIENTED_EDGE('',*,*,#7229,.T.);
#7336 = ORIENTED_EDGE('',*,*,#7337,.T.);
#7337 = EDGE_CURVE('',#7223,#7338,#7340,.T.);
#7338 = VERTEX_POINT('',#7339);
#7339 = CARTESIAN_POINT('',(1.775,2.45,1.025));
#7340 = B_SPLINE_CURVE_WITH_KNOTS('',1,(#7341,#7342),.UNSPECIFIED.,.F.,
  .F.,(2,2),(0.,1.),.PIECEWISE_BEZIER_KNOTS.);
#7341 = CARTESIAN_POINT('',(1.775,2.45,0.825));
#7342 = CARTESIAN_POINT('',(1.775,2.45,1.025));
#7343 = ORIENTED_EDGE('',*,*,#7344,.F.);
#7344 = EDGE_CURVE('',#7345,#7338,#7347,.T.);
#7345 = VERTEX_POINT('',#7346);
#7346 = CARTESIAN_POINT('',(-1.775,2.45,1.025));
#7347 = LINE('',#7348,#7349);
#7348 = CARTESIAN_POINT('',(-1.775,2.45,1.025));
#7349 = VECTOR('',#7350,1.);
#7350 = DIRECTION('',(1.,1.110223024625E-16,0.));
#7351 = ORIENTED_EDGE('',*,*,#7352,.F.);
#7352 = EDGE_CURVE('',#7230,#7345,#7353,.T.);
#7353 = B_SPLINE_CURVE_WITH_KNOTS('',1,(#7354,#7355),.UNSPECIFIED.,.F.,
  .F.,(2,2),(0.,1.),.PIECEWISE_BEZIER_KNOTS.);
#7354 = CARTESIAN_POINT('',(-1.775,2.45,0.825));
#7355 = CARTESIAN_POINT('',(-1.775,2.45,1.025));
#7356 = PLANE('',#7357);
#7357 = AXIS2_PLACEMENT_3D('',#7358,#7359,#7360);
#7358 = CARTESIAN_POINT('',(-1.775,2.45,1.025));
#7359 = DIRECTION('',(1.110223024625E-16,-1.,0.));
#7360 = DIRECTION('',(1.,1.110223024625E-16,0.));
#7361 = ADVANCED_FACE('',(#7362),#7379,.F.);
#7362 = FACE_BOUND('',#7363,.F.);
#7363 = EDGE_LOOP('',(#7364,#7365,#7366,#7374));
#7364 = ORIENTED_EDGE('',*,*,#7299,.T.);
#7365 = ORIENTED_EDGE('',*,*,#7237,.T.);
#7366 = ORIENTED_EDGE('',*,*,#7367,.F.);
#7367 = EDGE_CURVE('',#7368,#7230,#7370,.T.);
#7368 = VERTEX_POINT('',#7369);
#7369 = CARTESIAN_POINT('',(-1.95,2.275,0.825));
#7370 = LINE('',#7371,#7372);
#7371 = CARTESIAN_POINT('',(-1.95,2.275,0.825));
#7372 = VECTOR('',#7373,1.);
#7373 = DIRECTION('',(0.707106781187,0.707106781187,0.));
#7374 = ORIENTED_EDGE('',*,*,#7375,.F.);
#7375 = EDGE_CURVE('',#7292,#7368,#7376,.T.);
#7376 = B_SPLINE_CURVE_WITH_KNOTS('',1,(#7377,#7378),.UNSPECIFIED.,.F.,
  .F.,(2,2),(0.,1.),.PIECEWISE_BEZIER_KNOTS.);
#7377 = CARTESIAN_POINT('',(-1.835171280765,2.217585640382,0.1));
#7378 = CARTESIAN_POINT('',(-1.95,2.275,0.825));
#7379 = B_SPLINE_SURFACE_WITH_KNOTS('',1,1,(
    (#7380,#7381)
    ,(#7382,#7383
    )),.UNSPECIFIED.,.F.,.F.,.F.,(2,2),(2,2),(0.,0.247487373415),(0.,1.)
  ,.PIECEWISE_BEZIER_KNOTS.);
#7380 = CARTESIAN_POINT('',(-1.835171280765,2.217585640382,0.1));
#7381 = CARTESIAN_POINT('',(-1.95,2.275,0.825));
#7382 = CARTESIAN_POINT('',(-1.717585640382,2.335171280765,0.1));
#7383 = CARTESIAN_POINT('',(-1.775,2.45,0.825));
#7384 = ADVANCED_FACE('',(#7385),#7466,.F.);
#7385 = FACE_BOUND('',#7386,.F.);
#7386 = EDGE_LOOP('',(#7387,#7388,#7389,#7397,#7405,#7413,#7421,#7429,
    #7437,#7445,#7453,#7461));
#7387 = ORIENTED_EDGE('',*,*,#7291,.T.);
#7388 = ORIENTED_EDGE('',*,*,#7375,.T.);
#7389 = ORIENTED_EDGE('',*,*,#7390,.F.);
#7390 = EDGE_CURVE('',#7391,#7368,#7393,.T.);
#7391 = VERTEX_POINT('',#7392);
#7392 = CARTESIAN_POINT('',(-1.95,2.11,0.825));
#7393 = LINE('',#7394,#7395);
#7394 = CARTESIAN_POINT('',(-1.95,-2.275,0.825));
#7395 = VECTOR('',#7396,1.);
#7396 = DIRECTION('',(-1.110223024625E-16,1.,0.));
#7397 = ORIENTED_EDGE('',*,*,#7398,.F.);
#7398 = EDGE_CURVE('',#7399,#7391,#7401,.T.);
#7399 = VERTEX_POINT('',#7400);
#7400 = CARTESIAN_POINT('',(-1.95,1.7,0.825));
#7401 = LINE('',#7402,#7403);
#7402 = CARTESIAN_POINT('',(-1.95,-2.275,0.825));
#7403 = VECTOR('',#7404,1.);
#7404 = DIRECTION('',(-1.110223024625E-16,1.,0.));
#7405 = ORIENTED_EDGE('',*,*,#7406,.F.);
#7406 = EDGE_CURVE('',#7407,#7399,#7409,.T.);
#7407 = VERTEX_POINT('',#7408);
#7408 = CARTESIAN_POINT('',(-1.95,0.84,0.825));
#7409 = LINE('',#7410,#7411);
#7410 = CARTESIAN_POINT('',(-1.95,-2.275,0.825));
#7411 = VECTOR('',#7412,1.);
#7412 = DIRECTION('',(-1.110223024625E-16,1.,0.));
#7413 = ORIENTED_EDGE('',*,*,#7414,.F.);
#7414 = EDGE_CURVE('',#7415,#7407,#7417,.T.);
#7415 = VERTEX_POINT('',#7416);
#7416 = CARTESIAN_POINT('',(-1.95,0.43,0.825));
#7417 = LINE('',#7418,#7419);
#7418 = CARTESIAN_POINT('',(-1.95,-2.275,0.825));
#7419 = VECTOR('',#7420,1.);
#7420 = DIRECTION('',(-1.110223024625E-16,1.,0.));
#7421 = ORIENTED_EDGE('',*,*,#7422,.F.);
#7422 = EDGE_CURVE('',#7423,#7415,#7425,.T.);
#7423 = VERTEX_POINT('',#7424);
#7424 = CARTESIAN_POINT('',(-1.95,-0.43,0.825));
#7425 = LINE('',#7426,#7427);
#7426 = CARTESIAN_POINT('',(-1.95,-2.275,0.825));
#7427 = VECTOR('',#7428,1.);
#7428 = DIRECTION('',(-1.110223024625E-16,1.,0.));
#7429 = ORIENTED_EDGE('',*,*,#7430,.F.);
#7430 = EDGE_CURVE('',#7431,#7423,#7433,.T.);
#7431 = VERTEX_POINT('',#7432);
#7432 = CARTESIAN_POINT('',(-1.95,-0.84,0.825));
#7433 = LINE('',#7434,#7435);
#7434 = CARTESIAN_POINT('',(-1.95,-2.275,0.825));
#7435 = VECTOR('',#7436,1.);
#7436 = DIRECTION('',(-1.110223024625E-16,1.,0.));
#7437 = ORIENTED_EDGE('',*,*,#7438,.F.);
#7438 = EDGE_CURVE('',#7439,#7431,#7441,.T.);
#7439 = VERTEX_POINT('',#7440);
#7440 = CARTESIAN_POINT('',(-1.95,-1.7,0.825));
#7441 = LINE('',#7442,#7443);
#7442 = CARTESIAN_POINT('',(-1.95,-2.275,0.825));
#7443 = VECTOR('',#7444,1.);
#7444 = DIRECTION('',(-1.110223024625E-16,1.,0.));
#7445 = ORIENTED_EDGE('',*,*,#7446,.F.);
#7446 = EDGE_CURVE('',#7447,#7439,#7449,.T.);
#7447 = VERTEX_POINT('',#7448);
#7448 = CARTESIAN_POINT('',(-1.95,-2.11,0.825));
#7449 = LINE('',#7450,#7451);
#7450 = CARTESIAN_POINT('',(-1.95,-2.275,0.825));
#7451 = VECTOR('',#7452,1.);
#7452 = DIRECTION('',(-1.110223024625E-16,1.,0.));
#7453 = ORIENTED_EDGE('',*,*,#7454,.F.);
#7454 = EDGE_CURVE('',#7455,#7447,#7457,.T.);
#7455 = VERTEX_POINT('',#7456);
#7456 = CARTESIAN_POINT('',(-1.95,-2.275,0.825));
#7457 = LINE('',#7458,#7459);
#7458 = CARTESIAN_POINT('',(-1.95,-2.275,0.825));
#7459 = VECTOR('',#7460,1.);
#7460 = DIRECTION('',(-1.110223024625E-16,1.,0.));
#7461 = ORIENTED_EDGE('',*,*,#7462,.F.);
#7462 = EDGE_CURVE('',#7284,#7455,#7463,.T.);
#7463 = B_SPLINE_CURVE_WITH_KNOTS('',1,(#7464,#7465),.UNSPECIFIED.,.F.,
  .F.,(2,2),(0.,1.),.PIECEWISE_BEZIER_KNOTS.);
#7464 = CARTESIAN_POINT('',(-1.835171280765,-2.217585640382,0.1));
#7465 = CARTESIAN_POINT('',(-1.95,-2.275,0.825));
#7466 = B_SPLINE_SURFACE_WITH_KNOTS('',1,1,(
    (#7467,#7468)
    ,(#7469,#7470
    )),.UNSPECIFIED.,.F.,.F.,.F.,(2,2),(2,2),(0.,4.55),(0.,1.),
  .PIECEWISE_BEZIER_KNOTS.);
#7467 = CARTESIAN_POINT('',(-1.835171280765,-2.217585640382,0.1));
#7468 = CARTESIAN_POINT('',(-1.95,-2.275,0.825));
#7469 = CARTESIAN_POINT('',(-1.835171280765,2.217585640382,0.1));
#7470 = CARTESIAN_POINT('',(-1.95,2.275,0.825));
#7471 = ADVANCED_FACE('',(#7472),#7553,.F.);
#7472 = FACE_BOUND('',#7473,.F.);
#7473 = EDGE_LOOP('',(#7474,#7475,#7482,#7490,#7498,#7506,#7514,#7522,
    #7530,#7538,#7546,#7552));
#7474 = ORIENTED_EDGE('',*,*,#7259,.T.);
#7475 = ORIENTED_EDGE('',*,*,#7476,.T.);
#7476 = EDGE_CURVE('',#7260,#7477,#7479,.T.);
#7477 = VERTEX_POINT('',#7478);
#7478 = CARTESIAN_POINT('',(1.95,-2.275,0.825));
#7479 = B_SPLINE_CURVE_WITH_KNOTS('',1,(#7480,#7481),.UNSPECIFIED.,.F.,
  .F.,(2,2),(0.,1.),.PIECEWISE_BEZIER_KNOTS.);
#7480 = CARTESIAN_POINT('',(1.835171280765,-2.217585640382,0.1));
#7481 = CARTESIAN_POINT('',(1.95,-2.275,0.825));
#7482 = ORIENTED_EDGE('',*,*,#7483,.F.);
#7483 = EDGE_CURVE('',#7484,#7477,#7486,.T.);
#7484 = VERTEX_POINT('',#7485);
#7485 = CARTESIAN_POINT('',(1.95,-2.11,0.825));
#7486 = LINE('',#7487,#7488);
#7487 = CARTESIAN_POINT('',(1.95,2.275,0.825));
#7488 = VECTOR('',#7489,1.);
#7489 = DIRECTION('',(1.110223024625E-16,-1.,0.));
#7490 = ORIENTED_EDGE('',*,*,#7491,.F.);
#7491 = EDGE_CURVE('',#7492,#7484,#7494,.T.);
#7492 = VERTEX_POINT('',#7493);
#7493 = CARTESIAN_POINT('',(1.95,-1.7,0.825));
#7494 = LINE('',#7495,#7496);
#7495 = CARTESIAN_POINT('',(1.95,2.275,0.825));
#7496 = VECTOR('',#7497,1.);
#7497 = DIRECTION('',(1.110223024625E-16,-1.,0.));
#7498 = ORIENTED_EDGE('',*,*,#7499,.F.);
#7499 = EDGE_CURVE('',#7500,#7492,#7502,.T.);
#7500 = VERTEX_POINT('',#7501);
#7501 = CARTESIAN_POINT('',(1.95,-0.84,0.825));
#7502 = LINE('',#7503,#7504);
#7503 = CARTESIAN_POINT('',(1.95,2.275,0.825));
#7504 = VECTOR('',#7505,1.);
#7505 = DIRECTION('',(1.110223024625E-16,-1.,0.));
#7506 = ORIENTED_EDGE('',*,*,#7507,.F.);
#7507 = EDGE_CURVE('',#7508,#7500,#7510,.T.);
#7508 = VERTEX_POINT('',#7509);
#7509 = CARTESIAN_POINT('',(1.95,-0.43,0.825));
#7510 = LINE('',#7511,#7512);
#7511 = CARTESIAN_POINT('',(1.95,2.275,0.825));
#7512 = VECTOR('',#7513,1.);
#7513 = DIRECTION('',(1.110223024625E-16,-1.,0.));
#7514 = ORIENTED_EDGE('',*,*,#7515,.F.);
#7515 = EDGE_CURVE('',#7516,#7508,#7518,.T.);
#7516 = VERTEX_POINT('',#7517);
#7517 = CARTESIAN_POINT('',(1.95,0.43,0.825));
#7518 = LINE('',#7519,#7520);
#7519 = CARTESIAN_POINT('',(1.95,2.275,0.825));
#7520 = VECTOR('',#7521,1.);
#7521 = DIRECTION('',(1.110223024625E-16,-1.,0.));
#7522 = ORIENTED_EDGE('',*,*,#7523,.F.);
#7523 = EDGE_CURVE('',#7524,#7516,#7526,.T.);
#7524 = VERTEX_POINT('',#7525);
#7525 = CARTESIAN_POINT('',(1.95,0.84,0.825));
#7526 = LINE('',#7527,#7528);
#7527 = CARTESIAN_POINT('',(1.95,2.275,0.825));
#7528 = VECTOR('',#7529,1.);
#7529 = DIRECTION('',(1.110223024625E-16,-1.,0.));
#7530 = ORIENTED_EDGE('',*,*,#7531,.F.);
#7531 = EDGE_CURVE('',#7532,#7524,#7534,.T.);
#7532 = VERTEX_POINT('',#7533);
#7533 = CARTESIAN_POINT('',(1.95,1.7,0.825));
#7534 = LINE('',#7535,#7536);
#7535 = CARTESIAN_POINT('',(1.95,2.275,0.825));
#7536 = VECTOR('',#7537,1.);
#7537 = DIRECTION('',(1.110223024625E-16,-1.,0.));
#7538 = ORIENTED_EDGE('',*,*,#7539,.F.);
#7539 = EDGE_CURVE('',#7540,#7532,#7542,.T.);
#7540 = VERTEX_POINT('',#7541);
#7541 = CARTESIAN_POINT('',(1.95,2.11,0.825));
#7542 = LINE('',#7543,#7544);
#7543 = CARTESIAN_POINT('',(1.95,2.275,0.825));
#7544 = VECTOR('',#7545,1.);
#7545 = DIRECTION('',(1.110223024625E-16,-1.,0.));
#7546 = ORIENTED_EDGE('',*,*,#7547,.F.);
#7547 = EDGE_CURVE('',#7315,#7540,#7548,.T.);
#7548 = LINE('',#7549,#7550);
#7549 = CARTESIAN_POINT('',(1.95,2.275,0.825));
#7550 = VECTOR('',#7551,1.);
#7551 = DIRECTION('',(1.110223024625E-16,-1.,0.));
#7552 = ORIENTED_EDGE('',*,*,#7314,.F.);
#7553 = B_SPLINE_SURFACE_WITH_KNOTS('',1,1,(
    (#7554,#7555)
    ,(#7556,#7557
    )),.UNSPECIFIED.,.F.,.F.,.F.,(2,2),(2,2),(0.,4.55),(0.,1.),
  .PIECEWISE_BEZIER_KNOTS.);
#7554 = CARTESIAN_POINT('',(1.835171280765,2.217585640382,0.1));
#7555 = CARTESIAN_POINT('',(1.95,2.275,0.825));
#7556 = CARTESIAN_POINT('',(1.835171280765,-2.217585640382,0.1));
#7557 = CARTESIAN_POINT('',(1.95,-2.275,0.825));
#7558 = ADVANCED_FACE('',(#7559),#7576,.F.);
#7559 = FACE_BOUND('',#7560,.F.);
#7560 = EDGE_LOOP('',(#7561,#7562,#7563,#7571));
#7561 = ORIENTED_EDGE('',*,*,#7283,.T.);
#7562 = ORIENTED_EDGE('',*,*,#7462,.T.);
#7563 = ORIENTED_EDGE('',*,*,#7564,.F.);
#7564 = EDGE_CURVE('',#7565,#7455,#7567,.T.);
#7565 = VERTEX_POINT('',#7566);
#7566 = CARTESIAN_POINT('',(-1.775,-2.45,0.825));
#7567 = LINE('',#7568,#7569);
#7568 = CARTESIAN_POINT('',(-1.775,-2.45,0.825));
#7569 = VECTOR('',#7570,1.);
#7570 = DIRECTION('',(-0.707106781187,0.707106781187,0.));
#7571 = ORIENTED_EDGE('',*,*,#7572,.F.);
#7572 = EDGE_CURVE('',#7276,#7565,#7573,.T.);
#7573 = B_SPLINE_CURVE_WITH_KNOTS('',1,(#7574,#7575),.UNSPECIFIED.,.F.,
  .F.,(2,2),(0.,1.),.PIECEWISE_BEZIER_KNOTS.);
#7574 = CARTESIAN_POINT('',(-1.717585640382,-2.335171280765,0.1));
#7575 = CARTESIAN_POINT('',(-1.775,-2.45,0.825));
#7576 = B_SPLINE_SURFACE_WITH_KNOTS('',1,1,(
    (#7577,#7578)
    ,(#7579,#7580
    )),.UNSPECIFIED.,.F.,.F.,.F.,(2,2),(2,2),(0.,0.247487373415),(0.,1.)
  ,.PIECEWISE_BEZIER_KNOTS.);
#7577 = CARTESIAN_POINT('',(-1.717585640382,-2.335171280765,0.1));
#7578 = CARTESIAN_POINT('',(-1.775,-2.45,0.825));
#7579 = CARTESIAN_POINT('',(-1.835171280765,-2.217585640382,0.1));
#7580 = CARTESIAN_POINT('',(-1.95,-2.275,0.825));
#7581 = ADVANCED_FACE('',(#7582),#7599,.F.);
#7582 = FACE_BOUND('',#7583,.F.);
#7583 = EDGE_LOOP('',(#7584,#7585,#7592,#7598));
#7584 = ORIENTED_EDGE('',*,*,#7267,.T.);
#7585 = ORIENTED_EDGE('',*,*,#7586,.T.);
#7586 = EDGE_CURVE('',#7268,#7587,#7589,.T.);
#7587 = VERTEX_POINT('',#7588);
#7588 = CARTESIAN_POINT('',(1.775,-2.45,0.825));
#7589 = B_SPLINE_CURVE_WITH_KNOTS('',1,(#7590,#7591),.UNSPECIFIED.,.F.,
  .F.,(2,2),(0.,1.),.PIECEWISE_BEZIER_KNOTS.);
#7590 = CARTESIAN_POINT('',(1.717585640382,-2.335171280765,0.1));
#7591 = CARTESIAN_POINT('',(1.775,-2.45,0.825));
#7592 = ORIENTED_EDGE('',*,*,#7593,.F.);
#7593 = EDGE_CURVE('',#7477,#7587,#7594,.T.);
#7594 = LINE('',#7595,#7596);
#7595 = CARTESIAN_POINT('',(1.95,-2.275,0.825));
#7596 = VECTOR('',#7597,1.);
#7597 = DIRECTION('',(-0.707106781187,-0.707106781187,0.));
#7598 = ORIENTED_EDGE('',*,*,#7476,.F.);
#7599 = B_SPLINE_SURFACE_WITH_KNOTS('',1,1,(
    (#7600,#7601)
    ,(#7602,#7603
    )),.UNSPECIFIED.,.F.,.F.,.F.,(2,2),(2,2),(0.,0.247487373415),(0.,1.)
  ,.PIECEWISE_BEZIER_KNOTS.);
#7600 = CARTESIAN_POINT('',(1.835171280765,-2.217585640382,0.1));
#7601 = CARTESIAN_POINT('',(1.95,-2.275,0.825));
#7602 = CARTESIAN_POINT('',(1.717585640382,-2.335171280765,0.1));
#7603 = CARTESIAN_POINT('',(1.775,-2.45,0.825));
#7604 = ADVANCED_FACE('',(#7605),#7616,.F.);
#7605 = FACE_BOUND('',#7606,.F.);
#7606 = EDGE_LOOP('',(#7607,#7608,#7609,#7615));
#7607 = ORIENTED_EDGE('',*,*,#7275,.T.);
#7608 = ORIENTED_EDGE('',*,*,#7572,.T.);
#7609 = ORIENTED_EDGE('',*,*,#7610,.F.);
#7610 = EDGE_CURVE('',#7587,#7565,#7611,.T.);
#7611 = LINE('',#7612,#7613);
#7612 = CARTESIAN_POINT('',(1.775,-2.45,0.825));
#7613 = VECTOR('',#7614,1.);
#7614 = DIRECTION('',(-1.,-1.110223024625E-16,0.));
#7615 = ORIENTED_EDGE('',*,*,#7586,.F.);
#7616 = B_SPLINE_SURFACE_WITH_KNOTS('',1,1,(
    (#7617,#7618)
    ,(#7619,#7620
    )),.UNSPECIFIED.,.F.,.F.,.F.,(2,2),(2,2),(0.,3.55),(0.,1.),
  .PIECEWISE_BEZIER_KNOTS.);
#7617 = CARTESIAN_POINT('',(1.717585640382,-2.335171280765,0.1));
#7618 = CARTESIAN_POINT('',(1.775,-2.45,0.825));
#7619 = CARTESIAN_POINT('',(-1.717585640382,-2.335171280765,0.1));
#7620 = CARTESIAN_POINT('',(-1.775,-2.45,0.825));
#7621 = ADVANCED_FACE('',(#7622),#7639,.F.);
#7622 = FACE_BOUND('',#7623,.F.);
#7623 = EDGE_LOOP('',(#7624,#7625,#7632,#7638));
#7624 = ORIENTED_EDGE('',*,*,#7321,.T.);
#7625 = ORIENTED_EDGE('',*,*,#7626,.T.);
#7626 = EDGE_CURVE('',#7315,#7627,#7629,.T.);
#7627 = VERTEX_POINT('',#7628);
#7628 = CARTESIAN_POINT('',(1.95,2.275,1.025));
#7629 = B_SPLINE_CURVE_WITH_KNOTS('',1,(#7630,#7631),.UNSPECIFIED.,.F.,
  .F.,(2,2),(0.,1.),.PIECEWISE_BEZIER_KNOTS.);
#7630 = CARTESIAN_POINT('',(1.95,2.275,0.825));
#7631 = CARTESIAN_POINT('',(1.95,2.275,1.025));
#7632 = ORIENTED_EDGE('',*,*,#7633,.F.);
#7633 = EDGE_CURVE('',#7338,#7627,#7634,.T.);
#7634 = LINE('',#7635,#7636);
#7635 = CARTESIAN_POINT('',(1.775,2.45,1.025));
#7636 = VECTOR('',#7637,1.);
#7637 = DIRECTION('',(0.707106781187,-0.707106781187,0.));
#7638 = ORIENTED_EDGE('',*,*,#7337,.F.);
#7639 = PLANE('',#7640);
#7640 = AXIS2_PLACEMENT_3D('',#7641,#7642,#7643);
#7641 = CARTESIAN_POINT('',(1.775,2.45,1.025));
#7642 = DIRECTION('',(-0.707106781187,-0.707106781187,0.));
#7643 = DIRECTION('',(0.707106781187,-0.707106781187,0.));
#7644 = ADVANCED_FACE('',(#7645),#7727,.F.);
#7645 = FACE_BOUND('',#7646,.F.);
#7646 = EDGE_LOOP('',(#7647,#7655,#7656,#7657,#7665,#7673,#7681,#7689,
    #7697,#7705,#7713,#7721));
#7647 = ORIENTED_EDGE('',*,*,#7648,.T.);
#7648 = EDGE_CURVE('',#7649,#7345,#7651,.T.);
#7649 = VERTEX_POINT('',#7650);
#7650 = CARTESIAN_POINT('',(-1.95,2.275,1.025));
#7651 = LINE('',#7652,#7653);
#7652 = CARTESIAN_POINT('',(-1.95,2.275,1.025));
#7653 = VECTOR('',#7654,1.);
#7654 = DIRECTION('',(0.707106781187,0.707106781187,0.));
#7655 = ORIENTED_EDGE('',*,*,#7344,.T.);
#7656 = ORIENTED_EDGE('',*,*,#7633,.T.);
#7657 = ORIENTED_EDGE('',*,*,#7658,.T.);
#7658 = EDGE_CURVE('',#7627,#7659,#7661,.T.);
#7659 = VERTEX_POINT('',#7660);
#7660 = CARTESIAN_POINT('',(1.95,2.11,1.025));
#7661 = LINE('',#7662,#7663);
#7662 = CARTESIAN_POINT('',(1.95,2.275,1.025));
#7663 = VECTOR('',#7664,1.);
#7664 = DIRECTION('',(1.110223024625E-16,-1.,0.));
#7665 = ORIENTED_EDGE('',*,*,#7666,.T.);
#7666 = EDGE_CURVE('',#7659,#7667,#7669,.T.);
#7667 = VERTEX_POINT('',#7668);
#7668 = CARTESIAN_POINT('',(1.875,2.11,1.025));
#7669 = LINE('',#7670,#7671);
#7670 = CARTESIAN_POINT('',(2.25,2.11,1.025));
#7671 = VECTOR('',#7672,1.);
#7672 = DIRECTION('',(-1.,-1.110223024625E-16,0.));
#7673 = ORIENTED_EDGE('',*,*,#7674,.F.);
#7674 = EDGE_CURVE('',#7675,#7667,#7677,.T.);
#7675 = VERTEX_POINT('',#7676);
#7676 = CARTESIAN_POINT('',(1.875,2.2375,1.025));
#7677 = LINE('',#7678,#7679);
#7678 = CARTESIAN_POINT('',(1.875,2.2375,1.025));
#7679 = VECTOR('',#7680,1.);
#7680 = DIRECTION('',(1.110223024625E-16,-1.,0.));
#7681 = ORIENTED_EDGE('',*,*,#7682,.F.);
#7682 = EDGE_CURVE('',#7683,#7675,#7685,.T.);
#7683 = VERTEX_POINT('',#7684);
#7684 = CARTESIAN_POINT('',(1.7375,2.375,1.025));
#7685 = LINE('',#7686,#7687);
#7686 = CARTESIAN_POINT('',(1.7375,2.375,1.025));
#7687 = VECTOR('',#7688,1.);
#7688 = DIRECTION('',(0.707106781187,-0.707106781187,0.));
#7689 = ORIENTED_EDGE('',*,*,#7690,.F.);
#7690 = EDGE_CURVE('',#7691,#7683,#7693,.T.);
#7691 = VERTEX_POINT('',#7692);
#7692 = CARTESIAN_POINT('',(-1.7375,2.375,1.025));
#7693 = LINE('',#7694,#7695);
#7694 = CARTESIAN_POINT('',(-1.7375,2.375,1.025));
#7695 = VECTOR('',#7696,1.);
#7696 = DIRECTION('',(1.,1.110223024625E-16,0.));
#7697 = ORIENTED_EDGE('',*,*,#7698,.F.);
#7698 = EDGE_CURVE('',#7699,#7691,#7701,.T.);
#7699 = VERTEX_POINT('',#7700);
#7700 = CARTESIAN_POINT('',(-1.875,2.2375,1.025));
#7701 = LINE('',#7702,#7703);
#7702 = CARTESIAN_POINT('',(-1.875,2.2375,1.025));
#7703 = VECTOR('',#7704,1.);
#7704 = DIRECTION('',(0.707106781187,0.707106781187,0.));
#7705 = ORIENTED_EDGE('',*,*,#7706,.F.);
#7706 = EDGE_CURVE('',#7707,#7699,#7709,.T.);
#7707 = VERTEX_POINT('',#7708);
#7708 = CARTESIAN_POINT('',(-1.875,2.11,1.025));
#7709 = LINE('',#7710,#7711);
#7710 = CARTESIAN_POINT('',(-1.875,-2.2375,1.025));
#7711 = VECTOR('',#7712,1.);
#7712 = DIRECTION('',(-1.110223024625E-16,1.,0.));
#7713 = ORIENTED_EDGE('',*,*,#7714,.F.);
#7714 = EDGE_CURVE('',#7715,#7707,#7717,.T.);
#7715 = VERTEX_POINT('',#7716);
#7716 = CARTESIAN_POINT('',(-1.95,2.11,1.025));
#7717 = LINE('',#7718,#7719);
#7718 = CARTESIAN_POINT('',(-2.25,2.11,1.025));
#7719 = VECTOR('',#7720,1.);
#7720 = DIRECTION('',(1.,-1.144237745222E-17,0.));
#7721 = ORIENTED_EDGE('',*,*,#7722,.T.);
#7722 = EDGE_CURVE('',#7715,#7649,#7723,.T.);
#7723 = LINE('',#7724,#7725);
#7724 = CARTESIAN_POINT('',(-1.95,-2.275,1.025));
#7725 = VECTOR('',#7726,1.);
#7726 = DIRECTION('',(-1.110223024625E-16,1.,0.));
#7727 = PLANE('',#7728);
#7728 = AXIS2_PLACEMENT_3D('',#7729,#7730,#7731);
#7729 = CARTESIAN_POINT('',(-3.027078129022E-16,2.4125,1.025));
#7730 = DIRECTION('',(2.007919022429E-31,-7.713306628828E-27,-1.));
#7731 = DIRECTION('',(1.,1.112083013911E-16,2.00791902242E-31));
#7732 = ADVANCED_FACE('',(#7733),#7743,.F.);
#7733 = FACE_BOUND('',#7734,.F.);
#7734 = EDGE_LOOP('',(#7735,#7736,#7737,#7738));
#7735 = ORIENTED_EDGE('',*,*,#7367,.T.);
#7736 = ORIENTED_EDGE('',*,*,#7352,.T.);
#7737 = ORIENTED_EDGE('',*,*,#7648,.F.);
#7738 = ORIENTED_EDGE('',*,*,#7739,.F.);
#7739 = EDGE_CURVE('',#7368,#7649,#7740,.T.);
#7740 = B_SPLINE_CURVE_WITH_KNOTS('',1,(#7741,#7742),.UNSPECIFIED.,.F.,
  .F.,(2,2),(0.,1.),.PIECEWISE_BEZIER_KNOTS.);
#7741 = CARTESIAN_POINT('',(-1.95,2.275,0.825));
#7742 = CARTESIAN_POINT('',(-1.95,2.275,1.025));
#7743 = PLANE('',#7744);
#7744 = AXIS2_PLACEMENT_3D('',#7745,#7746,#7747);
#7745 = CARTESIAN_POINT('',(-1.95,2.275,1.025));
#7746 = DIRECTION('',(0.707106781187,-0.707106781187,0.));
#7747 = DIRECTION('',(0.707106781187,0.707106781187,0.));
#7748 = ADVANCED_FACE('',(#7749),#7773,.F.);
#7749 = FACE_BOUND('',#7750,.F.);
#7750 = EDGE_LOOP('',(#7751,#7758,#7759,#7767));
#7751 = ORIENTED_EDGE('',*,*,#7752,.F.);
#7752 = EDGE_CURVE('',#7455,#7753,#7755,.T.);
#7753 = VERTEX_POINT('',#7754);
#7754 = CARTESIAN_POINT('',(-1.95,-2.275,1.025));
#7755 = B_SPLINE_CURVE_WITH_KNOTS('',1,(#7756,#7757),.UNSPECIFIED.,.F.,
  .F.,(2,2),(0.,1.),.PIECEWISE_BEZIER_KNOTS.);
#7756 = CARTESIAN_POINT('',(-1.95,-2.275,0.825));
#7757 = CARTESIAN_POINT('',(-1.95,-2.275,1.025));
#7758 = ORIENTED_EDGE('',*,*,#7454,.T.);
#7759 = ORIENTED_EDGE('',*,*,#7760,.T.);
#7760 = EDGE_CURVE('',#7447,#7761,#7763,.T.);
#7761 = VERTEX_POINT('',#7762);
#7762 = CARTESIAN_POINT('',(-1.95,-2.11,1.025));
#7763 = LINE('',#7764,#7765);
#7764 = CARTESIAN_POINT('',(-1.95,-2.11,0.786976568901));
#7765 = VECTOR('',#7766,1.);
#7766 = DIRECTION('',(0.,0.,1.));
#7767 = ORIENTED_EDGE('',*,*,#7768,.F.);
#7768 = EDGE_CURVE('',#7753,#7761,#7769,.T.);
#7769 = LINE('',#7770,#7771);
#7770 = CARTESIAN_POINT('',(-1.95,-2.275,1.025));
#7771 = VECTOR('',#7772,1.);
#7772 = DIRECTION('',(-1.110223024625E-16,1.,0.));
#7773 = PLANE('',#7774);
#7774 = AXIS2_PLACEMENT_3D('',#7775,#7776,#7777);
#7775 = CARTESIAN_POINT('',(-1.95,-2.275,1.025));
#7776 = DIRECTION('',(1.,1.110223024625E-16,0.));
#7777 = DIRECTION('',(-1.110223024625E-16,1.,0.));
#7778 = ADVANCED_FACE('',(#7779),#7804,.F.);
#7779 = FACE_BOUND('',#7780,.F.);
#7780 = EDGE_LOOP('',(#7781,#7789,#7790,#7798));
#7781 = ORIENTED_EDGE('',*,*,#7782,.F.);
#7782 = EDGE_CURVE('',#7447,#7783,#7785,.T.);
#7783 = VERTEX_POINT('',#7784);
#7784 = CARTESIAN_POINT('',(-2.25,-2.11,0.825));
#7785 = LINE('',#7786,#7787);
#7786 = CARTESIAN_POINT('',(-1.8,-2.11,0.825));
#7787 = VECTOR('',#7788,1.);
#7788 = DIRECTION('',(-1.,1.144237745222E-17,0.));
#7789 = ORIENTED_EDGE('',*,*,#7446,.T.);
#7790 = ORIENTED_EDGE('',*,*,#7791,.T.);
#7791 = EDGE_CURVE('',#7439,#7792,#7794,.T.);
#7792 = VERTEX_POINT('',#7793);
#7793 = CARTESIAN_POINT('',(-2.25,-1.7,0.825));
#7794 = LINE('',#7795,#7796);
#7795 = CARTESIAN_POINT('',(-1.8,-1.7,0.825));
#7796 = VECTOR('',#7797,1.);
#7797 = DIRECTION('',(-1.,1.144237745222E-17,0.));
#7798 = ORIENTED_EDGE('',*,*,#7799,.F.);
#7799 = EDGE_CURVE('',#7783,#7792,#7800,.T.);
#7800 = LINE('',#7801,#7802);
#7801 = CARTESIAN_POINT('',(-2.25,-2.11,0.825));
#7802 = VECTOR('',#7803,1.);
#7803 = DIRECTION('',(1.144237745222E-17,1.,0.));
#7804 = PLANE('',#7805);
#7805 = AXIS2_PLACEMENT_3D('',#7806,#7807,#7808);
#7806 = CARTESIAN_POINT('',(-1.8,-2.11,0.825));
#7807 = DIRECTION('',(0.,0.,1.));
#7808 = DIRECTION('',(-1.,1.144237745222E-17,0.));
#7809 = ADVANCED_FACE('',(#7810),#7835,.F.);
#7810 = FACE_BOUND('',#7811,.F.);
#7811 = EDGE_LOOP('',(#7812,#7820,#7821,#7829));
#7812 = ORIENTED_EDGE('',*,*,#7813,.F.);
#7813 = EDGE_CURVE('',#7439,#7814,#7816,.T.);
#7814 = VERTEX_POINT('',#7815);
#7815 = CARTESIAN_POINT('',(-1.95,-1.7,1.025));
#7816 = LINE('',#7817,#7818);
#7817 = CARTESIAN_POINT('',(-1.95,-1.7,0.786976568901));
#7818 = VECTOR('',#7819,1.);
#7819 = DIRECTION('',(0.,0.,1.));
#7820 = ORIENTED_EDGE('',*,*,#7438,.T.);
#7821 = ORIENTED_EDGE('',*,*,#7822,.T.);
#7822 = EDGE_CURVE('',#7431,#7823,#7825,.T.);
#7823 = VERTEX_POINT('',#7824);
#7824 = CARTESIAN_POINT('',(-1.95,-0.84,1.025));
#7825 = LINE('',#7826,#7827);
#7826 = CARTESIAN_POINT('',(-1.95,-0.84,0.786976568901));
#7827 = VECTOR('',#7828,1.);
#7828 = DIRECTION('',(0.,0.,1.));
#7829 = ORIENTED_EDGE('',*,*,#7830,.F.);
#7830 = EDGE_CURVE('',#7814,#7823,#7831,.T.);
#7831 = LINE('',#7832,#7833);
#7832 = CARTESIAN_POINT('',(-1.95,-2.275,1.025));
#7833 = VECTOR('',#7834,1.);
#7834 = DIRECTION('',(-1.110223024625E-16,1.,0.));
#7835 = PLANE('',#7836);
#7836 = AXIS2_PLACEMENT_3D('',#7837,#7838,#7839);
#7837 = CARTESIAN_POINT('',(-1.95,-2.275,1.025));
#7838 = DIRECTION('',(1.,1.110223024625E-16,0.));
#7839 = DIRECTION('',(-1.110223024625E-16,1.,0.));
#7840 = ADVANCED_FACE('',(#7841),#7866,.F.);
#7841 = FACE_BOUND('',#7842,.F.);
#7842 = EDGE_LOOP('',(#7843,#7851,#7852,#7860));
#7843 = ORIENTED_EDGE('',*,*,#7844,.F.);
#7844 = EDGE_CURVE('',#7431,#7845,#7847,.T.);
#7845 = VERTEX_POINT('',#7846);
#7846 = CARTESIAN_POINT('',(-2.25,-0.84,0.825));
#7847 = LINE('',#7848,#7849);
#7848 = CARTESIAN_POINT('',(-1.8,-0.84,0.825));
#7849 = VECTOR('',#7850,1.);
#7850 = DIRECTION('',(-1.,1.144237745222E-17,0.));
#7851 = ORIENTED_EDGE('',*,*,#7430,.T.);
#7852 = ORIENTED_EDGE('',*,*,#7853,.T.);
#7853 = EDGE_CURVE('',#7423,#7854,#7856,.T.);
#7854 = VERTEX_POINT('',#7855);
#7855 = CARTESIAN_POINT('',(-2.25,-0.43,0.825));
#7856 = LINE('',#7857,#7858);
#7857 = CARTESIAN_POINT('',(-1.8,-0.43,0.825));
#7858 = VECTOR('',#7859,1.);
#7859 = DIRECTION('',(-1.,1.144237745222E-17,0.));
#7860 = ORIENTED_EDGE('',*,*,#7861,.F.);
#7861 = EDGE_CURVE('',#7845,#7854,#7862,.T.);
#7862 = LINE('',#7863,#7864);
#7863 = CARTESIAN_POINT('',(-2.25,-0.84,0.825));
#7864 = VECTOR('',#7865,1.);
#7865 = DIRECTION('',(1.144237745222E-17,1.,0.));
#7866 = PLANE('',#7867);
#7867 = AXIS2_PLACEMENT_3D('',#7868,#7869,#7870);
#7868 = CARTESIAN_POINT('',(-1.8,-0.84,0.825));
#7869 = DIRECTION('',(0.,0.,1.));
#7870 = DIRECTION('',(-1.,1.144237745222E-17,0.));
#7871 = ADVANCED_FACE('',(#7872),#7897,.F.);
#7872 = FACE_BOUND('',#7873,.F.);
#7873 = EDGE_LOOP('',(#7874,#7882,#7883,#7891));
#7874 = ORIENTED_EDGE('',*,*,#7875,.F.);
#7875 = EDGE_CURVE('',#7423,#7876,#7878,.T.);
#7876 = VERTEX_POINT('',#7877);
#7877 = CARTESIAN_POINT('',(-1.95,-0.43,1.025));
#7878 = LINE('',#7879,#7880);
#7879 = CARTESIAN_POINT('',(-1.95,-0.43,0.786976568901));
#7880 = VECTOR('',#7881,1.);
#7881 = DIRECTION('',(0.,0.,1.));
#7882 = ORIENTED_EDGE('',*,*,#7422,.T.);
#7883 = ORIENTED_EDGE('',*,*,#7884,.T.);
#7884 = EDGE_CURVE('',#7415,#7885,#7887,.T.);
#7885 = VERTEX_POINT('',#7886);
#7886 = CARTESIAN_POINT('',(-1.95,0.43,1.025));
#7887 = LINE('',#7888,#7889);
#7888 = CARTESIAN_POINT('',(-1.95,0.43,0.786976568901));
#7889 = VECTOR('',#7890,1.);
#7890 = DIRECTION('',(0.,0.,1.));
#7891 = ORIENTED_EDGE('',*,*,#7892,.F.);
#7892 = EDGE_CURVE('',#7876,#7885,#7893,.T.);
#7893 = LINE('',#7894,#7895);
#7894 = CARTESIAN_POINT('',(-1.95,-2.275,1.025));
#7895 = VECTOR('',#7896,1.);
#7896 = DIRECTION('',(-1.110223024625E-16,1.,0.));
#7897 = PLANE('',#7898);
#7898 = AXIS2_PLACEMENT_3D('',#7899,#7900,#7901);
#7899 = CARTESIAN_POINT('',(-1.95,-2.275,1.025));
#7900 = DIRECTION('',(1.,1.110223024625E-16,0.));
#7901 = DIRECTION('',(-1.110223024625E-16,1.,0.));
#7902 = ADVANCED_FACE('',(#7903),#7928,.F.);
#7903 = FACE_BOUND('',#7904,.F.);
#7904 = EDGE_LOOP('',(#7905,#7913,#7914,#7922));
#7905 = ORIENTED_EDGE('',*,*,#7906,.F.);
#7906 = EDGE_CURVE('',#7415,#7907,#7909,.T.);
#7907 = VERTEX_POINT('',#7908);
#7908 = CARTESIAN_POINT('',(-2.25,0.43,0.825));
#7909 = LINE('',#7910,#7911);
#7910 = CARTESIAN_POINT('',(-1.8,0.43,0.825));
#7911 = VECTOR('',#7912,1.);
#7912 = DIRECTION('',(-1.,1.144237745222E-17,0.));
#7913 = ORIENTED_EDGE('',*,*,#7414,.T.);
#7914 = ORIENTED_EDGE('',*,*,#7915,.T.);
#7915 = EDGE_CURVE('',#7407,#7916,#7918,.T.);
#7916 = VERTEX_POINT('',#7917);
#7917 = CARTESIAN_POINT('',(-2.25,0.84,0.825));
#7918 = LINE('',#7919,#7920);
#7919 = CARTESIAN_POINT('',(-1.8,0.84,0.825));
#7920 = VECTOR('',#7921,1.);
#7921 = DIRECTION('',(-1.,1.144237745222E-17,0.));
#7922 = ORIENTED_EDGE('',*,*,#7923,.F.);
#7923 = EDGE_CURVE('',#7907,#7916,#7924,.T.);
#7924 = LINE('',#7925,#7926);
#7925 = CARTESIAN_POINT('',(-2.25,0.43,0.825));
#7926 = VECTOR('',#7927,1.);
#7927 = DIRECTION('',(1.144237745222E-17,1.,0.));
#7928 = PLANE('',#7929);
#7929 = AXIS2_PLACEMENT_3D('',#7930,#7931,#7932);
#7930 = CARTESIAN_POINT('',(-1.8,0.43,0.825));
#7931 = DIRECTION('',(0.,0.,1.));
#7932 = DIRECTION('',(-1.,1.144237745222E-17,0.));
#7933 = ADVANCED_FACE('',(#7934),#7959,.F.);
#7934 = FACE_BOUND('',#7935,.F.);
#7935 = EDGE_LOOP('',(#7936,#7944,#7945,#7953));
#7936 = ORIENTED_EDGE('',*,*,#7937,.F.);
#7937 = EDGE_CURVE('',#7407,#7938,#7940,.T.);
#7938 = VERTEX_POINT('',#7939);
#7939 = CARTESIAN_POINT('',(-1.95,0.84,1.025));
#7940 = LINE('',#7941,#7942);
#7941 = CARTESIAN_POINT('',(-1.95,0.84,0.786976568901));
#7942 = VECTOR('',#7943,1.);
#7943 = DIRECTION('',(0.,0.,1.));
#7944 = ORIENTED_EDGE('',*,*,#7406,.T.);
#7945 = ORIENTED_EDGE('',*,*,#7946,.T.);
#7946 = EDGE_CURVE('',#7399,#7947,#7949,.T.);
#7947 = VERTEX_POINT('',#7948);
#7948 = CARTESIAN_POINT('',(-1.95,1.7,1.025));
#7949 = LINE('',#7950,#7951);
#7950 = CARTESIAN_POINT('',(-1.95,1.7,0.786976568901));
#7951 = VECTOR('',#7952,1.);
#7952 = DIRECTION('',(0.,0.,1.));
#7953 = ORIENTED_EDGE('',*,*,#7954,.F.);
#7954 = EDGE_CURVE('',#7938,#7947,#7955,.T.);
#7955 = LINE('',#7956,#7957);
#7956 = CARTESIAN_POINT('',(-1.95,-2.275,1.025));
#7957 = VECTOR('',#7958,1.);
#7958 = DIRECTION('',(-1.110223024625E-16,1.,0.));
#7959 = PLANE('',#7960);
#7960 = AXIS2_PLACEMENT_3D('',#7961,#7962,#7963);
#7961 = CARTESIAN_POINT('',(-1.95,-2.275,1.025));
#7962 = DIRECTION('',(1.,1.110223024625E-16,0.));
#7963 = DIRECTION('',(-1.110223024625E-16,1.,0.));
#7964 = ADVANCED_FACE('',(#7965),#7990,.F.);
#7965 = FACE_BOUND('',#7966,.F.);
#7966 = EDGE_LOOP('',(#7967,#7975,#7976,#7984));
#7967 = ORIENTED_EDGE('',*,*,#7968,.F.);
#7968 = EDGE_CURVE('',#7399,#7969,#7971,.T.);
#7969 = VERTEX_POINT('',#7970);
#7970 = CARTESIAN_POINT('',(-2.25,1.7,0.825));
#7971 = LINE('',#7972,#7973);
#7972 = CARTESIAN_POINT('',(-1.8,1.7,0.825));
#7973 = VECTOR('',#7974,1.);
#7974 = DIRECTION('',(-1.,1.144237745222E-17,0.));
#7975 = ORIENTED_EDGE('',*,*,#7398,.T.);
#7976 = ORIENTED_EDGE('',*,*,#7977,.T.);
#7977 = EDGE_CURVE('',#7391,#7978,#7980,.T.);
#7978 = VERTEX_POINT('',#7979);
#7979 = CARTESIAN_POINT('',(-2.25,2.11,0.825));
#7980 = LINE('',#7981,#7982);
#7981 = CARTESIAN_POINT('',(-1.8,2.11,0.825));
#7982 = VECTOR('',#7983,1.);
#7983 = DIRECTION('',(-1.,1.144237745222E-17,0.));
#7984 = ORIENTED_EDGE('',*,*,#7985,.F.);
#7985 = EDGE_CURVE('',#7969,#7978,#7986,.T.);
#7986 = LINE('',#7987,#7988);
#7987 = CARTESIAN_POINT('',(-2.25,1.7,0.825));
#7988 = VECTOR('',#7989,1.);
#7989 = DIRECTION('',(1.144237745222E-17,1.,0.));
#7990 = PLANE('',#7991);
#7991 = AXIS2_PLACEMENT_3D('',#7992,#7993,#7994);
#7992 = CARTESIAN_POINT('',(-1.8,1.7,0.825));
#7993 = DIRECTION('',(0.,0.,1.));
#7994 = DIRECTION('',(-1.,1.144237745222E-17,0.));
#7995 = ADVANCED_FACE('',(#7996),#8007,.F.);
#7996 = FACE_BOUND('',#7997,.F.);
#7997 = EDGE_LOOP('',(#7998,#8004,#8005,#8006));
#7998 = ORIENTED_EDGE('',*,*,#7999,.F.);
#7999 = EDGE_CURVE('',#7391,#7715,#8000,.T.);
#8000 = LINE('',#8001,#8002);
#8001 = CARTESIAN_POINT('',(-1.95,2.11,0.786976568901));
#8002 = VECTOR('',#8003,1.);
#8003 = DIRECTION('',(0.,0.,1.));
#8004 = ORIENTED_EDGE('',*,*,#7390,.T.);
#8005 = ORIENTED_EDGE('',*,*,#7739,.T.);
#8006 = ORIENTED_EDGE('',*,*,#7722,.F.);
#8007 = PLANE('',#8008);
#8008 = AXIS2_PLACEMENT_3D('',#8009,#8010,#8011);
#8009 = CARTESIAN_POINT('',(-1.95,-2.275,1.025));
#8010 = DIRECTION('',(1.,1.110223024625E-16,0.));
#8011 = DIRECTION('',(-1.110223024625E-16,1.,0.));
#8012 = ADVANCED_FACE('',(#8013),#8024,.F.);
#8013 = FACE_BOUND('',#8014,.F.);
#8014 = EDGE_LOOP('',(#8015,#8016,#8017,#8023));
#8015 = ORIENTED_EDGE('',*,*,#7626,.F.);
#8016 = ORIENTED_EDGE('',*,*,#7547,.T.);
#8017 = ORIENTED_EDGE('',*,*,#8018,.T.);
#8018 = EDGE_CURVE('',#7540,#7659,#8019,.T.);
#8019 = LINE('',#8020,#8021);
#8020 = CARTESIAN_POINT('',(1.95,2.11,0.786976568901));
#8021 = VECTOR('',#8022,1.);
#8022 = DIRECTION('',(0.,0.,1.));
#8023 = ORIENTED_EDGE('',*,*,#7658,.F.);
#8024 = PLANE('',#8025);
#8025 = AXIS2_PLACEMENT_3D('',#8026,#8027,#8028);
#8026 = CARTESIAN_POINT('',(1.95,2.275,1.025));
#8027 = DIRECTION('',(-1.,-1.110223024625E-16,0.));
#8028 = DIRECTION('',(1.110223024625E-16,-1.,0.));
#8029 = ADVANCED_FACE('',(#8030),#8055,.F.);
#8030 = FACE_BOUND('',#8031,.F.);
#8031 = EDGE_LOOP('',(#8032,#8040,#8041,#8049));
#8032 = ORIENTED_EDGE('',*,*,#8033,.F.);
#8033 = EDGE_CURVE('',#7540,#8034,#8036,.T.);
#8034 = VERTEX_POINT('',#8035);
#8035 = CARTESIAN_POINT('',(2.25,2.11,0.825));
#8036 = LINE('',#8037,#8038);
#8037 = CARTESIAN_POINT('',(1.8,2.11,0.825));
#8038 = VECTOR('',#8039,1.);
#8039 = DIRECTION('',(1.,1.110223024625E-16,0.));
#8040 = ORIENTED_EDGE('',*,*,#7539,.T.);
#8041 = ORIENTED_EDGE('',*,*,#8042,.T.);
#8042 = EDGE_CURVE('',#7532,#8043,#8045,.T.);
#8043 = VERTEX_POINT('',#8044);
#8044 = CARTESIAN_POINT('',(2.25,1.7,0.825));
#8045 = LINE('',#8046,#8047);
#8046 = CARTESIAN_POINT('',(1.8,1.7,0.825));
#8047 = VECTOR('',#8048,1.);
#8048 = DIRECTION('',(1.,1.110223024625E-16,0.));
#8049 = ORIENTED_EDGE('',*,*,#8050,.F.);
#8050 = EDGE_CURVE('',#8034,#8043,#8051,.T.);
#8051 = LINE('',#8052,#8053);
#8052 = CARTESIAN_POINT('',(2.25,2.11,0.825));
#8053 = VECTOR('',#8054,1.);
#8054 = DIRECTION('',(1.110223024625E-16,-1.,0.));
#8055 = PLANE('',#8056);
#8056 = AXIS2_PLACEMENT_3D('',#8057,#8058,#8059);
#8057 = CARTESIAN_POINT('',(1.8,2.11,0.825));
#8058 = DIRECTION('',(0.,0.,1.));
#8059 = DIRECTION('',(1.,1.110223024625E-16,-0.));
#8060 = ADVANCED_FACE('',(#8061),#8086,.F.);
#8061 = FACE_BOUND('',#8062,.F.);
#8062 = EDGE_LOOP('',(#8063,#8071,#8072,#8080));
#8063 = ORIENTED_EDGE('',*,*,#8064,.F.);
#8064 = EDGE_CURVE('',#7532,#8065,#8067,.T.);
#8065 = VERTEX_POINT('',#8066);
#8066 = CARTESIAN_POINT('',(1.95,1.7,1.025));
#8067 = LINE('',#8068,#8069);
#8068 = CARTESIAN_POINT('',(1.95,1.7,0.786976568901));
#8069 = VECTOR('',#8070,1.);
#8070 = DIRECTION('',(0.,0.,1.));
#8071 = ORIENTED_EDGE('',*,*,#7531,.T.);
#8072 = ORIENTED_EDGE('',*,*,#8073,.T.);
#8073 = EDGE_CURVE('',#7524,#8074,#8076,.T.);
#8074 = VERTEX_POINT('',#8075);
#8075 = CARTESIAN_POINT('',(1.95,0.84,1.025));
#8076 = LINE('',#8077,#8078);
#8077 = CARTESIAN_POINT('',(1.95,0.84,0.786976568901));
#8078 = VECTOR('',#8079,1.);
#8079 = DIRECTION('',(0.,0.,1.));
#8080 = ORIENTED_EDGE('',*,*,#8081,.F.);
#8081 = EDGE_CURVE('',#8065,#8074,#8082,.T.);
#8082 = LINE('',#8083,#8084);
#8083 = CARTESIAN_POINT('',(1.95,2.275,1.025));
#8084 = VECTOR('',#8085,1.);
#8085 = DIRECTION('',(1.110223024625E-16,-1.,0.));
#8086 = PLANE('',#8087);
#8087 = AXIS2_PLACEMENT_3D('',#8088,#8089,#8090);
#8088 = CARTESIAN_POINT('',(1.95,2.275,1.025));
#8089 = DIRECTION('',(-1.,-1.110223024625E-16,0.));
#8090 = DIRECTION('',(1.110223024625E-16,-1.,0.));
#8091 = ADVANCED_FACE('',(#8092),#8117,.F.);
#8092 = FACE_BOUND('',#8093,.F.);
#8093 = EDGE_LOOP('',(#8094,#8102,#8103,#8111));
#8094 = ORIENTED_EDGE('',*,*,#8095,.F.);
#8095 = EDGE_CURVE('',#7524,#8096,#8098,.T.);
#8096 = VERTEX_POINT('',#8097);
#8097 = CARTESIAN_POINT('',(2.25,0.84,0.825));
#8098 = LINE('',#8099,#8100);
#8099 = CARTESIAN_POINT('',(1.8,0.84,0.825));
#8100 = VECTOR('',#8101,1.);
#8101 = DIRECTION('',(1.,1.110223024625E-16,0.));
#8102 = ORIENTED_EDGE('',*,*,#7523,.T.);
#8103 = ORIENTED_EDGE('',*,*,#8104,.T.);
#8104 = EDGE_CURVE('',#7516,#8105,#8107,.T.);
#8105 = VERTEX_POINT('',#8106);
#8106 = CARTESIAN_POINT('',(2.25,0.43,0.825));
#8107 = LINE('',#8108,#8109);
#8108 = CARTESIAN_POINT('',(1.8,0.43,0.825));
#8109 = VECTOR('',#8110,1.);
#8110 = DIRECTION('',(1.,1.110223024625E-16,0.));
#8111 = ORIENTED_EDGE('',*,*,#8112,.F.);
#8112 = EDGE_CURVE('',#8096,#8105,#8113,.T.);
#8113 = LINE('',#8114,#8115);
#8114 = CARTESIAN_POINT('',(2.25,0.84,0.825));
#8115 = VECTOR('',#8116,1.);
#8116 = DIRECTION('',(1.110223024625E-16,-1.,0.));
#8117 = PLANE('',#8118);
#8118 = AXIS2_PLACEMENT_3D('',#8119,#8120,#8121);
#8119 = CARTESIAN_POINT('',(1.8,0.84,0.825));
#8120 = DIRECTION('',(0.,0.,1.));
#8121 = DIRECTION('',(1.,1.110223024625E-16,-0.));
#8122 = ADVANCED_FACE('',(#8123),#8148,.F.);
#8123 = FACE_BOUND('',#8124,.F.);
#8124 = EDGE_LOOP('',(#8125,#8133,#8134,#8142));
#8125 = ORIENTED_EDGE('',*,*,#8126,.F.);
#8126 = EDGE_CURVE('',#7516,#8127,#8129,.T.);
#8127 = VERTEX_POINT('',#8128);
#8128 = CARTESIAN_POINT('',(1.95,0.43,1.025));
#8129 = LINE('',#8130,#8131);
#8130 = CARTESIAN_POINT('',(1.95,0.43,0.786976568901));
#8131 = VECTOR('',#8132,1.);
#8132 = DIRECTION('',(0.,0.,1.));
#8133 = ORIENTED_EDGE('',*,*,#7515,.T.);
#8134 = ORIENTED_EDGE('',*,*,#8135,.T.);
#8135 = EDGE_CURVE('',#7508,#8136,#8138,.T.);
#8136 = VERTEX_POINT('',#8137);
#8137 = CARTESIAN_POINT('',(1.95,-0.43,1.025));
#8138 = LINE('',#8139,#8140);
#8139 = CARTESIAN_POINT('',(1.95,-0.43,0.786976568901));
#8140 = VECTOR('',#8141,1.);
#8141 = DIRECTION('',(0.,0.,1.));
#8142 = ORIENTED_EDGE('',*,*,#8143,.F.);
#8143 = EDGE_CURVE('',#8127,#8136,#8144,.T.);
#8144 = LINE('',#8145,#8146);
#8145 = CARTESIAN_POINT('',(1.95,2.275,1.025));
#8146 = VECTOR('',#8147,1.);
#8147 = DIRECTION('',(1.110223024625E-16,-1.,0.));
#8148 = PLANE('',#8149);
#8149 = AXIS2_PLACEMENT_3D('',#8150,#8151,#8152);
#8150 = CARTESIAN_POINT('',(1.95,2.275,1.025));
#8151 = DIRECTION('',(-1.,-1.110223024625E-16,0.));
#8152 = DIRECTION('',(1.110223024625E-16,-1.,0.));
#8153 = ADVANCED_FACE('',(#8154),#8179,.F.);
#8154 = FACE_BOUND('',#8155,.F.);
#8155 = EDGE_LOOP('',(#8156,#8164,#8165,#8173));
#8156 = ORIENTED_EDGE('',*,*,#8157,.F.);
#8157 = EDGE_CURVE('',#7508,#8158,#8160,.T.);
#8158 = VERTEX_POINT('',#8159);
#8159 = CARTESIAN_POINT('',(2.25,-0.43,0.825));
#8160 = LINE('',#8161,#8162);
#8161 = CARTESIAN_POINT('',(1.8,-0.43,0.825));
#8162 = VECTOR('',#8163,1.);
#8163 = DIRECTION('',(1.,1.110223024625E-16,0.));
#8164 = ORIENTED_EDGE('',*,*,#7507,.T.);
#8165 = ORIENTED_EDGE('',*,*,#8166,.T.);
#8166 = EDGE_CURVE('',#7500,#8167,#8169,.T.);
#8167 = VERTEX_POINT('',#8168);
#8168 = CARTESIAN_POINT('',(2.25,-0.84,0.825));
#8169 = LINE('',#8170,#8171);
#8170 = CARTESIAN_POINT('',(1.8,-0.84,0.825));
#8171 = VECTOR('',#8172,1.);
#8172 = DIRECTION('',(1.,1.110223024625E-16,0.));
#8173 = ORIENTED_EDGE('',*,*,#8174,.F.);
#8174 = EDGE_CURVE('',#8158,#8167,#8175,.T.);
#8175 = LINE('',#8176,#8177);
#8176 = CARTESIAN_POINT('',(2.25,-0.43,0.825));
#8177 = VECTOR('',#8178,1.);
#8178 = DIRECTION('',(1.110223024625E-16,-1.,0.));
#8179 = PLANE('',#8180);
#8180 = AXIS2_PLACEMENT_3D('',#8181,#8182,#8183);
#8181 = CARTESIAN_POINT('',(1.8,-0.43,0.825));
#8182 = DIRECTION('',(0.,0.,1.));
#8183 = DIRECTION('',(1.,1.110223024625E-16,-0.));
#8184 = ADVANCED_FACE('',(#8185),#8210,.F.);
#8185 = FACE_BOUND('',#8186,.F.);
#8186 = EDGE_LOOP('',(#8187,#8195,#8196,#8204));
#8187 = ORIENTED_EDGE('',*,*,#8188,.F.);
#8188 = EDGE_CURVE('',#7500,#8189,#8191,.T.);
#8189 = VERTEX_POINT('',#8190);
#8190 = CARTESIAN_POINT('',(1.95,-0.84,1.025));
#8191 = LINE('',#8192,#8193);
#8192 = CARTESIAN_POINT('',(1.95,-0.84,0.786976568901));
#8193 = VECTOR('',#8194,1.);
#8194 = DIRECTION('',(0.,0.,1.));
#8195 = ORIENTED_EDGE('',*,*,#7499,.T.);
#8196 = ORIENTED_EDGE('',*,*,#8197,.T.);
#8197 = EDGE_CURVE('',#7492,#8198,#8200,.T.);
#8198 = VERTEX_POINT('',#8199);
#8199 = CARTESIAN_POINT('',(1.95,-1.7,1.025));
#8200 = LINE('',#8201,#8202);
#8201 = CARTESIAN_POINT('',(1.95,-1.7,0.786976568901));
#8202 = VECTOR('',#8203,1.);
#8203 = DIRECTION('',(0.,0.,1.));
#8204 = ORIENTED_EDGE('',*,*,#8205,.F.);
#8205 = EDGE_CURVE('',#8189,#8198,#8206,.T.);
#8206 = LINE('',#8207,#8208);
#8207 = CARTESIAN_POINT('',(1.95,2.275,1.025));
#8208 = VECTOR('',#8209,1.);
#8209 = DIRECTION('',(1.110223024625E-16,-1.,0.));
#8210 = PLANE('',#8211);
#8211 = AXIS2_PLACEMENT_3D('',#8212,#8213,#8214);
#8212 = CARTESIAN_POINT('',(1.95,2.275,1.025));
#8213 = DIRECTION('',(-1.,-1.110223024625E-16,0.));
#8214 = DIRECTION('',(1.110223024625E-16,-1.,0.));
#8215 = ADVANCED_FACE('',(#8216),#8241,.F.);
#8216 = FACE_BOUND('',#8217,.F.);
#8217 = EDGE_LOOP('',(#8218,#8226,#8227,#8235));
#8218 = ORIENTED_EDGE('',*,*,#8219,.F.);
#8219 = EDGE_CURVE('',#7492,#8220,#8222,.T.);
#8220 = VERTEX_POINT('',#8221);
#8221 = CARTESIAN_POINT('',(2.25,-1.7,0.825));
#8222 = LINE('',#8223,#8224);
#8223 = CARTESIAN_POINT('',(1.8,-1.7,0.825));
#8224 = VECTOR('',#8225,1.);
#8225 = DIRECTION('',(1.,1.110223024625E-16,0.));
#8226 = ORIENTED_EDGE('',*,*,#7491,.T.);
#8227 = ORIENTED_EDGE('',*,*,#8228,.T.);
#8228 = EDGE_CURVE('',#7484,#8229,#8231,.T.);
#8229 = VERTEX_POINT('',#8230);
#8230 = CARTESIAN_POINT('',(2.25,-2.11,0.825));
#8231 = LINE('',#8232,#8233);
#8232 = CARTESIAN_POINT('',(1.8,-2.11,0.825));
#8233 = VECTOR('',#8234,1.);
#8234 = DIRECTION('',(1.,1.110223024625E-16,0.));
#8235 = ORIENTED_EDGE('',*,*,#8236,.F.);
#8236 = EDGE_CURVE('',#8220,#8229,#8237,.T.);
#8237 = LINE('',#8238,#8239);
#8238 = CARTESIAN_POINT('',(2.25,-1.7,0.825));
#8239 = VECTOR('',#8240,1.);
#8240 = DIRECTION('',(1.110223024625E-16,-1.,0.));
#8241 = PLANE('',#8242);
#8242 = AXIS2_PLACEMENT_3D('',#8243,#8244,#8245);
#8243 = CARTESIAN_POINT('',(1.8,-1.7,0.825));
#8244 = DIRECTION('',(0.,0.,1.));
#8245 = DIRECTION('',(1.,1.110223024625E-16,-0.));
#8246 = ADVANCED_FACE('',(#8247),#8271,.F.);
#8247 = FACE_BOUND('',#8248,.F.);
#8248 = EDGE_LOOP('',(#8249,#8257,#8258,#8265));
#8249 = ORIENTED_EDGE('',*,*,#8250,.F.);
#8250 = EDGE_CURVE('',#7484,#8251,#8253,.T.);
#8251 = VERTEX_POINT('',#8252);
#8252 = CARTESIAN_POINT('',(1.95,-2.11,1.025));
#8253 = LINE('',#8254,#8255);
#8254 = CARTESIAN_POINT('',(1.95,-2.11,0.786976568901));
#8255 = VECTOR('',#8256,1.);
#8256 = DIRECTION('',(0.,0.,1.));
#8257 = ORIENTED_EDGE('',*,*,#7483,.T.);
#8258 = ORIENTED_EDGE('',*,*,#8259,.T.);
#8259 = EDGE_CURVE('',#7477,#8260,#8262,.T.);
#8260 = VERTEX_POINT('',#8261);
#8261 = CARTESIAN_POINT('',(1.95,-2.275,1.025));
#8262 = B_SPLINE_CURVE_WITH_KNOTS('',1,(#8263,#8264),.UNSPECIFIED.,.F.,
  .F.,(2,2),(0.,1.),.PIECEWISE_BEZIER_KNOTS.);
#8263 = CARTESIAN_POINT('',(1.95,-2.275,0.825));
#8264 = CARTESIAN_POINT('',(1.95,-2.275,1.025));
#8265 = ORIENTED_EDGE('',*,*,#8266,.F.);
#8266 = EDGE_CURVE('',#8251,#8260,#8267,.T.);
#8267 = LINE('',#8268,#8269);
#8268 = CARTESIAN_POINT('',(1.95,2.275,1.025));
#8269 = VECTOR('',#8270,1.);
#8270 = DIRECTION('',(1.110223024625E-16,-1.,0.));
#8271 = PLANE('',#8272);
#8272 = AXIS2_PLACEMENT_3D('',#8273,#8274,#8275);
#8273 = CARTESIAN_POINT('',(1.95,2.275,1.025));
#8274 = DIRECTION('',(-1.,-1.110223024625E-16,0.));
#8275 = DIRECTION('',(1.110223024625E-16,-1.,0.));
#8276 = ADVANCED_FACE('',(#8277),#8294,.F.);
#8277 = FACE_BOUND('',#8278,.F.);
#8278 = EDGE_LOOP('',(#8279,#8280,#8281,#8289));
#8279 = ORIENTED_EDGE('',*,*,#7564,.T.);
#8280 = ORIENTED_EDGE('',*,*,#7752,.T.);
#8281 = ORIENTED_EDGE('',*,*,#8282,.F.);
#8282 = EDGE_CURVE('',#8283,#7753,#8285,.T.);
#8283 = VERTEX_POINT('',#8284);
#8284 = CARTESIAN_POINT('',(-1.775,-2.45,1.025));
#8285 = LINE('',#8286,#8287);
#8286 = CARTESIAN_POINT('',(-1.775,-2.45,1.025));
#8287 = VECTOR('',#8288,1.);
#8288 = DIRECTION('',(-0.707106781187,0.707106781187,0.));
#8289 = ORIENTED_EDGE('',*,*,#8290,.F.);
#8290 = EDGE_CURVE('',#7565,#8283,#8291,.T.);
#8291 = B_SPLINE_CURVE_WITH_KNOTS('',1,(#8292,#8293),.UNSPECIFIED.,.F.,
  .F.,(2,2),(0.,1.),.PIECEWISE_BEZIER_KNOTS.);
#8292 = CARTESIAN_POINT('',(-1.775,-2.45,0.825));
#8293 = CARTESIAN_POINT('',(-1.775,-2.45,1.025));
#8294 = PLANE('',#8295);
#8295 = AXIS2_PLACEMENT_3D('',#8296,#8297,#8298);
#8296 = CARTESIAN_POINT('',(-1.775,-2.45,1.025));
#8297 = DIRECTION('',(0.707106781187,0.707106781187,0.));
#8298 = DIRECTION('',(-0.707106781187,0.707106781187,0.));
#8299 = ADVANCED_FACE('',(#8300),#8317,.F.);
#8300 = FACE_BOUND('',#8301,.F.);
#8301 = EDGE_LOOP('',(#8302,#8303,#8310,#8316));
#8302 = ORIENTED_EDGE('',*,*,#7593,.T.);
#8303 = ORIENTED_EDGE('',*,*,#8304,.T.);
#8304 = EDGE_CURVE('',#7587,#8305,#8307,.T.);
#8305 = VERTEX_POINT('',#8306);
#8306 = CARTESIAN_POINT('',(1.775,-2.45,1.025));
#8307 = B_SPLINE_CURVE_WITH_KNOTS('',1,(#8308,#8309),.UNSPECIFIED.,.F.,
  .F.,(2,2),(0.,1.),.PIECEWISE_BEZIER_KNOTS.);
#8308 = CARTESIAN_POINT('',(1.775,-2.45,0.825));
#8309 = CARTESIAN_POINT('',(1.775,-2.45,1.025));
#8310 = ORIENTED_EDGE('',*,*,#8311,.F.);
#8311 = EDGE_CURVE('',#8260,#8305,#8312,.T.);
#8312 = LINE('',#8313,#8314);
#8313 = CARTESIAN_POINT('',(1.95,-2.275,1.025));
#8314 = VECTOR('',#8315,1.);
#8315 = DIRECTION('',(-0.707106781187,-0.707106781187,0.));
#8316 = ORIENTED_EDGE('',*,*,#8259,.F.);
#8317 = PLANE('',#8318);
#8318 = AXIS2_PLACEMENT_3D('',#8319,#8320,#8321);
#8319 = CARTESIAN_POINT('',(1.95,-2.275,1.025));
#8320 = DIRECTION('',(-0.707106781187,0.707106781187,0.));
#8321 = DIRECTION('',(-0.707106781187,-0.707106781187,0.));
#8322 = ADVANCED_FACE('',(#8323),#8334,.F.);
#8323 = FACE_BOUND('',#8324,.F.);
#8324 = EDGE_LOOP('',(#8325,#8326,#8327,#8333));
#8325 = ORIENTED_EDGE('',*,*,#7610,.T.);
#8326 = ORIENTED_EDGE('',*,*,#8290,.T.);
#8327 = ORIENTED_EDGE('',*,*,#8328,.F.);
#8328 = EDGE_CURVE('',#8305,#8283,#8329,.T.);
#8329 = LINE('',#8330,#8331);
#8330 = CARTESIAN_POINT('',(1.775,-2.45,1.025));
#8331 = VECTOR('',#8332,1.);
#8332 = DIRECTION('',(-1.,-1.110223024625E-16,0.));
#8333 = ORIENTED_EDGE('',*,*,#8304,.F.);
#8334 = PLANE('',#8335);
#8335 = AXIS2_PLACEMENT_3D('',#8336,#8337,#8338);
#8336 = CARTESIAN_POINT('',(1.775,-2.45,1.025));
#8337 = DIRECTION('',(-1.110223024625E-16,1.,0.));
#8338 = DIRECTION('',(-1.,-1.110223024625E-16,0.));
#8339 = ADVANCED_FACE('',(#8340),#8379,.F.);
#8340 = FACE_BOUND('',#8341,.F.);
#8341 = EDGE_LOOP('',(#8342,#8350,#8358,#8364,#8365,#8373));
#8342 = ORIENTED_EDGE('',*,*,#8343,.F.);
#8343 = EDGE_CURVE('',#8344,#7947,#8346,.T.);
#8344 = VERTEX_POINT('',#8345);
#8345 = CARTESIAN_POINT('',(-2.25,1.7,1.025));
#8346 = LINE('',#8347,#8348);
#8347 = CARTESIAN_POINT('',(-2.25,1.7,1.025));
#8348 = VECTOR('',#8349,1.);
#8349 = DIRECTION('',(1.,-1.144237745222E-17,0.));
#8350 = ORIENTED_EDGE('',*,*,#8351,.T.);
#8351 = EDGE_CURVE('',#8344,#8352,#8354,.T.);
#8352 = VERTEX_POINT('',#8353);
#8353 = CARTESIAN_POINT('',(-2.25,2.11,1.025));
#8354 = LINE('',#8355,#8356);
#8355 = CARTESIAN_POINT('',(-2.25,1.7,1.025));
#8356 = VECTOR('',#8357,1.);
#8357 = DIRECTION('',(1.144237745222E-17,1.,0.));
#8358 = ORIENTED_EDGE('',*,*,#8359,.T.);
#8359 = EDGE_CURVE('',#8352,#7715,#8360,.T.);
#8360 = LINE('',#8361,#8362);
#8361 = CARTESIAN_POINT('',(-2.25,2.11,1.025));
#8362 = VECTOR('',#8363,1.);
#8363 = DIRECTION('',(1.,-1.144237745222E-17,0.));
#8364 = ORIENTED_EDGE('',*,*,#7714,.T.);
#8365 = ORIENTED_EDGE('',*,*,#8366,.F.);
#8366 = EDGE_CURVE('',#8367,#7707,#8369,.T.);
#8367 = VERTEX_POINT('',#8368);
#8368 = CARTESIAN_POINT('',(-1.875,1.7,1.025));
#8369 = LINE('',#8370,#8371);
#8370 = CARTESIAN_POINT('',(-1.875,-2.2375,1.025));
#8371 = VECTOR('',#8372,1.);
#8372 = DIRECTION('',(-1.110223024625E-16,1.,0.));
#8373 = ORIENTED_EDGE('',*,*,#8374,.F.);
#8374 = EDGE_CURVE('',#7947,#8367,#8375,.T.);
#8375 = LINE('',#8376,#8377);
#8376 = CARTESIAN_POINT('',(-2.25,1.7,1.025));
#8377 = VECTOR('',#8378,1.);
#8378 = DIRECTION('',(1.,-1.144237745222E-17,0.));
#8379 = PLANE('',#8380);
#8380 = AXIS2_PLACEMENT_3D('',#8381,#8382,#8383);
#8381 = CARTESIAN_POINT('',(-2.25,1.7,1.025));
#8382 = DIRECTION('',(0.,0.,-1.));
#8383 = DIRECTION('',(1.,-1.144237745222E-17,0.));
#8384 = ADVANCED_FACE('',(#8385),#8465,.F.);
#8385 = FACE_BOUND('',#8386,.F.);
#8386 = EDGE_LOOP('',(#8387,#8397,#8405,#8413,#8421,#8429,#8437,#8443,
    #8444,#8445,#8452,#8460));
#8387 = ORIENTED_EDGE('',*,*,#8388,.T.);
#8388 = EDGE_CURVE('',#8389,#8391,#8393,.T.);
#8389 = VERTEX_POINT('',#8390);
#8390 = CARTESIAN_POINT('',(-1.875,-2.2375,1.025));
#8391 = VERTEX_POINT('',#8392);
#8392 = CARTESIAN_POINT('',(-1.875,-2.11,1.025));
#8393 = LINE('',#8394,#8395);
#8394 = CARTESIAN_POINT('',(-1.875,-2.2375,1.025));
#8395 = VECTOR('',#8396,1.);
#8396 = DIRECTION('',(-1.110223024625E-16,1.,0.));
#8397 = ORIENTED_EDGE('',*,*,#8398,.T.);
#8398 = EDGE_CURVE('',#8391,#8399,#8401,.T.);
#8399 = VERTEX_POINT('',#8400);
#8400 = CARTESIAN_POINT('',(-1.875,-1.7,1.025));
#8401 = LINE('',#8402,#8403);
#8402 = CARTESIAN_POINT('',(-1.875,-2.2375,1.025));
#8403 = VECTOR('',#8404,1.);
#8404 = DIRECTION('',(-1.110223024625E-16,1.,0.));
#8405 = ORIENTED_EDGE('',*,*,#8406,.T.);
#8406 = EDGE_CURVE('',#8399,#8407,#8409,.T.);
#8407 = VERTEX_POINT('',#8408);
#8408 = CARTESIAN_POINT('',(-1.875,-0.84,1.025));
#8409 = LINE('',#8410,#8411);
#8410 = CARTESIAN_POINT('',(-1.875,-2.2375,1.025));
#8411 = VECTOR('',#8412,1.);
#8412 = DIRECTION('',(-1.110223024625E-16,1.,0.));
#8413 = ORIENTED_EDGE('',*,*,#8414,.T.);
#8414 = EDGE_CURVE('',#8407,#8415,#8417,.T.);
#8415 = VERTEX_POINT('',#8416);
#8416 = CARTESIAN_POINT('',(-1.875,-0.43,1.025));
#8417 = LINE('',#8418,#8419);
#8418 = CARTESIAN_POINT('',(-1.875,-2.2375,1.025));
#8419 = VECTOR('',#8420,1.);
#8420 = DIRECTION('',(-1.110223024625E-16,1.,0.));
#8421 = ORIENTED_EDGE('',*,*,#8422,.T.);
#8422 = EDGE_CURVE('',#8415,#8423,#8425,.T.);
#8423 = VERTEX_POINT('',#8424);
#8424 = CARTESIAN_POINT('',(-1.875,0.43,1.025));
#8425 = LINE('',#8426,#8427);
#8426 = CARTESIAN_POINT('',(-1.875,-2.2375,1.025));
#8427 = VECTOR('',#8428,1.);
#8428 = DIRECTION('',(-1.110223024625E-16,1.,0.));
#8429 = ORIENTED_EDGE('',*,*,#8430,.T.);
#8430 = EDGE_CURVE('',#8423,#8431,#8433,.T.);
#8431 = VERTEX_POINT('',#8432);
#8432 = CARTESIAN_POINT('',(-1.875,0.84,1.025));
#8433 = LINE('',#8434,#8435);
#8434 = CARTESIAN_POINT('',(-1.875,-2.2375,1.025));
#8435 = VECTOR('',#8436,1.);
#8436 = DIRECTION('',(-1.110223024625E-16,1.,0.));
#8437 = ORIENTED_EDGE('',*,*,#8438,.T.);
#8438 = EDGE_CURVE('',#8431,#8367,#8439,.T.);
#8439 = LINE('',#8440,#8441);
#8440 = CARTESIAN_POINT('',(-1.875,-2.2375,1.025));
#8441 = VECTOR('',#8442,1.);
#8442 = DIRECTION('',(-1.110223024625E-16,1.,0.));
#8443 = ORIENTED_EDGE('',*,*,#8366,.T.);
#8444 = ORIENTED_EDGE('',*,*,#7706,.T.);
#8445 = ORIENTED_EDGE('',*,*,#8446,.T.);
#8446 = EDGE_CURVE('',#7699,#8447,#8449,.T.);
#8447 = VERTEX_POINT('',#8448);
#8448 = CARTESIAN_POINT('',(-1.760171280765,2.180085640382,1.75));
#8449 = B_SPLINE_CURVE_WITH_KNOTS('',1,(#8450,#8451),.UNSPECIFIED.,.F.,
  .F.,(2,2),(0.,1.),.PIECEWISE_BEZIER_KNOTS.);
#8450 = CARTESIAN_POINT('',(-1.875,2.2375,1.025));
#8451 = CARTESIAN_POINT('',(-1.760171280765,2.180085640382,1.75));
#8452 = ORIENTED_EDGE('',*,*,#8453,.F.);
#8453 = EDGE_CURVE('',#8454,#8447,#8456,.T.);
#8454 = VERTEX_POINT('',#8455);
#8455 = CARTESIAN_POINT('',(-1.760171280765,-2.180085640382,1.75));
#8456 = LINE('',#8457,#8458);
#8457 = CARTESIAN_POINT('',(-1.760171280765,-2.180085640382,1.75));
#8458 = VECTOR('',#8459,1.);
#8459 = DIRECTION('',(-1.110223024625E-16,1.,0.));
#8460 = ORIENTED_EDGE('',*,*,#8461,.F.);
#8461 = EDGE_CURVE('',#8389,#8454,#8462,.T.);
#8462 = B_SPLINE_CURVE_WITH_KNOTS('',1,(#8463,#8464),.UNSPECIFIED.,.F.,
  .F.,(2,2),(0.,1.),.PIECEWISE_BEZIER_KNOTS.);
#8463 = CARTESIAN_POINT('',(-1.875,-2.2375,1.025));
#8464 = CARTESIAN_POINT('',(-1.760171280765,-2.180085640382,1.75));
#8465 = B_SPLINE_SURFACE_WITH_KNOTS('',1,1,(
    (#8466,#8467)
    ,(#8468,#8469
    )),.UNSPECIFIED.,.F.,.F.,.F.,(2,2),(2,2),(0.,4.475),(0.,1.),
  .PIECEWISE_BEZIER_KNOTS.);
#8466 = CARTESIAN_POINT('',(-1.875,-2.2375,1.025));
#8467 = CARTESIAN_POINT('',(-1.760171280765,-2.180085640382,1.75));
#8468 = CARTESIAN_POINT('',(-1.875,2.2375,1.025));
#8469 = CARTESIAN_POINT('',(-1.760171280765,2.180085640382,1.75));
#8470 = ADVANCED_FACE('',(#8471),#8488,.F.);
#8471 = FACE_BOUND('',#8472,.F.);
#8472 = EDGE_LOOP('',(#8473,#8474,#8481,#8487));
#8473 = ORIENTED_EDGE('',*,*,#7698,.T.);
#8474 = ORIENTED_EDGE('',*,*,#8475,.T.);
#8475 = EDGE_CURVE('',#7691,#8476,#8478,.T.);
#8476 = VERTEX_POINT('',#8477);
#8477 = CARTESIAN_POINT('',(-1.680085640382,2.260171280765,1.75));
#8478 = B_SPLINE_CURVE_WITH_KNOTS('',1,(#8479,#8480),.UNSPECIFIED.,.F.,
  .F.,(2,2),(0.,1.),.PIECEWISE_BEZIER_KNOTS.);
#8479 = CARTESIAN_POINT('',(-1.7375,2.375,1.025));
#8480 = CARTESIAN_POINT('',(-1.680085640382,2.260171280765,1.75));
#8481 = ORIENTED_EDGE('',*,*,#8482,.F.);
#8482 = EDGE_CURVE('',#8447,#8476,#8483,.T.);
#8483 = LINE('',#8484,#8485);
#8484 = CARTESIAN_POINT('',(-1.760171280765,2.180085640382,1.75));
#8485 = VECTOR('',#8486,1.);
#8486 = DIRECTION('',(0.707106781187,0.707106781187,0.));
#8487 = ORIENTED_EDGE('',*,*,#8446,.F.);
#8488 = B_SPLINE_SURFACE_WITH_KNOTS('',1,1,(
    (#8489,#8490)
    ,(#8491,#8492
    )),.UNSPECIFIED.,.F.,.F.,.F.,(2,2),(2,2),(0.,0.194454364826),(0.,1.)
  ,.PIECEWISE_BEZIER_KNOTS.);
#8489 = CARTESIAN_POINT('',(-1.875,2.2375,1.025));
#8490 = CARTESIAN_POINT('',(-1.760171280765,2.180085640382,1.75));
#8491 = CARTESIAN_POINT('',(-1.7375,2.375,1.025));
#8492 = CARTESIAN_POINT('',(-1.680085640382,2.260171280765,1.75));
#8493 = ADVANCED_FACE('',(#8494),#8511,.F.);
#8494 = FACE_BOUND('',#8495,.F.);
#8495 = EDGE_LOOP('',(#8496,#8497,#8504,#8510));
#8496 = ORIENTED_EDGE('',*,*,#7690,.T.);
#8497 = ORIENTED_EDGE('',*,*,#8498,.T.);
#8498 = EDGE_CURVE('',#7683,#8499,#8501,.T.);
#8499 = VERTEX_POINT('',#8500);
#8500 = CARTESIAN_POINT('',(1.680085640382,2.260171280765,1.75));
#8501 = B_SPLINE_CURVE_WITH_KNOTS('',1,(#8502,#8503),.UNSPECIFIED.,.F.,
  .F.,(2,2),(0.,1.),.PIECEWISE_BEZIER_KNOTS.);
#8502 = CARTESIAN_POINT('',(1.7375,2.375,1.025));
#8503 = CARTESIAN_POINT('',(1.680085640382,2.260171280765,1.75));
#8504 = ORIENTED_EDGE('',*,*,#8505,.F.);
#8505 = EDGE_CURVE('',#8476,#8499,#8506,.T.);
#8506 = LINE('',#8507,#8508);
#8507 = CARTESIAN_POINT('',(-1.680085640382,2.260171280765,1.75));
#8508 = VECTOR('',#8509,1.);
#8509 = DIRECTION('',(1.,1.110223024625E-16,0.));
#8510 = ORIENTED_EDGE('',*,*,#8475,.F.);
#8511 = B_SPLINE_SURFACE_WITH_KNOTS('',1,1,(
    (#8512,#8513)
    ,(#8514,#8515
    )),.UNSPECIFIED.,.F.,.F.,.F.,(2,2),(2,2),(0.,3.475),(0.,1.),
  .PIECEWISE_BEZIER_KNOTS.);
#8512 = CARTESIAN_POINT('',(-1.7375,2.375,1.025));
#8513 = CARTESIAN_POINT('',(-1.680085640382,2.260171280765,1.75));
#8514 = CARTESIAN_POINT('',(1.7375,2.375,1.025));
#8515 = CARTESIAN_POINT('',(1.680085640382,2.260171280765,1.75));
#8516 = ADVANCED_FACE('',(#8517),#8534,.F.);
#8517 = FACE_BOUND('',#8518,.F.);
#8518 = EDGE_LOOP('',(#8519,#8520,#8527,#8533));
#8519 = ORIENTED_EDGE('',*,*,#7682,.T.);
#8520 = ORIENTED_EDGE('',*,*,#8521,.T.);
#8521 = EDGE_CURVE('',#7675,#8522,#8524,.T.);
#8522 = VERTEX_POINT('',#8523);
#8523 = CARTESIAN_POINT('',(1.760171280765,2.180085640382,1.75));
#8524 = B_SPLINE_CURVE_WITH_KNOTS('',1,(#8525,#8526),.UNSPECIFIED.,.F.,
  .F.,(2,2),(0.,1.),.PIECEWISE_BEZIER_KNOTS.);
#8525 = CARTESIAN_POINT('',(1.875,2.2375,1.025));
#8526 = CARTESIAN_POINT('',(1.760171280765,2.180085640382,1.75));
#8527 = ORIENTED_EDGE('',*,*,#8528,.F.);
#8528 = EDGE_CURVE('',#8499,#8522,#8529,.T.);
#8529 = LINE('',#8530,#8531);
#8530 = CARTESIAN_POINT('',(1.680085640382,2.260171280765,1.75));
#8531 = VECTOR('',#8532,1.);
#8532 = DIRECTION('',(0.707106781187,-0.707106781187,0.));
#8533 = ORIENTED_EDGE('',*,*,#8498,.F.);
#8534 = B_SPLINE_SURFACE_WITH_KNOTS('',1,1,(
    (#8535,#8536)
    ,(#8537,#8538
    )),.UNSPECIFIED.,.F.,.F.,.F.,(2,2),(2,2),(0.,0.194454364826),(0.,1.)
  ,.PIECEWISE_BEZIER_KNOTS.);
#8535 = CARTESIAN_POINT('',(1.7375,2.375,1.025));
#8536 = CARTESIAN_POINT('',(1.680085640382,2.260171280765,1.75));
#8537 = CARTESIAN_POINT('',(1.875,2.2375,1.025));
#8538 = CARTESIAN_POINT('',(1.760171280765,2.180085640382,1.75));
#8539 = ADVANCED_FACE('',(#8540),#8621,.F.);
#8540 = FACE_BOUND('',#8541,.F.);
#8541 = EDGE_LOOP('',(#8542,#8543,#8551,#8559,#8567,#8575,#8583,#8591,
    #8599,#8607,#8614,#8620));
#8542 = ORIENTED_EDGE('',*,*,#7674,.T.);
#8543 = ORIENTED_EDGE('',*,*,#8544,.T.);
#8544 = EDGE_CURVE('',#7667,#8545,#8547,.T.);
#8545 = VERTEX_POINT('',#8546);
#8546 = CARTESIAN_POINT('',(1.875,1.7,1.025));
#8547 = LINE('',#8548,#8549);
#8548 = CARTESIAN_POINT('',(1.875,2.2375,1.025));
#8549 = VECTOR('',#8550,1.);
#8550 = DIRECTION('',(1.110223024625E-16,-1.,0.));
#8551 = ORIENTED_EDGE('',*,*,#8552,.T.);
#8552 = EDGE_CURVE('',#8545,#8553,#8555,.T.);
#8553 = VERTEX_POINT('',#8554);
#8554 = CARTESIAN_POINT('',(1.875,0.84,1.025));
#8555 = LINE('',#8556,#8557);
#8556 = CARTESIAN_POINT('',(1.875,2.2375,1.025));
#8557 = VECTOR('',#8558,1.);
#8558 = DIRECTION('',(1.110223024625E-16,-1.,0.));
#8559 = ORIENTED_EDGE('',*,*,#8560,.T.);
#8560 = EDGE_CURVE('',#8553,#8561,#8563,.T.);
#8561 = VERTEX_POINT('',#8562);
#8562 = CARTESIAN_POINT('',(1.875,0.43,1.025));
#8563 = LINE('',#8564,#8565);
#8564 = CARTESIAN_POINT('',(1.875,2.2375,1.025));
#8565 = VECTOR('',#8566,1.);
#8566 = DIRECTION('',(1.110223024625E-16,-1.,0.));
#8567 = ORIENTED_EDGE('',*,*,#8568,.T.);
#8568 = EDGE_CURVE('',#8561,#8569,#8571,.T.);
#8569 = VERTEX_POINT('',#8570);
#8570 = CARTESIAN_POINT('',(1.875,-0.43,1.025));
#8571 = LINE('',#8572,#8573);
#8572 = CARTESIAN_POINT('',(1.875,2.2375,1.025));
#8573 = VECTOR('',#8574,1.);
#8574 = DIRECTION('',(1.110223024625E-16,-1.,0.));
#8575 = ORIENTED_EDGE('',*,*,#8576,.T.);
#8576 = EDGE_CURVE('',#8569,#8577,#8579,.T.);
#8577 = VERTEX_POINT('',#8578);
#8578 = CARTESIAN_POINT('',(1.875,-0.84,1.025));
#8579 = LINE('',#8580,#8581);
#8580 = CARTESIAN_POINT('',(1.875,2.2375,1.025));
#8581 = VECTOR('',#8582,1.);
#8582 = DIRECTION('',(1.110223024625E-16,-1.,0.));
#8583 = ORIENTED_EDGE('',*,*,#8584,.T.);
#8584 = EDGE_CURVE('',#8577,#8585,#8587,.T.);
#8585 = VERTEX_POINT('',#8586);
#8586 = CARTESIAN_POINT('',(1.875,-1.7,1.025));
#8587 = LINE('',#8588,#8589);
#8588 = CARTESIAN_POINT('',(1.875,2.2375,1.025));
#8589 = VECTOR('',#8590,1.);
#8590 = DIRECTION('',(1.110223024625E-16,-1.,0.));
#8591 = ORIENTED_EDGE('',*,*,#8592,.T.);
#8592 = EDGE_CURVE('',#8585,#8593,#8595,.T.);
#8593 = VERTEX_POINT('',#8594);
#8594 = CARTESIAN_POINT('',(1.875,-2.11,1.025));
#8595 = LINE('',#8596,#8597);
#8596 = CARTESIAN_POINT('',(1.875,2.2375,1.025));
#8597 = VECTOR('',#8598,1.);
#8598 = DIRECTION('',(1.110223024625E-16,-1.,0.));
#8599 = ORIENTED_EDGE('',*,*,#8600,.T.);
#8600 = EDGE_CURVE('',#8593,#8601,#8603,.T.);
#8601 = VERTEX_POINT('',#8602);
#8602 = CARTESIAN_POINT('',(1.875,-2.2375,1.025));
#8603 = LINE('',#8604,#8605);
#8604 = CARTESIAN_POINT('',(1.875,2.2375,1.025));
#8605 = VECTOR('',#8606,1.);
#8606 = DIRECTION('',(1.110223024625E-16,-1.,0.));
#8607 = ORIENTED_EDGE('',*,*,#8608,.T.);
#8608 = EDGE_CURVE('',#8601,#8609,#8611,.T.);
#8609 = VERTEX_POINT('',#8610);
#8610 = CARTESIAN_POINT('',(1.760171280765,-2.180085640382,1.75));
#8611 = B_SPLINE_CURVE_WITH_KNOTS('',1,(#8612,#8613),.UNSPECIFIED.,.F.,
  .F.,(2,2),(0.,1.),.PIECEWISE_BEZIER_KNOTS.);
#8612 = CARTESIAN_POINT('',(1.875,-2.2375,1.025));
#8613 = CARTESIAN_POINT('',(1.760171280765,-2.180085640382,1.75));
#8614 = ORIENTED_EDGE('',*,*,#8615,.F.);
#8615 = EDGE_CURVE('',#8522,#8609,#8616,.T.);
#8616 = LINE('',#8617,#8618);
#8617 = CARTESIAN_POINT('',(1.760171280765,2.180085640382,1.75));
#8618 = VECTOR('',#8619,1.);
#8619 = DIRECTION('',(1.110223024625E-16,-1.,0.));
#8620 = ORIENTED_EDGE('',*,*,#8521,.F.);
#8621 = B_SPLINE_SURFACE_WITH_KNOTS('',1,1,(
    (#8622,#8623)
    ,(#8624,#8625
    )),.UNSPECIFIED.,.F.,.F.,.F.,(2,2),(2,2),(0.,4.475),(0.,1.),
  .PIECEWISE_BEZIER_KNOTS.);
#8622 = CARTESIAN_POINT('',(1.875,2.2375,1.025));
#8623 = CARTESIAN_POINT('',(1.760171280765,2.180085640382,1.75));
#8624 = CARTESIAN_POINT('',(1.875,-2.2375,1.025));
#8625 = CARTESIAN_POINT('',(1.760171280765,-2.180085640382,1.75));
#8626 = ADVANCED_FACE('',(#8627),#8659,.F.);
#8627 = FACE_BOUND('',#8628,.F.);
#8628 = EDGE_LOOP('',(#8629,#8637,#8645,#8651,#8657,#8658));
#8629 = ORIENTED_EDGE('',*,*,#8630,.F.);
#8630 = EDGE_CURVE('',#8631,#7659,#8633,.T.);
#8631 = VERTEX_POINT('',#8632);
#8632 = CARTESIAN_POINT('',(2.25,2.11,1.025));
#8633 = LINE('',#8634,#8635);
#8634 = CARTESIAN_POINT('',(2.25,2.11,1.025));
#8635 = VECTOR('',#8636,1.);
#8636 = DIRECTION('',(-1.,-1.110223024625E-16,0.));
#8637 = ORIENTED_EDGE('',*,*,#8638,.T.);
#8638 = EDGE_CURVE('',#8631,#8639,#8641,.T.);
#8639 = VERTEX_POINT('',#8640);
#8640 = CARTESIAN_POINT('',(2.25,1.7,1.025));
#8641 = LINE('',#8642,#8643);
#8642 = CARTESIAN_POINT('',(2.25,2.11,1.025));
#8643 = VECTOR('',#8644,1.);
#8644 = DIRECTION('',(1.110223024625E-16,-1.,0.));
#8645 = ORIENTED_EDGE('',*,*,#8646,.T.);
#8646 = EDGE_CURVE('',#8639,#8065,#8647,.T.);
#8647 = LINE('',#8648,#8649);
#8648 = CARTESIAN_POINT('',(2.25,1.7,1.025));
#8649 = VECTOR('',#8650,1.);
#8650 = DIRECTION('',(-1.,-1.110223024625E-16,0.));
#8651 = ORIENTED_EDGE('',*,*,#8652,.T.);
#8652 = EDGE_CURVE('',#8065,#8545,#8653,.T.);
#8653 = LINE('',#8654,#8655);
#8654 = CARTESIAN_POINT('',(2.25,1.7,1.025));
#8655 = VECTOR('',#8656,1.);
#8656 = DIRECTION('',(-1.,-1.110223024625E-16,0.));
#8657 = ORIENTED_EDGE('',*,*,#8544,.F.);
#8658 = ORIENTED_EDGE('',*,*,#7666,.F.);
#8659 = PLANE('',#8660);
#8660 = AXIS2_PLACEMENT_3D('',#8661,#8662,#8663);
#8661 = CARTESIAN_POINT('',(2.25,2.11,1.025));
#8662 = DIRECTION('',(0.,0.,-1.));
#8663 = DIRECTION('',(-1.,-1.110223024625E-16,-0.));
#8664 = ADVANCED_FACE('',(#8665),#8708,.F.);
#8665 = FACE_BOUND('',#8666,.F.);
#8666 = EDGE_LOOP('',(#8667,#8668,#8674,#8675,#8683,#8691,#8697,#8698,
    #8704,#8705,#8706,#8707));
#8667 = ORIENTED_EDGE('',*,*,#7768,.T.);
#8668 = ORIENTED_EDGE('',*,*,#8669,.T.);
#8669 = EDGE_CURVE('',#7761,#8391,#8670,.T.);
#8670 = LINE('',#8671,#8672);
#8671 = CARTESIAN_POINT('',(-2.25,-2.11,1.025));
#8672 = VECTOR('',#8673,1.);
#8673 = DIRECTION('',(1.,-1.144237745222E-17,0.));
#8674 = ORIENTED_EDGE('',*,*,#8388,.F.);
#8675 = ORIENTED_EDGE('',*,*,#8676,.F.);
#8676 = EDGE_CURVE('',#8677,#8389,#8679,.T.);
#8677 = VERTEX_POINT('',#8678);
#8678 = CARTESIAN_POINT('',(-1.7375,-2.375,1.025));
#8679 = LINE('',#8680,#8681);
#8680 = CARTESIAN_POINT('',(-1.7375,-2.375,1.025));
#8681 = VECTOR('',#8682,1.);
#8682 = DIRECTION('',(-0.707106781187,0.707106781187,0.));
#8683 = ORIENTED_EDGE('',*,*,#8684,.F.);
#8684 = EDGE_CURVE('',#8685,#8677,#8687,.T.);
#8685 = VERTEX_POINT('',#8686);
#8686 = CARTESIAN_POINT('',(1.7375,-2.375,1.025));
#8687 = LINE('',#8688,#8689);
#8688 = CARTESIAN_POINT('',(1.7375,-2.375,1.025));
#8689 = VECTOR('',#8690,1.);
#8690 = DIRECTION('',(-1.,-1.110223024625E-16,0.));
#8691 = ORIENTED_EDGE('',*,*,#8692,.F.);
#8692 = EDGE_CURVE('',#8601,#8685,#8693,.T.);
#8693 = LINE('',#8694,#8695);
#8694 = CARTESIAN_POINT('',(1.875,-2.2375,1.025));
#8695 = VECTOR('',#8696,1.);
#8696 = DIRECTION('',(-0.707106781187,-0.707106781187,0.));
#8697 = ORIENTED_EDGE('',*,*,#8600,.F.);
#8698 = ORIENTED_EDGE('',*,*,#8699,.F.);
#8699 = EDGE_CURVE('',#8251,#8593,#8700,.T.);
#8700 = LINE('',#8701,#8702);
#8701 = CARTESIAN_POINT('',(2.25,-2.11,1.025));
#8702 = VECTOR('',#8703,1.);
#8703 = DIRECTION('',(-1.,-1.110223024625E-16,0.));
#8704 = ORIENTED_EDGE('',*,*,#8266,.T.);
#8705 = ORIENTED_EDGE('',*,*,#8311,.T.);
#8706 = ORIENTED_EDGE('',*,*,#8328,.T.);
#8707 = ORIENTED_EDGE('',*,*,#8282,.T.);
#8708 = PLANE('',#8709);
#8709 = AXIS2_PLACEMENT_3D('',#8710,#8711,#8712);
#8710 = CARTESIAN_POINT('',(-3.027078129022E-16,2.4125,1.025));
#8711 = DIRECTION('',(2.007919022429E-31,-7.713306628828E-27,-1.));
#8712 = DIRECTION('',(1.,1.112083013911E-16,2.00791902242E-31));
#8713 = ADVANCED_FACE('',(#8714),#8800,.F.);
#8714 = FACE_BOUND('',#8715,.F.);
#8715 = EDGE_LOOP('',(#8716,#8717,#8718,#8727,#8735,#8744,#8752,#8760,
    #8768,#8777,#8785,#8794));
#8716 = ORIENTED_EDGE('',*,*,#7760,.F.);
#8717 = ORIENTED_EDGE('',*,*,#7782,.T.);
#8718 = ORIENTED_EDGE('',*,*,#8719,.T.);
#8719 = EDGE_CURVE('',#7783,#8720,#8722,.T.);
#8720 = VERTEX_POINT('',#8721);
#8721 = CARTESIAN_POINT('',(-2.348480775301,-2.11,0.742364817767));
#8722 = CIRCLE('',#8723,0.1);
#8723 = AXIS2_PLACEMENT_3D('',#8724,#8725,#8726);
#8724 = CARTESIAN_POINT('',(-2.25,-2.11,0.725));
#8725 = DIRECTION('',(-1.144237745222E-17,-1.,3.284293275761E-47));
#8726 = DIRECTION('',(-4.440892098501E-15,5.081436361563E-32,1.));
#8727 = ORIENTED_EDGE('',*,*,#8728,.T.);
#8728 = EDGE_CURVE('',#8720,#8729,#8731,.T.);
#8729 = VERTEX_POINT('',#8730);
#8730 = CARTESIAN_POINT('',(-2.429496640897,-2.11,0.2479055467));
#8731 = LINE('',#8732,#8733);
#8732 = CARTESIAN_POINT('',(-2.348480775301,-2.11,0.742364817767));
#8733 = VECTOR('',#8734,1.);
#8734 = DIRECTION('',(-0.161691392282,1.85013394127E-18,-0.986841372087)
  );
#8735 = ORIENTED_EDGE('',*,*,#8736,.T.);
#8736 = EDGE_CURVE('',#8729,#8737,#8739,.T.);
#8737 = VERTEX_POINT('',#8738);
#8738 = CARTESIAN_POINT('',(-2.724938966801,-2.11,-1.665334536938E-16));
#8739 = CIRCLE('',#8740,0.3);
#8740 = AXIS2_PLACEMENT_3D('',#8741,#8742,#8743);
#8741 = CARTESIAN_POINT('',(-2.724938966801,-2.11,0.3));
#8742 = DIRECTION('',(1.144237745222E-17,1.,7.703719777549E-34));
#8743 = DIRECTION('',(0.984807753012,-1.126854202784E-17,-0.173648177667
    ));
#8744 = ORIENTED_EDGE('',*,*,#8745,.T.);
#8745 = EDGE_CURVE('',#8737,#8746,#8748,.T.);
#8746 = VERTEX_POINT('',#8747);
#8747 = CARTESIAN_POINT('',(-3.,-2.11,-1.665334536938E-16));
#8748 = LINE('',#8749,#8750);
#8749 = CARTESIAN_POINT('',(-2.724938966801,-2.11,-1.665334536938E-16));
#8750 = VECTOR('',#8751,1.);
#8751 = DIRECTION('',(-1.,1.144237745222E-17,0.));
#8752 = ORIENTED_EDGE('',*,*,#8753,.T.);
#8753 = EDGE_CURVE('',#8746,#8754,#8756,.T.);
#8754 = VERTEX_POINT('',#8755);
#8755 = CARTESIAN_POINT('',(-3.,-2.11,0.2));
#8756 = LINE('',#8757,#8758);
#8757 = CARTESIAN_POINT('',(-3.,-2.11,-1.665334536938E-16));
#8758 = VECTOR('',#8759,1.);
#8759 = DIRECTION('',(0.,0.,1.));
#8760 = ORIENTED_EDGE('',*,*,#8761,.T.);
#8761 = EDGE_CURVE('',#8754,#8762,#8764,.T.);
#8762 = VERTEX_POINT('',#8763);
#8763 = CARTESIAN_POINT('',(-2.724938966801,-2.11,0.2));
#8764 = LINE('',#8765,#8766);
#8765 = CARTESIAN_POINT('',(-3.,-2.11,0.2));
#8766 = VECTOR('',#8767,1.);
#8767 = DIRECTION('',(1.,-1.144237745222E-17,0.));
#8768 = ORIENTED_EDGE('',*,*,#8769,.T.);
#8769 = EDGE_CURVE('',#8762,#8770,#8772,.T.);
#8770 = VERTEX_POINT('',#8771);
#8771 = CARTESIAN_POINT('',(-2.6264581915,-2.11,0.282635182233));
#8772 = CIRCLE('',#8773,0.1);
#8773 = AXIS2_PLACEMENT_3D('',#8774,#8775,#8776);
#8774 = CARTESIAN_POINT('',(-2.724938966801,-2.11,0.3));
#8775 = DIRECTION('',(-1.144237745222E-17,-1.,-0.));
#8776 = DIRECTION('',(0.,0.,-1.));
#8777 = ORIENTED_EDGE('',*,*,#8778,.T.);
#8778 = EDGE_CURVE('',#8770,#8779,#8781,.T.);
#8779 = VERTEX_POINT('',#8780);
#8780 = CARTESIAN_POINT('',(-2.545442325904,-2.11,0.7770944533));
#8781 = LINE('',#8782,#8783);
#8782 = CARTESIAN_POINT('',(-2.6264581915,-2.11,0.282635182233));
#8783 = VECTOR('',#8784,1.);
#8784 = DIRECTION('',(0.161691392282,-1.85013394127E-18,0.986841372087)
  );
#8785 = ORIENTED_EDGE('',*,*,#8786,.T.);
#8786 = EDGE_CURVE('',#8779,#8787,#8789,.T.);
#8787 = VERTEX_POINT('',#8788);
#8788 = CARTESIAN_POINT('',(-2.25,-2.11,1.025));
#8789 = CIRCLE('',#8790,0.3);
#8790 = AXIS2_PLACEMENT_3D('',#8791,#8792,#8793);
#8791 = CARTESIAN_POINT('',(-2.25,-2.11,0.725));
#8792 = DIRECTION('',(1.144237745222E-17,1.,7.703719777549E-34));
#8793 = DIRECTION('',(-0.984807753012,1.126854202784E-17,0.173648177667)
  );
#8794 = ORIENTED_EDGE('',*,*,#8795,.T.);
#8795 = EDGE_CURVE('',#8787,#7761,#8796,.T.);
#8796 = LINE('',#8797,#8798);
#8797 = CARTESIAN_POINT('',(-2.25,-2.11,1.025));
#8798 = VECTOR('',#8799,1.);
#8799 = DIRECTION('',(1.,-1.144237745222E-17,0.));
#8800 = PLANE('',#8801);
#8801 = AXIS2_PLACEMENT_3D('',#8802,#8803,#8804);
#8802 = CARTESIAN_POINT('',(-2.42560961319,-2.11,0.548953137803));
#8803 = DIRECTION('',(1.144237745222E-17,1.,0.));
#8804 = DIRECTION('',(0.,-0.,1.));
#8805 = ADVANCED_FACE('',(#8806),#8825,.F.);
#8806 = FACE_BOUND('',#8807,.F.);
#8807 = EDGE_LOOP('',(#8808,#8809,#8818,#8824));
#8808 = ORIENTED_EDGE('',*,*,#7799,.T.);
#8809 = ORIENTED_EDGE('',*,*,#8810,.T.);
#8810 = EDGE_CURVE('',#7792,#8811,#8813,.T.);
#8811 = VERTEX_POINT('',#8812);
#8812 = CARTESIAN_POINT('',(-2.348480775301,-1.7,0.742364817767));
#8813 = CIRCLE('',#8814,0.1);
#8814 = AXIS2_PLACEMENT_3D('',#8815,#8816,#8817);
#8815 = CARTESIAN_POINT('',(-2.25,-1.7,0.725));
#8816 = DIRECTION('',(-1.144237745222E-17,-1.,3.284293275761E-47));
#8817 = DIRECTION('',(-4.440892098501E-15,5.081436361563E-32,1.));
#8818 = ORIENTED_EDGE('',*,*,#8819,.F.);
#8819 = EDGE_CURVE('',#8720,#8811,#8820,.T.);
#8820 = LINE('',#8821,#8822);
#8821 = CARTESIAN_POINT('',(-2.348480775301,-2.11,0.742364817767));
#8822 = VECTOR('',#8823,1.);
#8823 = DIRECTION('',(1.144237745222E-17,1.,0.));
#8824 = ORIENTED_EDGE('',*,*,#8719,.F.);
#8825 = CYLINDRICAL_SURFACE('',#8826,0.1);
#8826 = AXIS2_PLACEMENT_3D('',#8827,#8828,#8829);
#8827 = CARTESIAN_POINT('',(-2.25,-2.11,0.725));
#8828 = DIRECTION('',(-1.144237745222E-17,-1.,0.));
#8829 = DIRECTION('',(-4.440892098501E-15,5.081436361563E-32,1.));
#8830 = ADVANCED_FACE('',(#8831),#8909,.T.);
#8831 = FACE_BOUND('',#8832,.T.);
#8832 = EDGE_LOOP('',(#8833,#8834,#8835,#8836,#8844,#8853,#8861,#8869,
    #8877,#8886,#8894,#8903));
#8833 = ORIENTED_EDGE('',*,*,#7813,.F.);
#8834 = ORIENTED_EDGE('',*,*,#7791,.T.);
#8835 = ORIENTED_EDGE('',*,*,#8810,.T.);
#8836 = ORIENTED_EDGE('',*,*,#8837,.T.);
#8837 = EDGE_CURVE('',#8811,#8838,#8840,.T.);
#8838 = VERTEX_POINT('',#8839);
#8839 = CARTESIAN_POINT('',(-2.429496640897,-1.7,0.2479055467));
#8840 = LINE('',#8841,#8842);
#8841 = CARTESIAN_POINT('',(-2.348480775301,-1.7,0.742364817767));
#8842 = VECTOR('',#8843,1.);
#8843 = DIRECTION('',(-0.161691392282,1.85013394127E-18,-0.986841372087)
  );
#8844 = ORIENTED_EDGE('',*,*,#8845,.T.);
#8845 = EDGE_CURVE('',#8838,#8846,#8848,.T.);
#8846 = VERTEX_POINT('',#8847);
#8847 = CARTESIAN_POINT('',(-2.724938966801,-1.7,-1.665334536938E-16));
#8848 = CIRCLE('',#8849,0.3);
#8849 = AXIS2_PLACEMENT_3D('',#8850,#8851,#8852);
#8850 = CARTESIAN_POINT('',(-2.724938966801,-1.7,0.3));
#8851 = DIRECTION('',(1.144237745222E-17,1.,7.703719777549E-34));
#8852 = DIRECTION('',(0.984807753012,-1.126854202784E-17,-0.173648177667
    ));
#8853 = ORIENTED_EDGE('',*,*,#8854,.T.);
#8854 = EDGE_CURVE('',#8846,#8855,#8857,.T.);
#8855 = VERTEX_POINT('',#8856);
#8856 = CARTESIAN_POINT('',(-3.,-1.7,-1.665334536938E-16));
#8857 = LINE('',#8858,#8859);
#8858 = CARTESIAN_POINT('',(-2.724938966801,-1.7,-1.665334536938E-16));
#8859 = VECTOR('',#8860,1.);
#8860 = DIRECTION('',(-1.,1.144237745222E-17,0.));
#8861 = ORIENTED_EDGE('',*,*,#8862,.T.);
#8862 = EDGE_CURVE('',#8855,#8863,#8865,.T.);
#8863 = VERTEX_POINT('',#8864);
#8864 = CARTESIAN_POINT('',(-3.,-1.7,0.2));
#8865 = LINE('',#8866,#8867);
#8866 = CARTESIAN_POINT('',(-3.,-1.7,-1.665334536938E-16));
#8867 = VECTOR('',#8868,1.);
#8868 = DIRECTION('',(0.,0.,1.));
#8869 = ORIENTED_EDGE('',*,*,#8870,.T.);
#8870 = EDGE_CURVE('',#8863,#8871,#8873,.T.);
#8871 = VERTEX_POINT('',#8872);
#8872 = CARTESIAN_POINT('',(-2.724938966801,-1.7,0.2));
#8873 = LINE('',#8874,#8875);
#8874 = CARTESIAN_POINT('',(-3.,-1.7,0.2));
#8875 = VECTOR('',#8876,1.);
#8876 = DIRECTION('',(1.,-1.144237745222E-17,0.));
#8877 = ORIENTED_EDGE('',*,*,#8878,.T.);
#8878 = EDGE_CURVE('',#8871,#8879,#8881,.T.);
#8879 = VERTEX_POINT('',#8880);
#8880 = CARTESIAN_POINT('',(-2.6264581915,-1.7,0.282635182233));
#8881 = CIRCLE('',#8882,0.1);
#8882 = AXIS2_PLACEMENT_3D('',#8883,#8884,#8885);
#8883 = CARTESIAN_POINT('',(-2.724938966801,-1.7,0.3));
#8884 = DIRECTION('',(-1.144237745222E-17,-1.,-0.));
#8885 = DIRECTION('',(0.,0.,-1.));
#8886 = ORIENTED_EDGE('',*,*,#8887,.T.);
#8887 = EDGE_CURVE('',#8879,#8888,#8890,.T.);
#8888 = VERTEX_POINT('',#8889);
#8889 = CARTESIAN_POINT('',(-2.545442325904,-1.7,0.7770944533));
#8890 = LINE('',#8891,#8892);
#8891 = CARTESIAN_POINT('',(-2.6264581915,-1.7,0.282635182233));
#8892 = VECTOR('',#8893,1.);
#8893 = DIRECTION('',(0.161691392282,-1.85013394127E-18,0.986841372087)
  );
#8894 = ORIENTED_EDGE('',*,*,#8895,.T.);
#8895 = EDGE_CURVE('',#8888,#8896,#8898,.T.);
#8896 = VERTEX_POINT('',#8897);
#8897 = CARTESIAN_POINT('',(-2.25,-1.7,1.025));
#8898 = CIRCLE('',#8899,0.3);
#8899 = AXIS2_PLACEMENT_3D('',#8900,#8901,#8902);
#8900 = CARTESIAN_POINT('',(-2.25,-1.7,0.725));
#8901 = DIRECTION('',(1.144237745222E-17,1.,7.703719777549E-34));
#8902 = DIRECTION('',(-0.984807753012,1.126854202784E-17,0.173648177667)
  );
#8903 = ORIENTED_EDGE('',*,*,#8904,.T.);
#8904 = EDGE_CURVE('',#8896,#7814,#8905,.T.);
#8905 = LINE('',#8906,#8907);
#8906 = CARTESIAN_POINT('',(-2.25,-1.7,1.025));
#8907 = VECTOR('',#8908,1.);
#8908 = DIRECTION('',(1.,-1.144237745222E-17,0.));
#8909 = PLANE('',#8910);
#8910 = AXIS2_PLACEMENT_3D('',#8911,#8912,#8913);
#8911 = CARTESIAN_POINT('',(-2.42560961319,-1.7,0.548953137803));
#8912 = DIRECTION('',(1.144237745222E-17,1.,0.));
#8913 = DIRECTION('',(0.,-0.,1.));
#8914 = ADVANCED_FACE('',(#8915),#8931,.F.);
#8915 = FACE_BOUND('',#8916,.F.);
#8916 = EDGE_LOOP('',(#8917,#8918,#8924,#8925));
#8917 = ORIENTED_EDGE('',*,*,#7830,.T.);
#8918 = ORIENTED_EDGE('',*,*,#8919,.T.);
#8919 = EDGE_CURVE('',#7823,#8407,#8920,.T.);
#8920 = LINE('',#8921,#8922);
#8921 = CARTESIAN_POINT('',(-2.25,-0.84,1.025));
#8922 = VECTOR('',#8923,1.);
#8923 = DIRECTION('',(1.,-1.144237745222E-17,0.));
#8924 = ORIENTED_EDGE('',*,*,#8406,.F.);
#8925 = ORIENTED_EDGE('',*,*,#8926,.F.);
#8926 = EDGE_CURVE('',#7814,#8399,#8927,.T.);
#8927 = LINE('',#8928,#8929);
#8928 = CARTESIAN_POINT('',(-2.25,-1.7,1.025));
#8929 = VECTOR('',#8930,1.);
#8930 = DIRECTION('',(1.,-1.144237745222E-17,0.));
#8931 = PLANE('',#8932);
#8932 = AXIS2_PLACEMENT_3D('',#8933,#8934,#8935);
#8933 = CARTESIAN_POINT('',(-3.027078129022E-16,2.4125,1.025));
#8934 = DIRECTION('',(2.007919022429E-31,-7.713306628828E-27,-1.));
#8935 = DIRECTION('',(1.,1.112083013911E-16,2.00791902242E-31));
#8936 = ADVANCED_FACE('',(#8937),#9023,.F.);
#8937 = FACE_BOUND('',#8938,.F.);
#8938 = EDGE_LOOP('',(#8939,#8940,#8941,#8950,#8958,#8967,#8975,#8983,
    #8991,#9000,#9008,#9017));
#8939 = ORIENTED_EDGE('',*,*,#7822,.F.);
#8940 = ORIENTED_EDGE('',*,*,#7844,.T.);
#8941 = ORIENTED_EDGE('',*,*,#8942,.T.);
#8942 = EDGE_CURVE('',#7845,#8943,#8945,.T.);
#8943 = VERTEX_POINT('',#8944);
#8944 = CARTESIAN_POINT('',(-2.348480775301,-0.84,0.742364817767));
#8945 = CIRCLE('',#8946,0.1);
#8946 = AXIS2_PLACEMENT_3D('',#8947,#8948,#8949);
#8947 = CARTESIAN_POINT('',(-2.25,-0.84,0.725));
#8948 = DIRECTION('',(-1.144237745222E-17,-1.,3.284293275761E-47));
#8949 = DIRECTION('',(-4.440892098501E-15,5.081436361563E-32,1.));
#8950 = ORIENTED_EDGE('',*,*,#8951,.T.);
#8951 = EDGE_CURVE('',#8943,#8952,#8954,.T.);
#8952 = VERTEX_POINT('',#8953);
#8953 = CARTESIAN_POINT('',(-2.429496640897,-0.84,0.2479055467));
#8954 = LINE('',#8955,#8956);
#8955 = CARTESIAN_POINT('',(-2.348480775301,-0.84,0.742364817767));
#8956 = VECTOR('',#8957,1.);
#8957 = DIRECTION('',(-0.161691392282,1.85013394127E-18,-0.986841372087)
  );
#8958 = ORIENTED_EDGE('',*,*,#8959,.T.);
#8959 = EDGE_CURVE('',#8952,#8960,#8962,.T.);
#8960 = VERTEX_POINT('',#8961);
#8961 = CARTESIAN_POINT('',(-2.724938966801,-0.84,-1.665334536938E-16));
#8962 = CIRCLE('',#8963,0.3);
#8963 = AXIS2_PLACEMENT_3D('',#8964,#8965,#8966);
#8964 = CARTESIAN_POINT('',(-2.724938966801,-0.84,0.3));
#8965 = DIRECTION('',(1.144237745222E-17,1.,7.703719777549E-34));
#8966 = DIRECTION('',(0.984807753012,-1.126854202784E-17,-0.173648177667
    ));
#8967 = ORIENTED_EDGE('',*,*,#8968,.T.);
#8968 = EDGE_CURVE('',#8960,#8969,#8971,.T.);
#8969 = VERTEX_POINT('',#8970);
#8970 = CARTESIAN_POINT('',(-3.,-0.84,-1.665334536938E-16));
#8971 = LINE('',#8972,#8973);
#8972 = CARTESIAN_POINT('',(-2.724938966801,-0.84,-1.665334536938E-16));
#8973 = VECTOR('',#8974,1.);
#8974 = DIRECTION('',(-1.,1.144237745222E-17,0.));
#8975 = ORIENTED_EDGE('',*,*,#8976,.T.);
#8976 = EDGE_CURVE('',#8969,#8977,#8979,.T.);
#8977 = VERTEX_POINT('',#8978);
#8978 = CARTESIAN_POINT('',(-3.,-0.84,0.2));
#8979 = LINE('',#8980,#8981);
#8980 = CARTESIAN_POINT('',(-3.,-0.84,-1.665334536938E-16));
#8981 = VECTOR('',#8982,1.);
#8982 = DIRECTION('',(0.,0.,1.));
#8983 = ORIENTED_EDGE('',*,*,#8984,.T.);
#8984 = EDGE_CURVE('',#8977,#8985,#8987,.T.);
#8985 = VERTEX_POINT('',#8986);
#8986 = CARTESIAN_POINT('',(-2.724938966801,-0.84,0.2));
#8987 = LINE('',#8988,#8989);
#8988 = CARTESIAN_POINT('',(-3.,-0.84,0.2));
#8989 = VECTOR('',#8990,1.);
#8990 = DIRECTION('',(1.,-1.144237745222E-17,0.));
#8991 = ORIENTED_EDGE('',*,*,#8992,.T.);
#8992 = EDGE_CURVE('',#8985,#8993,#8995,.T.);
#8993 = VERTEX_POINT('',#8994);
#8994 = CARTESIAN_POINT('',(-2.6264581915,-0.84,0.282635182233));
#8995 = CIRCLE('',#8996,0.1);
#8996 = AXIS2_PLACEMENT_3D('',#8997,#8998,#8999);
#8997 = CARTESIAN_POINT('',(-2.724938966801,-0.84,0.3));
#8998 = DIRECTION('',(-1.144237745222E-17,-1.,-0.));
#8999 = DIRECTION('',(0.,0.,-1.));
#9000 = ORIENTED_EDGE('',*,*,#9001,.T.);
#9001 = EDGE_CURVE('',#8993,#9002,#9004,.T.);
#9002 = VERTEX_POINT('',#9003);
#9003 = CARTESIAN_POINT('',(-2.545442325904,-0.84,0.7770944533));
#9004 = LINE('',#9005,#9006);
#9005 = CARTESIAN_POINT('',(-2.6264581915,-0.84,0.282635182233));
#9006 = VECTOR('',#9007,1.);
#9007 = DIRECTION('',(0.161691392282,-1.85013394127E-18,0.986841372087)
  );
#9008 = ORIENTED_EDGE('',*,*,#9009,.T.);
#9009 = EDGE_CURVE('',#9002,#9010,#9012,.T.);
#9010 = VERTEX_POINT('',#9011);
#9011 = CARTESIAN_POINT('',(-2.25,-0.84,1.025));
#9012 = CIRCLE('',#9013,0.3);
#9013 = AXIS2_PLACEMENT_3D('',#9014,#9015,#9016);
#9014 = CARTESIAN_POINT('',(-2.25,-0.84,0.725));
#9015 = DIRECTION('',(1.144237745222E-17,1.,7.703719777549E-34));
#9016 = DIRECTION('',(-0.984807753012,1.126854202784E-17,0.173648177667)
  );
#9017 = ORIENTED_EDGE('',*,*,#9018,.T.);
#9018 = EDGE_CURVE('',#9010,#7823,#9019,.T.);
#9019 = LINE('',#9020,#9021);
#9020 = CARTESIAN_POINT('',(-2.25,-0.84,1.025));
#9021 = VECTOR('',#9022,1.);
#9022 = DIRECTION('',(1.,-1.144237745222E-17,0.));
#9023 = PLANE('',#9024);
#9024 = AXIS2_PLACEMENT_3D('',#9025,#9026,#9027);
#9025 = CARTESIAN_POINT('',(-2.42560961319,-0.84,0.548953137803));
#9026 = DIRECTION('',(1.144237745222E-17,1.,0.));
#9027 = DIRECTION('',(0.,-0.,1.));
#9028 = ADVANCED_FACE('',(#9029),#9048,.F.);
#9029 = FACE_BOUND('',#9030,.F.);
#9030 = EDGE_LOOP('',(#9031,#9032,#9041,#9047));
#9031 = ORIENTED_EDGE('',*,*,#7861,.T.);
#9032 = ORIENTED_EDGE('',*,*,#9033,.T.);
#9033 = EDGE_CURVE('',#7854,#9034,#9036,.T.);
#9034 = VERTEX_POINT('',#9035);
#9035 = CARTESIAN_POINT('',(-2.348480775301,-0.43,0.742364817767));
#9036 = CIRCLE('',#9037,0.1);
#9037 = AXIS2_PLACEMENT_3D('',#9038,#9039,#9040);
#9038 = CARTESIAN_POINT('',(-2.25,-0.43,0.725));
#9039 = DIRECTION('',(-1.144237745222E-17,-1.,3.284293275761E-47));
#9040 = DIRECTION('',(-4.440892098501E-15,5.081436361563E-32,1.));
#9041 = ORIENTED_EDGE('',*,*,#9042,.F.);
#9042 = EDGE_CURVE('',#8943,#9034,#9043,.T.);
#9043 = LINE('',#9044,#9045);
#9044 = CARTESIAN_POINT('',(-2.348480775301,-0.84,0.742364817767));
#9045 = VECTOR('',#9046,1.);
#9046 = DIRECTION('',(1.144237745222E-17,1.,0.));
#9047 = ORIENTED_EDGE('',*,*,#8942,.F.);
#9048 = CYLINDRICAL_SURFACE('',#9049,0.1);
#9049 = AXIS2_PLACEMENT_3D('',#9050,#9051,#9052);
#9050 = CARTESIAN_POINT('',(-2.25,-0.84,0.725));
#9051 = DIRECTION('',(-1.144237745222E-17,-1.,0.));
#9052 = DIRECTION('',(-4.440892098501E-15,5.081436361563E-32,1.));
#9053 = ADVANCED_FACE('',(#9054),#9132,.T.);
#9054 = FACE_BOUND('',#9055,.T.);
#9055 = EDGE_LOOP('',(#9056,#9057,#9058,#9059,#9067,#9076,#9084,#9092,
    #9100,#9109,#9117,#9126));
#9056 = ORIENTED_EDGE('',*,*,#7875,.F.);
#9057 = ORIENTED_EDGE('',*,*,#7853,.T.);
#9058 = ORIENTED_EDGE('',*,*,#9033,.T.);
#9059 = ORIENTED_EDGE('',*,*,#9060,.T.);
#9060 = EDGE_CURVE('',#9034,#9061,#9063,.T.);
#9061 = VERTEX_POINT('',#9062);
#9062 = CARTESIAN_POINT('',(-2.429496640897,-0.43,0.2479055467));
#9063 = LINE('',#9064,#9065);
#9064 = CARTESIAN_POINT('',(-2.348480775301,-0.43,0.742364817767));
#9065 = VECTOR('',#9066,1.);
#9066 = DIRECTION('',(-0.161691392282,1.85013394127E-18,-0.986841372087)
  );
#9067 = ORIENTED_EDGE('',*,*,#9068,.T.);
#9068 = EDGE_CURVE('',#9061,#9069,#9071,.T.);
#9069 = VERTEX_POINT('',#9070);
#9070 = CARTESIAN_POINT('',(-2.724938966801,-0.43,-1.665334536938E-16));
#9071 = CIRCLE('',#9072,0.3);
#9072 = AXIS2_PLACEMENT_3D('',#9073,#9074,#9075);
#9073 = CARTESIAN_POINT('',(-2.724938966801,-0.43,0.3));
#9074 = DIRECTION('',(1.144237745222E-17,1.,7.703719777549E-34));
#9075 = DIRECTION('',(0.984807753012,-1.126854202784E-17,-0.173648177667
    ));
#9076 = ORIENTED_EDGE('',*,*,#9077,.T.);
#9077 = EDGE_CURVE('',#9069,#9078,#9080,.T.);
#9078 = VERTEX_POINT('',#9079);
#9079 = CARTESIAN_POINT('',(-3.,-0.43,-1.665334536938E-16));
#9080 = LINE('',#9081,#9082);
#9081 = CARTESIAN_POINT('',(-2.724938966801,-0.43,-1.665334536938E-16));
#9082 = VECTOR('',#9083,1.);
#9083 = DIRECTION('',(-1.,1.144237745222E-17,0.));
#9084 = ORIENTED_EDGE('',*,*,#9085,.T.);
#9085 = EDGE_CURVE('',#9078,#9086,#9088,.T.);
#9086 = VERTEX_POINT('',#9087);
#9087 = CARTESIAN_POINT('',(-3.,-0.43,0.2));
#9088 = LINE('',#9089,#9090);
#9089 = CARTESIAN_POINT('',(-3.,-0.43,-1.665334536938E-16));
#9090 = VECTOR('',#9091,1.);
#9091 = DIRECTION('',(0.,0.,1.));
#9092 = ORIENTED_EDGE('',*,*,#9093,.T.);
#9093 = EDGE_CURVE('',#9086,#9094,#9096,.T.);
#9094 = VERTEX_POINT('',#9095);
#9095 = CARTESIAN_POINT('',(-2.724938966801,-0.43,0.2));
#9096 = LINE('',#9097,#9098);
#9097 = CARTESIAN_POINT('',(-3.,-0.43,0.2));
#9098 = VECTOR('',#9099,1.);
#9099 = DIRECTION('',(1.,-1.144237745222E-17,0.));
#9100 = ORIENTED_EDGE('',*,*,#9101,.T.);
#9101 = EDGE_CURVE('',#9094,#9102,#9104,.T.);
#9102 = VERTEX_POINT('',#9103);
#9103 = CARTESIAN_POINT('',(-2.6264581915,-0.43,0.282635182233));
#9104 = CIRCLE('',#9105,0.1);
#9105 = AXIS2_PLACEMENT_3D('',#9106,#9107,#9108);
#9106 = CARTESIAN_POINT('',(-2.724938966801,-0.43,0.3));
#9107 = DIRECTION('',(-1.144237745222E-17,-1.,-0.));
#9108 = DIRECTION('',(0.,0.,-1.));
#9109 = ORIENTED_EDGE('',*,*,#9110,.T.);
#9110 = EDGE_CURVE('',#9102,#9111,#9113,.T.);
#9111 = VERTEX_POINT('',#9112);
#9112 = CARTESIAN_POINT('',(-2.545442325904,-0.43,0.7770944533));
#9113 = LINE('',#9114,#9115);
#9114 = CARTESIAN_POINT('',(-2.6264581915,-0.43,0.282635182233));
#9115 = VECTOR('',#9116,1.);
#9116 = DIRECTION('',(0.161691392282,-1.85013394127E-18,0.986841372087)
  );
#9117 = ORIENTED_EDGE('',*,*,#9118,.T.);
#9118 = EDGE_CURVE('',#9111,#9119,#9121,.T.);
#9119 = VERTEX_POINT('',#9120);
#9120 = CARTESIAN_POINT('',(-2.25,-0.43,1.025));
#9121 = CIRCLE('',#9122,0.3);
#9122 = AXIS2_PLACEMENT_3D('',#9123,#9124,#9125);
#9123 = CARTESIAN_POINT('',(-2.25,-0.43,0.725));
#9124 = DIRECTION('',(1.144237745222E-17,1.,7.703719777549E-34));
#9125 = DIRECTION('',(-0.984807753012,1.126854202784E-17,0.173648177667)
  );
#9126 = ORIENTED_EDGE('',*,*,#9127,.T.);
#9127 = EDGE_CURVE('',#9119,#7876,#9128,.T.);
#9128 = LINE('',#9129,#9130);
#9129 = CARTESIAN_POINT('',(-2.25,-0.43,1.025));
#9130 = VECTOR('',#9131,1.);
#9131 = DIRECTION('',(1.,-1.144237745222E-17,0.));
#9132 = PLANE('',#9133);
#9133 = AXIS2_PLACEMENT_3D('',#9134,#9135,#9136);
#9134 = CARTESIAN_POINT('',(-2.42560961319,-0.43,0.548953137803));
#9135 = DIRECTION('',(1.144237745222E-17,1.,0.));
#9136 = DIRECTION('',(0.,-0.,1.));
#9137 = ADVANCED_FACE('',(#9138),#9154,.F.);
#9138 = FACE_BOUND('',#9139,.F.);
#9139 = EDGE_LOOP('',(#9140,#9141,#9147,#9148));
#9140 = ORIENTED_EDGE('',*,*,#7892,.T.);
#9141 = ORIENTED_EDGE('',*,*,#9142,.T.);
#9142 = EDGE_CURVE('',#7885,#8423,#9143,.T.);
#9143 = LINE('',#9144,#9145);
#9144 = CARTESIAN_POINT('',(-2.25,0.43,1.025));
#9145 = VECTOR('',#9146,1.);
#9146 = DIRECTION('',(1.,-1.144237745222E-17,0.));
#9147 = ORIENTED_EDGE('',*,*,#8422,.F.);
#9148 = ORIENTED_EDGE('',*,*,#9149,.F.);
#9149 = EDGE_CURVE('',#7876,#8415,#9150,.T.);
#9150 = LINE('',#9151,#9152);
#9151 = CARTESIAN_POINT('',(-2.25,-0.43,1.025));
#9152 = VECTOR('',#9153,1.);
#9153 = DIRECTION('',(1.,-1.144237745222E-17,0.));
#9154 = PLANE('',#9155);
#9155 = AXIS2_PLACEMENT_3D('',#9156,#9157,#9158);
#9156 = CARTESIAN_POINT('',(-3.027078129022E-16,2.4125,1.025));
#9157 = DIRECTION('',(2.007919022429E-31,-7.713306628828E-27,-1.));
#9158 = DIRECTION('',(1.,1.112083013911E-16,2.00791902242E-31));
#9159 = ADVANCED_FACE('',(#9160),#9246,.F.);
#9160 = FACE_BOUND('',#9161,.F.);
#9161 = EDGE_LOOP('',(#9162,#9163,#9164,#9173,#9181,#9190,#9198,#9206,
    #9214,#9223,#9231,#9240));
#9162 = ORIENTED_EDGE('',*,*,#7884,.F.);
#9163 = ORIENTED_EDGE('',*,*,#7906,.T.);
#9164 = ORIENTED_EDGE('',*,*,#9165,.T.);
#9165 = EDGE_CURVE('',#7907,#9166,#9168,.T.);
#9166 = VERTEX_POINT('',#9167);
#9167 = CARTESIAN_POINT('',(-2.348480775301,0.43,0.742364817767));
#9168 = CIRCLE('',#9169,0.1);
#9169 = AXIS2_PLACEMENT_3D('',#9170,#9171,#9172);
#9170 = CARTESIAN_POINT('',(-2.25,0.43,0.725));
#9171 = DIRECTION('',(-1.144237745222E-17,-1.,3.284293275761E-47));
#9172 = DIRECTION('',(-4.440892098501E-15,5.081436361563E-32,1.));
#9173 = ORIENTED_EDGE('',*,*,#9174,.T.);
#9174 = EDGE_CURVE('',#9166,#9175,#9177,.T.);
#9175 = VERTEX_POINT('',#9176);
#9176 = CARTESIAN_POINT('',(-2.429496640897,0.43,0.2479055467));
#9177 = LINE('',#9178,#9179);
#9178 = CARTESIAN_POINT('',(-2.348480775301,0.43,0.742364817767));
#9179 = VECTOR('',#9180,1.);
#9180 = DIRECTION('',(-0.161691392282,1.85013394127E-18,-0.986841372087)
  );
#9181 = ORIENTED_EDGE('',*,*,#9182,.T.);
#9182 = EDGE_CURVE('',#9175,#9183,#9185,.T.);
#9183 = VERTEX_POINT('',#9184);
#9184 = CARTESIAN_POINT('',(-2.724938966801,0.43,-1.665334536938E-16));
#9185 = CIRCLE('',#9186,0.3);
#9186 = AXIS2_PLACEMENT_3D('',#9187,#9188,#9189);
#9187 = CARTESIAN_POINT('',(-2.724938966801,0.43,0.3));
#9188 = DIRECTION('',(1.144237745222E-17,1.,7.703719777549E-34));
#9189 = DIRECTION('',(0.984807753012,-1.126854202784E-17,-0.173648177667
    ));
#9190 = ORIENTED_EDGE('',*,*,#9191,.T.);
#9191 = EDGE_CURVE('',#9183,#9192,#9194,.T.);
#9192 = VERTEX_POINT('',#9193);
#9193 = CARTESIAN_POINT('',(-3.,0.43,-1.665334536938E-16));
#9194 = LINE('',#9195,#9196);
#9195 = CARTESIAN_POINT('',(-2.724938966801,0.43,-1.665334536938E-16));
#9196 = VECTOR('',#9197,1.);
#9197 = DIRECTION('',(-1.,1.144237745222E-17,0.));
#9198 = ORIENTED_EDGE('',*,*,#9199,.T.);
#9199 = EDGE_CURVE('',#9192,#9200,#9202,.T.);
#9200 = VERTEX_POINT('',#9201);
#9201 = CARTESIAN_POINT('',(-3.,0.43,0.2));
#9202 = LINE('',#9203,#9204);
#9203 = CARTESIAN_POINT('',(-3.,0.43,-1.665334536938E-16));
#9204 = VECTOR('',#9205,1.);
#9205 = DIRECTION('',(0.,0.,1.));
#9206 = ORIENTED_EDGE('',*,*,#9207,.T.);
#9207 = EDGE_CURVE('',#9200,#9208,#9210,.T.);
#9208 = VERTEX_POINT('',#9209);
#9209 = CARTESIAN_POINT('',(-2.724938966801,0.43,0.2));
#9210 = LINE('',#9211,#9212);
#9211 = CARTESIAN_POINT('',(-3.,0.43,0.2));
#9212 = VECTOR('',#9213,1.);
#9213 = DIRECTION('',(1.,-1.144237745222E-17,0.));
#9214 = ORIENTED_EDGE('',*,*,#9215,.T.);
#9215 = EDGE_CURVE('',#9208,#9216,#9218,.T.);
#9216 = VERTEX_POINT('',#9217);
#9217 = CARTESIAN_POINT('',(-2.6264581915,0.43,0.282635182233));
#9218 = CIRCLE('',#9219,0.1);
#9219 = AXIS2_PLACEMENT_3D('',#9220,#9221,#9222);
#9220 = CARTESIAN_POINT('',(-2.724938966801,0.43,0.3));
#9221 = DIRECTION('',(-1.144237745222E-17,-1.,-0.));
#9222 = DIRECTION('',(0.,0.,-1.));
#9223 = ORIENTED_EDGE('',*,*,#9224,.T.);
#9224 = EDGE_CURVE('',#9216,#9225,#9227,.T.);
#9225 = VERTEX_POINT('',#9226);
#9226 = CARTESIAN_POINT('',(-2.545442325904,0.43,0.7770944533));
#9227 = LINE('',#9228,#9229);
#9228 = CARTESIAN_POINT('',(-2.6264581915,0.43,0.282635182233));
#9229 = VECTOR('',#9230,1.);
#9230 = DIRECTION('',(0.161691392282,-1.85013394127E-18,0.986841372087)
  );
#9231 = ORIENTED_EDGE('',*,*,#9232,.T.);
#9232 = EDGE_CURVE('',#9225,#9233,#9235,.T.);
#9233 = VERTEX_POINT('',#9234);
#9234 = CARTESIAN_POINT('',(-2.25,0.43,1.025));
#9235 = CIRCLE('',#9236,0.3);
#9236 = AXIS2_PLACEMENT_3D('',#9237,#9238,#9239);
#9237 = CARTESIAN_POINT('',(-2.25,0.43,0.725));
#9238 = DIRECTION('',(1.144237745222E-17,1.,7.703719777549E-34));
#9239 = DIRECTION('',(-0.984807753012,1.126854202784E-17,0.173648177667)
  );
#9240 = ORIENTED_EDGE('',*,*,#9241,.T.);
#9241 = EDGE_CURVE('',#9233,#7885,#9242,.T.);
#9242 = LINE('',#9243,#9244);
#9243 = CARTESIAN_POINT('',(-2.25,0.43,1.025));
#9244 = VECTOR('',#9245,1.);
#9245 = DIRECTION('',(1.,-1.144237745222E-17,0.));
#9246 = PLANE('',#9247);
#9247 = AXIS2_PLACEMENT_3D('',#9248,#9249,#9250);
#9248 = CARTESIAN_POINT('',(-2.42560961319,0.43,0.548953137803));
#9249 = DIRECTION('',(1.144237745222E-17,1.,0.));
#9250 = DIRECTION('',(0.,-0.,1.));
#9251 = ADVANCED_FACE('',(#9252),#9271,.F.);
#9252 = FACE_BOUND('',#9253,.F.);
#9253 = EDGE_LOOP('',(#9254,#9255,#9264,#9270));
#9254 = ORIENTED_EDGE('',*,*,#7923,.T.);
#9255 = ORIENTED_EDGE('',*,*,#9256,.T.);
#9256 = EDGE_CURVE('',#7916,#9257,#9259,.T.);
#9257 = VERTEX_POINT('',#9258);
#9258 = CARTESIAN_POINT('',(-2.348480775301,0.84,0.742364817767));
#9259 = CIRCLE('',#9260,0.1);
#9260 = AXIS2_PLACEMENT_3D('',#9261,#9262,#9263);
#9261 = CARTESIAN_POINT('',(-2.25,0.84,0.725));
#9262 = DIRECTION('',(-1.144237745222E-17,-1.,3.284293275761E-47));
#9263 = DIRECTION('',(-4.440892098501E-15,5.081436361563E-32,1.));
#9264 = ORIENTED_EDGE('',*,*,#9265,.F.);
#9265 = EDGE_CURVE('',#9166,#9257,#9266,.T.);
#9266 = LINE('',#9267,#9268);
#9267 = CARTESIAN_POINT('',(-2.348480775301,0.43,0.742364817767));
#9268 = VECTOR('',#9269,1.);
#9269 = DIRECTION('',(1.144237745222E-17,1.,0.));
#9270 = ORIENTED_EDGE('',*,*,#9165,.F.);
#9271 = CYLINDRICAL_SURFACE('',#9272,0.1);
#9272 = AXIS2_PLACEMENT_3D('',#9273,#9274,#9275);
#9273 = CARTESIAN_POINT('',(-2.25,0.43,0.725));
#9274 = DIRECTION('',(-1.144237745222E-17,-1.,0.));
#9275 = DIRECTION('',(-4.440892098501E-15,5.081436361563E-32,1.));
#9276 = ADVANCED_FACE('',(#9277),#9355,.T.);
#9277 = FACE_BOUND('',#9278,.T.);
#9278 = EDGE_LOOP('',(#9279,#9280,#9281,#9282,#9290,#9299,#9307,#9315,
    #9323,#9332,#9340,#9349));
#9279 = ORIENTED_EDGE('',*,*,#7937,.F.);
#9280 = ORIENTED_EDGE('',*,*,#7915,.T.);
#9281 = ORIENTED_EDGE('',*,*,#9256,.T.);
#9282 = ORIENTED_EDGE('',*,*,#9283,.T.);
#9283 = EDGE_CURVE('',#9257,#9284,#9286,.T.);
#9284 = VERTEX_POINT('',#9285);
#9285 = CARTESIAN_POINT('',(-2.429496640897,0.84,0.2479055467));
#9286 = LINE('',#9287,#9288);
#9287 = CARTESIAN_POINT('',(-2.348480775301,0.84,0.742364817767));
#9288 = VECTOR('',#9289,1.);
#9289 = DIRECTION('',(-0.161691392282,1.85013394127E-18,-0.986841372087)
  );
#9290 = ORIENTED_EDGE('',*,*,#9291,.T.);
#9291 = EDGE_CURVE('',#9284,#9292,#9294,.T.);
#9292 = VERTEX_POINT('',#9293);
#9293 = CARTESIAN_POINT('',(-2.724938966801,0.84,-1.665334536938E-16));
#9294 = CIRCLE('',#9295,0.3);
#9295 = AXIS2_PLACEMENT_3D('',#9296,#9297,#9298);
#9296 = CARTESIAN_POINT('',(-2.724938966801,0.84,0.3));
#9297 = DIRECTION('',(1.144237745222E-17,1.,7.703719777549E-34));
#9298 = DIRECTION('',(0.984807753012,-1.126854202784E-17,-0.173648177667
    ));
#9299 = ORIENTED_EDGE('',*,*,#9300,.T.);
#9300 = EDGE_CURVE('',#9292,#9301,#9303,.T.);
#9301 = VERTEX_POINT('',#9302);
#9302 = CARTESIAN_POINT('',(-3.,0.84,-1.665334536938E-16));
#9303 = LINE('',#9304,#9305);
#9304 = CARTESIAN_POINT('',(-2.724938966801,0.84,-1.665334536938E-16));
#9305 = VECTOR('',#9306,1.);
#9306 = DIRECTION('',(-1.,1.144237745222E-17,0.));
#9307 = ORIENTED_EDGE('',*,*,#9308,.T.);
#9308 = EDGE_CURVE('',#9301,#9309,#9311,.T.);
#9309 = VERTEX_POINT('',#9310);
#9310 = CARTESIAN_POINT('',(-3.,0.84,0.2));
#9311 = LINE('',#9312,#9313);
#9312 = CARTESIAN_POINT('',(-3.,0.84,-1.665334536938E-16));
#9313 = VECTOR('',#9314,1.);
#9314 = DIRECTION('',(0.,0.,1.));
#9315 = ORIENTED_EDGE('',*,*,#9316,.T.);
#9316 = EDGE_CURVE('',#9309,#9317,#9319,.T.);
#9317 = VERTEX_POINT('',#9318);
#9318 = CARTESIAN_POINT('',(-2.724938966801,0.84,0.2));
#9319 = LINE('',#9320,#9321);
#9320 = CARTESIAN_POINT('',(-3.,0.84,0.2));
#9321 = VECTOR('',#9322,1.);
#9322 = DIRECTION('',(1.,-1.144237745222E-17,0.));
#9323 = ORIENTED_EDGE('',*,*,#9324,.T.);
#9324 = EDGE_CURVE('',#9317,#9325,#9327,.T.);
#9325 = VERTEX_POINT('',#9326);
#9326 = CARTESIAN_POINT('',(-2.6264581915,0.84,0.282635182233));
#9327 = CIRCLE('',#9328,0.1);
#9328 = AXIS2_PLACEMENT_3D('',#9329,#9330,#9331);
#9329 = CARTESIAN_POINT('',(-2.724938966801,0.84,0.3));
#9330 = DIRECTION('',(-1.144237745222E-17,-1.,-0.));
#9331 = DIRECTION('',(0.,0.,-1.));
#9332 = ORIENTED_EDGE('',*,*,#9333,.T.);
#9333 = EDGE_CURVE('',#9325,#9334,#9336,.T.);
#9334 = VERTEX_POINT('',#9335);
#9335 = CARTESIAN_POINT('',(-2.545442325904,0.84,0.7770944533));
#9336 = LINE('',#9337,#9338);
#9337 = CARTESIAN_POINT('',(-2.6264581915,0.84,0.282635182233));
#9338 = VECTOR('',#9339,1.);
#9339 = DIRECTION('',(0.161691392282,-1.85013394127E-18,0.986841372087)
  );
#9340 = ORIENTED_EDGE('',*,*,#9341,.T.);
#9341 = EDGE_CURVE('',#9334,#9342,#9344,.T.);
#9342 = VERTEX_POINT('',#9343);
#9343 = CARTESIAN_POINT('',(-2.25,0.84,1.025));
#9344 = CIRCLE('',#9345,0.3);
#9345 = AXIS2_PLACEMENT_3D('',#9346,#9347,#9348);
#9346 = CARTESIAN_POINT('',(-2.25,0.84,0.725));
#9347 = DIRECTION('',(1.144237745222E-17,1.,7.703719777549E-34));
#9348 = DIRECTION('',(-0.984807753012,1.126854202784E-17,0.173648177667)
  );
#9349 = ORIENTED_EDGE('',*,*,#9350,.T.);
#9350 = EDGE_CURVE('',#9342,#7938,#9351,.T.);
#9351 = LINE('',#9352,#9353);
#9352 = CARTESIAN_POINT('',(-2.25,0.84,1.025));
#9353 = VECTOR('',#9354,1.);
#9354 = DIRECTION('',(1.,-1.144237745222E-17,0.));
#9355 = PLANE('',#9356);
#9356 = AXIS2_PLACEMENT_3D('',#9357,#9358,#9359);
#9357 = CARTESIAN_POINT('',(-2.42560961319,0.84,0.548953137803));
#9358 = DIRECTION('',(1.144237745222E-17,1.,0.));
#9359 = DIRECTION('',(0.,-0.,1.));
#9360 = ADVANCED_FACE('',(#9361),#9372,.F.);
#9361 = FACE_BOUND('',#9362,.F.);
#9362 = EDGE_LOOP('',(#9363,#9364,#9365,#9366));
#9363 = ORIENTED_EDGE('',*,*,#7954,.T.);
#9364 = ORIENTED_EDGE('',*,*,#8374,.T.);
#9365 = ORIENTED_EDGE('',*,*,#8438,.F.);
#9366 = ORIENTED_EDGE('',*,*,#9367,.F.);
#9367 = EDGE_CURVE('',#7938,#8431,#9368,.T.);
#9368 = LINE('',#9369,#9370);
#9369 = CARTESIAN_POINT('',(-2.25,0.84,1.025));
#9370 = VECTOR('',#9371,1.);
#9371 = DIRECTION('',(1.,-1.144237745222E-17,0.));
#9372 = PLANE('',#9373);
#9373 = AXIS2_PLACEMENT_3D('',#9374,#9375,#9376);
#9374 = CARTESIAN_POINT('',(-3.027078129022E-16,2.4125,1.025));
#9375 = DIRECTION('',(2.007919022429E-31,-7.713306628828E-27,-1.));
#9376 = DIRECTION('',(1.,1.112083013911E-16,2.00791902242E-31));
#9377 = ADVANCED_FACE('',(#9378),#9457,.F.);
#9378 = FACE_BOUND('',#9379,.F.);
#9379 = EDGE_LOOP('',(#9380,#9381,#9382,#9391,#9399,#9408,#9416,#9424,
    #9432,#9441,#9449,#9456));
#9380 = ORIENTED_EDGE('',*,*,#7946,.F.);
#9381 = ORIENTED_EDGE('',*,*,#7968,.T.);
#9382 = ORIENTED_EDGE('',*,*,#9383,.T.);
#9383 = EDGE_CURVE('',#7969,#9384,#9386,.T.);
#9384 = VERTEX_POINT('',#9385);
#9385 = CARTESIAN_POINT('',(-2.348480775301,1.7,0.742364817767));
#9386 = CIRCLE('',#9387,0.1);
#9387 = AXIS2_PLACEMENT_3D('',#9388,#9389,#9390);
#9388 = CARTESIAN_POINT('',(-2.25,1.7,0.725));
#9389 = DIRECTION('',(-1.144237745222E-17,-1.,3.284293275761E-47));
#9390 = DIRECTION('',(-4.440892098501E-15,5.081436361563E-32,1.));
#9391 = ORIENTED_EDGE('',*,*,#9392,.T.);
#9392 = EDGE_CURVE('',#9384,#9393,#9395,.T.);
#9393 = VERTEX_POINT('',#9394);
#9394 = CARTESIAN_POINT('',(-2.429496640897,1.7,0.2479055467));
#9395 = LINE('',#9396,#9397);
#9396 = CARTESIAN_POINT('',(-2.348480775301,1.7,0.742364817767));
#9397 = VECTOR('',#9398,1.);
#9398 = DIRECTION('',(-0.161691392282,1.85013394127E-18,-0.986841372087)
  );
#9399 = ORIENTED_EDGE('',*,*,#9400,.T.);
#9400 = EDGE_CURVE('',#9393,#9401,#9403,.T.);
#9401 = VERTEX_POINT('',#9402);
#9402 = CARTESIAN_POINT('',(-2.724938966801,1.7,-1.665334536938E-16));
#9403 = CIRCLE('',#9404,0.3);
#9404 = AXIS2_PLACEMENT_3D('',#9405,#9406,#9407);
#9405 = CARTESIAN_POINT('',(-2.724938966801,1.7,0.3));
#9406 = DIRECTION('',(1.144237745222E-17,1.,7.703719777549E-34));
#9407 = DIRECTION('',(0.984807753012,-1.126854202784E-17,-0.173648177667
    ));
#9408 = ORIENTED_EDGE('',*,*,#9409,.T.);
#9409 = EDGE_CURVE('',#9401,#9410,#9412,.T.);
#9410 = VERTEX_POINT('',#9411);
#9411 = CARTESIAN_POINT('',(-3.,1.7,-1.665334536938E-16));
#9412 = LINE('',#9413,#9414);
#9413 = CARTESIAN_POINT('',(-2.724938966801,1.7,-1.665334536938E-16));
#9414 = VECTOR('',#9415,1.);
#9415 = DIRECTION('',(-1.,1.144237745222E-17,0.));
#9416 = ORIENTED_EDGE('',*,*,#9417,.T.);
#9417 = EDGE_CURVE('',#9410,#9418,#9420,.T.);
#9418 = VERTEX_POINT('',#9419);
#9419 = CARTESIAN_POINT('',(-3.,1.7,0.2));
#9420 = LINE('',#9421,#9422);
#9421 = CARTESIAN_POINT('',(-3.,1.7,-1.665334536938E-16));
#9422 = VECTOR('',#9423,1.);
#9423 = DIRECTION('',(0.,0.,1.));
#9424 = ORIENTED_EDGE('',*,*,#9425,.T.);
#9425 = EDGE_CURVE('',#9418,#9426,#9428,.T.);
#9426 = VERTEX_POINT('',#9427);
#9427 = CARTESIAN_POINT('',(-2.724938966801,1.7,0.2));
#9428 = LINE('',#9429,#9430);
#9429 = CARTESIAN_POINT('',(-3.,1.7,0.2));
#9430 = VECTOR('',#9431,1.);
#9431 = DIRECTION('',(1.,-1.144237745222E-17,0.));
#9432 = ORIENTED_EDGE('',*,*,#9433,.T.);
#9433 = EDGE_CURVE('',#9426,#9434,#9436,.T.);
#9434 = VERTEX_POINT('',#9435);
#9435 = CARTESIAN_POINT('',(-2.6264581915,1.7,0.282635182233));
#9436 = CIRCLE('',#9437,0.1);
#9437 = AXIS2_PLACEMENT_3D('',#9438,#9439,#9440);
#9438 = CARTESIAN_POINT('',(-2.724938966801,1.7,0.3));
#9439 = DIRECTION('',(-1.144237745222E-17,-1.,-0.));
#9440 = DIRECTION('',(0.,0.,-1.));
#9441 = ORIENTED_EDGE('',*,*,#9442,.T.);
#9442 = EDGE_CURVE('',#9434,#9443,#9445,.T.);
#9443 = VERTEX_POINT('',#9444);
#9444 = CARTESIAN_POINT('',(-2.545442325904,1.7,0.7770944533));
#9445 = LINE('',#9446,#9447);
#9446 = CARTESIAN_POINT('',(-2.6264581915,1.7,0.282635182233));
#9447 = VECTOR('',#9448,1.);
#9448 = DIRECTION('',(0.161691392282,-1.85013394127E-18,0.986841372087)
  );
#9449 = ORIENTED_EDGE('',*,*,#9450,.T.);
#9450 = EDGE_CURVE('',#9443,#8344,#9451,.T.);
#9451 = CIRCLE('',#9452,0.3);
#9452 = AXIS2_PLACEMENT_3D('',#9453,#9454,#9455);
#9453 = CARTESIAN_POINT('',(-2.25,1.7,0.725));
#9454 = DIRECTION('',(1.144237745222E-17,1.,7.703719777549E-34));
#9455 = DIRECTION('',(-0.984807753012,1.126854202784E-17,0.173648177667)
  );
#9456 = ORIENTED_EDGE('',*,*,#8343,.T.);
#9457 = PLANE('',#9458);
#9458 = AXIS2_PLACEMENT_3D('',#9459,#9460,#9461);
#9459 = CARTESIAN_POINT('',(-2.42560961319,1.7,0.548953137803));
#9460 = DIRECTION('',(1.144237745222E-17,1.,0.));
#9461 = DIRECTION('',(0.,-0.,1.));
#9462 = ADVANCED_FACE('',(#9463),#9482,.F.);
#9463 = FACE_BOUND('',#9464,.F.);
#9464 = EDGE_LOOP('',(#9465,#9466,#9475,#9481));
#9465 = ORIENTED_EDGE('',*,*,#7985,.T.);
#9466 = ORIENTED_EDGE('',*,*,#9467,.T.);
#9467 = EDGE_CURVE('',#7978,#9468,#9470,.T.);
#9468 = VERTEX_POINT('',#9469);
#9469 = CARTESIAN_POINT('',(-2.348480775301,2.11,0.742364817767));
#9470 = CIRCLE('',#9471,0.1);
#9471 = AXIS2_PLACEMENT_3D('',#9472,#9473,#9474);
#9472 = CARTESIAN_POINT('',(-2.25,2.11,0.725));
#9473 = DIRECTION('',(-1.144237745222E-17,-1.,3.284293275761E-47));
#9474 = DIRECTION('',(-4.440892098501E-15,5.081436361563E-32,1.));
#9475 = ORIENTED_EDGE('',*,*,#9476,.F.);
#9476 = EDGE_CURVE('',#9384,#9468,#9477,.T.);
#9477 = LINE('',#9478,#9479);
#9478 = CARTESIAN_POINT('',(-2.348480775301,1.7,0.742364817767));
#9479 = VECTOR('',#9480,1.);
#9480 = DIRECTION('',(1.144237745222E-17,1.,0.));
#9481 = ORIENTED_EDGE('',*,*,#9383,.F.);
#9482 = CYLINDRICAL_SURFACE('',#9483,0.1);
#9483 = AXIS2_PLACEMENT_3D('',#9484,#9485,#9486);
#9484 = CARTESIAN_POINT('',(-2.25,1.7,0.725));
#9485 = DIRECTION('',(-1.144237745222E-17,-1.,0.));
#9486 = DIRECTION('',(-4.440892098501E-15,5.081436361563E-32,1.));
#9487 = ADVANCED_FACE('',(#9488),#9559,.T.);
#9488 = FACE_BOUND('',#9489,.T.);
#9489 = EDGE_LOOP('',(#9490,#9491,#9492,#9493,#9501,#9510,#9518,#9526,
    #9534,#9543,#9551,#9558));
#9490 = ORIENTED_EDGE('',*,*,#7999,.F.);
#9491 = ORIENTED_EDGE('',*,*,#7977,.T.);
#9492 = ORIENTED_EDGE('',*,*,#9467,.T.);
#9493 = ORIENTED_EDGE('',*,*,#9494,.T.);
#9494 = EDGE_CURVE('',#9468,#9495,#9497,.T.);
#9495 = VERTEX_POINT('',#9496);
#9496 = CARTESIAN_POINT('',(-2.429496640897,2.11,0.2479055467));
#9497 = LINE('',#9498,#9499);
#9498 = CARTESIAN_POINT('',(-2.348480775301,2.11,0.742364817767));
#9499 = VECTOR('',#9500,1.);
#9500 = DIRECTION('',(-0.161691392282,1.85013394127E-18,-0.986841372087)
  );
#9501 = ORIENTED_EDGE('',*,*,#9502,.T.);
#9502 = EDGE_CURVE('',#9495,#9503,#9505,.T.);
#9503 = VERTEX_POINT('',#9504);
#9504 = CARTESIAN_POINT('',(-2.724938966801,2.11,-1.665334536938E-16));
#9505 = CIRCLE('',#9506,0.3);
#9506 = AXIS2_PLACEMENT_3D('',#9507,#9508,#9509);
#9507 = CARTESIAN_POINT('',(-2.724938966801,2.11,0.3));
#9508 = DIRECTION('',(1.144237745222E-17,1.,7.703719777549E-34));
#9509 = DIRECTION('',(0.984807753012,-1.126854202784E-17,-0.173648177667
    ));
#9510 = ORIENTED_EDGE('',*,*,#9511,.T.);
#9511 = EDGE_CURVE('',#9503,#9512,#9514,.T.);
#9512 = VERTEX_POINT('',#9513);
#9513 = CARTESIAN_POINT('',(-3.,2.11,-1.665334536938E-16));
#9514 = LINE('',#9515,#9516);
#9515 = CARTESIAN_POINT('',(-2.724938966801,2.11,-1.665334536938E-16));
#9516 = VECTOR('',#9517,1.);
#9517 = DIRECTION('',(-1.,1.144237745222E-17,0.));
#9518 = ORIENTED_EDGE('',*,*,#9519,.T.);
#9519 = EDGE_CURVE('',#9512,#9520,#9522,.T.);
#9520 = VERTEX_POINT('',#9521);
#9521 = CARTESIAN_POINT('',(-3.,2.11,0.2));
#9522 = LINE('',#9523,#9524);
#9523 = CARTESIAN_POINT('',(-3.,2.11,-1.665334536938E-16));
#9524 = VECTOR('',#9525,1.);
#9525 = DIRECTION('',(0.,0.,1.));
#9526 = ORIENTED_EDGE('',*,*,#9527,.T.);
#9527 = EDGE_CURVE('',#9520,#9528,#9530,.T.);
#9528 = VERTEX_POINT('',#9529);
#9529 = CARTESIAN_POINT('',(-2.724938966801,2.11,0.2));
#9530 = LINE('',#9531,#9532);
#9531 = CARTESIAN_POINT('',(-3.,2.11,0.2));
#9532 = VECTOR('',#9533,1.);
#9533 = DIRECTION('',(1.,-1.144237745222E-17,0.));
#9534 = ORIENTED_EDGE('',*,*,#9535,.T.);
#9535 = EDGE_CURVE('',#9528,#9536,#9538,.T.);
#9536 = VERTEX_POINT('',#9537);
#9537 = CARTESIAN_POINT('',(-2.6264581915,2.11,0.282635182233));
#9538 = CIRCLE('',#9539,0.1);
#9539 = AXIS2_PLACEMENT_3D('',#9540,#9541,#9542);
#9540 = CARTESIAN_POINT('',(-2.724938966801,2.11,0.3));
#9541 = DIRECTION('',(-1.144237745222E-17,-1.,-0.));
#9542 = DIRECTION('',(0.,0.,-1.));
#9543 = ORIENTED_EDGE('',*,*,#9544,.T.);
#9544 = EDGE_CURVE('',#9536,#9545,#9547,.T.);
#9545 = VERTEX_POINT('',#9546);
#9546 = CARTESIAN_POINT('',(-2.545442325904,2.11,0.7770944533));
#9547 = LINE('',#9548,#9549);
#9548 = CARTESIAN_POINT('',(-2.6264581915,2.11,0.282635182233));
#9549 = VECTOR('',#9550,1.);
#9550 = DIRECTION('',(0.161691392282,-1.85013394127E-18,0.986841372087)
  );
#9551 = ORIENTED_EDGE('',*,*,#9552,.T.);
#9552 = EDGE_CURVE('',#9545,#8352,#9553,.T.);
#9553 = CIRCLE('',#9554,0.3);
#9554 = AXIS2_PLACEMENT_3D('',#9555,#9556,#9557);
#9555 = CARTESIAN_POINT('',(-2.25,2.11,0.725));
#9556 = DIRECTION('',(1.144237745222E-17,1.,7.703719777549E-34));
#9557 = DIRECTION('',(-0.984807753012,1.126854202784E-17,0.173648177667)
  );
#9558 = ORIENTED_EDGE('',*,*,#8359,.T.);
#9559 = PLANE('',#9560);
#9560 = AXIS2_PLACEMENT_3D('',#9561,#9562,#9563);
#9561 = CARTESIAN_POINT('',(-2.42560961319,2.11,0.548953137803));
#9562 = DIRECTION('',(1.144237745222E-17,1.,0.));
#9563 = DIRECTION('',(0.,-0.,1.));
#9564 = ADVANCED_FACE('',(#9565),#9644,.F.);
#9565 = FACE_BOUND('',#9566,.F.);
#9566 = EDGE_LOOP('',(#9567,#9568,#9569,#9578,#9586,#9595,#9603,#9611,
    #9619,#9628,#9636,#9643));
#9567 = ORIENTED_EDGE('',*,*,#8018,.F.);
#9568 = ORIENTED_EDGE('',*,*,#8033,.T.);
#9569 = ORIENTED_EDGE('',*,*,#9570,.T.);
#9570 = EDGE_CURVE('',#8034,#9571,#9573,.T.);
#9571 = VERTEX_POINT('',#9572);
#9572 = CARTESIAN_POINT('',(2.348480775301,2.11,0.742364817767));
#9573 = CIRCLE('',#9574,0.1);
#9574 = AXIS2_PLACEMENT_3D('',#9575,#9576,#9577);
#9575 = CARTESIAN_POINT('',(2.25,2.11,0.725));
#9576 = DIRECTION('',(-1.110223024625E-16,1.,0.));
#9577 = DIRECTION('',(4.440892098501E-15,4.930380657631E-31,1.));
#9578 = ORIENTED_EDGE('',*,*,#9579,.T.);
#9579 = EDGE_CURVE('',#9571,#9580,#9582,.T.);
#9580 = VERTEX_POINT('',#9581);
#9581 = CARTESIAN_POINT('',(2.429496640897,2.11,0.2479055467));
#9582 = LINE('',#9583,#9584);
#9583 = CARTESIAN_POINT('',(2.348480775301,2.11,0.742364817767));
#9584 = VECTOR('',#9585,1.);
#9585 = DIRECTION('',(0.161691392282,1.795135065956E-17,-0.986841372087)
  );
#9586 = ORIENTED_EDGE('',*,*,#9587,.T.);
#9587 = EDGE_CURVE('',#9580,#9588,#9590,.T.);
#9588 = VERTEX_POINT('',#9589);
#9589 = CARTESIAN_POINT('',(2.724938966801,2.11,-1.665334536938E-16));
#9590 = CIRCLE('',#9591,0.3);
#9591 = AXIS2_PLACEMENT_3D('',#9592,#9593,#9594);
#9592 = CARTESIAN_POINT('',(2.724938966801,2.11,0.3));
#9593 = DIRECTION('',(1.110223024625E-16,-1.,0.));
#9594 = DIRECTION('',(-0.984807753012,-1.093356242223E-16,
    -0.173648177667));
#9595 = ORIENTED_EDGE('',*,*,#9596,.T.);
#9596 = EDGE_CURVE('',#9588,#9597,#9599,.T.);
#9597 = VERTEX_POINT('',#9598);
#9598 = CARTESIAN_POINT('',(3.,2.11,-1.665334536938E-16));
#9599 = LINE('',#9600,#9601);
#9600 = CARTESIAN_POINT('',(2.724938966801,2.11,-1.665334536938E-16));
#9601 = VECTOR('',#9602,1.);
#9602 = DIRECTION('',(1.,1.110223024625E-16,0.));
#9603 = ORIENTED_EDGE('',*,*,#9604,.T.);
#9604 = EDGE_CURVE('',#9597,#9605,#9607,.T.);
#9605 = VERTEX_POINT('',#9606);
#9606 = CARTESIAN_POINT('',(3.,2.11,0.2));
#9607 = LINE('',#9608,#9609);
#9608 = CARTESIAN_POINT('',(3.,2.11,-1.665334536938E-16));
#9609 = VECTOR('',#9610,1.);
#9610 = DIRECTION('',(0.,0.,1.));
#9611 = ORIENTED_EDGE('',*,*,#9612,.T.);
#9612 = EDGE_CURVE('',#9605,#9613,#9615,.T.);
#9613 = VERTEX_POINT('',#9614);
#9614 = CARTESIAN_POINT('',(2.724938966801,2.11,0.2));
#9615 = LINE('',#9616,#9617);
#9616 = CARTESIAN_POINT('',(3.,2.11,0.2));
#9617 = VECTOR('',#9618,1.);
#9618 = DIRECTION('',(-1.,-1.110223024625E-16,0.));
#9619 = ORIENTED_EDGE('',*,*,#9620,.T.);
#9620 = EDGE_CURVE('',#9613,#9621,#9623,.T.);
#9621 = VERTEX_POINT('',#9622);
#9622 = CARTESIAN_POINT('',(2.6264581915,2.11,0.282635182233));
#9623 = CIRCLE('',#9624,0.1);
#9624 = AXIS2_PLACEMENT_3D('',#9625,#9626,#9627);
#9625 = CARTESIAN_POINT('',(2.724938966801,2.11,0.3));
#9626 = DIRECTION('',(-1.110223024625E-16,1.,0.));
#9627 = DIRECTION('',(0.,0.,-1.));
#9628 = ORIENTED_EDGE('',*,*,#9629,.T.);
#9629 = EDGE_CURVE('',#9621,#9630,#9632,.T.);
#9630 = VERTEX_POINT('',#9631);
#9631 = CARTESIAN_POINT('',(2.545442325904,2.11,0.7770944533));
#9632 = LINE('',#9633,#9634);
#9633 = CARTESIAN_POINT('',(2.6264581915,2.11,0.282635182233));
#9634 = VECTOR('',#9635,1.);
#9635 = DIRECTION('',(-0.161691392282,-1.795135065956E-17,0.986841372087
    ));
#9636 = ORIENTED_EDGE('',*,*,#9637,.T.);
#9637 = EDGE_CURVE('',#9630,#8631,#9638,.T.);
#9638 = CIRCLE('',#9639,0.3);
#9639 = AXIS2_PLACEMENT_3D('',#9640,#9641,#9642);
#9640 = CARTESIAN_POINT('',(2.25,2.11,0.725));
#9641 = DIRECTION('',(1.110223024625E-16,-1.,0.));
#9642 = DIRECTION('',(0.984807753012,1.093356242223E-16,0.173648177667)
  );
#9643 = ORIENTED_EDGE('',*,*,#8630,.T.);
#9644 = PLANE('',#9645);
#9645 = AXIS2_PLACEMENT_3D('',#9646,#9647,#9648);
#9646 = CARTESIAN_POINT('',(2.42560961319,2.11,0.548953137803));
#9647 = DIRECTION('',(1.110223024625E-16,-1.,0.));
#9648 = DIRECTION('',(0.,0.,1.));
#9649 = ADVANCED_FACE('',(#9650),#9669,.F.);
#9650 = FACE_BOUND('',#9651,.F.);
#9651 = EDGE_LOOP('',(#9652,#9653,#9662,#9668));
#9652 = ORIENTED_EDGE('',*,*,#8050,.T.);
#9653 = ORIENTED_EDGE('',*,*,#9654,.T.);
#9654 = EDGE_CURVE('',#8043,#9655,#9657,.T.);
#9655 = VERTEX_POINT('',#9656);
#9656 = CARTESIAN_POINT('',(2.348480775301,1.7,0.742364817767));
#9657 = CIRCLE('',#9658,0.1);
#9658 = AXIS2_PLACEMENT_3D('',#9659,#9660,#9661);
#9659 = CARTESIAN_POINT('',(2.25,1.7,0.725));
#9660 = DIRECTION('',(-1.110223024625E-16,1.,0.));
#9661 = DIRECTION('',(4.440892098501E-15,4.930380657631E-31,1.));
#9662 = ORIENTED_EDGE('',*,*,#9663,.F.);
#9663 = EDGE_CURVE('',#9571,#9655,#9664,.T.);
#9664 = LINE('',#9665,#9666);
#9665 = CARTESIAN_POINT('',(2.348480775301,2.11,0.742364817767));
#9666 = VECTOR('',#9667,1.);
#9667 = DIRECTION('',(1.110223024625E-16,-1.,0.));
#9668 = ORIENTED_EDGE('',*,*,#9570,.F.);
#9669 = CYLINDRICAL_SURFACE('',#9670,0.1);
#9670 = AXIS2_PLACEMENT_3D('',#9671,#9672,#9673);
#9671 = CARTESIAN_POINT('',(2.25,2.11,0.725));
#9672 = DIRECTION('',(-1.110223024625E-16,1.,0.));
#9673 = DIRECTION('',(4.440892098501E-15,4.930380657631E-31,1.));
#9674 = ADVANCED_FACE('',(#9675),#9746,.T.);
#9675 = FACE_BOUND('',#9676,.T.);
#9676 = EDGE_LOOP('',(#9677,#9678,#9679,#9680,#9688,#9697,#9705,#9713,
    #9721,#9730,#9738,#9745));
#9677 = ORIENTED_EDGE('',*,*,#8064,.F.);
#9678 = ORIENTED_EDGE('',*,*,#8042,.T.);
#9679 = ORIENTED_EDGE('',*,*,#9654,.T.);
#9680 = ORIENTED_EDGE('',*,*,#9681,.T.);
#9681 = EDGE_CURVE('',#9655,#9682,#9684,.T.);
#9682 = VERTEX_POINT('',#9683);
#9683 = CARTESIAN_POINT('',(2.429496640897,1.7,0.2479055467));
#9684 = LINE('',#9685,#9686);
#9685 = CARTESIAN_POINT('',(2.348480775301,1.7,0.742364817767));
#9686 = VECTOR('',#9687,1.);
#9687 = DIRECTION('',(0.161691392282,1.795135065956E-17,-0.986841372087)
  );
#9688 = ORIENTED_EDGE('',*,*,#9689,.T.);
#9689 = EDGE_CURVE('',#9682,#9690,#9692,.T.);
#9690 = VERTEX_POINT('',#9691);
#9691 = CARTESIAN_POINT('',(2.724938966801,1.7,-1.665334536938E-16));
#9692 = CIRCLE('',#9693,0.3);
#9693 = AXIS2_PLACEMENT_3D('',#9694,#9695,#9696);
#9694 = CARTESIAN_POINT('',(2.724938966801,1.7,0.3));
#9695 = DIRECTION('',(1.110223024625E-16,-1.,0.));
#9696 = DIRECTION('',(-0.984807753012,-1.093356242223E-16,
    -0.173648177667));
#9697 = ORIENTED_EDGE('',*,*,#9698,.T.);
#9698 = EDGE_CURVE('',#9690,#9699,#9701,.T.);
#9699 = VERTEX_POINT('',#9700);
#9700 = CARTESIAN_POINT('',(3.,1.7,-1.665334536938E-16));
#9701 = LINE('',#9702,#9703);
#9702 = CARTESIAN_POINT('',(2.724938966801,1.7,-1.665334536938E-16));
#9703 = VECTOR('',#9704,1.);
#9704 = DIRECTION('',(1.,1.110223024625E-16,0.));
#9705 = ORIENTED_EDGE('',*,*,#9706,.T.);
#9706 = EDGE_CURVE('',#9699,#9707,#9709,.T.);
#9707 = VERTEX_POINT('',#9708);
#9708 = CARTESIAN_POINT('',(3.,1.7,0.2));
#9709 = LINE('',#9710,#9711);
#9710 = CARTESIAN_POINT('',(3.,1.7,-1.665334536938E-16));
#9711 = VECTOR('',#9712,1.);
#9712 = DIRECTION('',(0.,0.,1.));
#9713 = ORIENTED_EDGE('',*,*,#9714,.T.);
#9714 = EDGE_CURVE('',#9707,#9715,#9717,.T.);
#9715 = VERTEX_POINT('',#9716);
#9716 = CARTESIAN_POINT('',(2.724938966801,1.7,0.2));
#9717 = LINE('',#9718,#9719);
#9718 = CARTESIAN_POINT('',(3.,1.7,0.2));
#9719 = VECTOR('',#9720,1.);
#9720 = DIRECTION('',(-1.,-1.110223024625E-16,0.));
#9721 = ORIENTED_EDGE('',*,*,#9722,.T.);
#9722 = EDGE_CURVE('',#9715,#9723,#9725,.T.);
#9723 = VERTEX_POINT('',#9724);
#9724 = CARTESIAN_POINT('',(2.6264581915,1.7,0.282635182233));
#9725 = CIRCLE('',#9726,0.1);
#9726 = AXIS2_PLACEMENT_3D('',#9727,#9728,#9729);
#9727 = CARTESIAN_POINT('',(2.724938966801,1.7,0.3));
#9728 = DIRECTION('',(-1.110223024625E-16,1.,0.));
#9729 = DIRECTION('',(0.,0.,-1.));
#9730 = ORIENTED_EDGE('',*,*,#9731,.T.);
#9731 = EDGE_CURVE('',#9723,#9732,#9734,.T.);
#9732 = VERTEX_POINT('',#9733);
#9733 = CARTESIAN_POINT('',(2.545442325904,1.7,0.7770944533));
#9734 = LINE('',#9735,#9736);
#9735 = CARTESIAN_POINT('',(2.6264581915,1.7,0.282635182233));
#9736 = VECTOR('',#9737,1.);
#9737 = DIRECTION('',(-0.161691392282,-1.795135065956E-17,0.986841372087
    ));
#9738 = ORIENTED_EDGE('',*,*,#9739,.T.);
#9739 = EDGE_CURVE('',#9732,#8639,#9740,.T.);
#9740 = CIRCLE('',#9741,0.3);
#9741 = AXIS2_PLACEMENT_3D('',#9742,#9743,#9744);
#9742 = CARTESIAN_POINT('',(2.25,1.7,0.725));
#9743 = DIRECTION('',(1.110223024625E-16,-1.,0.));
#9744 = DIRECTION('',(0.984807753012,1.093356242223E-16,0.173648177667)
  );
#9745 = ORIENTED_EDGE('',*,*,#8646,.T.);
#9746 = PLANE('',#9747);
#9747 = AXIS2_PLACEMENT_3D('',#9748,#9749,#9750);
#9748 = CARTESIAN_POINT('',(2.42560961319,1.7,0.548953137803));
#9749 = DIRECTION('',(1.110223024625E-16,-1.,0.));
#9750 = DIRECTION('',(0.,0.,1.));
#9751 = ADVANCED_FACE('',(#9752),#9763,.F.);
#9752 = FACE_BOUND('',#9753,.F.);
#9753 = EDGE_LOOP('',(#9754,#9755,#9756,#9762));
#9754 = ORIENTED_EDGE('',*,*,#8652,.F.);
#9755 = ORIENTED_EDGE('',*,*,#8081,.T.);
#9756 = ORIENTED_EDGE('',*,*,#9757,.T.);
#9757 = EDGE_CURVE('',#8074,#8553,#9758,.T.);
#9758 = LINE('',#9759,#9760);
#9759 = CARTESIAN_POINT('',(2.25,0.84,1.025));
#9760 = VECTOR('',#9761,1.);
#9761 = DIRECTION('',(-1.,-1.110223024625E-16,0.));
#9762 = ORIENTED_EDGE('',*,*,#8552,.F.);
#9763 = PLANE('',#9764);
#9764 = AXIS2_PLACEMENT_3D('',#9765,#9766,#9767);
#9765 = CARTESIAN_POINT('',(-3.027078129022E-16,2.4125,1.025));
#9766 = DIRECTION('',(2.007919022429E-31,-7.713306628828E-27,-1.));
#9767 = DIRECTION('',(1.,1.112083013911E-16,2.00791902242E-31));
#9768 = ADVANCED_FACE('',(#9769),#9855,.F.);
#9769 = FACE_BOUND('',#9770,.F.);
#9770 = EDGE_LOOP('',(#9771,#9772,#9773,#9782,#9790,#9799,#9807,#9815,
    #9823,#9832,#9840,#9849));
#9771 = ORIENTED_EDGE('',*,*,#8073,.F.);
#9772 = ORIENTED_EDGE('',*,*,#8095,.T.);
#9773 = ORIENTED_EDGE('',*,*,#9774,.T.);
#9774 = EDGE_CURVE('',#8096,#9775,#9777,.T.);
#9775 = VERTEX_POINT('',#9776);
#9776 = CARTESIAN_POINT('',(2.348480775301,0.84,0.742364817767));
#9777 = CIRCLE('',#9778,0.1);
#9778 = AXIS2_PLACEMENT_3D('',#9779,#9780,#9781);
#9779 = CARTESIAN_POINT('',(2.25,0.84,0.725));
#9780 = DIRECTION('',(-1.110223024625E-16,1.,0.));
#9781 = DIRECTION('',(4.440892098501E-15,4.930380657631E-31,1.));
#9782 = ORIENTED_EDGE('',*,*,#9783,.T.);
#9783 = EDGE_CURVE('',#9775,#9784,#9786,.T.);
#9784 = VERTEX_POINT('',#9785);
#9785 = CARTESIAN_POINT('',(2.429496640897,0.84,0.2479055467));
#9786 = LINE('',#9787,#9788);
#9787 = CARTESIAN_POINT('',(2.348480775301,0.84,0.742364817767));
#9788 = VECTOR('',#9789,1.);
#9789 = DIRECTION('',(0.161691392282,1.795135065956E-17,-0.986841372087)
  );
#9790 = ORIENTED_EDGE('',*,*,#9791,.T.);
#9791 = EDGE_CURVE('',#9784,#9792,#9794,.T.);
#9792 = VERTEX_POINT('',#9793);
#9793 = CARTESIAN_POINT('',(2.724938966801,0.84,-1.665334536938E-16));
#9794 = CIRCLE('',#9795,0.3);
#9795 = AXIS2_PLACEMENT_3D('',#9796,#9797,#9798);
#9796 = CARTESIAN_POINT('',(2.724938966801,0.84,0.3));
#9797 = DIRECTION('',(1.110223024625E-16,-1.,0.));
#9798 = DIRECTION('',(-0.984807753012,-1.093356242223E-16,
    -0.173648177667));
#9799 = ORIENTED_EDGE('',*,*,#9800,.T.);
#9800 = EDGE_CURVE('',#9792,#9801,#9803,.T.);
#9801 = VERTEX_POINT('',#9802);
#9802 = CARTESIAN_POINT('',(3.,0.84,-1.665334536938E-16));
#9803 = LINE('',#9804,#9805);
#9804 = CARTESIAN_POINT('',(2.724938966801,0.84,-1.665334536938E-16));
#9805 = VECTOR('',#9806,1.);
#9806 = DIRECTION('',(1.,1.110223024625E-16,0.));
#9807 = ORIENTED_EDGE('',*,*,#9808,.T.);
#9808 = EDGE_CURVE('',#9801,#9809,#9811,.T.);
#9809 = VERTEX_POINT('',#9810);
#9810 = CARTESIAN_POINT('',(3.,0.84,0.2));
#9811 = LINE('',#9812,#9813);
#9812 = CARTESIAN_POINT('',(3.,0.84,-1.665334536938E-16));
#9813 = VECTOR('',#9814,1.);
#9814 = DIRECTION('',(0.,0.,1.));
#9815 = ORIENTED_EDGE('',*,*,#9816,.T.);
#9816 = EDGE_CURVE('',#9809,#9817,#9819,.T.);
#9817 = VERTEX_POINT('',#9818);
#9818 = CARTESIAN_POINT('',(2.724938966801,0.84,0.2));
#9819 = LINE('',#9820,#9821);
#9820 = CARTESIAN_POINT('',(3.,0.84,0.2));
#9821 = VECTOR('',#9822,1.);
#9822 = DIRECTION('',(-1.,-1.110223024625E-16,0.));
#9823 = ORIENTED_EDGE('',*,*,#9824,.T.);
#9824 = EDGE_CURVE('',#9817,#9825,#9827,.T.);
#9825 = VERTEX_POINT('',#9826);
#9826 = CARTESIAN_POINT('',(2.6264581915,0.84,0.282635182233));
#9827 = CIRCLE('',#9828,0.1);
#9828 = AXIS2_PLACEMENT_3D('',#9829,#9830,#9831);
#9829 = CARTESIAN_POINT('',(2.724938966801,0.84,0.3));
#9830 = DIRECTION('',(-1.110223024625E-16,1.,0.));
#9831 = DIRECTION('',(0.,0.,-1.));
#9832 = ORIENTED_EDGE('',*,*,#9833,.T.);
#9833 = EDGE_CURVE('',#9825,#9834,#9836,.T.);
#9834 = VERTEX_POINT('',#9835);
#9835 = CARTESIAN_POINT('',(2.545442325904,0.84,0.7770944533));
#9836 = LINE('',#9837,#9838);
#9837 = CARTESIAN_POINT('',(2.6264581915,0.84,0.282635182233));
#9838 = VECTOR('',#9839,1.);
#9839 = DIRECTION('',(-0.161691392282,-1.795135065956E-17,0.986841372087
    ));
#9840 = ORIENTED_EDGE('',*,*,#9841,.T.);
#9841 = EDGE_CURVE('',#9834,#9842,#9844,.T.);
#9842 = VERTEX_POINT('',#9843);
#9843 = CARTESIAN_POINT('',(2.25,0.84,1.025));
#9844 = CIRCLE('',#9845,0.3);
#9845 = AXIS2_PLACEMENT_3D('',#9846,#9847,#9848);
#9846 = CARTESIAN_POINT('',(2.25,0.84,0.725));
#9847 = DIRECTION('',(1.110223024625E-16,-1.,0.));
#9848 = DIRECTION('',(0.984807753012,1.093356242223E-16,0.173648177667)
  );
#9849 = ORIENTED_EDGE('',*,*,#9850,.T.);
#9850 = EDGE_CURVE('',#9842,#8074,#9851,.T.);
#9851 = LINE('',#9852,#9853);
#9852 = CARTESIAN_POINT('',(2.25,0.84,1.025));
#9853 = VECTOR('',#9854,1.);
#9854 = DIRECTION('',(-1.,-1.110223024625E-16,0.));
#9855 = PLANE('',#9856);
#9856 = AXIS2_PLACEMENT_3D('',#9857,#9858,#9859);
#9857 = CARTESIAN_POINT('',(2.42560961319,0.84,0.548953137803));
#9858 = DIRECTION('',(1.110223024625E-16,-1.,0.));
#9859 = DIRECTION('',(0.,0.,1.));
#9860 = ADVANCED_FACE('',(#9861),#9880,.F.);
#9861 = FACE_BOUND('',#9862,.F.);
#9862 = EDGE_LOOP('',(#9863,#9864,#9873,#9879));
#9863 = ORIENTED_EDGE('',*,*,#8112,.T.);
#9864 = ORIENTED_EDGE('',*,*,#9865,.T.);
#9865 = EDGE_CURVE('',#8105,#9866,#9868,.T.);
#9866 = VERTEX_POINT('',#9867);
#9867 = CARTESIAN_POINT('',(2.348480775301,0.43,0.742364817767));
#9868 = CIRCLE('',#9869,0.1);
#9869 = AXIS2_PLACEMENT_3D('',#9870,#9871,#9872);
#9870 = CARTESIAN_POINT('',(2.25,0.43,0.725));
#9871 = DIRECTION('',(-1.110223024625E-16,1.,0.));
#9872 = DIRECTION('',(4.440892098501E-15,4.930380657631E-31,1.));
#9873 = ORIENTED_EDGE('',*,*,#9874,.F.);
#9874 = EDGE_CURVE('',#9775,#9866,#9875,.T.);
#9875 = LINE('',#9876,#9877);
#9876 = CARTESIAN_POINT('',(2.348480775301,0.84,0.742364817767));
#9877 = VECTOR('',#9878,1.);
#9878 = DIRECTION('',(1.110223024625E-16,-1.,0.));
#9879 = ORIENTED_EDGE('',*,*,#9774,.F.);
#9880 = CYLINDRICAL_SURFACE('',#9881,0.1);
#9881 = AXIS2_PLACEMENT_3D('',#9882,#9883,#9884);
#9882 = CARTESIAN_POINT('',(2.25,0.84,0.725));
#9883 = DIRECTION('',(-1.110223024625E-16,1.,0.));
#9884 = DIRECTION('',(4.440892098501E-15,4.930380657631E-31,1.));
#9885 = ADVANCED_FACE('',(#9886),#9964,.T.);
#9886 = FACE_BOUND('',#9887,.T.);
#9887 = EDGE_LOOP('',(#9888,#9889,#9890,#9891,#9899,#9908,#9916,#9924,
    #9932,#9941,#9949,#9958));
#9888 = ORIENTED_EDGE('',*,*,#8126,.F.);
#9889 = ORIENTED_EDGE('',*,*,#8104,.T.);
#9890 = ORIENTED_EDGE('',*,*,#9865,.T.);
#9891 = ORIENTED_EDGE('',*,*,#9892,.T.);
#9892 = EDGE_CURVE('',#9866,#9893,#9895,.T.);
#9893 = VERTEX_POINT('',#9894);
#9894 = CARTESIAN_POINT('',(2.429496640897,0.43,0.2479055467));
#9895 = LINE('',#9896,#9897);
#9896 = CARTESIAN_POINT('',(2.348480775301,0.43,0.742364817767));
#9897 = VECTOR('',#9898,1.);
#9898 = DIRECTION('',(0.161691392282,1.795135065956E-17,-0.986841372087)
  );
#9899 = ORIENTED_EDGE('',*,*,#9900,.T.);
#9900 = EDGE_CURVE('',#9893,#9901,#9903,.T.);
#9901 = VERTEX_POINT('',#9902);
#9902 = CARTESIAN_POINT('',(2.724938966801,0.43,-1.665334536938E-16));
#9903 = CIRCLE('',#9904,0.3);
#9904 = AXIS2_PLACEMENT_3D('',#9905,#9906,#9907);
#9905 = CARTESIAN_POINT('',(2.724938966801,0.43,0.3));
#9906 = DIRECTION('',(1.110223024625E-16,-1.,0.));
#9907 = DIRECTION('',(-0.984807753012,-1.093356242223E-16,
    -0.173648177667));
#9908 = ORIENTED_EDGE('',*,*,#9909,.T.);
#9909 = EDGE_CURVE('',#9901,#9910,#9912,.T.);
#9910 = VERTEX_POINT('',#9911);
#9911 = CARTESIAN_POINT('',(3.,0.43,-1.665334536938E-16));
#9912 = LINE('',#9913,#9914);
#9913 = CARTESIAN_POINT('',(2.724938966801,0.43,-1.665334536938E-16));
#9914 = VECTOR('',#9915,1.);
#9915 = DIRECTION('',(1.,1.110223024625E-16,0.));
#9916 = ORIENTED_EDGE('',*,*,#9917,.T.);
#9917 = EDGE_CURVE('',#9910,#9918,#9920,.T.);
#9918 = VERTEX_POINT('',#9919);
#9919 = CARTESIAN_POINT('',(3.,0.43,0.2));
#9920 = LINE('',#9921,#9922);
#9921 = CARTESIAN_POINT('',(3.,0.43,-1.665334536938E-16));
#9922 = VECTOR('',#9923,1.);
#9923 = DIRECTION('',(0.,0.,1.));
#9924 = ORIENTED_EDGE('',*,*,#9925,.T.);
#9925 = EDGE_CURVE('',#9918,#9926,#9928,.T.);
#9926 = VERTEX_POINT('',#9927);
#9927 = CARTESIAN_POINT('',(2.724938966801,0.43,0.2));
#9928 = LINE('',#9929,#9930);
#9929 = CARTESIAN_POINT('',(3.,0.43,0.2));
#9930 = VECTOR('',#9931,1.);
#9931 = DIRECTION('',(-1.,-1.110223024625E-16,0.));
#9932 = ORIENTED_EDGE('',*,*,#9933,.T.);
#9933 = EDGE_CURVE('',#9926,#9934,#9936,.T.);
#9934 = VERTEX_POINT('',#9935);
#9935 = CARTESIAN_POINT('',(2.6264581915,0.43,0.282635182233));
#9936 = CIRCLE('',#9937,0.1);
#9937 = AXIS2_PLACEMENT_3D('',#9938,#9939,#9940);
#9938 = CARTESIAN_POINT('',(2.724938966801,0.43,0.3));
#9939 = DIRECTION('',(-1.110223024625E-16,1.,0.));
#9940 = DIRECTION('',(0.,0.,-1.));
#9941 = ORIENTED_EDGE('',*,*,#9942,.T.);
#9942 = EDGE_CURVE('',#9934,#9943,#9945,.T.);
#9943 = VERTEX_POINT('',#9944);
#9944 = CARTESIAN_POINT('',(2.545442325904,0.43,0.7770944533));
#9945 = LINE('',#9946,#9947);
#9946 = CARTESIAN_POINT('',(2.6264581915,0.43,0.282635182233));
#9947 = VECTOR('',#9948,1.);
#9948 = DIRECTION('',(-0.161691392282,-1.795135065956E-17,0.986841372087
    ));
#9949 = ORIENTED_EDGE('',*,*,#9950,.T.);
#9950 = EDGE_CURVE('',#9943,#9951,#9953,.T.);
#9951 = VERTEX_POINT('',#9952);
#9952 = CARTESIAN_POINT('',(2.25,0.43,1.025));
#9953 = CIRCLE('',#9954,0.3);
#9954 = AXIS2_PLACEMENT_3D('',#9955,#9956,#9957);
#9955 = CARTESIAN_POINT('',(2.25,0.43,0.725));
#9956 = DIRECTION('',(1.110223024625E-16,-1.,0.));
#9957 = DIRECTION('',(0.984807753012,1.093356242223E-16,0.173648177667)
  );
#9958 = ORIENTED_EDGE('',*,*,#9959,.T.);
#9959 = EDGE_CURVE('',#9951,#8127,#9960,.T.);
#9960 = LINE('',#9961,#9962);
#9961 = CARTESIAN_POINT('',(2.25,0.43,1.025));
#9962 = VECTOR('',#9963,1.);
#9963 = DIRECTION('',(-1.,-1.110223024625E-16,0.));
#9964 = PLANE('',#9965);
#9965 = AXIS2_PLACEMENT_3D('',#9966,#9967,#9968);
#9966 = CARTESIAN_POINT('',(2.42560961319,0.43,0.548953137803));
#9967 = DIRECTION('',(1.110223024625E-16,-1.,0.));
#9968 = DIRECTION('',(0.,0.,1.));
#9969 = ADVANCED_FACE('',(#9970),#9986,.F.);
#9970 = FACE_BOUND('',#9971,.F.);
#9971 = EDGE_LOOP('',(#9972,#9978,#9979,#9985));
#9972 = ORIENTED_EDGE('',*,*,#9973,.F.);
#9973 = EDGE_CURVE('',#8127,#8561,#9974,.T.);
#9974 = LINE('',#9975,#9976);
#9975 = CARTESIAN_POINT('',(2.25,0.43,1.025));
#9976 = VECTOR('',#9977,1.);
#9977 = DIRECTION('',(-1.,-1.110223024625E-16,0.));
#9978 = ORIENTED_EDGE('',*,*,#8143,.T.);
#9979 = ORIENTED_EDGE('',*,*,#9980,.T.);
#9980 = EDGE_CURVE('',#8136,#8569,#9981,.T.);
#9981 = LINE('',#9982,#9983);
#9982 = CARTESIAN_POINT('',(2.25,-0.43,1.025));
#9983 = VECTOR('',#9984,1.);
#9984 = DIRECTION('',(-1.,-1.110223024625E-16,0.));
#9985 = ORIENTED_EDGE('',*,*,#8568,.F.);
#9986 = PLANE('',#9987);
#9987 = AXIS2_PLACEMENT_3D('',#9988,#9989,#9990);
#9988 = CARTESIAN_POINT('',(-3.027078129022E-16,2.4125,1.025));
#9989 = DIRECTION('',(2.007919022429E-31,-7.713306628828E-27,-1.));
#9990 = DIRECTION('',(1.,1.112083013911E-16,2.00791902242E-31));
#9991 = ADVANCED_FACE('',(#9992),#10078,.F.);
#9992 = FACE_BOUND('',#9993,.F.);
#9993 = EDGE_LOOP('',(#9994,#9995,#9996,#10005,#10013,#10022,#10030,
    #10038,#10046,#10055,#10063,#10072));
#9994 = ORIENTED_EDGE('',*,*,#8135,.F.);
#9995 = ORIENTED_EDGE('',*,*,#8157,.T.);
#9996 = ORIENTED_EDGE('',*,*,#9997,.T.);
#9997 = EDGE_CURVE('',#8158,#9998,#10000,.T.);
#9998 = VERTEX_POINT('',#9999);
#9999 = CARTESIAN_POINT('',(2.348480775301,-0.43,0.742364817767));
#10000 = CIRCLE('',#10001,0.1);
#10001 = AXIS2_PLACEMENT_3D('',#10002,#10003,#10004);
#10002 = CARTESIAN_POINT('',(2.25,-0.43,0.725));
#10003 = DIRECTION('',(-1.110223024625E-16,1.,0.));
#10004 = DIRECTION('',(4.440892098501E-15,4.930380657631E-31,1.));
#10005 = ORIENTED_EDGE('',*,*,#10006,.T.);
#10006 = EDGE_CURVE('',#9998,#10007,#10009,.T.);
#10007 = VERTEX_POINT('',#10008);
#10008 = CARTESIAN_POINT('',(2.429496640897,-0.43,0.2479055467));
#10009 = LINE('',#10010,#10011);
#10010 = CARTESIAN_POINT('',(2.348480775301,-0.43,0.742364817767));
#10011 = VECTOR('',#10012,1.);
#10012 = DIRECTION('',(0.161691392282,1.795135065956E-17,-0.986841372087
    ));
#10013 = ORIENTED_EDGE('',*,*,#10014,.T.);
#10014 = EDGE_CURVE('',#10007,#10015,#10017,.T.);
#10015 = VERTEX_POINT('',#10016);
#10016 = CARTESIAN_POINT('',(2.724938966801,-0.43,-1.665334536938E-16));
#10017 = CIRCLE('',#10018,0.3);
#10018 = AXIS2_PLACEMENT_3D('',#10019,#10020,#10021);
#10019 = CARTESIAN_POINT('',(2.724938966801,-0.43,0.3));
#10020 = DIRECTION('',(1.110223024625E-16,-1.,0.));
#10021 = DIRECTION('',(-0.984807753012,-1.093356242223E-16,
    -0.173648177667));
#10022 = ORIENTED_EDGE('',*,*,#10023,.T.);
#10023 = EDGE_CURVE('',#10015,#10024,#10026,.T.);
#10024 = VERTEX_POINT('',#10025);
#10025 = CARTESIAN_POINT('',(3.,-0.43,-1.665334536938E-16));
#10026 = LINE('',#10027,#10028);
#10027 = CARTESIAN_POINT('',(2.724938966801,-0.43,-1.665334536938E-16));
#10028 = VECTOR('',#10029,1.);
#10029 = DIRECTION('',(1.,1.110223024625E-16,0.));
#10030 = ORIENTED_EDGE('',*,*,#10031,.T.);
#10031 = EDGE_CURVE('',#10024,#10032,#10034,.T.);
#10032 = VERTEX_POINT('',#10033);
#10033 = CARTESIAN_POINT('',(3.,-0.43,0.2));
#10034 = LINE('',#10035,#10036);
#10035 = CARTESIAN_POINT('',(3.,-0.43,-1.665334536938E-16));
#10036 = VECTOR('',#10037,1.);
#10037 = DIRECTION('',(0.,0.,1.));
#10038 = ORIENTED_EDGE('',*,*,#10039,.T.);
#10039 = EDGE_CURVE('',#10032,#10040,#10042,.T.);
#10040 = VERTEX_POINT('',#10041);
#10041 = CARTESIAN_POINT('',(2.724938966801,-0.43,0.2));
#10042 = LINE('',#10043,#10044);
#10043 = CARTESIAN_POINT('',(3.,-0.43,0.2));
#10044 = VECTOR('',#10045,1.);
#10045 = DIRECTION('',(-1.,-1.110223024625E-16,0.));
#10046 = ORIENTED_EDGE('',*,*,#10047,.T.);
#10047 = EDGE_CURVE('',#10040,#10048,#10050,.T.);
#10048 = VERTEX_POINT('',#10049);
#10049 = CARTESIAN_POINT('',(2.6264581915,-0.43,0.282635182233));
#10050 = CIRCLE('',#10051,0.1);
#10051 = AXIS2_PLACEMENT_3D('',#10052,#10053,#10054);
#10052 = CARTESIAN_POINT('',(2.724938966801,-0.43,0.3));
#10053 = DIRECTION('',(-1.110223024625E-16,1.,0.));
#10054 = DIRECTION('',(0.,0.,-1.));
#10055 = ORIENTED_EDGE('',*,*,#10056,.T.);
#10056 = EDGE_CURVE('',#10048,#10057,#10059,.T.);
#10057 = VERTEX_POINT('',#10058);
#10058 = CARTESIAN_POINT('',(2.545442325904,-0.43,0.7770944533));
#10059 = LINE('',#10060,#10061);
#10060 = CARTESIAN_POINT('',(2.6264581915,-0.43,0.282635182233));
#10061 = VECTOR('',#10062,1.);
#10062 = DIRECTION('',(-0.161691392282,-1.795135065956E-17,
    0.986841372087));
#10063 = ORIENTED_EDGE('',*,*,#10064,.T.);
#10064 = EDGE_CURVE('',#10057,#10065,#10067,.T.);
#10065 = VERTEX_POINT('',#10066);
#10066 = CARTESIAN_POINT('',(2.25,-0.43,1.025));
#10067 = CIRCLE('',#10068,0.3);
#10068 = AXIS2_PLACEMENT_3D('',#10069,#10070,#10071);
#10069 = CARTESIAN_POINT('',(2.25,-0.43,0.725));
#10070 = DIRECTION('',(1.110223024625E-16,-1.,0.));
#10071 = DIRECTION('',(0.984807753012,1.093356242223E-16,0.173648177667)
  );
#10072 = ORIENTED_EDGE('',*,*,#10073,.T.);
#10073 = EDGE_CURVE('',#10065,#8136,#10074,.T.);
#10074 = LINE('',#10075,#10076);
#10075 = CARTESIAN_POINT('',(2.25,-0.43,1.025));
#10076 = VECTOR('',#10077,1.);
#10077 = DIRECTION('',(-1.,-1.110223024625E-16,0.));
#10078 = PLANE('',#10079);
#10079 = AXIS2_PLACEMENT_3D('',#10080,#10081,#10082);
#10080 = CARTESIAN_POINT('',(2.42560961319,-0.43,0.548953137803));
#10081 = DIRECTION('',(1.110223024625E-16,-1.,0.));
#10082 = DIRECTION('',(0.,0.,1.));
#10083 = ADVANCED_FACE('',(#10084),#10103,.F.);
#10084 = FACE_BOUND('',#10085,.F.);
#10085 = EDGE_LOOP('',(#10086,#10087,#10096,#10102));
#10086 = ORIENTED_EDGE('',*,*,#8174,.T.);
#10087 = ORIENTED_EDGE('',*,*,#10088,.T.);
#10088 = EDGE_CURVE('',#8167,#10089,#10091,.T.);
#10089 = VERTEX_POINT('',#10090);
#10090 = CARTESIAN_POINT('',(2.348480775301,-0.84,0.742364817767));
#10091 = CIRCLE('',#10092,0.1);
#10092 = AXIS2_PLACEMENT_3D('',#10093,#10094,#10095);
#10093 = CARTESIAN_POINT('',(2.25,-0.84,0.725));
#10094 = DIRECTION('',(-1.110223024625E-16,1.,0.));
#10095 = DIRECTION('',(4.440892098501E-15,4.930380657631E-31,1.));
#10096 = ORIENTED_EDGE('',*,*,#10097,.F.);
#10097 = EDGE_CURVE('',#9998,#10089,#10098,.T.);
#10098 = LINE('',#10099,#10100);
#10099 = CARTESIAN_POINT('',(2.348480775301,-0.43,0.742364817767));
#10100 = VECTOR('',#10101,1.);
#10101 = DIRECTION('',(1.110223024625E-16,-1.,0.));
#10102 = ORIENTED_EDGE('',*,*,#9997,.F.);
#10103 = CYLINDRICAL_SURFACE('',#10104,0.1);
#10104 = AXIS2_PLACEMENT_3D('',#10105,#10106,#10107);
#10105 = CARTESIAN_POINT('',(2.25,-0.43,0.725));
#10106 = DIRECTION('',(-1.110223024625E-16,1.,0.));
#10107 = DIRECTION('',(4.440892098501E-15,4.930380657631E-31,1.));
#10108 = ADVANCED_FACE('',(#10109),#10187,.T.);
#10109 = FACE_BOUND('',#10110,.T.);
#10110 = EDGE_LOOP('',(#10111,#10112,#10113,#10114,#10122,#10131,#10139,
    #10147,#10155,#10164,#10172,#10181));
#10111 = ORIENTED_EDGE('',*,*,#8188,.F.);
#10112 = ORIENTED_EDGE('',*,*,#8166,.T.);
#10113 = ORIENTED_EDGE('',*,*,#10088,.T.);
#10114 = ORIENTED_EDGE('',*,*,#10115,.T.);
#10115 = EDGE_CURVE('',#10089,#10116,#10118,.T.);
#10116 = VERTEX_POINT('',#10117);
#10117 = CARTESIAN_POINT('',(2.429496640897,-0.84,0.2479055467));
#10118 = LINE('',#10119,#10120);
#10119 = CARTESIAN_POINT('',(2.348480775301,-0.84,0.742364817767));
#10120 = VECTOR('',#10121,1.);
#10121 = DIRECTION('',(0.161691392282,1.795135065956E-17,-0.986841372087
    ));
#10122 = ORIENTED_EDGE('',*,*,#10123,.T.);
#10123 = EDGE_CURVE('',#10116,#10124,#10126,.T.);
#10124 = VERTEX_POINT('',#10125);
#10125 = CARTESIAN_POINT('',(2.724938966801,-0.84,-1.665334536938E-16));
#10126 = CIRCLE('',#10127,0.3);
#10127 = AXIS2_PLACEMENT_3D('',#10128,#10129,#10130);
#10128 = CARTESIAN_POINT('',(2.724938966801,-0.84,0.3));
#10129 = DIRECTION('',(1.110223024625E-16,-1.,0.));
#10130 = DIRECTION('',(-0.984807753012,-1.093356242223E-16,
    -0.173648177667));
#10131 = ORIENTED_EDGE('',*,*,#10132,.T.);
#10132 = EDGE_CURVE('',#10124,#10133,#10135,.T.);
#10133 = VERTEX_POINT('',#10134);
#10134 = CARTESIAN_POINT('',(3.,-0.84,-1.665334536938E-16));
#10135 = LINE('',#10136,#10137);
#10136 = CARTESIAN_POINT('',(2.724938966801,-0.84,-1.665334536938E-16));
#10137 = VECTOR('',#10138,1.);
#10138 = DIRECTION('',(1.,1.110223024625E-16,0.));
#10139 = ORIENTED_EDGE('',*,*,#10140,.T.);
#10140 = EDGE_CURVE('',#10133,#10141,#10143,.T.);
#10141 = VERTEX_POINT('',#10142);
#10142 = CARTESIAN_POINT('',(3.,-0.84,0.2));
#10143 = LINE('',#10144,#10145);
#10144 = CARTESIAN_POINT('',(3.,-0.84,-1.665334536938E-16));
#10145 = VECTOR('',#10146,1.);
#10146 = DIRECTION('',(0.,0.,1.));
#10147 = ORIENTED_EDGE('',*,*,#10148,.T.);
#10148 = EDGE_CURVE('',#10141,#10149,#10151,.T.);
#10149 = VERTEX_POINT('',#10150);
#10150 = CARTESIAN_POINT('',(2.724938966801,-0.84,0.2));
#10151 = LINE('',#10152,#10153);
#10152 = CARTESIAN_POINT('',(3.,-0.84,0.2));
#10153 = VECTOR('',#10154,1.);
#10154 = DIRECTION('',(-1.,-1.110223024625E-16,0.));
#10155 = ORIENTED_EDGE('',*,*,#10156,.T.);
#10156 = EDGE_CURVE('',#10149,#10157,#10159,.T.);
#10157 = VERTEX_POINT('',#10158);
#10158 = CARTESIAN_POINT('',(2.6264581915,-0.84,0.282635182233));
#10159 = CIRCLE('',#10160,0.1);
#10160 = AXIS2_PLACEMENT_3D('',#10161,#10162,#10163);
#10161 = CARTESIAN_POINT('',(2.724938966801,-0.84,0.3));
#10162 = DIRECTION('',(-1.110223024625E-16,1.,0.));
#10163 = DIRECTION('',(0.,0.,-1.));
#10164 = ORIENTED_EDGE('',*,*,#10165,.T.);
#10165 = EDGE_CURVE('',#10157,#10166,#10168,.T.);
#10166 = VERTEX_POINT('',#10167);
#10167 = CARTESIAN_POINT('',(2.545442325904,-0.84,0.7770944533));
#10168 = LINE('',#10169,#10170);
#10169 = CARTESIAN_POINT('',(2.6264581915,-0.84,0.282635182233));
#10170 = VECTOR('',#10171,1.);
#10171 = DIRECTION('',(-0.161691392282,-1.795135065956E-17,
    0.986841372087));
#10172 = ORIENTED_EDGE('',*,*,#10173,.T.);
#10173 = EDGE_CURVE('',#10166,#10174,#10176,.T.);
#10174 = VERTEX_POINT('',#10175);
#10175 = CARTESIAN_POINT('',(2.25,-0.84,1.025));
#10176 = CIRCLE('',#10177,0.3);
#10177 = AXIS2_PLACEMENT_3D('',#10178,#10179,#10180);
#10178 = CARTESIAN_POINT('',(2.25,-0.84,0.725));
#10179 = DIRECTION('',(1.110223024625E-16,-1.,0.));
#10180 = DIRECTION('',(0.984807753012,1.093356242223E-16,0.173648177667)
  );
#10181 = ORIENTED_EDGE('',*,*,#10182,.T.);
#10182 = EDGE_CURVE('',#10174,#8189,#10183,.T.);
#10183 = LINE('',#10184,#10185);
#10184 = CARTESIAN_POINT('',(2.25,-0.84,1.025));
#10185 = VECTOR('',#10186,1.);
#10186 = DIRECTION('',(-1.,-1.110223024625E-16,0.));
#10187 = PLANE('',#10188);
#10188 = AXIS2_PLACEMENT_3D('',#10189,#10190,#10191);
#10189 = CARTESIAN_POINT('',(2.42560961319,-0.84,0.548953137803));
#10190 = DIRECTION('',(1.110223024625E-16,-1.,0.));
#10191 = DIRECTION('',(0.,0.,1.));
#10192 = ADVANCED_FACE('',(#10193),#10209,.F.);
#10193 = FACE_BOUND('',#10194,.F.);
#10194 = EDGE_LOOP('',(#10195,#10201,#10202,#10208));
#10195 = ORIENTED_EDGE('',*,*,#10196,.F.);
#10196 = EDGE_CURVE('',#8189,#8577,#10197,.T.);
#10197 = LINE('',#10198,#10199);
#10198 = CARTESIAN_POINT('',(2.25,-0.84,1.025));
#10199 = VECTOR('',#10200,1.);
#10200 = DIRECTION('',(-1.,-1.110223024625E-16,0.));
#10201 = ORIENTED_EDGE('',*,*,#8205,.T.);
#10202 = ORIENTED_EDGE('',*,*,#10203,.T.);
#10203 = EDGE_CURVE('',#8198,#8585,#10204,.T.);
#10204 = LINE('',#10205,#10206);
#10205 = CARTESIAN_POINT('',(2.25,-1.7,1.025));
#10206 = VECTOR('',#10207,1.);
#10207 = DIRECTION('',(-1.,-1.110223024625E-16,0.));
#10208 = ORIENTED_EDGE('',*,*,#8584,.F.);
#10209 = PLANE('',#10210);
#10210 = AXIS2_PLACEMENT_3D('',#10211,#10212,#10213);
#10211 = CARTESIAN_POINT('',(-3.027078129022E-16,2.4125,1.025));
#10212 = DIRECTION('',(2.007919022429E-31,-7.713306628828E-27,-1.));
#10213 = DIRECTION('',(1.,1.112083013911E-16,2.00791902242E-31));
#10214 = ADVANCED_FACE('',(#10215),#10301,.F.);
#10215 = FACE_BOUND('',#10216,.F.);
#10216 = EDGE_LOOP('',(#10217,#10218,#10219,#10228,#10236,#10245,#10253,
    #10261,#10269,#10278,#10286,#10295));
#10217 = ORIENTED_EDGE('',*,*,#8197,.F.);
#10218 = ORIENTED_EDGE('',*,*,#8219,.T.);
#10219 = ORIENTED_EDGE('',*,*,#10220,.T.);
#10220 = EDGE_CURVE('',#8220,#10221,#10223,.T.);
#10221 = VERTEX_POINT('',#10222);
#10222 = CARTESIAN_POINT('',(2.348480775301,-1.7,0.742364817767));
#10223 = CIRCLE('',#10224,0.1);
#10224 = AXIS2_PLACEMENT_3D('',#10225,#10226,#10227);
#10225 = CARTESIAN_POINT('',(2.25,-1.7,0.725));
#10226 = DIRECTION('',(-1.110223024625E-16,1.,0.));
#10227 = DIRECTION('',(4.440892098501E-15,4.930380657631E-31,1.));
#10228 = ORIENTED_EDGE('',*,*,#10229,.T.);
#10229 = EDGE_CURVE('',#10221,#10230,#10232,.T.);
#10230 = VERTEX_POINT('',#10231);
#10231 = CARTESIAN_POINT('',(2.429496640897,-1.7,0.2479055467));
#10232 = LINE('',#10233,#10234);
#10233 = CARTESIAN_POINT('',(2.348480775301,-1.7,0.742364817767));
#10234 = VECTOR('',#10235,1.);
#10235 = DIRECTION('',(0.161691392282,1.795135065956E-17,-0.986841372087
    ));
#10236 = ORIENTED_EDGE('',*,*,#10237,.T.);
#10237 = EDGE_CURVE('',#10230,#10238,#10240,.T.);
#10238 = VERTEX_POINT('',#10239);
#10239 = CARTESIAN_POINT('',(2.724938966801,-1.7,-1.665334536938E-16));
#10240 = CIRCLE('',#10241,0.3);
#10241 = AXIS2_PLACEMENT_3D('',#10242,#10243,#10244);
#10242 = CARTESIAN_POINT('',(2.724938966801,-1.7,0.3));
#10243 = DIRECTION('',(1.110223024625E-16,-1.,0.));
#10244 = DIRECTION('',(-0.984807753012,-1.093356242223E-16,
    -0.173648177667));
#10245 = ORIENTED_EDGE('',*,*,#10246,.T.);
#10246 = EDGE_CURVE('',#10238,#10247,#10249,.T.);
#10247 = VERTEX_POINT('',#10248);
#10248 = CARTESIAN_POINT('',(3.,-1.7,-1.665334536938E-16));
#10249 = LINE('',#10250,#10251);
#10250 = CARTESIAN_POINT('',(2.724938966801,-1.7,-1.665334536938E-16));
#10251 = VECTOR('',#10252,1.);
#10252 = DIRECTION('',(1.,1.110223024625E-16,0.));
#10253 = ORIENTED_EDGE('',*,*,#10254,.T.);
#10254 = EDGE_CURVE('',#10247,#10255,#10257,.T.);
#10255 = VERTEX_POINT('',#10256);
#10256 = CARTESIAN_POINT('',(3.,-1.7,0.2));
#10257 = LINE('',#10258,#10259);
#10258 = CARTESIAN_POINT('',(3.,-1.7,-1.665334536938E-16));
#10259 = VECTOR('',#10260,1.);
#10260 = DIRECTION('',(0.,0.,1.));
#10261 = ORIENTED_EDGE('',*,*,#10262,.T.);
#10262 = EDGE_CURVE('',#10255,#10263,#10265,.T.);
#10263 = VERTEX_POINT('',#10264);
#10264 = CARTESIAN_POINT('',(2.724938966801,-1.7,0.2));
#10265 = LINE('',#10266,#10267);
#10266 = CARTESIAN_POINT('',(3.,-1.7,0.2));
#10267 = VECTOR('',#10268,1.);
#10268 = DIRECTION('',(-1.,-1.110223024625E-16,0.));
#10269 = ORIENTED_EDGE('',*,*,#10270,.T.);
#10270 = EDGE_CURVE('',#10263,#10271,#10273,.T.);
#10271 = VERTEX_POINT('',#10272);
#10272 = CARTESIAN_POINT('',(2.6264581915,-1.7,0.282635182233));
#10273 = CIRCLE('',#10274,0.1);
#10274 = AXIS2_PLACEMENT_3D('',#10275,#10276,#10277);
#10275 = CARTESIAN_POINT('',(2.724938966801,-1.7,0.3));
#10276 = DIRECTION('',(-1.110223024625E-16,1.,0.));
#10277 = DIRECTION('',(0.,0.,-1.));
#10278 = ORIENTED_EDGE('',*,*,#10279,.T.);
#10279 = EDGE_CURVE('',#10271,#10280,#10282,.T.);
#10280 = VERTEX_POINT('',#10281);
#10281 = CARTESIAN_POINT('',(2.545442325904,-1.7,0.7770944533));
#10282 = LINE('',#10283,#10284);
#10283 = CARTESIAN_POINT('',(2.6264581915,-1.7,0.282635182233));
#10284 = VECTOR('',#10285,1.);
#10285 = DIRECTION('',(-0.161691392282,-1.795135065956E-17,
    0.986841372087));
#10286 = ORIENTED_EDGE('',*,*,#10287,.T.);
#10287 = EDGE_CURVE('',#10280,#10288,#10290,.T.);
#10288 = VERTEX_POINT('',#10289);
#10289 = CARTESIAN_POINT('',(2.25,-1.7,1.025));
#10290 = CIRCLE('',#10291,0.3);
#10291 = AXIS2_PLACEMENT_3D('',#10292,#10293,#10294);
#10292 = CARTESIAN_POINT('',(2.25,-1.7,0.725));
#10293 = DIRECTION('',(1.110223024625E-16,-1.,0.));
#10294 = DIRECTION('',(0.984807753012,1.093356242223E-16,0.173648177667)
  );
#10295 = ORIENTED_EDGE('',*,*,#10296,.T.);
#10296 = EDGE_CURVE('',#10288,#8198,#10297,.T.);
#10297 = LINE('',#10298,#10299);
#10298 = CARTESIAN_POINT('',(2.25,-1.7,1.025));
#10299 = VECTOR('',#10300,1.);
#10300 = DIRECTION('',(-1.,-1.110223024625E-16,0.));
#10301 = PLANE('',#10302);
#10302 = AXIS2_PLACEMENT_3D('',#10303,#10304,#10305);
#10303 = CARTESIAN_POINT('',(2.42560961319,-1.7,0.548953137803));
#10304 = DIRECTION('',(1.110223024625E-16,-1.,0.));
#10305 = DIRECTION('',(0.,0.,1.));
#10306 = ADVANCED_FACE('',(#10307),#10326,.F.);
#10307 = FACE_BOUND('',#10308,.F.);
#10308 = EDGE_LOOP('',(#10309,#10310,#10319,#10325));
#10309 = ORIENTED_EDGE('',*,*,#8236,.T.);
#10310 = ORIENTED_EDGE('',*,*,#10311,.T.);
#10311 = EDGE_CURVE('',#8229,#10312,#10314,.T.);
#10312 = VERTEX_POINT('',#10313);
#10313 = CARTESIAN_POINT('',(2.348480775301,-2.11,0.742364817767));
#10314 = CIRCLE('',#10315,0.1);
#10315 = AXIS2_PLACEMENT_3D('',#10316,#10317,#10318);
#10316 = CARTESIAN_POINT('',(2.25,-2.11,0.725));
#10317 = DIRECTION('',(-1.110223024625E-16,1.,0.));
#10318 = DIRECTION('',(4.440892098501E-15,4.930380657631E-31,1.));
#10319 = ORIENTED_EDGE('',*,*,#10320,.F.);
#10320 = EDGE_CURVE('',#10221,#10312,#10321,.T.);
#10321 = LINE('',#10322,#10323);
#10322 = CARTESIAN_POINT('',(2.348480775301,-1.7,0.742364817767));
#10323 = VECTOR('',#10324,1.);
#10324 = DIRECTION('',(1.110223024625E-16,-1.,0.));
#10325 = ORIENTED_EDGE('',*,*,#10220,.F.);
#10326 = CYLINDRICAL_SURFACE('',#10327,0.1);
#10327 = AXIS2_PLACEMENT_3D('',#10328,#10329,#10330);
#10328 = CARTESIAN_POINT('',(2.25,-1.7,0.725));
#10329 = DIRECTION('',(-1.110223024625E-16,1.,0.));
#10330 = DIRECTION('',(4.440892098501E-15,4.930380657631E-31,1.));
#10331 = ADVANCED_FACE('',(#10332),#10410,.T.);
#10332 = FACE_BOUND('',#10333,.T.);
#10333 = EDGE_LOOP('',(#10334,#10335,#10336,#10337,#10345,#10354,#10362,
    #10370,#10378,#10387,#10395,#10404));
#10334 = ORIENTED_EDGE('',*,*,#8250,.F.);
#10335 = ORIENTED_EDGE('',*,*,#8228,.T.);
#10336 = ORIENTED_EDGE('',*,*,#10311,.T.);
#10337 = ORIENTED_EDGE('',*,*,#10338,.T.);
#10338 = EDGE_CURVE('',#10312,#10339,#10341,.T.);
#10339 = VERTEX_POINT('',#10340);
#10340 = CARTESIAN_POINT('',(2.429496640897,-2.11,0.2479055467));
#10341 = LINE('',#10342,#10343);
#10342 = CARTESIAN_POINT('',(2.348480775301,-2.11,0.742364817767));
#10343 = VECTOR('',#10344,1.);
#10344 = DIRECTION('',(0.161691392282,1.795135065956E-17,-0.986841372087
    ));
#10345 = ORIENTED_EDGE('',*,*,#10346,.T.);
#10346 = EDGE_CURVE('',#10339,#10347,#10349,.T.);
#10347 = VERTEX_POINT('',#10348);
#10348 = CARTESIAN_POINT('',(2.724938966801,-2.11,-1.665334536938E-16));
#10349 = CIRCLE('',#10350,0.3);
#10350 = AXIS2_PLACEMENT_3D('',#10351,#10352,#10353);
#10351 = CARTESIAN_POINT('',(2.724938966801,-2.11,0.3));
#10352 = DIRECTION('',(1.110223024625E-16,-1.,0.));
#10353 = DIRECTION('',(-0.984807753012,-1.093356242223E-16,
    -0.173648177667));
#10354 = ORIENTED_EDGE('',*,*,#10355,.T.);
#10355 = EDGE_CURVE('',#10347,#10356,#10358,.T.);
#10356 = VERTEX_POINT('',#10357);
#10357 = CARTESIAN_POINT('',(3.,-2.11,-1.665334536938E-16));
#10358 = LINE('',#10359,#10360);
#10359 = CARTESIAN_POINT('',(2.724938966801,-2.11,-1.665334536938E-16));
#10360 = VECTOR('',#10361,1.);
#10361 = DIRECTION('',(1.,1.110223024625E-16,0.));
#10362 = ORIENTED_EDGE('',*,*,#10363,.T.);
#10363 = EDGE_CURVE('',#10356,#10364,#10366,.T.);
#10364 = VERTEX_POINT('',#10365);
#10365 = CARTESIAN_POINT('',(3.,-2.11,0.2));
#10366 = LINE('',#10367,#10368);
#10367 = CARTESIAN_POINT('',(3.,-2.11,-1.665334536938E-16));
#10368 = VECTOR('',#10369,1.);
#10369 = DIRECTION('',(0.,0.,1.));
#10370 = ORIENTED_EDGE('',*,*,#10371,.T.);
#10371 = EDGE_CURVE('',#10364,#10372,#10374,.T.);
#10372 = VERTEX_POINT('',#10373);
#10373 = CARTESIAN_POINT('',(2.724938966801,-2.11,0.2));
#10374 = LINE('',#10375,#10376);
#10375 = CARTESIAN_POINT('',(3.,-2.11,0.2));
#10376 = VECTOR('',#10377,1.);
#10377 = DIRECTION('',(-1.,-1.110223024625E-16,0.));
#10378 = ORIENTED_EDGE('',*,*,#10379,.T.);
#10379 = EDGE_CURVE('',#10372,#10380,#10382,.T.);
#10380 = VERTEX_POINT('',#10381);
#10381 = CARTESIAN_POINT('',(2.6264581915,-2.11,0.282635182233));
#10382 = CIRCLE('',#10383,0.1);
#10383 = AXIS2_PLACEMENT_3D('',#10384,#10385,#10386);
#10384 = CARTESIAN_POINT('',(2.724938966801,-2.11,0.3));
#10385 = DIRECTION('',(-1.110223024625E-16,1.,0.));
#10386 = DIRECTION('',(0.,0.,-1.));
#10387 = ORIENTED_EDGE('',*,*,#10388,.T.);
#10388 = EDGE_CURVE('',#10380,#10389,#10391,.T.);
#10389 = VERTEX_POINT('',#10390);
#10390 = CARTESIAN_POINT('',(2.545442325904,-2.11,0.7770944533));
#10391 = LINE('',#10392,#10393);
#10392 = CARTESIAN_POINT('',(2.6264581915,-2.11,0.282635182233));
#10393 = VECTOR('',#10394,1.);
#10394 = DIRECTION('',(-0.161691392282,-1.795135065956E-17,
    0.986841372087));
#10395 = ORIENTED_EDGE('',*,*,#10396,.T.);
#10396 = EDGE_CURVE('',#10389,#10397,#10399,.T.);
#10397 = VERTEX_POINT('',#10398);
#10398 = CARTESIAN_POINT('',(2.25,-2.11,1.025));
#10399 = CIRCLE('',#10400,0.3);
#10400 = AXIS2_PLACEMENT_3D('',#10401,#10402,#10403);
#10401 = CARTESIAN_POINT('',(2.25,-2.11,0.725));
#10402 = DIRECTION('',(1.110223024625E-16,-1.,0.));
#10403 = DIRECTION('',(0.984807753012,1.093356242223E-16,0.173648177667)
  );
#10404 = ORIENTED_EDGE('',*,*,#10405,.T.);
#10405 = EDGE_CURVE('',#10397,#8251,#10406,.T.);
#10406 = LINE('',#10407,#10408);
#10407 = CARTESIAN_POINT('',(2.25,-2.11,1.025));
#10408 = VECTOR('',#10409,1.);
#10409 = DIRECTION('',(-1.,-1.110223024625E-16,0.));
#10410 = PLANE('',#10411);
#10411 = AXIS2_PLACEMENT_3D('',#10412,#10413,#10414);
#10412 = CARTESIAN_POINT('',(2.42560961319,-2.11,0.548953137803));
#10413 = DIRECTION('',(1.110223024625E-16,-1.,0.));
#10414 = DIRECTION('',(0.,0.,1.));
#10415 = ADVANCED_FACE('',(#10416),#10427,.T.);
#10416 = FACE_BOUND('',#10417,.T.);
#10417 = EDGE_LOOP('',(#10418,#10419,#10420,#10421));
#10418 = ORIENTED_EDGE('',*,*,#9450,.T.);
#10419 = ORIENTED_EDGE('',*,*,#8351,.T.);
#10420 = ORIENTED_EDGE('',*,*,#9552,.F.);
#10421 = ORIENTED_EDGE('',*,*,#10422,.F.);
#10422 = EDGE_CURVE('',#9443,#9545,#10423,.T.);
#10423 = LINE('',#10424,#10425);
#10424 = CARTESIAN_POINT('',(-2.545442325904,1.7,0.7770944533));
#10425 = VECTOR('',#10426,1.);
#10426 = DIRECTION('',(1.144237745222E-17,1.,0.));
#10427 = CYLINDRICAL_SURFACE('',#10428,0.3);
#10428 = AXIS2_PLACEMENT_3D('',#10429,#10430,#10431);
#10429 = CARTESIAN_POINT('',(-2.25,1.7,0.725));
#10430 = DIRECTION('',(-1.144237745222E-17,-1.,0.));
#10431 = DIRECTION('',(-0.984807753012,1.126854202784E-17,0.173648177667
    ));
#10432 = ADVANCED_FACE('',(#10433),#10446,.F.);
#10433 = FACE_BOUND('',#10434,.F.);
#10434 = EDGE_LOOP('',(#10435,#10436,#10442,#10443,#10444,#10445));
#10435 = ORIENTED_EDGE('',*,*,#8795,.F.);
#10436 = ORIENTED_EDGE('',*,*,#10437,.T.);
#10437 = EDGE_CURVE('',#8787,#8896,#10438,.T.);
#10438 = LINE('',#10439,#10440);
#10439 = CARTESIAN_POINT('',(-2.25,-2.11,1.025));
#10440 = VECTOR('',#10441,1.);
#10441 = DIRECTION('',(1.144237745222E-17,1.,0.));
#10442 = ORIENTED_EDGE('',*,*,#8904,.T.);
#10443 = ORIENTED_EDGE('',*,*,#8926,.T.);
#10444 = ORIENTED_EDGE('',*,*,#8398,.F.);
#10445 = ORIENTED_EDGE('',*,*,#8669,.F.);
#10446 = PLANE('',#10447);
#10447 = AXIS2_PLACEMENT_3D('',#10448,#10449,#10450);
#10448 = CARTESIAN_POINT('',(-2.25,-2.11,1.025));
#10449 = DIRECTION('',(0.,0.,-1.));
#10450 = DIRECTION('',(1.,-1.144237745222E-17,0.));
#10451 = ADVANCED_FACE('',(#10452),#10465,.F.);
#10452 = FACE_BOUND('',#10453,.F.);
#10453 = EDGE_LOOP('',(#10454,#10455,#10461,#10462,#10463,#10464));
#10454 = ORIENTED_EDGE('',*,*,#9018,.F.);
#10455 = ORIENTED_EDGE('',*,*,#10456,.T.);
#10456 = EDGE_CURVE('',#9010,#9119,#10457,.T.);
#10457 = LINE('',#10458,#10459);
#10458 = CARTESIAN_POINT('',(-2.25,-0.84,1.025));
#10459 = VECTOR('',#10460,1.);
#10460 = DIRECTION('',(1.144237745222E-17,1.,0.));
#10461 = ORIENTED_EDGE('',*,*,#9127,.T.);
#10462 = ORIENTED_EDGE('',*,*,#9149,.T.);
#10463 = ORIENTED_EDGE('',*,*,#8414,.F.);
#10464 = ORIENTED_EDGE('',*,*,#8919,.F.);
#10465 = PLANE('',#10466);
#10466 = AXIS2_PLACEMENT_3D('',#10467,#10468,#10469);
#10467 = CARTESIAN_POINT('',(-2.25,-0.84,1.025));
#10468 = DIRECTION('',(0.,0.,-1.));
#10469 = DIRECTION('',(1.,-1.144237745222E-17,0.));
#10470 = ADVANCED_FACE('',(#10471),#10484,.F.);
#10471 = FACE_BOUND('',#10472,.F.);
#10472 = EDGE_LOOP('',(#10473,#10474,#10480,#10481,#10482,#10483));
#10473 = ORIENTED_EDGE('',*,*,#9241,.F.);
#10474 = ORIENTED_EDGE('',*,*,#10475,.T.);
#10475 = EDGE_CURVE('',#9233,#9342,#10476,.T.);
#10476 = LINE('',#10477,#10478);
#10477 = CARTESIAN_POINT('',(-2.25,0.43,1.025));
#10478 = VECTOR('',#10479,1.);
#10479 = DIRECTION('',(1.144237745222E-17,1.,0.));
#10480 = ORIENTED_EDGE('',*,*,#9350,.T.);
#10481 = ORIENTED_EDGE('',*,*,#9367,.T.);
#10482 = ORIENTED_EDGE('',*,*,#8430,.F.);
#10483 = ORIENTED_EDGE('',*,*,#9142,.F.);
#10484 = PLANE('',#10485);
#10485 = AXIS2_PLACEMENT_3D('',#10486,#10487,#10488);
#10486 = CARTESIAN_POINT('',(-2.25,0.43,1.025));
#10487 = DIRECTION('',(0.,0.,-1.));
#10488 = DIRECTION('',(1.,-1.144237745222E-17,0.));
#10489 = ADVANCED_FACE('',(#10490,#10519),#10530,.F.);
#10490 = FACE_BOUND('',#10491,.F.);
#10491 = EDGE_LOOP('',(#10492,#10493,#10494,#10495,#10503,#10511,#10517,
    #10518));
#10492 = ORIENTED_EDGE('',*,*,#8505,.T.);
#10493 = ORIENTED_EDGE('',*,*,#8528,.T.);
#10494 = ORIENTED_EDGE('',*,*,#8615,.T.);
#10495 = ORIENTED_EDGE('',*,*,#10496,.T.);
#10496 = EDGE_CURVE('',#8609,#10497,#10499,.T.);
#10497 = VERTEX_POINT('',#10498);
#10498 = CARTESIAN_POINT('',(1.680085640382,-2.260171280765,1.75));
#10499 = LINE('',#10500,#10501);
#10500 = CARTESIAN_POINT('',(1.760171280765,-2.180085640382,1.75));
#10501 = VECTOR('',#10502,1.);
#10502 = DIRECTION('',(-0.707106781187,-0.707106781187,0.));
#10503 = ORIENTED_EDGE('',*,*,#10504,.T.);
#10504 = EDGE_CURVE('',#10497,#10505,#10507,.T.);
#10505 = VERTEX_POINT('',#10506);
#10506 = CARTESIAN_POINT('',(-1.680085640382,-2.260171280765,1.75));
#10507 = LINE('',#10508,#10509);
#10508 = CARTESIAN_POINT('',(1.680085640382,-2.260171280765,1.75));
#10509 = VECTOR('',#10510,1.);
#10510 = DIRECTION('',(-1.,-1.110223024625E-16,0.));
#10511 = ORIENTED_EDGE('',*,*,#10512,.T.);
#10512 = EDGE_CURVE('',#10505,#8454,#10513,.T.);
#10513 = LINE('',#10514,#10515);
#10514 = CARTESIAN_POINT('',(-1.680085640382,-2.260171280765,1.75));
#10515 = VECTOR('',#10516,1.);
#10516 = DIRECTION('',(-0.707106781187,0.707106781187,0.));
#10517 = ORIENTED_EDGE('',*,*,#8453,.T.);
#10518 = ORIENTED_EDGE('',*,*,#8482,.T.);
#10519 = FACE_BOUND('',#10520,.F.);
#10520 = EDGE_LOOP('',(#10521));
#10521 = ORIENTED_EDGE('',*,*,#10522,.F.);
#10522 = EDGE_CURVE('',#10523,#10523,#10525,.T.);
#10523 = VERTEX_POINT('',#10524);
#10524 = CARTESIAN_POINT('',(-1.110171280765,1.310171280765,1.75));
#10525 = CIRCLE('',#10526,0.3);
#10526 = AXIS2_PLACEMENT_3D('',#10527,#10528,#10529);
#10527 = CARTESIAN_POINT('',(-1.110171280765,1.610171280765,1.75));
#10528 = DIRECTION('',(0.,-0.,-1.));
#10529 = DIRECTION('',(1.110223024625E-16,-1.,0.));
#10530 = PLANE('',#10531);
#10531 = AXIS2_PLACEMENT_3D('',#10532,#10533,#10534);
#10532 = CARTESIAN_POINT('',(-1.680085640382,2.260171280765,1.75));
#10533 = DIRECTION('',(0.,0.,-1.));
#10534 = DIRECTION('',(0.596575959062,-0.802556617983,0.));
#10535 = ADVANCED_FACE('',(#10536),#10546,.F.);
#10536 = FACE_BOUND('',#10537,.F.);
#10537 = EDGE_LOOP('',(#10538,#10539,#10540,#10541));
#10538 = ORIENTED_EDGE('',*,*,#8676,.T.);
#10539 = ORIENTED_EDGE('',*,*,#8461,.T.);
#10540 = ORIENTED_EDGE('',*,*,#10512,.F.);
#10541 = ORIENTED_EDGE('',*,*,#10542,.F.);
#10542 = EDGE_CURVE('',#8677,#10505,#10543,.T.);
#10543 = B_SPLINE_CURVE_WITH_KNOTS('',1,(#10544,#10545),.UNSPECIFIED.,
  .F.,.F.,(2,2),(0.,1.),.PIECEWISE_BEZIER_KNOTS.);
#10544 = CARTESIAN_POINT('',(-1.7375,-2.375,1.025));
#10545 = CARTESIAN_POINT('',(-1.680085640382,-2.260171280765,1.75));
#10546 = B_SPLINE_SURFACE_WITH_KNOTS('',1,1,(
    (#10547,#10548)
    ,(#10549,#10550
    )),.UNSPECIFIED.,.F.,.F.,.F.,(2,2),(2,2),(0.,0.194454364826),(0.,1.)
  ,.PIECEWISE_BEZIER_KNOTS.);
#10547 = CARTESIAN_POINT('',(-1.7375,-2.375,1.025));
#10548 = CARTESIAN_POINT('',(-1.680085640382,-2.260171280765,1.75));
#10549 = CARTESIAN_POINT('',(-1.875,-2.2375,1.025));
#10550 = CARTESIAN_POINT('',(-1.760171280765,-2.180085640382,1.75));
#10551 = ADVANCED_FACE('',(#10552),#10565,.F.);
#10552 = FACE_BOUND('',#10553,.F.);
#10553 = EDGE_LOOP('',(#10554,#10555,#10561,#10562,#10563,#10564));
#10554 = ORIENTED_EDGE('',*,*,#9850,.F.);
#10555 = ORIENTED_EDGE('',*,*,#10556,.T.);
#10556 = EDGE_CURVE('',#9842,#9951,#10557,.T.);
#10557 = LINE('',#10558,#10559);
#10558 = CARTESIAN_POINT('',(2.25,0.84,1.025));
#10559 = VECTOR('',#10560,1.);
#10560 = DIRECTION('',(1.110223024625E-16,-1.,0.));
#10561 = ORIENTED_EDGE('',*,*,#9959,.T.);
#10562 = ORIENTED_EDGE('',*,*,#9973,.T.);
#10563 = ORIENTED_EDGE('',*,*,#8560,.F.);
#10564 = ORIENTED_EDGE('',*,*,#9757,.F.);
#10565 = PLANE('',#10566);
#10566 = AXIS2_PLACEMENT_3D('',#10567,#10568,#10569);
#10567 = CARTESIAN_POINT('',(2.25,0.84,1.025));
#10568 = DIRECTION('',(0.,0.,-1.));
#10569 = DIRECTION('',(-1.,-1.110223024625E-16,-0.));
#10570 = ADVANCED_FACE('',(#10571),#10584,.F.);
#10571 = FACE_BOUND('',#10572,.F.);
#10572 = EDGE_LOOP('',(#10573,#10574,#10580,#10581,#10582,#10583));
#10573 = ORIENTED_EDGE('',*,*,#10073,.F.);
#10574 = ORIENTED_EDGE('',*,*,#10575,.T.);
#10575 = EDGE_CURVE('',#10065,#10174,#10576,.T.);
#10576 = LINE('',#10577,#10578);
#10577 = CARTESIAN_POINT('',(2.25,-0.43,1.025));
#10578 = VECTOR('',#10579,1.);
#10579 = DIRECTION('',(1.110223024625E-16,-1.,0.));
#10580 = ORIENTED_EDGE('',*,*,#10182,.T.);
#10581 = ORIENTED_EDGE('',*,*,#10196,.T.);
#10582 = ORIENTED_EDGE('',*,*,#8576,.F.);
#10583 = ORIENTED_EDGE('',*,*,#9980,.F.);
#10584 = PLANE('',#10585);
#10585 = AXIS2_PLACEMENT_3D('',#10586,#10587,#10588);
#10586 = CARTESIAN_POINT('',(2.25,-0.43,1.025));
#10587 = DIRECTION('',(0.,0.,-1.));
#10588 = DIRECTION('',(-1.,-1.110223024625E-16,-0.));
#10589 = ADVANCED_FACE('',(#10590),#10603,.F.);
#10590 = FACE_BOUND('',#10591,.F.);
#10591 = EDGE_LOOP('',(#10592,#10593,#10599,#10600,#10601,#10602));
#10592 = ORIENTED_EDGE('',*,*,#10296,.F.);
#10593 = ORIENTED_EDGE('',*,*,#10594,.T.);
#10594 = EDGE_CURVE('',#10288,#10397,#10595,.T.);
#10595 = LINE('',#10596,#10597);
#10596 = CARTESIAN_POINT('',(2.25,-1.7,1.025));
#10597 = VECTOR('',#10598,1.);
#10598 = DIRECTION('',(1.110223024625E-16,-1.,0.));
#10599 = ORIENTED_EDGE('',*,*,#10405,.T.);
#10600 = ORIENTED_EDGE('',*,*,#8699,.T.);
#10601 = ORIENTED_EDGE('',*,*,#8592,.F.);
#10602 = ORIENTED_EDGE('',*,*,#10203,.F.);
#10603 = PLANE('',#10604);
#10604 = AXIS2_PLACEMENT_3D('',#10605,#10606,#10607);
#10605 = CARTESIAN_POINT('',(2.25,-1.7,1.025));
#10606 = DIRECTION('',(0.,0.,-1.));
#10607 = DIRECTION('',(-1.,-1.110223024625E-16,-0.));
#10608 = ADVANCED_FACE('',(#10609),#10619,.F.);
#10609 = FACE_BOUND('',#10610,.F.);
#10610 = EDGE_LOOP('',(#10611,#10612,#10617,#10618));
#10611 = ORIENTED_EDGE('',*,*,#8692,.T.);
#10612 = ORIENTED_EDGE('',*,*,#10613,.T.);
#10613 = EDGE_CURVE('',#8685,#10497,#10614,.T.);
#10614 = B_SPLINE_CURVE_WITH_KNOTS('',1,(#10615,#10616),.UNSPECIFIED.,
  .F.,.F.,(2,2),(0.,1.),.PIECEWISE_BEZIER_KNOTS.);
#10615 = CARTESIAN_POINT('',(1.7375,-2.375,1.025));
#10616 = CARTESIAN_POINT('',(1.680085640382,-2.260171280765,1.75));
#10617 = ORIENTED_EDGE('',*,*,#10496,.F.);
#10618 = ORIENTED_EDGE('',*,*,#8608,.F.);
#10619 = B_SPLINE_SURFACE_WITH_KNOTS('',1,1,(
    (#10620,#10621)
    ,(#10622,#10623
    )),.UNSPECIFIED.,.F.,.F.,.F.,(2,2),(2,2),(0.,0.194454364826),(0.,1.)
  ,.PIECEWISE_BEZIER_KNOTS.);
#10620 = CARTESIAN_POINT('',(1.875,-2.2375,1.025));
#10621 = CARTESIAN_POINT('',(1.760171280765,-2.180085640382,1.75));
#10622 = CARTESIAN_POINT('',(1.7375,-2.375,1.025));
#10623 = CARTESIAN_POINT('',(1.680085640382,-2.260171280765,1.75));
#10624 = ADVANCED_FACE('',(#10625),#10636,.T.);
#10625 = FACE_BOUND('',#10626,.T.);
#10626 = EDGE_LOOP('',(#10627,#10628,#10629,#10630));
#10627 = ORIENTED_EDGE('',*,*,#9637,.T.);
#10628 = ORIENTED_EDGE('',*,*,#8638,.T.);
#10629 = ORIENTED_EDGE('',*,*,#9739,.F.);
#10630 = ORIENTED_EDGE('',*,*,#10631,.F.);
#10631 = EDGE_CURVE('',#9630,#9732,#10632,.T.);
#10632 = LINE('',#10633,#10634);
#10633 = CARTESIAN_POINT('',(2.545442325904,2.11,0.7770944533));
#10634 = VECTOR('',#10635,1.);
#10635 = DIRECTION('',(1.110223024625E-16,-1.,0.));
#10636 = CYLINDRICAL_SURFACE('',#10637,0.3);
#10637 = AXIS2_PLACEMENT_3D('',#10638,#10639,#10640);
#10638 = CARTESIAN_POINT('',(2.25,2.11,0.725));
#10639 = DIRECTION('',(-1.110223024625E-16,1.,0.));
#10640 = DIRECTION('',(0.984807753012,1.093356242223E-16,0.173648177667)
  );
#10641 = ADVANCED_FACE('',(#10642),#10648,.F.);
#10642 = FACE_BOUND('',#10643,.F.);
#10643 = EDGE_LOOP('',(#10644,#10645,#10646,#10647));
#10644 = ORIENTED_EDGE('',*,*,#8684,.T.);
#10645 = ORIENTED_EDGE('',*,*,#10542,.T.);
#10646 = ORIENTED_EDGE('',*,*,#10504,.F.);
#10647 = ORIENTED_EDGE('',*,*,#10613,.F.);
#10648 = B_SPLINE_SURFACE_WITH_KNOTS('',1,1,(
    (#10649,#10650)
    ,(#10651,#10652
    )),.UNSPECIFIED.,.F.,.F.,.F.,(2,2),(2,2),(0.,3.475),(0.,1.),
  .PIECEWISE_BEZIER_KNOTS.);
#10649 = CARTESIAN_POINT('',(1.7375,-2.375,1.025));
#10650 = CARTESIAN_POINT('',(1.680085640382,-2.260171280765,1.75));
#10651 = CARTESIAN_POINT('',(-1.7375,-2.375,1.025));
#10652 = CARTESIAN_POINT('',(-1.680085640382,-2.260171280765,1.75));
#10653 = ADVANCED_FACE('',(#10654),#10665,.T.);
#10654 = FACE_BOUND('',#10655,.T.);
#10655 = EDGE_LOOP('',(#10656,#10657,#10658,#10659));
#10656 = ORIENTED_EDGE('',*,*,#8786,.T.);
#10657 = ORIENTED_EDGE('',*,*,#10437,.T.);
#10658 = ORIENTED_EDGE('',*,*,#8895,.F.);
#10659 = ORIENTED_EDGE('',*,*,#10660,.F.);
#10660 = EDGE_CURVE('',#8779,#8888,#10661,.T.);
#10661 = LINE('',#10662,#10663);
#10662 = CARTESIAN_POINT('',(-2.545442325904,-2.11,0.7770944533));
#10663 = VECTOR('',#10664,1.);
#10664 = DIRECTION('',(1.144237745222E-17,1.,0.));
#10665 = CYLINDRICAL_SURFACE('',#10666,0.3);
#10666 = AXIS2_PLACEMENT_3D('',#10667,#10668,#10669);
#10667 = CARTESIAN_POINT('',(-2.25,-2.11,0.725));
#10668 = DIRECTION('',(-1.144237745222E-17,-1.,0.));
#10669 = DIRECTION('',(-0.984807753012,1.126854202784E-17,0.173648177667
    ));
#10670 = ADVANCED_FACE('',(#10671),#10682,.F.);
#10671 = FACE_BOUND('',#10672,.F.);
#10672 = EDGE_LOOP('',(#10673,#10679,#10680,#10681));
#10673 = ORIENTED_EDGE('',*,*,#10674,.T.);
#10674 = EDGE_CURVE('',#8770,#8879,#10675,.T.);
#10675 = LINE('',#10676,#10677);
#10676 = CARTESIAN_POINT('',(-2.6264581915,-2.11,0.282635182233));
#10677 = VECTOR('',#10678,1.);
#10678 = DIRECTION('',(1.144237745222E-17,1.,0.));
#10679 = ORIENTED_EDGE('',*,*,#8887,.T.);
#10680 = ORIENTED_EDGE('',*,*,#10660,.F.);
#10681 = ORIENTED_EDGE('',*,*,#8778,.F.);
#10682 = PLANE('',#10683);
#10683 = AXIS2_PLACEMENT_3D('',#10684,#10685,#10686);
#10684 = CARTESIAN_POINT('',(-2.6264581915,-2.11,0.282635182233));
#10685 = DIRECTION('',(0.986841372087,-1.129181146488E-17,
    -0.161691392282));
#10686 = DIRECTION('',(0.161691392282,-1.85013394127E-18,0.986841372087)
  );
#10687 = ADVANCED_FACE('',(#10688),#10699,.F.);
#10688 = FACE_BOUND('',#10689,.F.);
#10689 = EDGE_LOOP('',(#10690,#10696,#10697,#10698));
#10690 = ORIENTED_EDGE('',*,*,#10691,.T.);
#10691 = EDGE_CURVE('',#8762,#8871,#10692,.T.);
#10692 = LINE('',#10693,#10694);
#10693 = CARTESIAN_POINT('',(-2.724938966801,-2.11,0.2));
#10694 = VECTOR('',#10695,1.);
#10695 = DIRECTION('',(1.144237745222E-17,1.,0.));
#10696 = ORIENTED_EDGE('',*,*,#8878,.T.);
#10697 = ORIENTED_EDGE('',*,*,#10674,.F.);
#10698 = ORIENTED_EDGE('',*,*,#8769,.F.);
#10699 = CYLINDRICAL_SURFACE('',#10700,0.1);
#10700 = AXIS2_PLACEMENT_3D('',#10701,#10702,#10703);
#10701 = CARTESIAN_POINT('',(-2.724938966801,-2.11,0.3));
#10702 = DIRECTION('',(-1.144237745222E-17,-1.,0.));
#10703 = DIRECTION('',(-0.,0.,-1.));
#10704 = ADVANCED_FACE('',(#10705),#10716,.F.);
#10705 = FACE_BOUND('',#10706,.F.);
#10706 = EDGE_LOOP('',(#10707,#10713,#10714,#10715));
#10707 = ORIENTED_EDGE('',*,*,#10708,.T.);
#10708 = EDGE_CURVE('',#8754,#8863,#10709,.T.);
#10709 = LINE('',#10710,#10711);
#10710 = CARTESIAN_POINT('',(-3.,-2.11,0.2));
#10711 = VECTOR('',#10712,1.);
#10712 = DIRECTION('',(1.144237745222E-17,1.,0.));
#10713 = ORIENTED_EDGE('',*,*,#8870,.T.);
#10714 = ORIENTED_EDGE('',*,*,#10691,.F.);
#10715 = ORIENTED_EDGE('',*,*,#8761,.F.);
#10716 = PLANE('',#10717);
#10717 = AXIS2_PLACEMENT_3D('',#10718,#10719,#10720);
#10718 = CARTESIAN_POINT('',(-3.,-2.11,0.2));
#10719 = DIRECTION('',(0.,0.,-1.));
#10720 = DIRECTION('',(1.,-1.144237745222E-17,0.));
#10721 = ADVANCED_FACE('',(#10722),#10733,.F.);
#10722 = FACE_BOUND('',#10723,.F.);
#10723 = EDGE_LOOP('',(#10724,#10730,#10731,#10732));
#10724 = ORIENTED_EDGE('',*,*,#10725,.T.);
#10725 = EDGE_CURVE('',#8746,#8855,#10726,.T.);
#10726 = LINE('',#10727,#10728);
#10727 = CARTESIAN_POINT('',(-3.,-2.11,-1.665334536938E-16));
#10728 = VECTOR('',#10729,1.);
#10729 = DIRECTION('',(1.144237745222E-17,1.,0.));
#10730 = ORIENTED_EDGE('',*,*,#8862,.T.);
#10731 = ORIENTED_EDGE('',*,*,#10708,.F.);
#10732 = ORIENTED_EDGE('',*,*,#8753,.F.);
#10733 = PLANE('',#10734);
#10734 = AXIS2_PLACEMENT_3D('',#10735,#10736,#10737);
#10735 = CARTESIAN_POINT('',(-3.,-2.11,-1.665334536938E-16));
#10736 = DIRECTION('',(1.,-1.144237745222E-17,0.));
#10737 = DIRECTION('',(0.,0.,1.));
#10738 = ADVANCED_FACE('',(#10739),#10750,.F.);
#10739 = FACE_BOUND('',#10740,.F.);
#10740 = EDGE_LOOP('',(#10741,#10747,#10748,#10749));
#10741 = ORIENTED_EDGE('',*,*,#10742,.T.);
#10742 = EDGE_CURVE('',#8737,#8846,#10743,.T.);
#10743 = LINE('',#10744,#10745);
#10744 = CARTESIAN_POINT('',(-2.724938966801,-2.11,-1.665334536938E-16)
  );
#10745 = VECTOR('',#10746,1.);
#10746 = DIRECTION('',(1.144237745222E-17,1.,0.));
#10747 = ORIENTED_EDGE('',*,*,#8854,.T.);
#10748 = ORIENTED_EDGE('',*,*,#10725,.F.);
#10749 = ORIENTED_EDGE('',*,*,#8745,.F.);
#10750 = PLANE('',#10751);
#10751 = AXIS2_PLACEMENT_3D('',#10752,#10753,#10754);
#10752 = CARTESIAN_POINT('',(-2.724938966801,-2.11,-1.665334536938E-16)
  );
#10753 = DIRECTION('',(0.,0.,1.));
#10754 = DIRECTION('',(-1.,1.144237745222E-17,0.));
#10755 = ADVANCED_FACE('',(#10756),#10767,.T.);
#10756 = FACE_BOUND('',#10757,.T.);
#10757 = EDGE_LOOP('',(#10758,#10759,#10760,#10761));
#10758 = ORIENTED_EDGE('',*,*,#8736,.T.);
#10759 = ORIENTED_EDGE('',*,*,#10742,.T.);
#10760 = ORIENTED_EDGE('',*,*,#8845,.F.);
#10761 = ORIENTED_EDGE('',*,*,#10762,.F.);
#10762 = EDGE_CURVE('',#8729,#8838,#10763,.T.);
#10763 = LINE('',#10764,#10765);
#10764 = CARTESIAN_POINT('',(-2.429496640897,-2.11,0.2479055467));
#10765 = VECTOR('',#10766,1.);
#10766 = DIRECTION('',(1.144237745222E-17,1.,0.));
#10767 = CYLINDRICAL_SURFACE('',#10768,0.3);
#10768 = AXIS2_PLACEMENT_3D('',#10769,#10770,#10771);
#10769 = CARTESIAN_POINT('',(-2.724938966801,-2.11,0.3));
#10770 = DIRECTION('',(-1.144237745222E-17,-1.,0.));
#10771 = DIRECTION('',(0.984807753012,-1.126854202784E-17,
    -0.173648177667));
#10772 = ADVANCED_FACE('',(#10773),#10779,.F.);
#10773 = FACE_BOUND('',#10774,.F.);
#10774 = EDGE_LOOP('',(#10775,#10776,#10777,#10778));
#10775 = ORIENTED_EDGE('',*,*,#8819,.T.);
#10776 = ORIENTED_EDGE('',*,*,#8837,.T.);
#10777 = ORIENTED_EDGE('',*,*,#10762,.F.);
#10778 = ORIENTED_EDGE('',*,*,#8728,.F.);
#10779 = PLANE('',#10780);
#10780 = AXIS2_PLACEMENT_3D('',#10781,#10782,#10783);
#10781 = CARTESIAN_POINT('',(-2.348480775301,-2.11,0.742364817767));
#10782 = DIRECTION('',(-0.986841372087,1.129181146488E-17,0.161691392282
    ));
#10783 = DIRECTION('',(-0.161691392282,1.85013394127E-18,-0.986841372087
    ));
#10784 = ADVANCED_FACE('',(#10785),#10796,.T.);
#10785 = FACE_BOUND('',#10786,.T.);
#10786 = EDGE_LOOP('',(#10787,#10788,#10789,#10790));
#10787 = ORIENTED_EDGE('',*,*,#9009,.T.);
#10788 = ORIENTED_EDGE('',*,*,#10456,.T.);
#10789 = ORIENTED_EDGE('',*,*,#9118,.F.);
#10790 = ORIENTED_EDGE('',*,*,#10791,.F.);
#10791 = EDGE_CURVE('',#9002,#9111,#10792,.T.);
#10792 = LINE('',#10793,#10794);
#10793 = CARTESIAN_POINT('',(-2.545442325904,-0.84,0.7770944533));
#10794 = VECTOR('',#10795,1.);
#10795 = DIRECTION('',(1.144237745222E-17,1.,0.));
#10796 = CYLINDRICAL_SURFACE('',#10797,0.3);
#10797 = AXIS2_PLACEMENT_3D('',#10798,#10799,#10800);
#10798 = CARTESIAN_POINT('',(-2.25,-0.84,0.725));
#10799 = DIRECTION('',(-1.144237745222E-17,-1.,0.));
#10800 = DIRECTION('',(-0.984807753012,1.126854202784E-17,0.173648177667
    ));
#10801 = ADVANCED_FACE('',(#10802),#10813,.F.);
#10802 = FACE_BOUND('',#10803,.F.);
#10803 = EDGE_LOOP('',(#10804,#10810,#10811,#10812));
#10804 = ORIENTED_EDGE('',*,*,#10805,.T.);
#10805 = EDGE_CURVE('',#8993,#9102,#10806,.T.);
#10806 = LINE('',#10807,#10808);
#10807 = CARTESIAN_POINT('',(-2.6264581915,-0.84,0.282635182233));
#10808 = VECTOR('',#10809,1.);
#10809 = DIRECTION('',(1.144237745222E-17,1.,0.));
#10810 = ORIENTED_EDGE('',*,*,#9110,.T.);
#10811 = ORIENTED_EDGE('',*,*,#10791,.F.);
#10812 = ORIENTED_EDGE('',*,*,#9001,.F.);
#10813 = PLANE('',#10814);
#10814 = AXIS2_PLACEMENT_3D('',#10815,#10816,#10817);
#10815 = CARTESIAN_POINT('',(-2.6264581915,-0.84,0.282635182233));
#10816 = DIRECTION('',(0.986841372087,-1.129181146488E-17,
    -0.161691392282));
#10817 = DIRECTION('',(0.161691392282,-1.85013394127E-18,0.986841372087)
  );
#10818 = ADVANCED_FACE('',(#10819),#10830,.F.);
#10819 = FACE_BOUND('',#10820,.F.);
#10820 = EDGE_LOOP('',(#10821,#10827,#10828,#10829));
#10821 = ORIENTED_EDGE('',*,*,#10822,.T.);
#10822 = EDGE_CURVE('',#8985,#9094,#10823,.T.);
#10823 = LINE('',#10824,#10825);
#10824 = CARTESIAN_POINT('',(-2.724938966801,-0.84,0.2));
#10825 = VECTOR('',#10826,1.);
#10826 = DIRECTION('',(1.144237745222E-17,1.,0.));
#10827 = ORIENTED_EDGE('',*,*,#9101,.T.);
#10828 = ORIENTED_EDGE('',*,*,#10805,.F.);
#10829 = ORIENTED_EDGE('',*,*,#8992,.F.);
#10830 = CYLINDRICAL_SURFACE('',#10831,0.1);
#10831 = AXIS2_PLACEMENT_3D('',#10832,#10833,#10834);
#10832 = CARTESIAN_POINT('',(-2.724938966801,-0.84,0.3));
#10833 = DIRECTION('',(-1.144237745222E-17,-1.,0.));
#10834 = DIRECTION('',(-0.,0.,-1.));
#10835 = ADVANCED_FACE('',(#10836),#10847,.F.);
#10836 = FACE_BOUND('',#10837,.F.);
#10837 = EDGE_LOOP('',(#10838,#10844,#10845,#10846));
#10838 = ORIENTED_EDGE('',*,*,#10839,.T.);
#10839 = EDGE_CURVE('',#8977,#9086,#10840,.T.);
#10840 = LINE('',#10841,#10842);
#10841 = CARTESIAN_POINT('',(-3.,-0.84,0.2));
#10842 = VECTOR('',#10843,1.);
#10843 = DIRECTION('',(1.144237745222E-17,1.,0.));
#10844 = ORIENTED_EDGE('',*,*,#9093,.T.);
#10845 = ORIENTED_EDGE('',*,*,#10822,.F.);
#10846 = ORIENTED_EDGE('',*,*,#8984,.F.);
#10847 = PLANE('',#10848);
#10848 = AXIS2_PLACEMENT_3D('',#10849,#10850,#10851);
#10849 = CARTESIAN_POINT('',(-3.,-0.84,0.2));
#10850 = DIRECTION('',(0.,0.,-1.));
#10851 = DIRECTION('',(1.,-1.144237745222E-17,0.));
#10852 = ADVANCED_FACE('',(#10853),#10864,.F.);
#10853 = FACE_BOUND('',#10854,.F.);
#10854 = EDGE_LOOP('',(#10855,#10861,#10862,#10863));
#10855 = ORIENTED_EDGE('',*,*,#10856,.T.);
#10856 = EDGE_CURVE('',#8969,#9078,#10857,.T.);
#10857 = LINE('',#10858,#10859);
#10858 = CARTESIAN_POINT('',(-3.,-0.84,-1.665334536938E-16));
#10859 = VECTOR('',#10860,1.);
#10860 = DIRECTION('',(1.144237745222E-17,1.,0.));
#10861 = ORIENTED_EDGE('',*,*,#9085,.T.);
#10862 = ORIENTED_EDGE('',*,*,#10839,.F.);
#10863 = ORIENTED_EDGE('',*,*,#8976,.F.);
#10864 = PLANE('',#10865);
#10865 = AXIS2_PLACEMENT_3D('',#10866,#10867,#10868);
#10866 = CARTESIAN_POINT('',(-3.,-0.84,-1.665334536938E-16));
#10867 = DIRECTION('',(1.,-1.144237745222E-17,0.));
#10868 = DIRECTION('',(0.,0.,1.));
#10869 = ADVANCED_FACE('',(#10870),#10881,.F.);
#10870 = FACE_BOUND('',#10871,.F.);
#10871 = EDGE_LOOP('',(#10872,#10878,#10879,#10880));
#10872 = ORIENTED_EDGE('',*,*,#10873,.T.);
#10873 = EDGE_CURVE('',#8960,#9069,#10874,.T.);
#10874 = LINE('',#10875,#10876);
#10875 = CARTESIAN_POINT('',(-2.724938966801,-0.84,-1.665334536938E-16)
  );
#10876 = VECTOR('',#10877,1.);
#10877 = DIRECTION('',(1.144237745222E-17,1.,0.));
#10878 = ORIENTED_EDGE('',*,*,#9077,.T.);
#10879 = ORIENTED_EDGE('',*,*,#10856,.F.);
#10880 = ORIENTED_EDGE('',*,*,#8968,.F.);
#10881 = PLANE('',#10882);
#10882 = AXIS2_PLACEMENT_3D('',#10883,#10884,#10885);
#10883 = CARTESIAN_POINT('',(-2.724938966801,-0.84,-1.665334536938E-16)
  );
#10884 = DIRECTION('',(0.,0.,1.));
#10885 = DIRECTION('',(-1.,1.144237745222E-17,0.));
#10886 = ADVANCED_FACE('',(#10887),#10898,.T.);
#10887 = FACE_BOUND('',#10888,.T.);
#10888 = EDGE_LOOP('',(#10889,#10890,#10891,#10892));
#10889 = ORIENTED_EDGE('',*,*,#8959,.T.);
#10890 = ORIENTED_EDGE('',*,*,#10873,.T.);
#10891 = ORIENTED_EDGE('',*,*,#9068,.F.);
#10892 = ORIENTED_EDGE('',*,*,#10893,.F.);
#10893 = EDGE_CURVE('',#8952,#9061,#10894,.T.);
#10894 = LINE('',#10895,#10896);
#10895 = CARTESIAN_POINT('',(-2.429496640897,-0.84,0.2479055467));
#10896 = VECTOR('',#10897,1.);
#10897 = DIRECTION('',(1.144237745222E-17,1.,0.));
#10898 = CYLINDRICAL_SURFACE('',#10899,0.3);
#10899 = AXIS2_PLACEMENT_3D('',#10900,#10901,#10902);
#10900 = CARTESIAN_POINT('',(-2.724938966801,-0.84,0.3));
#10901 = DIRECTION('',(-1.144237745222E-17,-1.,0.));
#10902 = DIRECTION('',(0.984807753012,-1.126854202784E-17,
    -0.173648177667));
#10903 = ADVANCED_FACE('',(#10904),#10910,.F.);
#10904 = FACE_BOUND('',#10905,.F.);
#10905 = EDGE_LOOP('',(#10906,#10907,#10908,#10909));
#10906 = ORIENTED_EDGE('',*,*,#9042,.T.);
#10907 = ORIENTED_EDGE('',*,*,#9060,.T.);
#10908 = ORIENTED_EDGE('',*,*,#10893,.F.);
#10909 = ORIENTED_EDGE('',*,*,#8951,.F.);
#10910 = PLANE('',#10911);
#10911 = AXIS2_PLACEMENT_3D('',#10912,#10913,#10914);
#10912 = CARTESIAN_POINT('',(-2.348480775301,-0.84,0.742364817767));
#10913 = DIRECTION('',(-0.986841372087,1.129181146488E-17,0.161691392282
    ));
#10914 = DIRECTION('',(-0.161691392282,1.85013394127E-18,-0.986841372087
    ));
#10915 = ADVANCED_FACE('',(#10916),#10927,.T.);
#10916 = FACE_BOUND('',#10917,.T.);
#10917 = EDGE_LOOP('',(#10918,#10919,#10920,#10921));
#10918 = ORIENTED_EDGE('',*,*,#9232,.T.);
#10919 = ORIENTED_EDGE('',*,*,#10475,.T.);
#10920 = ORIENTED_EDGE('',*,*,#9341,.F.);
#10921 = ORIENTED_EDGE('',*,*,#10922,.F.);
#10922 = EDGE_CURVE('',#9225,#9334,#10923,.T.);
#10923 = LINE('',#10924,#10925);
#10924 = CARTESIAN_POINT('',(-2.545442325904,0.43,0.7770944533));
#10925 = VECTOR('',#10926,1.);
#10926 = DIRECTION('',(1.144237745222E-17,1.,0.));
#10927 = CYLINDRICAL_SURFACE('',#10928,0.3);
#10928 = AXIS2_PLACEMENT_3D('',#10929,#10930,#10931);
#10929 = CARTESIAN_POINT('',(-2.25,0.43,0.725));
#10930 = DIRECTION('',(-1.144237745222E-17,-1.,0.));
#10931 = DIRECTION('',(-0.984807753012,1.126854202784E-17,0.173648177667
    ));
#10932 = ADVANCED_FACE('',(#10933),#10944,.F.);
#10933 = FACE_BOUND('',#10934,.F.);
#10934 = EDGE_LOOP('',(#10935,#10941,#10942,#10943));
#10935 = ORIENTED_EDGE('',*,*,#10936,.T.);
#10936 = EDGE_CURVE('',#9216,#9325,#10937,.T.);
#10937 = LINE('',#10938,#10939);
#10938 = CARTESIAN_POINT('',(-2.6264581915,0.43,0.282635182233));
#10939 = VECTOR('',#10940,1.);
#10940 = DIRECTION('',(1.144237745222E-17,1.,0.));
#10941 = ORIENTED_EDGE('',*,*,#9333,.T.);
#10942 = ORIENTED_EDGE('',*,*,#10922,.F.);
#10943 = ORIENTED_EDGE('',*,*,#9224,.F.);
#10944 = PLANE('',#10945);
#10945 = AXIS2_PLACEMENT_3D('',#10946,#10947,#10948);
#10946 = CARTESIAN_POINT('',(-2.6264581915,0.43,0.282635182233));
#10947 = DIRECTION('',(0.986841372087,-1.129181146488E-17,
    -0.161691392282));
#10948 = DIRECTION('',(0.161691392282,-1.85013394127E-18,0.986841372087)
  );
#10949 = ADVANCED_FACE('',(#10950),#10961,.F.);
#10950 = FACE_BOUND('',#10951,.F.);
#10951 = EDGE_LOOP('',(#10952,#10958,#10959,#10960));
#10952 = ORIENTED_EDGE('',*,*,#10953,.T.);
#10953 = EDGE_CURVE('',#9208,#9317,#10954,.T.);
#10954 = LINE('',#10955,#10956);
#10955 = CARTESIAN_POINT('',(-2.724938966801,0.43,0.2));
#10956 = VECTOR('',#10957,1.);
#10957 = DIRECTION('',(1.144237745222E-17,1.,0.));
#10958 = ORIENTED_EDGE('',*,*,#9324,.T.);
#10959 = ORIENTED_EDGE('',*,*,#10936,.F.);
#10960 = ORIENTED_EDGE('',*,*,#9215,.F.);
#10961 = CYLINDRICAL_SURFACE('',#10962,0.1);
#10962 = AXIS2_PLACEMENT_3D('',#10963,#10964,#10965);
#10963 = CARTESIAN_POINT('',(-2.724938966801,0.43,0.3));
#10964 = DIRECTION('',(-1.144237745222E-17,-1.,0.));
#10965 = DIRECTION('',(-0.,0.,-1.));
#10966 = ADVANCED_FACE('',(#10967),#10978,.F.);
#10967 = FACE_BOUND('',#10968,.F.);
#10968 = EDGE_LOOP('',(#10969,#10975,#10976,#10977));
#10969 = ORIENTED_EDGE('',*,*,#10970,.T.);
#10970 = EDGE_CURVE('',#9200,#9309,#10971,.T.);
#10971 = LINE('',#10972,#10973);
#10972 = CARTESIAN_POINT('',(-3.,0.43,0.2));
#10973 = VECTOR('',#10974,1.);
#10974 = DIRECTION('',(1.144237745222E-17,1.,0.));
#10975 = ORIENTED_EDGE('',*,*,#9316,.T.);
#10976 = ORIENTED_EDGE('',*,*,#10953,.F.);
#10977 = ORIENTED_EDGE('',*,*,#9207,.F.);
#10978 = PLANE('',#10979);
#10979 = AXIS2_PLACEMENT_3D('',#10980,#10981,#10982);
#10980 = CARTESIAN_POINT('',(-3.,0.43,0.2));
#10981 = DIRECTION('',(0.,0.,-1.));
#10982 = DIRECTION('',(1.,-1.144237745222E-17,0.));
#10983 = ADVANCED_FACE('',(#10984),#10995,.F.);
#10984 = FACE_BOUND('',#10985,.F.);
#10985 = EDGE_LOOP('',(#10986,#10992,#10993,#10994));
#10986 = ORIENTED_EDGE('',*,*,#10987,.T.);
#10987 = EDGE_CURVE('',#9192,#9301,#10988,.T.);
#10988 = LINE('',#10989,#10990);
#10989 = CARTESIAN_POINT('',(-3.,0.43,-1.665334536938E-16));
#10990 = VECTOR('',#10991,1.);
#10991 = DIRECTION('',(1.144237745222E-17,1.,0.));
#10992 = ORIENTED_EDGE('',*,*,#9308,.T.);
#10993 = ORIENTED_EDGE('',*,*,#10970,.F.);
#10994 = ORIENTED_EDGE('',*,*,#9199,.F.);
#10995 = PLANE('',#10996);
#10996 = AXIS2_PLACEMENT_3D('',#10997,#10998,#10999);
#10997 = CARTESIAN_POINT('',(-3.,0.43,-1.665334536938E-16));
#10998 = DIRECTION('',(1.,-1.144237745222E-17,0.));
#10999 = DIRECTION('',(0.,0.,1.));
#11000 = ADVANCED_FACE('',(#11001),#11012,.F.);
#11001 = FACE_BOUND('',#11002,.F.);
#11002 = EDGE_LOOP('',(#11003,#11009,#11010,#11011));
#11003 = ORIENTED_EDGE('',*,*,#11004,.T.);
#11004 = EDGE_CURVE('',#9183,#9292,#11005,.T.);
#11005 = LINE('',#11006,#11007);
#11006 = CARTESIAN_POINT('',(-2.724938966801,0.43,-1.665334536938E-16));
#11007 = VECTOR('',#11008,1.);
#11008 = DIRECTION('',(1.144237745222E-17,1.,0.));
#11009 = ORIENTED_EDGE('',*,*,#9300,.T.);
#11010 = ORIENTED_EDGE('',*,*,#10987,.F.);
#11011 = ORIENTED_EDGE('',*,*,#9191,.F.);
#11012 = PLANE('',#11013);
#11013 = AXIS2_PLACEMENT_3D('',#11014,#11015,#11016);
#11014 = CARTESIAN_POINT('',(-2.724938966801,0.43,-1.665334536938E-16));
#11015 = DIRECTION('',(0.,0.,1.));
#11016 = DIRECTION('',(-1.,1.144237745222E-17,0.));
#11017 = ADVANCED_FACE('',(#11018),#11029,.T.);
#11018 = FACE_BOUND('',#11019,.T.);
#11019 = EDGE_LOOP('',(#11020,#11021,#11022,#11023));
#11020 = ORIENTED_EDGE('',*,*,#9182,.T.);
#11021 = ORIENTED_EDGE('',*,*,#11004,.T.);
#11022 = ORIENTED_EDGE('',*,*,#9291,.F.);
#11023 = ORIENTED_EDGE('',*,*,#11024,.F.);
#11024 = EDGE_CURVE('',#9175,#9284,#11025,.T.);
#11025 = LINE('',#11026,#11027);
#11026 = CARTESIAN_POINT('',(-2.429496640897,0.43,0.2479055467));
#11027 = VECTOR('',#11028,1.);
#11028 = DIRECTION('',(1.144237745222E-17,1.,0.));
#11029 = CYLINDRICAL_SURFACE('',#11030,0.3);
#11030 = AXIS2_PLACEMENT_3D('',#11031,#11032,#11033);
#11031 = CARTESIAN_POINT('',(-2.724938966801,0.43,0.3));
#11032 = DIRECTION('',(-1.144237745222E-17,-1.,0.));
#11033 = DIRECTION('',(0.984807753012,-1.126854202784E-17,
    -0.173648177667));
#11034 = ADVANCED_FACE('',(#11035),#11041,.F.);
#11035 = FACE_BOUND('',#11036,.F.);
#11036 = EDGE_LOOP('',(#11037,#11038,#11039,#11040));
#11037 = ORIENTED_EDGE('',*,*,#9265,.T.);
#11038 = ORIENTED_EDGE('',*,*,#9283,.T.);
#11039 = ORIENTED_EDGE('',*,*,#11024,.F.);
#11040 = ORIENTED_EDGE('',*,*,#9174,.F.);
#11041 = PLANE('',#11042);
#11042 = AXIS2_PLACEMENT_3D('',#11043,#11044,#11045);
#11043 = CARTESIAN_POINT('',(-2.348480775301,0.43,0.742364817767));
#11044 = DIRECTION('',(-0.986841372087,1.129181146488E-17,0.161691392282
    ));
#11045 = DIRECTION('',(-0.161691392282,1.85013394127E-18,-0.986841372087
    ));
#11046 = ADVANCED_FACE('',(#11047),#11058,.F.);
#11047 = FACE_BOUND('',#11048,.F.);
#11048 = EDGE_LOOP('',(#11049,#11055,#11056,#11057));
#11049 = ORIENTED_EDGE('',*,*,#11050,.T.);
#11050 = EDGE_CURVE('',#9434,#9536,#11051,.T.);
#11051 = LINE('',#11052,#11053);
#11052 = CARTESIAN_POINT('',(-2.6264581915,1.7,0.282635182233));
#11053 = VECTOR('',#11054,1.);
#11054 = DIRECTION('',(1.144237745222E-17,1.,0.));
#11055 = ORIENTED_EDGE('',*,*,#9544,.T.);
#11056 = ORIENTED_EDGE('',*,*,#10422,.F.);
#11057 = ORIENTED_EDGE('',*,*,#9442,.F.);
#11058 = PLANE('',#11059);
#11059 = AXIS2_PLACEMENT_3D('',#11060,#11061,#11062);
#11060 = CARTESIAN_POINT('',(-2.6264581915,1.7,0.282635182233));
#11061 = DIRECTION('',(0.986841372087,-1.129181146488E-17,
    -0.161691392282));
#11062 = DIRECTION('',(0.161691392282,-1.85013394127E-18,0.986841372087)
  );
#11063 = ADVANCED_FACE('',(#11064),#11075,.F.);
#11064 = FACE_BOUND('',#11065,.F.);
#11065 = EDGE_LOOP('',(#11066,#11072,#11073,#11074));
#11066 = ORIENTED_EDGE('',*,*,#11067,.T.);
#11067 = EDGE_CURVE('',#9426,#9528,#11068,.T.);
#11068 = LINE('',#11069,#11070);
#11069 = CARTESIAN_POINT('',(-2.724938966801,1.7,0.2));
#11070 = VECTOR('',#11071,1.);
#11071 = DIRECTION('',(1.144237745222E-17,1.,0.));
#11072 = ORIENTED_EDGE('',*,*,#9535,.T.);
#11073 = ORIENTED_EDGE('',*,*,#11050,.F.);
#11074 = ORIENTED_EDGE('',*,*,#9433,.F.);
#11075 = CYLINDRICAL_SURFACE('',#11076,0.1);
#11076 = AXIS2_PLACEMENT_3D('',#11077,#11078,#11079);
#11077 = CARTESIAN_POINT('',(-2.724938966801,1.7,0.3));
#11078 = DIRECTION('',(-1.144237745222E-17,-1.,0.));
#11079 = DIRECTION('',(-0.,0.,-1.));
#11080 = ADVANCED_FACE('',(#11081),#11092,.F.);
#11081 = FACE_BOUND('',#11082,.F.);
#11082 = EDGE_LOOP('',(#11083,#11089,#11090,#11091));
#11083 = ORIENTED_EDGE('',*,*,#11084,.T.);
#11084 = EDGE_CURVE('',#9418,#9520,#11085,.T.);
#11085 = LINE('',#11086,#11087);
#11086 = CARTESIAN_POINT('',(-3.,1.7,0.2));
#11087 = VECTOR('',#11088,1.);
#11088 = DIRECTION('',(1.144237745222E-17,1.,0.));
#11089 = ORIENTED_EDGE('',*,*,#9527,.T.);
#11090 = ORIENTED_EDGE('',*,*,#11067,.F.);
#11091 = ORIENTED_EDGE('',*,*,#9425,.F.);
#11092 = PLANE('',#11093);
#11093 = AXIS2_PLACEMENT_3D('',#11094,#11095,#11096);
#11094 = CARTESIAN_POINT('',(-3.,1.7,0.2));
#11095 = DIRECTION('',(0.,0.,-1.));
#11096 = DIRECTION('',(1.,-1.144237745222E-17,0.));
#11097 = ADVANCED_FACE('',(#11098),#11109,.F.);
#11098 = FACE_BOUND('',#11099,.F.);
#11099 = EDGE_LOOP('',(#11100,#11106,#11107,#11108));
#11100 = ORIENTED_EDGE('',*,*,#11101,.T.);
#11101 = EDGE_CURVE('',#9410,#9512,#11102,.T.);
#11102 = LINE('',#11103,#11104);
#11103 = CARTESIAN_POINT('',(-3.,1.7,-1.665334536938E-16));
#11104 = VECTOR('',#11105,1.);
#11105 = DIRECTION('',(1.144237745222E-17,1.,0.));
#11106 = ORIENTED_EDGE('',*,*,#9519,.T.);
#11107 = ORIENTED_EDGE('',*,*,#11084,.F.);
#11108 = ORIENTED_EDGE('',*,*,#9417,.F.);
#11109 = PLANE('',#11110);
#11110 = AXIS2_PLACEMENT_3D('',#11111,#11112,#11113);
#11111 = CARTESIAN_POINT('',(-3.,1.7,-1.665334536938E-16));
#11112 = DIRECTION('',(1.,-1.144237745222E-17,0.));
#11113 = DIRECTION('',(0.,0.,1.));
#11114 = ADVANCED_FACE('',(#11115),#11126,.F.);
#11115 = FACE_BOUND('',#11116,.F.);
#11116 = EDGE_LOOP('',(#11117,#11123,#11124,#11125));
#11117 = ORIENTED_EDGE('',*,*,#11118,.T.);
#11118 = EDGE_CURVE('',#9401,#9503,#11119,.T.);
#11119 = LINE('',#11120,#11121);
#11120 = CARTESIAN_POINT('',(-2.724938966801,1.7,-1.665334536938E-16));
#11121 = VECTOR('',#11122,1.);
#11122 = DIRECTION('',(1.144237745222E-17,1.,0.));
#11123 = ORIENTED_EDGE('',*,*,#9511,.T.);
#11124 = ORIENTED_EDGE('',*,*,#11101,.F.);
#11125 = ORIENTED_EDGE('',*,*,#9409,.F.);
#11126 = PLANE('',#11127);
#11127 = AXIS2_PLACEMENT_3D('',#11128,#11129,#11130);
#11128 = CARTESIAN_POINT('',(-2.724938966801,1.7,-1.665334536938E-16));
#11129 = DIRECTION('',(0.,0.,1.));
#11130 = DIRECTION('',(-1.,1.144237745222E-17,0.));
#11131 = ADVANCED_FACE('',(#11132),#11143,.T.);
#11132 = FACE_BOUND('',#11133,.T.);
#11133 = EDGE_LOOP('',(#11134,#11135,#11136,#11137));
#11134 = ORIENTED_EDGE('',*,*,#9400,.T.);
#11135 = ORIENTED_EDGE('',*,*,#11118,.T.);
#11136 = ORIENTED_EDGE('',*,*,#9502,.F.);
#11137 = ORIENTED_EDGE('',*,*,#11138,.F.);
#11138 = EDGE_CURVE('',#9393,#9495,#11139,.T.);
#11139 = LINE('',#11140,#11141);
#11140 = CARTESIAN_POINT('',(-2.429496640897,1.7,0.2479055467));
#11141 = VECTOR('',#11142,1.);
#11142 = DIRECTION('',(1.144237745222E-17,1.,0.));
#11143 = CYLINDRICAL_SURFACE('',#11144,0.3);
#11144 = AXIS2_PLACEMENT_3D('',#11145,#11146,#11147);
#11145 = CARTESIAN_POINT('',(-2.724938966801,1.7,0.3));
#11146 = DIRECTION('',(-1.144237745222E-17,-1.,0.));
#11147 = DIRECTION('',(0.984807753012,-1.126854202784E-17,
    -0.173648177667));
#11148 = ADVANCED_FACE('',(#11149),#11155,.F.);
#11149 = FACE_BOUND('',#11150,.F.);
#11150 = EDGE_LOOP('',(#11151,#11152,#11153,#11154));
#11151 = ORIENTED_EDGE('',*,*,#9476,.T.);
#11152 = ORIENTED_EDGE('',*,*,#9494,.T.);
#11153 = ORIENTED_EDGE('',*,*,#11138,.F.);
#11154 = ORIENTED_EDGE('',*,*,#9392,.F.);
#11155 = PLANE('',#11156);
#11156 = AXIS2_PLACEMENT_3D('',#11157,#11158,#11159);
#11157 = CARTESIAN_POINT('',(-2.348480775301,1.7,0.742364817767));
#11158 = DIRECTION('',(-0.986841372087,1.129181146488E-17,0.161691392282
    ));
#11159 = DIRECTION('',(-0.161691392282,1.85013394127E-18,-0.986841372087
    ));
#11160 = ADVANCED_FACE('',(#11161),#11172,.F.);
#11161 = FACE_BOUND('',#11162,.F.);
#11162 = EDGE_LOOP('',(#11163,#11169,#11170,#11171));
#11163 = ORIENTED_EDGE('',*,*,#11164,.T.);
#11164 = EDGE_CURVE('',#9621,#9723,#11165,.T.);
#11165 = LINE('',#11166,#11167);
#11166 = CARTESIAN_POINT('',(2.6264581915,2.11,0.282635182233));
#11167 = VECTOR('',#11168,1.);
#11168 = DIRECTION('',(1.110223024625E-16,-1.,0.));
#11169 = ORIENTED_EDGE('',*,*,#9731,.T.);
#11170 = ORIENTED_EDGE('',*,*,#10631,.F.);
#11171 = ORIENTED_EDGE('',*,*,#9629,.F.);
#11172 = PLANE('',#11173);
#11173 = AXIS2_PLACEMENT_3D('',#11174,#11175,#11176);
#11174 = CARTESIAN_POINT('',(2.6264581915,2.11,0.282635182233));
#11175 = DIRECTION('',(-0.986841372087,-1.095614012943E-16,
    -0.161691392282));
#11176 = DIRECTION('',(-0.161691392282,-1.795135065956E-17,
    0.986841372087));
#11177 = ADVANCED_FACE('',(#11178),#11189,.F.);
#11178 = FACE_BOUND('',#11179,.F.);
#11179 = EDGE_LOOP('',(#11180,#11186,#11187,#11188));
#11180 = ORIENTED_EDGE('',*,*,#11181,.T.);
#11181 = EDGE_CURVE('',#9613,#9715,#11182,.T.);
#11182 = LINE('',#11183,#11184);
#11183 = CARTESIAN_POINT('',(2.724938966801,2.11,0.2));
#11184 = VECTOR('',#11185,1.);
#11185 = DIRECTION('',(1.110223024625E-16,-1.,0.));
#11186 = ORIENTED_EDGE('',*,*,#9722,.T.);
#11187 = ORIENTED_EDGE('',*,*,#11164,.F.);
#11188 = ORIENTED_EDGE('',*,*,#9620,.F.);
#11189 = CYLINDRICAL_SURFACE('',#11190,0.1);
#11190 = AXIS2_PLACEMENT_3D('',#11191,#11192,#11193);
#11191 = CARTESIAN_POINT('',(2.724938966801,2.11,0.3));
#11192 = DIRECTION('',(-1.110223024625E-16,1.,0.));
#11193 = DIRECTION('',(0.,0.,-1.));
#11194 = ADVANCED_FACE('',(#11195),#11206,.F.);
#11195 = FACE_BOUND('',#11196,.F.);
#11196 = EDGE_LOOP('',(#11197,#11203,#11204,#11205));
#11197 = ORIENTED_EDGE('',*,*,#11198,.T.);
#11198 = EDGE_CURVE('',#9605,#9707,#11199,.T.);
#11199 = LINE('',#11200,#11201);
#11200 = CARTESIAN_POINT('',(3.,2.11,0.2));
#11201 = VECTOR('',#11202,1.);
#11202 = DIRECTION('',(1.110223024625E-16,-1.,0.));
#11203 = ORIENTED_EDGE('',*,*,#9714,.T.);
#11204 = ORIENTED_EDGE('',*,*,#11181,.F.);
#11205 = ORIENTED_EDGE('',*,*,#9612,.F.);
#11206 = PLANE('',#11207);
#11207 = AXIS2_PLACEMENT_3D('',#11208,#11209,#11210);
#11208 = CARTESIAN_POINT('',(3.,2.11,0.2));
#11209 = DIRECTION('',(0.,0.,-1.));
#11210 = DIRECTION('',(-1.,-1.110223024625E-16,-0.));
#11211 = ADVANCED_FACE('',(#11212),#11223,.F.);
#11212 = FACE_BOUND('',#11213,.F.);
#11213 = EDGE_LOOP('',(#11214,#11220,#11221,#11222));
#11214 = ORIENTED_EDGE('',*,*,#11215,.T.);
#11215 = EDGE_CURVE('',#9597,#9699,#11216,.T.);
#11216 = LINE('',#11217,#11218);
#11217 = CARTESIAN_POINT('',(3.,2.11,-1.665334536938E-16));
#11218 = VECTOR('',#11219,1.);
#11219 = DIRECTION('',(1.110223024625E-16,-1.,0.));
#11220 = ORIENTED_EDGE('',*,*,#9706,.T.);
#11221 = ORIENTED_EDGE('',*,*,#11198,.F.);
#11222 = ORIENTED_EDGE('',*,*,#9604,.F.);
#11223 = PLANE('',#11224);
#11224 = AXIS2_PLACEMENT_3D('',#11225,#11226,#11227);
#11225 = CARTESIAN_POINT('',(3.,2.11,-1.665334536938E-16));
#11226 = DIRECTION('',(-1.,-1.110223024625E-16,0.));
#11227 = DIRECTION('',(0.,0.,1.));
#11228 = ADVANCED_FACE('',(#11229),#11240,.F.);
#11229 = FACE_BOUND('',#11230,.F.);
#11230 = EDGE_LOOP('',(#11231,#11237,#11238,#11239));
#11231 = ORIENTED_EDGE('',*,*,#11232,.T.);
#11232 = EDGE_CURVE('',#9588,#9690,#11233,.T.);
#11233 = LINE('',#11234,#11235);
#11234 = CARTESIAN_POINT('',(2.724938966801,2.11,-1.665334536938E-16));
#11235 = VECTOR('',#11236,1.);
#11236 = DIRECTION('',(1.110223024625E-16,-1.,0.));
#11237 = ORIENTED_EDGE('',*,*,#9698,.T.);
#11238 = ORIENTED_EDGE('',*,*,#11215,.F.);
#11239 = ORIENTED_EDGE('',*,*,#9596,.F.);
#11240 = PLANE('',#11241);
#11241 = AXIS2_PLACEMENT_3D('',#11242,#11243,#11244);
#11242 = CARTESIAN_POINT('',(2.724938966801,2.11,-1.665334536938E-16));
#11243 = DIRECTION('',(0.,0.,1.));
#11244 = DIRECTION('',(1.,1.110223024625E-16,-0.));
#11245 = ADVANCED_FACE('',(#11246),#11257,.T.);
#11246 = FACE_BOUND('',#11247,.T.);
#11247 = EDGE_LOOP('',(#11248,#11249,#11250,#11251));
#11248 = ORIENTED_EDGE('',*,*,#9587,.T.);
#11249 = ORIENTED_EDGE('',*,*,#11232,.T.);
#11250 = ORIENTED_EDGE('',*,*,#9689,.F.);
#11251 = ORIENTED_EDGE('',*,*,#11252,.F.);
#11252 = EDGE_CURVE('',#9580,#9682,#11253,.T.);
#11253 = LINE('',#11254,#11255);
#11254 = CARTESIAN_POINT('',(2.429496640897,2.11,0.2479055467));
#11255 = VECTOR('',#11256,1.);
#11256 = DIRECTION('',(1.110223024625E-16,-1.,0.));
#11257 = CYLINDRICAL_SURFACE('',#11258,0.3);
#11258 = AXIS2_PLACEMENT_3D('',#11259,#11260,#11261);
#11259 = CARTESIAN_POINT('',(2.724938966801,2.11,0.3));
#11260 = DIRECTION('',(-1.110223024625E-16,1.,0.));
#11261 = DIRECTION('',(-0.984807753012,-1.093356242223E-16,
    -0.173648177667));
#11262 = ADVANCED_FACE('',(#11263),#11269,.F.);
#11263 = FACE_BOUND('',#11264,.F.);
#11264 = EDGE_LOOP('',(#11265,#11266,#11267,#11268));
#11265 = ORIENTED_EDGE('',*,*,#9663,.T.);
#11266 = ORIENTED_EDGE('',*,*,#9681,.T.);
#11267 = ORIENTED_EDGE('',*,*,#11252,.F.);
#11268 = ORIENTED_EDGE('',*,*,#9579,.F.);
#11269 = PLANE('',#11270);
#11270 = AXIS2_PLACEMENT_3D('',#11271,#11272,#11273);
#11271 = CARTESIAN_POINT('',(2.348480775301,2.11,0.742364817767));
#11272 = DIRECTION('',(0.986841372087,1.095614012943E-16,0.161691392282)
  );
#11273 = DIRECTION('',(0.161691392282,1.795135065956E-17,-0.986841372087
    ));
#11274 = ADVANCED_FACE('',(#11275),#11286,.T.);
#11275 = FACE_BOUND('',#11276,.T.);
#11276 = EDGE_LOOP('',(#11277,#11278,#11279,#11280));
#11277 = ORIENTED_EDGE('',*,*,#9841,.T.);
#11278 = ORIENTED_EDGE('',*,*,#10556,.T.);
#11279 = ORIENTED_EDGE('',*,*,#9950,.F.);
#11280 = ORIENTED_EDGE('',*,*,#11281,.F.);
#11281 = EDGE_CURVE('',#9834,#9943,#11282,.T.);
#11282 = LINE('',#11283,#11284);
#11283 = CARTESIAN_POINT('',(2.545442325904,0.84,0.7770944533));
#11284 = VECTOR('',#11285,1.);
#11285 = DIRECTION('',(1.110223024625E-16,-1.,0.));
#11286 = CYLINDRICAL_SURFACE('',#11287,0.3);
#11287 = AXIS2_PLACEMENT_3D('',#11288,#11289,#11290);
#11288 = CARTESIAN_POINT('',(2.25,0.84,0.725));
#11289 = DIRECTION('',(-1.110223024625E-16,1.,0.));
#11290 = DIRECTION('',(0.984807753012,1.093356242223E-16,0.173648177667)
  );
#11291 = ADVANCED_FACE('',(#11292),#11303,.F.);
#11292 = FACE_BOUND('',#11293,.F.);
#11293 = EDGE_LOOP('',(#11294,#11300,#11301,#11302));
#11294 = ORIENTED_EDGE('',*,*,#11295,.T.);
#11295 = EDGE_CURVE('',#9825,#9934,#11296,.T.);
#11296 = LINE('',#11297,#11298);
#11297 = CARTESIAN_POINT('',(2.6264581915,0.84,0.282635182233));
#11298 = VECTOR('',#11299,1.);
#11299 = DIRECTION('',(1.110223024625E-16,-1.,0.));
#11300 = ORIENTED_EDGE('',*,*,#9942,.T.);
#11301 = ORIENTED_EDGE('',*,*,#11281,.F.);
#11302 = ORIENTED_EDGE('',*,*,#9833,.F.);
#11303 = PLANE('',#11304);
#11304 = AXIS2_PLACEMENT_3D('',#11305,#11306,#11307);
#11305 = CARTESIAN_POINT('',(2.6264581915,0.84,0.282635182233));
#11306 = DIRECTION('',(-0.986841372087,-1.095614012943E-16,
    -0.161691392282));
#11307 = DIRECTION('',(-0.161691392282,-1.795135065956E-17,
    0.986841372087));
#11308 = ADVANCED_FACE('',(#11309),#11320,.F.);
#11309 = FACE_BOUND('',#11310,.F.);
#11310 = EDGE_LOOP('',(#11311,#11317,#11318,#11319));
#11311 = ORIENTED_EDGE('',*,*,#11312,.T.);
#11312 = EDGE_CURVE('',#9817,#9926,#11313,.T.);
#11313 = LINE('',#11314,#11315);
#11314 = CARTESIAN_POINT('',(2.724938966801,0.84,0.2));
#11315 = VECTOR('',#11316,1.);
#11316 = DIRECTION('',(1.110223024625E-16,-1.,0.));
#11317 = ORIENTED_EDGE('',*,*,#9933,.T.);
#11318 = ORIENTED_EDGE('',*,*,#11295,.F.);
#11319 = ORIENTED_EDGE('',*,*,#9824,.F.);
#11320 = CYLINDRICAL_SURFACE('',#11321,0.1);
#11321 = AXIS2_PLACEMENT_3D('',#11322,#11323,#11324);
#11322 = CARTESIAN_POINT('',(2.724938966801,0.84,0.3));
#11323 = DIRECTION('',(-1.110223024625E-16,1.,0.));
#11324 = DIRECTION('',(0.,0.,-1.));
#11325 = ADVANCED_FACE('',(#11326),#11337,.F.);
#11326 = FACE_BOUND('',#11327,.F.);
#11327 = EDGE_LOOP('',(#11328,#11334,#11335,#11336));
#11328 = ORIENTED_EDGE('',*,*,#11329,.T.);
#11329 = EDGE_CURVE('',#9809,#9918,#11330,.T.);
#11330 = LINE('',#11331,#11332);
#11331 = CARTESIAN_POINT('',(3.,0.84,0.2));
#11332 = VECTOR('',#11333,1.);
#11333 = DIRECTION('',(1.110223024625E-16,-1.,0.));
#11334 = ORIENTED_EDGE('',*,*,#9925,.T.);
#11335 = ORIENTED_EDGE('',*,*,#11312,.F.);
#11336 = ORIENTED_EDGE('',*,*,#9816,.F.);
#11337 = PLANE('',#11338);
#11338 = AXIS2_PLACEMENT_3D('',#11339,#11340,#11341);
#11339 = CARTESIAN_POINT('',(3.,0.84,0.2));
#11340 = DIRECTION('',(0.,0.,-1.));
#11341 = DIRECTION('',(-1.,-1.110223024625E-16,-0.));
#11342 = ADVANCED_FACE('',(#11343),#11354,.F.);
#11343 = FACE_BOUND('',#11344,.F.);
#11344 = EDGE_LOOP('',(#11345,#11351,#11352,#11353));
#11345 = ORIENTED_EDGE('',*,*,#11346,.T.);
#11346 = EDGE_CURVE('',#9801,#9910,#11347,.T.);
#11347 = LINE('',#11348,#11349);
#11348 = CARTESIAN_POINT('',(3.,0.84,-1.665334536938E-16));
#11349 = VECTOR('',#11350,1.);
#11350 = DIRECTION('',(1.110223024625E-16,-1.,0.));
#11351 = ORIENTED_EDGE('',*,*,#9917,.T.);
#11352 = ORIENTED_EDGE('',*,*,#11329,.F.);
#11353 = ORIENTED_EDGE('',*,*,#9808,.F.);
#11354 = PLANE('',#11355);
#11355 = AXIS2_PLACEMENT_3D('',#11356,#11357,#11358);
#11356 = CARTESIAN_POINT('',(3.,0.84,-1.665334536938E-16));
#11357 = DIRECTION('',(-1.,-1.110223024625E-16,0.));
#11358 = DIRECTION('',(0.,0.,1.));
#11359 = ADVANCED_FACE('',(#11360),#11371,.F.);
#11360 = FACE_BOUND('',#11361,.F.);
#11361 = EDGE_LOOP('',(#11362,#11368,#11369,#11370));
#11362 = ORIENTED_EDGE('',*,*,#11363,.T.);
#11363 = EDGE_CURVE('',#9792,#9901,#11364,.T.);
#11364 = LINE('',#11365,#11366);
#11365 = CARTESIAN_POINT('',(2.724938966801,0.84,-1.665334536938E-16));
#11366 = VECTOR('',#11367,1.);
#11367 = DIRECTION('',(1.110223024625E-16,-1.,0.));
#11368 = ORIENTED_EDGE('',*,*,#9909,.T.);
#11369 = ORIENTED_EDGE('',*,*,#11346,.F.);
#11370 = ORIENTED_EDGE('',*,*,#9800,.F.);
#11371 = PLANE('',#11372);
#11372 = AXIS2_PLACEMENT_3D('',#11373,#11374,#11375);
#11373 = CARTESIAN_POINT('',(2.724938966801,0.84,-1.665334536938E-16));
#11374 = DIRECTION('',(0.,0.,1.));
#11375 = DIRECTION('',(1.,1.110223024625E-16,-0.));
#11376 = ADVANCED_FACE('',(#11377),#11388,.T.);
#11377 = FACE_BOUND('',#11378,.T.);
#11378 = EDGE_LOOP('',(#11379,#11380,#11381,#11382));
#11379 = ORIENTED_EDGE('',*,*,#9791,.T.);
#11380 = ORIENTED_EDGE('',*,*,#11363,.T.);
#11381 = ORIENTED_EDGE('',*,*,#9900,.F.);
#11382 = ORIENTED_EDGE('',*,*,#11383,.F.);
#11383 = EDGE_CURVE('',#9784,#9893,#11384,.T.);
#11384 = LINE('',#11385,#11386);
#11385 = CARTESIAN_POINT('',(2.429496640897,0.84,0.2479055467));
#11386 = VECTOR('',#11387,1.);
#11387 = DIRECTION('',(1.110223024625E-16,-1.,0.));
#11388 = CYLINDRICAL_SURFACE('',#11389,0.3);
#11389 = AXIS2_PLACEMENT_3D('',#11390,#11391,#11392);
#11390 = CARTESIAN_POINT('',(2.724938966801,0.84,0.3));
#11391 = DIRECTION('',(-1.110223024625E-16,1.,0.));
#11392 = DIRECTION('',(-0.984807753012,-1.093356242223E-16,
    -0.173648177667));
#11393 = ADVANCED_FACE('',(#11394),#11400,.F.);
#11394 = FACE_BOUND('',#11395,.F.);
#11395 = EDGE_LOOP('',(#11396,#11397,#11398,#11399));
#11396 = ORIENTED_EDGE('',*,*,#9874,.T.);
#11397 = ORIENTED_EDGE('',*,*,#9892,.T.);
#11398 = ORIENTED_EDGE('',*,*,#11383,.F.);
#11399 = ORIENTED_EDGE('',*,*,#9783,.F.);
#11400 = PLANE('',#11401);
#11401 = AXIS2_PLACEMENT_3D('',#11402,#11403,#11404);
#11402 = CARTESIAN_POINT('',(2.348480775301,0.84,0.742364817767));
#11403 = DIRECTION('',(0.986841372087,1.095614012943E-16,0.161691392282)
  );
#11404 = DIRECTION('',(0.161691392282,1.795135065956E-17,-0.986841372087
    ));
#11405 = ADVANCED_FACE('',(#11406),#11417,.T.);
#11406 = FACE_BOUND('',#11407,.T.);
#11407 = EDGE_LOOP('',(#11408,#11409,#11410,#11411));
#11408 = ORIENTED_EDGE('',*,*,#10064,.T.);
#11409 = ORIENTED_EDGE('',*,*,#10575,.T.);
#11410 = ORIENTED_EDGE('',*,*,#10173,.F.);
#11411 = ORIENTED_EDGE('',*,*,#11412,.F.);
#11412 = EDGE_CURVE('',#10057,#10166,#11413,.T.);
#11413 = LINE('',#11414,#11415);
#11414 = CARTESIAN_POINT('',(2.545442325904,-0.43,0.7770944533));
#11415 = VECTOR('',#11416,1.);
#11416 = DIRECTION('',(1.110223024625E-16,-1.,0.));
#11417 = CYLINDRICAL_SURFACE('',#11418,0.3);
#11418 = AXIS2_PLACEMENT_3D('',#11419,#11420,#11421);
#11419 = CARTESIAN_POINT('',(2.25,-0.43,0.725));
#11420 = DIRECTION('',(-1.110223024625E-16,1.,0.));
#11421 = DIRECTION('',(0.984807753012,1.093356242223E-16,0.173648177667)
  );
#11422 = ADVANCED_FACE('',(#11423),#11434,.F.);
#11423 = FACE_BOUND('',#11424,.F.);
#11424 = EDGE_LOOP('',(#11425,#11431,#11432,#11433));
#11425 = ORIENTED_EDGE('',*,*,#11426,.T.);
#11426 = EDGE_CURVE('',#10048,#10157,#11427,.T.);
#11427 = LINE('',#11428,#11429);
#11428 = CARTESIAN_POINT('',(2.6264581915,-0.43,0.282635182233));
#11429 = VECTOR('',#11430,1.);
#11430 = DIRECTION('',(1.110223024625E-16,-1.,0.));
#11431 = ORIENTED_EDGE('',*,*,#10165,.T.);
#11432 = ORIENTED_EDGE('',*,*,#11412,.F.);
#11433 = ORIENTED_EDGE('',*,*,#10056,.F.);
#11434 = PLANE('',#11435);
#11435 = AXIS2_PLACEMENT_3D('',#11436,#11437,#11438);
#11436 = CARTESIAN_POINT('',(2.6264581915,-0.43,0.282635182233));
#11437 = DIRECTION('',(-0.986841372087,-1.095614012943E-16,
    -0.161691392282));
#11438 = DIRECTION('',(-0.161691392282,-1.795135065956E-17,
    0.986841372087));
#11439 = ADVANCED_FACE('',(#11440),#11451,.F.);
#11440 = FACE_BOUND('',#11441,.F.);
#11441 = EDGE_LOOP('',(#11442,#11448,#11449,#11450));
#11442 = ORIENTED_EDGE('',*,*,#11443,.T.);
#11443 = EDGE_CURVE('',#10040,#10149,#11444,.T.);
#11444 = LINE('',#11445,#11446);
#11445 = CARTESIAN_POINT('',(2.724938966801,-0.43,0.2));
#11446 = VECTOR('',#11447,1.);
#11447 = DIRECTION('',(1.110223024625E-16,-1.,0.));
#11448 = ORIENTED_EDGE('',*,*,#10156,.T.);
#11449 = ORIENTED_EDGE('',*,*,#11426,.F.);
#11450 = ORIENTED_EDGE('',*,*,#10047,.F.);
#11451 = CYLINDRICAL_SURFACE('',#11452,0.1);
#11452 = AXIS2_PLACEMENT_3D('',#11453,#11454,#11455);
#11453 = CARTESIAN_POINT('',(2.724938966801,-0.43,0.3));
#11454 = DIRECTION('',(-1.110223024625E-16,1.,0.));
#11455 = DIRECTION('',(0.,0.,-1.));
#11456 = ADVANCED_FACE('',(#11457),#11468,.F.);
#11457 = FACE_BOUND('',#11458,.F.);
#11458 = EDGE_LOOP('',(#11459,#11465,#11466,#11467));
#11459 = ORIENTED_EDGE('',*,*,#11460,.T.);
#11460 = EDGE_CURVE('',#10032,#10141,#11461,.T.);
#11461 = LINE('',#11462,#11463);
#11462 = CARTESIAN_POINT('',(3.,-0.43,0.2));
#11463 = VECTOR('',#11464,1.);
#11464 = DIRECTION('',(1.110223024625E-16,-1.,0.));
#11465 = ORIENTED_EDGE('',*,*,#10148,.T.);
#11466 = ORIENTED_EDGE('',*,*,#11443,.F.);
#11467 = ORIENTED_EDGE('',*,*,#10039,.F.);
#11468 = PLANE('',#11469);
#11469 = AXIS2_PLACEMENT_3D('',#11470,#11471,#11472);
#11470 = CARTESIAN_POINT('',(3.,-0.43,0.2));
#11471 = DIRECTION('',(0.,0.,-1.));
#11472 = DIRECTION('',(-1.,-1.110223024625E-16,-0.));
#11473 = ADVANCED_FACE('',(#11474),#11485,.F.);
#11474 = FACE_BOUND('',#11475,.F.);
#11475 = EDGE_LOOP('',(#11476,#11482,#11483,#11484));
#11476 = ORIENTED_EDGE('',*,*,#11477,.T.);
#11477 = EDGE_CURVE('',#10024,#10133,#11478,.T.);
#11478 = LINE('',#11479,#11480);
#11479 = CARTESIAN_POINT('',(3.,-0.43,-1.665334536938E-16));
#11480 = VECTOR('',#11481,1.);
#11481 = DIRECTION('',(1.110223024625E-16,-1.,0.));
#11482 = ORIENTED_EDGE('',*,*,#10140,.T.);
#11483 = ORIENTED_EDGE('',*,*,#11460,.F.);
#11484 = ORIENTED_EDGE('',*,*,#10031,.F.);
#11485 = PLANE('',#11486);
#11486 = AXIS2_PLACEMENT_3D('',#11487,#11488,#11489);
#11487 = CARTESIAN_POINT('',(3.,-0.43,-1.665334536938E-16));
#11488 = DIRECTION('',(-1.,-1.110223024625E-16,0.));
#11489 = DIRECTION('',(0.,0.,1.));
#11490 = ADVANCED_FACE('',(#11491),#11502,.F.);
#11491 = FACE_BOUND('',#11492,.F.);
#11492 = EDGE_LOOP('',(#11493,#11499,#11500,#11501));
#11493 = ORIENTED_EDGE('',*,*,#11494,.T.);
#11494 = EDGE_CURVE('',#10015,#10124,#11495,.T.);
#11495 = LINE('',#11496,#11497);
#11496 = CARTESIAN_POINT('',(2.724938966801,-0.43,-1.665334536938E-16));
#11497 = VECTOR('',#11498,1.);
#11498 = DIRECTION('',(1.110223024625E-16,-1.,0.));
#11499 = ORIENTED_EDGE('',*,*,#10132,.T.);
#11500 = ORIENTED_EDGE('',*,*,#11477,.F.);
#11501 = ORIENTED_EDGE('',*,*,#10023,.F.);
#11502 = PLANE('',#11503);
#11503 = AXIS2_PLACEMENT_3D('',#11504,#11505,#11506);
#11504 = CARTESIAN_POINT('',(2.724938966801,-0.43,-1.665334536938E-16));
#11505 = DIRECTION('',(0.,0.,1.));
#11506 = DIRECTION('',(1.,1.110223024625E-16,-0.));
#11507 = ADVANCED_FACE('',(#11508),#11519,.T.);
#11508 = FACE_BOUND('',#11509,.T.);
#11509 = EDGE_LOOP('',(#11510,#11511,#11512,#11513));
#11510 = ORIENTED_EDGE('',*,*,#10014,.T.);
#11511 = ORIENTED_EDGE('',*,*,#11494,.T.);
#11512 = ORIENTED_EDGE('',*,*,#10123,.F.);
#11513 = ORIENTED_EDGE('',*,*,#11514,.F.);
#11514 = EDGE_CURVE('',#10007,#10116,#11515,.T.);
#11515 = LINE('',#11516,#11517);
#11516 = CARTESIAN_POINT('',(2.429496640897,-0.43,0.2479055467));
#11517 = VECTOR('',#11518,1.);
#11518 = DIRECTION('',(1.110223024625E-16,-1.,0.));
#11519 = CYLINDRICAL_SURFACE('',#11520,0.3);
#11520 = AXIS2_PLACEMENT_3D('',#11521,#11522,#11523);
#11521 = CARTESIAN_POINT('',(2.724938966801,-0.43,0.3));
#11522 = DIRECTION('',(-1.110223024625E-16,1.,0.));
#11523 = DIRECTION('',(-0.984807753012,-1.093356242223E-16,
    -0.173648177667));
#11524 = ADVANCED_FACE('',(#11525),#11531,.F.);
#11525 = FACE_BOUND('',#11526,.F.);
#11526 = EDGE_LOOP('',(#11527,#11528,#11529,#11530));
#11527 = ORIENTED_EDGE('',*,*,#10097,.T.);
#11528 = ORIENTED_EDGE('',*,*,#10115,.T.);
#11529 = ORIENTED_EDGE('',*,*,#11514,.F.);
#11530 = ORIENTED_EDGE('',*,*,#10006,.F.);
#11531 = PLANE('',#11532);
#11532 = AXIS2_PLACEMENT_3D('',#11533,#11534,#11535);
#11533 = CARTESIAN_POINT('',(2.348480775301,-0.43,0.742364817767));
#11534 = DIRECTION('',(0.986841372087,1.095614012943E-16,0.161691392282)
  );
#11535 = DIRECTION('',(0.161691392282,1.795135065956E-17,-0.986841372087
    ));
#11536 = ADVANCED_FACE('',(#11537),#11548,.T.);
#11537 = FACE_BOUND('',#11538,.T.);
#11538 = EDGE_LOOP('',(#11539,#11540,#11541,#11542));
#11539 = ORIENTED_EDGE('',*,*,#10287,.T.);
#11540 = ORIENTED_EDGE('',*,*,#10594,.T.);
#11541 = ORIENTED_EDGE('',*,*,#10396,.F.);
#11542 = ORIENTED_EDGE('',*,*,#11543,.F.);
#11543 = EDGE_CURVE('',#10280,#10389,#11544,.T.);
#11544 = LINE('',#11545,#11546);
#11545 = CARTESIAN_POINT('',(2.545442325904,-1.7,0.7770944533));
#11546 = VECTOR('',#11547,1.);
#11547 = DIRECTION('',(1.110223024625E-16,-1.,0.));
#11548 = CYLINDRICAL_SURFACE('',#11549,0.3);
#11549 = AXIS2_PLACEMENT_3D('',#11550,#11551,#11552);
#11550 = CARTESIAN_POINT('',(2.25,-1.7,0.725));
#11551 = DIRECTION('',(-1.110223024625E-16,1.,0.));
#11552 = DIRECTION('',(0.984807753012,1.093356242223E-16,0.173648177667)
  );
#11553 = ADVANCED_FACE('',(#11554),#11565,.F.);
#11554 = FACE_BOUND('',#11555,.F.);
#11555 = EDGE_LOOP('',(#11556,#11562,#11563,#11564));
#11556 = ORIENTED_EDGE('',*,*,#11557,.T.);
#11557 = EDGE_CURVE('',#10271,#10380,#11558,.T.);
#11558 = LINE('',#11559,#11560);
#11559 = CARTESIAN_POINT('',(2.6264581915,-1.7,0.282635182233));
#11560 = VECTOR('',#11561,1.);
#11561 = DIRECTION('',(1.110223024625E-16,-1.,0.));
#11562 = ORIENTED_EDGE('',*,*,#10388,.T.);
#11563 = ORIENTED_EDGE('',*,*,#11543,.F.);
#11564 = ORIENTED_EDGE('',*,*,#10279,.F.);
#11565 = PLANE('',#11566);
#11566 = AXIS2_PLACEMENT_3D('',#11567,#11568,#11569);
#11567 = CARTESIAN_POINT('',(2.6264581915,-1.7,0.282635182233));
#11568 = DIRECTION('',(-0.986841372087,-1.095614012943E-16,
    -0.161691392282));
#11569 = DIRECTION('',(-0.161691392282,-1.795135065956E-17,
    0.986841372087));
#11570 = ADVANCED_FACE('',(#11571),#11582,.F.);
#11571 = FACE_BOUND('',#11572,.F.);
#11572 = EDGE_LOOP('',(#11573,#11579,#11580,#11581));
#11573 = ORIENTED_EDGE('',*,*,#11574,.T.);
#11574 = EDGE_CURVE('',#10263,#10372,#11575,.T.);
#11575 = LINE('',#11576,#11577);
#11576 = CARTESIAN_POINT('',(2.724938966801,-1.7,0.2));
#11577 = VECTOR('',#11578,1.);
#11578 = DIRECTION('',(1.110223024625E-16,-1.,0.));
#11579 = ORIENTED_EDGE('',*,*,#10379,.T.);
#11580 = ORIENTED_EDGE('',*,*,#11557,.F.);
#11581 = ORIENTED_EDGE('',*,*,#10270,.F.);
#11582 = CYLINDRICAL_SURFACE('',#11583,0.1);
#11583 = AXIS2_PLACEMENT_3D('',#11584,#11585,#11586);
#11584 = CARTESIAN_POINT('',(2.724938966801,-1.7,0.3));
#11585 = DIRECTION('',(-1.110223024625E-16,1.,0.));
#11586 = DIRECTION('',(0.,0.,-1.));
#11587 = ADVANCED_FACE('',(#11588),#11599,.F.);
#11588 = FACE_BOUND('',#11589,.F.);
#11589 = EDGE_LOOP('',(#11590,#11596,#11597,#11598));
#11590 = ORIENTED_EDGE('',*,*,#11591,.T.);
#11591 = EDGE_CURVE('',#10255,#10364,#11592,.T.);
#11592 = LINE('',#11593,#11594);
#11593 = CARTESIAN_POINT('',(3.,-1.7,0.2));
#11594 = VECTOR('',#11595,1.);
#11595 = DIRECTION('',(1.110223024625E-16,-1.,0.));
#11596 = ORIENTED_EDGE('',*,*,#10371,.T.);
#11597 = ORIENTED_EDGE('',*,*,#11574,.F.);
#11598 = ORIENTED_EDGE('',*,*,#10262,.F.);
#11599 = PLANE('',#11600);
#11600 = AXIS2_PLACEMENT_3D('',#11601,#11602,#11603);
#11601 = CARTESIAN_POINT('',(3.,-1.7,0.2));
#11602 = DIRECTION('',(0.,0.,-1.));
#11603 = DIRECTION('',(-1.,-1.110223024625E-16,-0.));
#11604 = ADVANCED_FACE('',(#11605),#11616,.F.);
#11605 = FACE_BOUND('',#11606,.F.);
#11606 = EDGE_LOOP('',(#11607,#11613,#11614,#11615));
#11607 = ORIENTED_EDGE('',*,*,#11608,.T.);
#11608 = EDGE_CURVE('',#10247,#10356,#11609,.T.);
#11609 = LINE('',#11610,#11611);
#11610 = CARTESIAN_POINT('',(3.,-1.7,-1.665334536938E-16));
#11611 = VECTOR('',#11612,1.);
#11612 = DIRECTION('',(1.110223024625E-16,-1.,0.));
#11613 = ORIENTED_EDGE('',*,*,#10363,.T.);
#11614 = ORIENTED_EDGE('',*,*,#11591,.F.);
#11615 = ORIENTED_EDGE('',*,*,#10254,.F.);
#11616 = PLANE('',#11617);
#11617 = AXIS2_PLACEMENT_3D('',#11618,#11619,#11620);
#11618 = CARTESIAN_POINT('',(3.,-1.7,-1.665334536938E-16));
#11619 = DIRECTION('',(-1.,-1.110223024625E-16,0.));
#11620 = DIRECTION('',(0.,0.,1.));
#11621 = ADVANCED_FACE('',(#11622),#11633,.F.);
#11622 = FACE_BOUND('',#11623,.F.);
#11623 = EDGE_LOOP('',(#11624,#11630,#11631,#11632));
#11624 = ORIENTED_EDGE('',*,*,#11625,.T.);
#11625 = EDGE_CURVE('',#10238,#10347,#11626,.T.);
#11626 = LINE('',#11627,#11628);
#11627 = CARTESIAN_POINT('',(2.724938966801,-1.7,-1.665334536938E-16));
#11628 = VECTOR('',#11629,1.);
#11629 = DIRECTION('',(1.110223024625E-16,-1.,0.));
#11630 = ORIENTED_EDGE('',*,*,#10355,.T.);
#11631 = ORIENTED_EDGE('',*,*,#11608,.F.);
#11632 = ORIENTED_EDGE('',*,*,#10246,.F.);
#11633 = PLANE('',#11634);
#11634 = AXIS2_PLACEMENT_3D('',#11635,#11636,#11637);
#11635 = CARTESIAN_POINT('',(2.724938966801,-1.7,-1.665334536938E-16));
#11636 = DIRECTION('',(0.,0.,1.));
#11637 = DIRECTION('',(1.,1.110223024625E-16,-0.));
#11638 = ADVANCED_FACE('',(#11639),#11650,.T.);
#11639 = FACE_BOUND('',#11640,.T.);
#11640 = EDGE_LOOP('',(#11641,#11642,#11643,#11644));
#11641 = ORIENTED_EDGE('',*,*,#10237,.T.);
#11642 = ORIENTED_EDGE('',*,*,#11625,.T.);
#11643 = ORIENTED_EDGE('',*,*,#10346,.F.);
#11644 = ORIENTED_EDGE('',*,*,#11645,.F.);
#11645 = EDGE_CURVE('',#10230,#10339,#11646,.T.);
#11646 = LINE('',#11647,#11648);
#11647 = CARTESIAN_POINT('',(2.429496640897,-1.7,0.2479055467));
#11648 = VECTOR('',#11649,1.);
#11649 = DIRECTION('',(1.110223024625E-16,-1.,0.));
#11650 = CYLINDRICAL_SURFACE('',#11651,0.3);
#11651 = AXIS2_PLACEMENT_3D('',#11652,#11653,#11654);
#11652 = CARTESIAN_POINT('',(2.724938966801,-1.7,0.3));
#11653 = DIRECTION('',(-1.110223024625E-16,1.,0.));
#11654 = DIRECTION('',(-0.984807753012,-1.093356242223E-16,
    -0.173648177667));
#11655 = ADVANCED_FACE('',(#11656),#11662,.F.);
#11656 = FACE_BOUND('',#11657,.F.);
#11657 = EDGE_LOOP('',(#11658,#11659,#11660,#11661));
#11658 = ORIENTED_EDGE('',*,*,#10320,.T.);
#11659 = ORIENTED_EDGE('',*,*,#10338,.T.);
#11660 = ORIENTED_EDGE('',*,*,#11645,.F.);
#11661 = ORIENTED_EDGE('',*,*,#10229,.F.);
#11662 = PLANE('',#11663);
#11663 = AXIS2_PLACEMENT_3D('',#11664,#11665,#11666);
#11664 = CARTESIAN_POINT('',(2.348480775301,-1.7,0.742364817767));
#11665 = DIRECTION('',(0.986841372087,1.095614012943E-16,0.161691392282)
  );
#11666 = DIRECTION('',(0.161691392282,1.795135065956E-17,-0.986841372087
    ));
#11667 = ADVANCED_FACE('',(#11668),#11669,.F.);
#11668 = FACE_BOUND('',#10520,.T.);
#11669 = PLANE('',#11670);
#11670 = AXIS2_PLACEMENT_3D('',#11671,#11672,#11673);
#11671 = CARTESIAN_POINT('',(-1.110171280765,1.610171280765,1.75));
#11672 = DIRECTION('',(0.,0.,-1.));
#11673 = DIRECTION('',(1.110223024625E-16,-1.,0.));
#11674 = ( GEOMETRIC_REPRESENTATION_CONTEXT(3) 
GLOBAL_UNCERTAINTY_ASSIGNED_CONTEXT((#11678)) 
GLOBAL_UNIT_ASSIGNED_CONTEXT((#11675,#11676,#11677)) 
REPRESENTATION_CONTEXT('Context #1',
  '3D Context with UNIT and UNCERTAINTY') );
#11675 = ( LENGTH_UNIT() NAMED_UNIT(*) SI_UNIT(.MILLI.,.METRE.) );
#11676 = ( NAMED_UNIT(*) PLANE_ANGLE_UNIT() SI_UNIT($,.RADIAN.) );
#11677 = ( NAMED_UNIT(*) SI_UNIT($,.STERADIAN.) SOLID_ANGLE_UNIT() );
#11678 = UNCERTAINTY_MEASURE_WITH_UNIT(LENGTH_MEASURE(1.E-07),#11675,
  'distance_accuracy_value','confusion accuracy');
#11679 = CONTEXT_DEPENDENT_SHAPE_REPRESENTATION(#11680,#11682);
#11680 = ( REPRESENTATION_RELATIONSHIP('','',#7205,#10) 
REPRESENTATION_RELATIONSHIP_WITH_TRANSFORMATION(#11681) 
SHAPE_REPRESENTATION_RELATIONSHIP() );
#11681 = ITEM_DEFINED_TRANSFORMATION('','',#11,#43);
#11682 = PRODUCT_DEFINITION_SHAPE('Placement','Placement of an item',
  #11683);
#11683 = NEXT_ASSEMBLY_USAGE_OCCURRENCE('8','U1','',#5,#7200,$);
#11684 = PRODUCT_RELATED_PRODUCT_CATEGORY('part',$,(#7202));
#11685 = SHAPE_DEFINITION_REPRESENTATION(#11686,#11692);
#11686 = PRODUCT_DEFINITION_SHAPE('','',#11687);
#11687 = PRODUCT_DEFINITION('design','',#11688,#11691);
#11688 = PRODUCT_DEFINITION_FORMATION('','',#11689);
#11689 = PRODUCT('elec_angle_sensor_PCB','elec_angle_sensor_PCB','',(
    #11690));
#11690 = PRODUCT_CONTEXT('',#2,'mechanical');
#11691 = PRODUCT_DEFINITION_CONTEXT('part definition',#2,'design');
#11692 = ADVANCED_BREP_SHAPE_REPRESENTATION('',(#11,#11693),#12001);
#11693 = MANIFOLD_SOLID_BREP('',#11694);
#11694 = CLOSED_SHELL('',(#11695,#11737,#11768,#11799,#11860,#11921,
    #11933,#11950,#11967,#11984));
#11695 = ADVANCED_FACE('',(#11696),#11732,.T.);
#11696 = FACE_BOUND('',#11697,.T.);
#11697 = EDGE_LOOP('',(#11698,#11708,#11717,#11725));
#11698 = ORIENTED_EDGE('',*,*,#11699,.T.);
#11699 = EDGE_CURVE('',#11700,#11702,#11704,.T.);
#11700 = VERTEX_POINT('',#11701);
#11701 = CARTESIAN_POINT('',(10.,0.,0.));
#11702 = VERTEX_POINT('',#11703);
#11703 = CARTESIAN_POINT('',(10.,0.,0.84));
#11704 = LINE('',#11705,#11706);
#11705 = CARTESIAN_POINT('',(10.,0.,0.));
#11706 = VECTOR('',#11707,1.);
#11707 = DIRECTION('',(0.,0.,1.));
#11708 = ORIENTED_EDGE('',*,*,#11709,.T.);
#11709 = EDGE_CURVE('',#11702,#11710,#11712,.T.);
#11710 = VERTEX_POINT('',#11711);
#11711 = CARTESIAN_POINT('',(10.,-20.,0.84));
#11712 = CIRCLE('',#11713,10.);
#11713 = AXIS2_PLACEMENT_3D('',#11714,#11715,#11716);
#11714 = CARTESIAN_POINT('',(10.,-10.,0.84));
#11715 = DIRECTION('',(0.,0.,-1.));
#11716 = DIRECTION('',(0.,1.,0.));
#11717 = ORIENTED_EDGE('',*,*,#11718,.F.);
#11718 = EDGE_CURVE('',#11719,#11710,#11721,.T.);
#11719 = VERTEX_POINT('',#11720);
#11720 = CARTESIAN_POINT('',(10.,-20.,0.));
#11721 = LINE('',#11722,#11723);
#11722 = CARTESIAN_POINT('',(10.,-20.,0.));
#11723 = VECTOR('',#11724,1.);
#11724 = DIRECTION('',(0.,0.,1.));
#11725 = ORIENTED_EDGE('',*,*,#11726,.F.);
#11726 = EDGE_CURVE('',#11700,#11719,#11727,.T.);
#11727 = CIRCLE('',#11728,10.);
#11728 = AXIS2_PLACEMENT_3D('',#11729,#11730,#11731);
#11729 = CARTESIAN_POINT('',(10.,-10.,0.));
#11730 = DIRECTION('',(0.,0.,-1.));
#11731 = DIRECTION('',(0.,1.,0.));
#11732 = CYLINDRICAL_SURFACE('',#11733,10.);
#11733 = AXIS2_PLACEMENT_3D('',#11734,#11735,#11736);
#11734 = CARTESIAN_POINT('',(10.,-10.,0.));
#11735 = DIRECTION('',(0.,0.,-1.));
#11736 = DIRECTION('',(0.,1.,0.));
#11737 = ADVANCED_FACE('',(#11738),#11763,.T.);
#11738 = FACE_BOUND('',#11739,.T.);
#11739 = EDGE_LOOP('',(#11740,#11750,#11756,#11757));
#11740 = ORIENTED_EDGE('',*,*,#11741,.T.);
#11741 = EDGE_CURVE('',#11742,#11744,#11746,.T.);
#11742 = VERTEX_POINT('',#11743);
#11743 = CARTESIAN_POINT('',(0.,-0.,0.));
#11744 = VERTEX_POINT('',#11745);
#11745 = CARTESIAN_POINT('',(0.,0.,0.84));
#11746 = LINE('',#11747,#11748);
#11747 = CARTESIAN_POINT('',(0.,-0.,0.));
#11748 = VECTOR('',#11749,1.);
#11749 = DIRECTION('',(0.,0.,1.));
#11750 = ORIENTED_EDGE('',*,*,#11751,.T.);
#11751 = EDGE_CURVE('',#11744,#11702,#11752,.T.);
#11752 = LINE('',#11753,#11754);
#11753 = CARTESIAN_POINT('',(0.,0.,0.84));
#11754 = VECTOR('',#11755,1.);
#11755 = DIRECTION('',(1.,0.,0.));
#11756 = ORIENTED_EDGE('',*,*,#11699,.F.);
#11757 = ORIENTED_EDGE('',*,*,#11758,.F.);
#11758 = EDGE_CURVE('',#11742,#11700,#11759,.T.);
#11759 = LINE('',#11760,#11761);
#11760 = CARTESIAN_POINT('',(0.,-0.,0.));
#11761 = VECTOR('',#11762,1.);
#11762 = DIRECTION('',(1.,0.,0.));
#11763 = PLANE('',#11764);
#11764 = AXIS2_PLACEMENT_3D('',#11765,#11766,#11767);
#11765 = CARTESIAN_POINT('',(0.,0.,0.));
#11766 = DIRECTION('',(0.,1.,0.));
#11767 = DIRECTION('',(1.,0.,0.));
#11768 = ADVANCED_FACE('',(#11769),#11794,.T.);
#11769 = FACE_BOUND('',#11770,.T.);
#11770 = EDGE_LOOP('',(#11771,#11772,#11780,#11788));
#11771 = ORIENTED_EDGE('',*,*,#11718,.T.);
#11772 = ORIENTED_EDGE('',*,*,#11773,.T.);
#11773 = EDGE_CURVE('',#11710,#11774,#11776,.T.);
#11774 = VERTEX_POINT('',#11775);
#11775 = CARTESIAN_POINT('',(0.,-20.,0.84));
#11776 = LINE('',#11777,#11778);
#11777 = CARTESIAN_POINT('',(10.,-20.,0.84));
#11778 = VECTOR('',#11779,1.);
#11779 = DIRECTION('',(-1.,0.,0.));
#11780 = ORIENTED_EDGE('',*,*,#11781,.F.);
#11781 = EDGE_CURVE('',#11782,#11774,#11784,.T.);
#11782 = VERTEX_POINT('',#11783);
#11783 = CARTESIAN_POINT('',(0.,-20.,0.));
#11784 = LINE('',#11785,#11786);
#11785 = CARTESIAN_POINT('',(0.,-20.,0.));
#11786 = VECTOR('',#11787,1.);
#11787 = DIRECTION('',(0.,0.,1.));
#11788 = ORIENTED_EDGE('',*,*,#11789,.F.);
#11789 = EDGE_CURVE('',#11719,#11782,#11790,.T.);
#11790 = LINE('',#11791,#11792);
#11791 = CARTESIAN_POINT('',(10.,-20.,0.));
#11792 = VECTOR('',#11793,1.);
#11793 = DIRECTION('',(-1.,0.,0.));
#11794 = PLANE('',#11795);
#11795 = AXIS2_PLACEMENT_3D('',#11796,#11797,#11798);
#11796 = CARTESIAN_POINT('',(10.,-20.,0.));
#11797 = DIRECTION('',(0.,-1.,0.));
#11798 = DIRECTION('',(-1.,0.,0.));
#11799 = ADVANCED_FACE('',(#11800,#11811,#11822,#11833,#11844),#11855,
  .F.);
#11800 = FACE_BOUND('',#11801,.F.);
#11801 = EDGE_LOOP('',(#11802,#11803,#11804,#11810));
#11802 = ORIENTED_EDGE('',*,*,#11726,.F.);
#11803 = ORIENTED_EDGE('',*,*,#11758,.F.);
#11804 = ORIENTED_EDGE('',*,*,#11805,.F.);
#11805 = EDGE_CURVE('',#11782,#11742,#11806,.T.);
#11806 = LINE('',#11807,#11808);
#11807 = CARTESIAN_POINT('',(0.,-20.,0.));
#11808 = VECTOR('',#11809,1.);
#11809 = DIRECTION('',(0.,1.,0.));
#11810 = ORIENTED_EDGE('',*,*,#11789,.F.);
#11811 = FACE_BOUND('',#11812,.F.);
#11812 = EDGE_LOOP('',(#11813));
#11813 = ORIENTED_EDGE('',*,*,#11814,.T.);
#11814 = EDGE_CURVE('',#11815,#11815,#11817,.T.);
#11815 = VERTEX_POINT('',#11816);
#11816 = CARTESIAN_POINT('',(3.,-18.,0.));
#11817 = CIRCLE('',#11818,1.);
#11818 = AXIS2_PLACEMENT_3D('',#11819,#11820,#11821);
#11819 = CARTESIAN_POINT('',(3.,-17.,0.));
#11820 = DIRECTION('',(-0.,0.,-1.));
#11821 = DIRECTION('',(-0.,-1.,0.));
#11822 = FACE_BOUND('',#11823,.F.);
#11823 = EDGE_LOOP('',(#11824));
#11824 = ORIENTED_EDGE('',*,*,#11825,.T.);
#11825 = EDGE_CURVE('',#11826,#11826,#11828,.T.);
#11826 = VERTEX_POINT('',#11827);
#11827 = CARTESIAN_POINT('',(10.,-18.1,0.));
#11828 = CIRCLE('',#11829,1.1);
#11829 = AXIS2_PLACEMENT_3D('',#11830,#11831,#11832);
#11830 = CARTESIAN_POINT('',(10.,-17.,0.));
#11831 = DIRECTION('',(-0.,0.,-1.));
#11832 = DIRECTION('',(-0.,-1.,0.));
#11833 = FACE_BOUND('',#11834,.F.);
#11834 = EDGE_LOOP('',(#11835));
#11835 = ORIENTED_EDGE('',*,*,#11836,.T.);
#11836 = EDGE_CURVE('',#11837,#11837,#11839,.T.);
#11837 = VERTEX_POINT('',#11838);
#11838 = CARTESIAN_POINT('',(3.,-4.,0.));
#11839 = CIRCLE('',#11840,1.);
#11840 = AXIS2_PLACEMENT_3D('',#11841,#11842,#11843);
#11841 = CARTESIAN_POINT('',(3.,-3.,0.));
#11842 = DIRECTION('',(-0.,0.,-1.));
#11843 = DIRECTION('',(-0.,-1.,0.));
#11844 = FACE_BOUND('',#11845,.F.);
#11845 = EDGE_LOOP('',(#11846));
#11846 = ORIENTED_EDGE('',*,*,#11847,.T.);
#11847 = EDGE_CURVE('',#11848,#11848,#11850,.T.);
#11848 = VERTEX_POINT('',#11849);
#11849 = CARTESIAN_POINT('',(10.,-4.1,0.));
#11850 = CIRCLE('',#11851,1.1);
#11851 = AXIS2_PLACEMENT_3D('',#11852,#11853,#11854);
#11852 = CARTESIAN_POINT('',(10.,-3.,0.));
#11853 = DIRECTION('',(-0.,0.,-1.));
#11854 = DIRECTION('',(-0.,-1.,0.));
#11855 = PLANE('',#11856);
#11856 = AXIS2_PLACEMENT_3D('',#11857,#11858,#11859);
#11857 = CARTESIAN_POINT('',(0.,0.,0.));
#11858 = DIRECTION('',(0.,0.,1.));
#11859 = DIRECTION('',(1.,0.,-0.));
#11860 = ADVANCED_FACE('',(#11861,#11872,#11883,#11894,#11905),#11916,
  .T.);
#11861 = FACE_BOUND('',#11862,.T.);
#11862 = EDGE_LOOP('',(#11863,#11864,#11865,#11871));
#11863 = ORIENTED_EDGE('',*,*,#11709,.F.);
#11864 = ORIENTED_EDGE('',*,*,#11751,.F.);
#11865 = ORIENTED_EDGE('',*,*,#11866,.F.);
#11866 = EDGE_CURVE('',#11774,#11744,#11867,.T.);
#11867 = LINE('',#11868,#11869);
#11868 = CARTESIAN_POINT('',(0.,-20.,0.84));
#11869 = VECTOR('',#11870,1.);
#11870 = DIRECTION('',(0.,1.,0.));
#11871 = ORIENTED_EDGE('',*,*,#11773,.F.);
#11872 = FACE_BOUND('',#11873,.T.);
#11873 = EDGE_LOOP('',(#11874));
#11874 = ORIENTED_EDGE('',*,*,#11875,.T.);
#11875 = EDGE_CURVE('',#11876,#11876,#11878,.T.);
#11876 = VERTEX_POINT('',#11877);
#11877 = CARTESIAN_POINT('',(3.,-18.,0.84));
#11878 = CIRCLE('',#11879,1.);
#11879 = AXIS2_PLACEMENT_3D('',#11880,#11881,#11882);
#11880 = CARTESIAN_POINT('',(3.,-17.,0.84));
#11881 = DIRECTION('',(-0.,0.,-1.));
#11882 = DIRECTION('',(-0.,-1.,0.));
#11883 = FACE_BOUND('',#11884,.T.);
#11884 = EDGE_LOOP('',(#11885));
#11885 = ORIENTED_EDGE('',*,*,#11886,.T.);
#11886 = EDGE_CURVE('',#11887,#11887,#11889,.T.);
#11887 = VERTEX_POINT('',#11888);
#11888 = CARTESIAN_POINT('',(10.,-18.1,0.84));
#11889 = CIRCLE('',#11890,1.1);
#11890 = AXIS2_PLACEMENT_3D('',#11891,#11892,#11893);
#11891 = CARTESIAN_POINT('',(10.,-17.,0.84));
#11892 = DIRECTION('',(-0.,0.,-1.));
#11893 = DIRECTION('',(-0.,-1.,0.));
#11894 = FACE_BOUND('',#11895,.T.);
#11895 = EDGE_LOOP('',(#11896));
#11896 = ORIENTED_EDGE('',*,*,#11897,.T.);
#11897 = EDGE_CURVE('',#11898,#11898,#11900,.T.);
#11898 = VERTEX_POINT('',#11899);
#11899 = CARTESIAN_POINT('',(3.,-4.,0.84));
#11900 = CIRCLE('',#11901,1.);
#11901 = AXIS2_PLACEMENT_3D('',#11902,#11903,#11904);
#11902 = CARTESIAN_POINT('',(3.,-3.,0.84));
#11903 = DIRECTION('',(-0.,0.,-1.));
#11904 = DIRECTION('',(-0.,-1.,0.));
#11905 = FACE_BOUND('',#11906,.T.);
#11906 = EDGE_LOOP('',(#11907));
#11907 = ORIENTED_EDGE('',*,*,#11908,.T.);
#11908 = EDGE_CURVE('',#11909,#11909,#11911,.T.);
#11909 = VERTEX_POINT('',#11910);
#11910 = CARTESIAN_POINT('',(10.,-4.1,0.84));
#11911 = CIRCLE('',#11912,1.1);
#11912 = AXIS2_PLACEMENT_3D('',#11913,#11914,#11915);
#11913 = CARTESIAN_POINT('',(10.,-3.,0.84));
#11914 = DIRECTION('',(-0.,0.,-1.));
#11915 = DIRECTION('',(-0.,-1.,0.));
#11916 = PLANE('',#11917);
#11917 = AXIS2_PLACEMENT_3D('',#11918,#11919,#11920);
#11918 = CARTESIAN_POINT('',(0.,0.,0.84));
#11919 = DIRECTION('',(0.,0.,1.));
#11920 = DIRECTION('',(1.,0.,-0.));
#11921 = ADVANCED_FACE('',(#11922),#11928,.T.);
#11922 = FACE_BOUND('',#11923,.T.);
#11923 = EDGE_LOOP('',(#11924,#11925,#11926,#11927));
#11924 = ORIENTED_EDGE('',*,*,#11781,.T.);
#11925 = ORIENTED_EDGE('',*,*,#11866,.T.);
#11926 = ORIENTED_EDGE('',*,*,#11741,.F.);
#11927 = ORIENTED_EDGE('',*,*,#11805,.F.);
#11928 = PLANE('',#11929);
#11929 = AXIS2_PLACEMENT_3D('',#11930,#11931,#11932);
#11930 = CARTESIAN_POINT('',(0.,-20.,0.));
#11931 = DIRECTION('',(-1.,0.,0.));
#11932 = DIRECTION('',(0.,1.,0.));
#11933 = ADVANCED_FACE('',(#11934),#11945,.F.);
#11934 = FACE_BOUND('',#11935,.T.);
#11935 = EDGE_LOOP('',(#11936,#11937,#11943,#11944));
#11936 = ORIENTED_EDGE('',*,*,#11814,.T.);
#11937 = ORIENTED_EDGE('',*,*,#11938,.T.);
#11938 = EDGE_CURVE('',#11815,#11876,#11939,.T.);
#11939 = LINE('',#11940,#11941);
#11940 = CARTESIAN_POINT('',(3.,-18.,-8.1E-02));
#11941 = VECTOR('',#11942,1.);
#11942 = DIRECTION('',(0.,0.,1.));
#11943 = ORIENTED_EDGE('',*,*,#11875,.F.);
#11944 = ORIENTED_EDGE('',*,*,#11938,.F.);
#11945 = CYLINDRICAL_SURFACE('',#11946,1.);
#11946 = AXIS2_PLACEMENT_3D('',#11947,#11948,#11949);
#11947 = CARTESIAN_POINT('',(3.,-17.,-8.1E-02));
#11948 = DIRECTION('',(-0.,-0.,-1.));
#11949 = DIRECTION('',(-0.,-1.,0.));
#11950 = ADVANCED_FACE('',(#11951),#11962,.F.);
#11951 = FACE_BOUND('',#11952,.T.);
#11952 = EDGE_LOOP('',(#11953,#11954,#11960,#11961));
#11953 = ORIENTED_EDGE('',*,*,#11825,.T.);
#11954 = ORIENTED_EDGE('',*,*,#11955,.T.);
#11955 = EDGE_CURVE('',#11826,#11887,#11956,.T.);
#11956 = LINE('',#11957,#11958);
#11957 = CARTESIAN_POINT('',(10.,-18.1,-8.1E-02));
#11958 = VECTOR('',#11959,1.);
#11959 = DIRECTION('',(0.,0.,1.));
#11960 = ORIENTED_EDGE('',*,*,#11886,.F.);
#11961 = ORIENTED_EDGE('',*,*,#11955,.F.);
#11962 = CYLINDRICAL_SURFACE('',#11963,1.1);
#11963 = AXIS2_PLACEMENT_3D('',#11964,#11965,#11966);
#11964 = CARTESIAN_POINT('',(10.,-17.,-8.1E-02));
#11965 = DIRECTION('',(-0.,-0.,-1.));
#11966 = DIRECTION('',(-0.,-1.,0.));
#11967 = ADVANCED_FACE('',(#11968),#11979,.F.);
#11968 = FACE_BOUND('',#11969,.T.);
#11969 = EDGE_LOOP('',(#11970,#11971,#11977,#11978));
#11970 = ORIENTED_EDGE('',*,*,#11836,.T.);
#11971 = ORIENTED_EDGE('',*,*,#11972,.T.);
#11972 = EDGE_CURVE('',#11837,#11898,#11973,.T.);
#11973 = LINE('',#11974,#11975);
#11974 = CARTESIAN_POINT('',(3.,-4.,-8.1E-02));
#11975 = VECTOR('',#11976,1.);
#11976 = DIRECTION('',(0.,0.,1.));
#11977 = ORIENTED_EDGE('',*,*,#11897,.F.);
#11978 = ORIENTED_EDGE('',*,*,#11972,.F.);
#11979 = CYLINDRICAL_SURFACE('',#11980,1.);
#11980 = AXIS2_PLACEMENT_3D('',#11981,#11982,#11983);
#11981 = CARTESIAN_POINT('',(3.,-3.,-8.1E-02));
#11982 = DIRECTION('',(-0.,-0.,-1.));
#11983 = DIRECTION('',(-0.,-1.,0.));
#11984 = ADVANCED_FACE('',(#11985),#11996,.F.);
#11985 = FACE_BOUND('',#11986,.T.);
#11986 = EDGE_LOOP('',(#11987,#11988,#11994,#11995));
#11987 = ORIENTED_EDGE('',*,*,#11847,.T.);
#11988 = ORIENTED_EDGE('',*,*,#11989,.T.);
#11989 = EDGE_CURVE('',#11848,#11909,#11990,.T.);
#11990 = LINE('',#11991,#11992);
#11991 = CARTESIAN_POINT('',(10.,-4.1,-8.1E-02));
#11992 = VECTOR('',#11993,1.);
#11993 = DIRECTION('',(0.,0.,1.));
#11994 = ORIENTED_EDGE('',*,*,#11908,.F.);
#11995 = ORIENTED_EDGE('',*,*,#11989,.F.);
#11996 = CYLINDRICAL_SURFACE('',#11997,1.1);
#11997 = AXIS2_PLACEMENT_3D('',#11998,#11999,#12000);
#11998 = CARTESIAN_POINT('',(10.,-3.,-8.1E-02));
#11999 = DIRECTION('',(-0.,-0.,-1.));
#12000 = DIRECTION('',(-0.,-1.,0.));
#12001 = ( GEOMETRIC_REPRESENTATION_CONTEXT(3) 
GLOBAL_UNCERTAINTY_ASSIGNED_CONTEXT((#12005)) 
GLOBAL_UNIT_ASSIGNED_CONTEXT((#12002,#12003,#12004)) 
REPRESENTATION_CONTEXT('Context #1',
  '3D Context with UNIT and UNCERTAINTY') );
#12002 = ( LENGTH_UNIT() NAMED_UNIT(*) SI_UNIT(.MILLI.,.METRE.) );
#12003 = ( NAMED_UNIT(*) PLANE_ANGLE_UNIT() SI_UNIT($,.RADIAN.) );
#12004 = ( NAMED_UNIT(*) SI_UNIT($,.STERADIAN.) SOLID_ANGLE_UNIT() );
#12005 = UNCERTAINTY_MEASURE_WITH_UNIT(LENGTH_MEASURE(1.E-07),#12002,
  'distance_accuracy_value','confusion accuracy');
#12006 = CONTEXT_DEPENDENT_SHAPE_REPRESENTATION(#12007,#12009);
#12007 = ( REPRESENTATION_RELATIONSHIP('','',#11692,#10) 
REPRESENTATION_RELATIONSHIP_WITH_TRANSFORMATION(#12008) 
SHAPE_REPRESENTATION_RELATIONSHIP() );
#12008 = ITEM_DEFINED_TRANSFORMATION('','',#11,#47);
#12009 = PRODUCT_DEFINITION_SHAPE('Placement','Placement of an item',
  #12010);
#12010 = NEXT_ASSEMBLY_USAGE_OCCURRENCE('9','=>[0:1:1:7]','',#5,#11687,$
  );
#12011 = PRODUCT_RELATED_PRODUCT_CATEGORY('part',$,(#11689));
#12012 = MECHANICAL_DESIGN_GEOMETRIC_PRESENTATION_REPRESENTATION('',(
    #12013),#12001);
#12013 = STYLED_ITEM('color',(#12014),#11693);
#12014 = PRESENTATION_STYLE_ASSIGNMENT((#12015));
#12015 = SURFACE_STYLE_USAGE(.BOTH.,#12016);
#12016 = SURFACE_SIDE_STYLE('',(#12017));
#12017 = SURFACE_STYLE_FILL_AREA(#12018);
#12018 = FILL_AREA_STYLE('',(#12019));
#12019 = FILL_AREA_STYLE_COLOUR('',#12020);
#12020 = COLOUR_RGB('',0.313304153717,0.484529207832,0.410020903123);
ENDSEC;
END-ISO-10303-21;
